"STATION","NAME","LATITUDE","LONGITUDE","ELEVATION","DATE","DEWP","DEWP_ATTRIBUTES","FRSHTT","FRSHTT_ATTRIBUTES","GUST","GUST_ATTRIBUTES","MAX","MAX_ATTRIBUTES","MIN","MIN_ATTRIBUTES","MXSPD","MXSPD_ATTRIBUTES","PRCP","PRCP_ATTRIBUTES","SLP","SLP_ATTRIBUTES","SNDP","SNDP_ATTRIBUTES","STP","STP_ATTRIBUTES","TEMP","TEMP_ATTRIBUTES"
"72429793812","CINCINNATI MUNICIPAL AIRPORT LUNKEN FIELD, OH US","39.106","-84.41609","144.8","2015-01-01","  10.9","24","000000",," 22.9",,"  39.0"," ","  15.1"," "," 18.1",," 0.00","G","1025.5","24","999.9",,"006.8","24","  26.1","24"
"72429793812","CINCINNATI MUNICIPAL AIRPORT LUNKEN FIELD, OH US","39.106","-84.41609","144.8","2015-01-02","  25.3","24","000000",,"999.9",,"  39.0"," ","  18.0"," ","  8.9",," 0.00","G","1026.4","22","999.9",,"007.9","24","  33.3","24"
"72429793812","CINCINNATI MUNICIPAL AIRPORT LUNKEN FIELD, OH US","39.106","-84.41609","144.8","2015-01-03","  39.9","24","010010",," 25.1",,"  61.0"," ","  26.1"," "," 15.9",," 0.42","G","1020.4","13","999.9",,"000.7","24","  41.8","24"
"72429793812","CINCINNATI MUNICIPAL AIRPORT LUNKEN FIELD, OH US","39.106","-84.41609","144.8","2015-01-04","  45.9","24","010000",," 28.9",,"  61.0"," ","  35.1"," "," 18.1",," 0.61","G","1013.2","16","999.9",,"994.2","24","  50.0","24"
"72429793812","CINCINNATI MUNICIPAL AIRPORT LUNKEN FIELD, OH US","39.106","-84.41609","144.8","2015-01-05","   8.9","24","001000",," 27.0",,"  33.1","*","  14.0","*"," 19.0",," 0.04","G","1034.9","22","999.9",,"016.0","24","  20.2","24"
"72429793812","CINCINNATI MUNICIPAL AIRPORT LUNKEN FIELD, OH US","39.106","-84.41609","144.8","2015-01-06","  14.8","24","001000",," 19.0",,"  28.4","*","  18.0","*","  9.9",," 0.01","G","1028.1","21","999.9",,"009.3","24","  22.2","24"
"72429793812","CINCINNATI MUNICIPAL AIRPORT LUNKEN FIELD, OH US","39.106","-84.41609","144.8","2015-01-07","   3.2","24","001000",," 26.0",,"  28.0"," ","   7.0"," "," 18.1",," 0.00","H","1032.6","21","999.9",,"013.1","24","  14.6","24"
"72429793812","CINCINNATI MUNICIPAL AIRPORT LUNKEN FIELD, OH US","39.106","-84.41609","144.8","2015-01-08","  -5.1","24","000000",," 22.9",,"  19.0"," ","  -0.9"," "," 15.0",," 0.00","G","1036.1","21","999.9",,"017.4","24","   6.1","24"
"72429793812","CINCINNATI MUNICIPAL AIRPORT LUNKEN FIELD, OH US","39.106","-84.41609","144.8","2015-01-09","   3.7","24","001000",," 29.9",,"  26.1","*","  16.0","*"," 20.0",," 0.00","G","1024.0","23","999.9",,"005.1","24","  20.9","24"
"72429793812","CINCINNATI MUNICIPAL AIRPORT LUNKEN FIELD, OH US","39.106","-84.41609","144.8","2015-01-10","  -1.7","24","000000",," 15.9",,"  26.1"," ","  -0.0"," ","  9.9",," 0.00","G","1035.6","24","999.9",,"016.4","24","  12.0","24"
"72429793812","CINCINNATI MUNICIPAL AIRPORT LUNKEN FIELD, OH US","39.106","-84.41609","144.8","2015-01-11","  12.0","24","010000",,"999.9",,"  39.0"," ","  -0.0"," ","  5.1",," 0.00","G","1031.7","24","999.9",,"012.7","24","  25.1","24"
"72429793812","CINCINNATI MUNICIPAL AIRPORT LUNKEN FIELD, OH US","39.106","-84.41609","144.8","2015-01-12","  32.5","24","110000",,"999.9",,"  37.4","*","  32.0","*"," 13.0",," 0.30","G","1027.3","13","999.9",,"008.0","24","  34.0","24"
"72429793812","CINCINNATI MUNICIPAL AIRPORT LUNKEN FIELD, OH US","39.106","-84.41609","144.8","2015-01-13","  16.2","24","000000",," 20.0",,"  37.9"," ","  21.0"," "," 14.0",," 0.05","G","1034.8","24","999.9",,"016.0","24","  25.5","24"
"72429793812","CINCINNATI MUNICIPAL AIRPORT LUNKEN FIELD, OH US","39.106","-84.41609","144.8","2015-01-14","  13.6","24","001000",,"999.9",,"  28.4","*","  19.0","*","  7.0",," 0.00","G","1029.6","22","999.9",,"010.7","24","  22.2","24"
"72429793812","CINCINNATI MUNICIPAL AIRPORT LUNKEN FIELD, OH US","39.106","-84.41609","144.8","2015-01-15","  16.8","24","000000",,"999.9",,"  39.9"," ","  19.0"," ","  8.9",," 0.00","G","1023.7","24","999.9",,"005.0","24","  27.6","24"
"72429793812","CINCINNATI MUNICIPAL AIRPORT LUNKEN FIELD, OH US","39.106","-84.41609","144.8","2015-01-16","  23.9","24","000000",,"999.9",,"  41.0"," ","  19.0"," ","  8.0",," 0.00","G","1022.1","21","999.9",,"003.7","24","  29.9","24"
"72429793812","CINCINNATI MUNICIPAL AIRPORT LUNKEN FIELD, OH US","39.106","-84.41609","144.8","2015-01-17","  24.7","24","000000",," 27.0",,"  54.0"," ","  19.0"," "," 18.1",," 0.00","G","1019.0","22","999.9",,"000.8","24","  33.0","24"
"72429793812","CINCINNATI MUNICIPAL AIRPORT LUNKEN FIELD, OH US","39.106","-84.41609","144.8","2015-01-18","  30.3","17","010000",," 27.0",,"  48.9","*","  35.1","*"," 15.0",," 0.08","G","1012.0","20","999.9",,"993.8","24","  43.0","24"
"72429793812","CINCINNATI MUNICIPAL AIRPORT LUNKEN FIELD, OH US","39.106","-84.41609","144.8","2015-01-19","  28.8","24","000000",,"999.9",,"  50.0"," ","  24.1"," ","  7.0",," 0.00","I","1016.9","24","999.9",,"998.6","24","  37.2","24"
"72429793812","CINCINNATI MUNICIPAL AIRPORT LUNKEN FIELD, OH US","39.106","-84.41609","144.8","2015-01-20","  28.8","24","000000",,"999.9",,"  54.0"," ","  24.1"," ","  6.0",," 0.00","G","1013.5","24","999.9",,"995.3","24","  36.8","24"
"72429793812","CINCINNATI MUNICIPAL AIRPORT LUNKEN FIELD, OH US","39.106","-84.41609","144.8","2015-01-21","  31.5","24","000000",," 21.0",,"  54.0"," ","  28.0"," "," 12.0",," 0.00","G","1017.1","20","999.9",,"999.0","24","  40.5","24"
"72429793812","CINCINNATI MUNICIPAL AIRPORT LUNKEN FIELD, OH US","39.106","-84.41609","144.8","2015-01-22","  27.2","24","000000",," 15.9",,"  51.1"," ","  32.0"," "," 13.0",," 0.00","G","1027.8","21","999.9",,"009.3","24","  35.8","24"
"72429793812","CINCINNATI MUNICIPAL AIRPORT LUNKEN FIELD, OH US","39.106","-84.41609","144.8","2015-01-23","  25.6","24","000000",,"999.9",,"  37.9"," ","  30.9"," ","  5.1",," 0.00","G","1025.4","23","999.9",,"006.8","24","  34.0","24"
"72429793812","CINCINNATI MUNICIPAL AIRPORT LUNKEN FIELD, OH US","39.106","-84.41609","144.8","2015-01-24","  25.2","24","000000",," 19.0",,"  43.0"," ","  24.1"," "," 15.0",," 0.00","G","1010.2","22","999.9",,"991.9","24","  33.8","24"
"72429793812","CINCINNATI MUNICIPAL AIRPORT LUNKEN FIELD, OH US","39.106","-84.41609","144.8","2015-01-25","  30.8","24","010000",,"999.9",,"  43.0"," ","  24.1"," ","  5.1",," 0.00","G","1008.0","23","999.9",,"989.7","24","  34.1","24"
"72429793812","CINCINNATI MUNICIPAL AIRPORT LUNKEN FIELD, OH US","39.106","-84.41609","144.8","2015-01-26","  22.4","24","011000",," 21.0",,"  41.0"," ","  19.9"," "," 14.0",," 0.45","G","1011.7","16","999.9",,"992.8","24","  27.4","24"
"72429793812","CINCINNATI MUNICIPAL AIRPORT LUNKEN FIELD, OH US","39.106","-84.41609","144.8","2015-01-27","  13.5","24","001000",,"999.9",,"  32.0"," ","  17.1"," ","  9.9",," 0.01","G","1018.8","20","999.9",,"999.5","24","  22.9","24"
"72429793812","CINCINNATI MUNICIPAL AIRPORT LUNKEN FIELD, OH US","39.106","-84.41609","144.8","2015-01-28","  14.0","24","000000",,"999.9",,"  35.1"," ","  10.9"," ","  8.9",," 0.00","G","1027.7","24","999.9",,"008.8","24","  21.8","24"
"72429793812","CINCINNATI MUNICIPAL AIRPORT LUNKEN FIELD, OH US","39.106","-84.41609","144.8","2015-01-29","  27.5","24","010000",," 33.0",,"  48.9","*","  30.0","*"," 21.0",," 0.08","G","1017.0","24","999.9",,"998.6","24","  36.8","24"
"72429793812","CINCINNATI MUNICIPAL AIRPORT LUNKEN FIELD, OH US","39.106","-84.41609","144.8","2015-01-30","  20.7","24","001000",," 26.0",,"  48.9"," ","  26.1"," "," 15.9",," 0.01","G","1028.6","21","999.9",,"009.4","24","  31.3","24"
"72429793812","CINCINNATI MUNICIPAL AIRPORT LUNKEN FIELD, OH US","39.106","-84.41609","144.8","2015-01-31","  16.5","24","000000",,"999.9",,"  39.0"," ","  12.9"," ","  9.9",," 0.00","I","1030.1","24","999.9",,"011.3","24","  24.6","24"
"72429793812","CINCINNATI MUNICIPAL AIRPORT LUNKEN FIELD, OH US","39.106","-84.41609","144.8","2015-02-01","  31.5","24","011000",," 21.0",,"  43.0","*","  30.9","*"," 14.0",," 0.01","G","1018.0","22","999.9",,"998.4","24","  36.6","24"
"72429793812","CINCINNATI MUNICIPAL AIRPORT LUNKEN FIELD, OH US","39.106","-84.41609","144.8","2015-02-02","  23.6","24","011000",," 24.1",,"  46.4","*","  19.9","*"," 14.0",," 0.26","G","1013.9","19","999.9",,"993.8","24","  30.5","24"
"72429793812","CINCINNATI MUNICIPAL AIRPORT LUNKEN FIELD, OH US","39.106","-84.41609","144.8","2015-02-03","  16.0","24","000000",,"999.9",,"  43.0"," ","  17.1"," "," 12.0",," 0.01","G","1026.2","24","999.9",,"007.4","24","  25.5","24"
"72429793812","CINCINNATI MUNICIPAL AIRPORT LUNKEN FIELD, OH US","39.106","-84.41609","144.8","2015-02-04","  23.1","24","000000",,"999.9",,"  48.9"," ","  17.1"," "," 13.0",," 0.00","G","1020.0","24","999.9",,"001.6","24","  36.9","24"
"72429793812","CINCINNATI MUNICIPAL AIRPORT LUNKEN FIELD, OH US","39.106","-84.41609","144.8","2015-02-05","  13.0","24","011000",," 24.1",,"  48.9"," ","  15.1"," "," 18.1",," 0.05","G","1030.2","19","999.9",,"009.9","24","  22.5","24"
"72429793812","CINCINNATI MUNICIPAL AIRPORT LUNKEN FIELD, OH US","39.106","-84.41609","144.8","2015-02-06","  11.3","24","000000",,"999.9",,"  34.0"," ","   9.0"," ","  8.0",," 0.00","G","1028.4","24","999.9",,"009.5","24","  19.9","24"
"72429793812","CINCINNATI MUNICIPAL AIRPORT LUNKEN FIELD, OH US","39.106","-84.41609","144.8","2015-02-07","  23.8","24","000000",," 19.0",,"  57.0","*","  24.1","*"," 13.0",," 0.00","G","1018.0","24","999.9",,"999.5","24","  36.3","24"
"72429793812","CINCINNATI MUNICIPAL AIRPORT LUNKEN FIELD, OH US","39.106","-84.41609","144.8","2015-02-08","  35.9","24","000000",," 26.0",,"  60.1"," ","  21.0"," "," 17.1",," 0.00","G","1008.9","24","999.9",,"990.8","24","  49.5","24"
"72429793812","CINCINNATI MUNICIPAL AIRPORT LUNKEN FIELD, OH US","39.106","-84.41609","144.8","2015-02-09","  34.8","24","010000",,"999.9",,"  60.1"," ","  27.0"," "," 15.0",," 0.02","G","1013.4","18","999.9",,"994.8","24","  38.0","24"
"72429793812","CINCINNATI MUNICIPAL AIRPORT LUNKEN FIELD, OH US","39.106","-84.41609","144.8","2015-02-10","  19.3","24","000000",," 15.9",,"  33.1","*","  23.0","*"," 13.0",," 0.01","G","1022.7","22","999.9",,"004.0","24","  26.8","24"
"72429793812","CINCINNATI MUNICIPAL AIRPORT LUNKEN FIELD, OH US","39.106","-84.41609","144.8","2015-02-11","  23.7","24","000000",," 17.1",,"  45.0"," ","  21.9"," "," 12.0",," 0.00","G","1020.1","23","999.9",,"001.4","24","  30.0","24"
"72429793812","CINCINNATI MUNICIPAL AIRPORT LUNKEN FIELD, OH US","39.106","-84.41609","144.8","2015-02-12","  16.8","24","011000",," 28.0",,"  45.0"," ","  21.9"," "," 17.1",," 0.00","G","1022.6","19","999.9",,"003.4","24","  27.5","24"
"72429793812","CINCINNATI MUNICIPAL AIRPORT LUNKEN FIELD, OH US","39.106","-84.41609","144.8","2015-02-13","   7.4","24","001000",," 17.1",,"  33.1"," ","  17.1"," "," 12.0",," 0.00","G","1028.1","21","999.9",,"009.5","24","  21.9","24"
"72429793812","CINCINNATI MUNICIPAL AIRPORT LUNKEN FIELD, OH US","39.106","-84.41609","144.8","2015-02-14","  11.9","24","001000",," 38.1",,"  36.0"," ","  14.0"," "," 22.9",," 0.00","G","1015.3","21","999.9",,"996.6","24","  28.3","24"
"72429793812","CINCINNATI MUNICIPAL AIRPORT LUNKEN FIELD, OH US","39.106","-84.41609","144.8","2015-02-15","  -3.2","24","001000",," 28.0",,"  19.0","*","   7.0","*"," 15.0",," 0.00","G","1031.7","24","999.9",,"012.6","24","  12.3","24"
"72429793812","CINCINNATI MUNICIPAL AIRPORT LUNKEN FIELD, OH US","39.106","-84.41609","144.8","2015-02-16","   2.1","24","001000",,"999.9",,"  19.9"," ","   6.1"," "," 11.1",," 0.00","G","1029.3","14","999.9",,"006.7","24","  10.9","24"
"72429793812","CINCINNATI MUNICIPAL AIRPORT LUNKEN FIELD, OH US","39.106","-84.41609","144.8","2015-02-17","   2.4","24","001000",,"999.9",,"  23.0"," ","  -8.0"," "," 11.1",," 0.13","G","1017.9","22","999.9",,"998.9","24","   8.7","24"
"72429793812","CINCINNATI MUNICIPAL AIRPORT LUNKEN FIELD, OH US","39.106","-84.41609","144.8","2015-02-18","   7.0","24","101000",," 26.0",,"  19.0","*","  10.9","*"," 19.0",," 0.08","G","1015.5","20","999.9",,"996.4","24","  16.2","24"
"72429793812","CINCINNATI MUNICIPAL AIRPORT LUNKEN FIELD, OH US","39.106","-84.41609","144.8","2015-02-19","  -7.7","24","001000",," 19.0",,"  19.0"," ","  -2.0"," "," 13.0",," 0.00","D","1027.2","23","999.9",,"007.9","24","   3.4","24"
"72429793812","CINCINNATI MUNICIPAL AIRPORT LUNKEN FIELD, OH US","39.106","-84.41609","144.8","2015-02-20"," -10.3","24","000000",," 15.0",,"  17.1"," "," -16.1"," "," 13.0",," 0.00","G","1031.0","23","999.9",,"011.7","24","   0.5","24"
"72429793812","CINCINNATI MUNICIPAL AIRPORT LUNKEN FIELD, OH US","39.106","-84.41609","144.8","2015-02-21","  19.6","24","111000",,"999.9",,"  34.0","*","  17.1","*","  8.9",," 0.00","G","1017.7","15","999.9",,"998.4","24","  25.7","24"
"72429793812","CINCINNATI MUNICIPAL AIRPORT LUNKEN FIELD, OH US","39.106","-84.41609","144.8","2015-02-22","  22.9","24","000000",,"999.9",,"  34.0"," ","  17.1"," ","  9.9",," 0.12","G","1025.0","23","999.9",,"006.4","24","  27.2","24"
"72429793812","CINCINNATI MUNICIPAL AIRPORT LUNKEN FIELD, OH US","39.106","-84.41609","144.8","2015-02-23","   3.8","24","000000",," 21.0",,"  33.1"," ","   9.0"," "," 15.0",," 0.00","G","1036.5","22","999.9",,"017.2","24","  17.2","24"
"72429793812","CINCINNATI MUNICIPAL AIRPORT LUNKEN FIELD, OH US","39.106","-84.41609","144.8","2015-02-24","  -1.3","24","000000",," 22.0",,"  27.0"," ","  -8.0"," "," 15.0",," 0.00","G","1023.8","22","999.9",,"004.8","24","   7.8","24"
"72429793812","CINCINNATI MUNICIPAL AIRPORT LUNKEN FIELD, OH US","39.106","-84.41609","144.8","2015-02-25","  14.1","24","000000",,"999.9",,"  36.0","*","  17.1","*","  9.9",," 0.00","G","1014.4","24","999.9",,"995.8","24","  27.4","24"
"72429793812","CINCINNATI MUNICIPAL AIRPORT LUNKEN FIELD, OH US","39.106","-84.41609","144.8","2015-02-26","  13.1","24","001000",," 18.1",,"  37.0"," ","  14.0"," "," 13.0",," 0.00","G","1017.0","24","999.9",,"998.4","24","  23.0","24"
"72429793812","CINCINNATI MUNICIPAL AIRPORT LUNKEN FIELD, OH US","39.106","-84.41609","144.8","2015-02-27","   3.7","24","001000",,"999.9",,"  26.1"," ","   5.0"," ","  9.9",," 0.00","G","1034.1","24","999.9",,"015.0","24","  14.8","24"
"72429793812","CINCINNATI MUNICIPAL AIRPORT LUNKEN FIELD, OH US","39.106","-84.41609","144.8","2015-02-28","   4.2","24","000000",,"999.9",,"  28.0"," ","   5.0"," ","  8.0",," 0.00","G","1040.3","24","999.9",,"021.0","23","  16.9","24"
"72429793812","CINCINNATI MUNICIPAL AIRPORT LUNKEN FIELD, OH US","39.106","-84.41609","144.8","2015-03-01","  24.4","24","011000",,"999.9",,"  33.8","*","  23.0","*","  8.9",," 0.02","G","1031.8","14","999.9",,"011.6","24","  28.3","24"
"72429793812","CINCINNATI MUNICIPAL AIRPORT LUNKEN FIELD, OH US","39.106","-84.41609","144.8","2015-03-02","  19.7","24","000000",," 15.9",,"  35.1"," ","  21.9"," "," 11.1",," 0.02","G","1031.8","23","999.9",,"012.8","24","  29.5","24"
"72429793812","CINCINNATI MUNICIPAL AIRPORT LUNKEN FIELD, OH US","39.106","-84.41609","144.8","2015-03-03","  25.8","24","010000",,"999.9",,"  48.0"," ","  21.9"," "," 12.0",," 0.00","G","1022.3","18","999.9",,"001.4","24","  32.5","24"
"72429793812","CINCINNATI MUNICIPAL AIRPORT LUNKEN FIELD, OH US","39.106","-84.41609","144.8","2015-03-04","  35.6","24","111000",," 15.9",,"  48.0"," ","  25.0"," "," 12.0",," 0.34","G","1015.3","12","999.9",,"996.5","24","  37.3","24"
"72429793812","CINCINNATI MUNICIPAL AIRPORT LUNKEN FIELD, OH US","39.106","-84.41609","144.8","2015-03-05","  12.4","24","001000",," 22.9",,"  30.0","*","  17.6","*"," 13.0",," 0.23","G","1029.2","16","999.9",,"008.4","24","  22.4","24"
"72429793812","CINCINNATI MUNICIPAL AIRPORT LUNKEN FIELD, OH US","39.106","-84.41609","144.8","2015-03-06","   7.2","23","101000",,"999.9",,"  27.0","*","   3.2","*"," 11.1",," 0.00","G","1035.0","19","999.9",,"016.2","24","  14.5","24"
"72429793812","CINCINNATI MUNICIPAL AIRPORT LUNKEN FIELD, OH US","39.106","-84.41609","144.8","2015-03-07","  18.2","24","000000",," 28.0",,"  46.0","*","  19.0","*"," 18.1",," 0.00","G","1026.3","24","999.9",,"007.5","24","  29.0","24"
"72429793812","CINCINNATI MUNICIPAL AIRPORT LUNKEN FIELD, OH US","39.106","-84.41609","144.8","2015-03-08","  27.9","24","000000",,"999.9",,"  53.1"," ","  16.0"," "," 11.1",," 0.00","G","1023.8","24","999.9",,"005.3","24","  39.4","24"
"72429793812","CINCINNATI MUNICIPAL AIRPORT LUNKEN FIELD, OH US","39.106","-84.41609","144.8","2015-03-09","  33.7","24","000000",,"999.9",,"  55.9"," ","  26.1"," ","  9.9",," 0.00","G","1023.0","24","999.9",,"004.6","24","  40.1","24"
"72429793812","CINCINNATI MUNICIPAL AIRPORT LUNKEN FIELD, OH US","39.106","-84.41609","144.8","2015-03-10","  41.9","24","110000",,"999.9",,"  55.9"," ","  28.0"," ","  6.0",," 0.05","G","1019.1","20","999.9",,"000.5","24","  43.2","24"
"72429793812","CINCINNATI MUNICIPAL AIRPORT LUNKEN FIELD, OH US","39.106","-84.41609","144.8","2015-03-11","  45.4","24","100000",,"999.9",,"  64.0"," ","  39.0"," ","  7.0",," 0.80","G","1022.8","14","999.9",,"002.9","24","  49.8","24"
"72429793812","CINCINNATI MUNICIPAL AIRPORT LUNKEN FIELD, OH US","39.106","-84.41609","144.8","2015-03-12","  34.2","24","000000",," 21.0",,"  64.0"," ","  32.0"," "," 11.1",," 0.00","G","1031.2","21","999.9",,"012.9","24","  46.4","24"
"72429793812","CINCINNATI MUNICIPAL AIRPORT LUNKEN FIELD, OH US","39.106","-84.41609","144.8","2015-03-13","  39.1","24","010000",,"999.9",,"  61.0"," ","  32.0"," ","  6.0",," 0.00","G","1026.1","18","999.9",,"007.1","24","  46.0","24"
"72429793812","CINCINNATI MUNICIPAL AIRPORT LUNKEN FIELD, OH US","39.106","-84.41609","144.8","2015-03-14","  48.7","24","010000",," 15.9",,"  63.0"," ","  39.0"," "," 11.1",," 1.82","G","1016.9","14","999.9",,"998.1","24","  52.8","24"
"72429793812","CINCINNATI MUNICIPAL AIRPORT LUNKEN FIELD, OH US","39.106","-84.41609","144.8","2015-03-15","  36.2","24","100000",," 17.1",,"  63.0"," ","  33.1"," ","  8.9",," 0.04","G","1023.2","20","999.9",,"004.9","24","  47.8","24"
"72429793812","CINCINNATI MUNICIPAL AIRPORT LUNKEN FIELD, OH US","39.106","-84.41609","144.8","2015-03-16","  40.2","24","000000",," 15.9",,"  75.9"," ","  33.1"," "," 14.0",," 0.00","G","1018.4","24","999.9",,"000.4","24","  57.6","24"
"72429793812","CINCINNATI MUNICIPAL AIRPORT LUNKEN FIELD, OH US","39.106","-84.41609","144.8","2015-03-17","  40.9","24","000000",," 24.1",,"  75.9"," ","  45.0"," "," 17.1",," 0.00","G","1016.0","23","999.9",,"998.2","24","  55.7","24"
"72429793812","CINCINNATI MUNICIPAL AIRPORT LUNKEN FIELD, OH US","39.106","-84.41609","144.8","2015-03-18","  15.4","24","000000",," 22.0",,"  46.9","*","  30.0","*"," 14.0",," 0.00","G","1026.8","24","999.9",,"008.4","24","  38.7","24"
"72429793812","CINCINNATI MUNICIPAL AIRPORT LUNKEN FIELD, OH US","39.106","-84.41609","144.8","2015-03-19","  24.3","24","010000",," 15.0",,"  54.0"," ","  28.0"," "," 11.1",," 0.00","G","1023.2","24","999.9",,"004.9","24","  44.9","24"
"72429793812","CINCINNATI MUNICIPAL AIRPORT LUNKEN FIELD, OH US","39.106","-84.41609","144.8","2015-03-20","  39.1","24","010000",,"999.9",,"  54.0"," ","  39.9"," ","  6.0",," 0.11","G","1019.3","21","999.9",,"001.2","24","  43.9","24"
"72429793812","CINCINNATI MUNICIPAL AIRPORT LUNKEN FIELD, OH US","39.106","-84.41609","144.8","2015-03-21","  39.9","24","000000",," 21.0",,"  66.0"," ","  39.9"," "," 13.0",," 0.02","G","1019.6","19","999.9",,"001.7","24","  51.8","24"
"72429793812","CINCINNATI MUNICIPAL AIRPORT LUNKEN FIELD, OH US","39.106","-84.41609","144.8","2015-03-22","  26.2","24","000000",,"999.9",,"  66.0"," ","  35.1"," "," 11.1",," 0.00","G","1022.3","24","999.9",,"004.1","24","  44.7","24"
"72429793812","CINCINNATI MUNICIPAL AIRPORT LUNKEN FIELD, OH US","39.106","-84.41609","144.8","2015-03-23","  19.1","24","010000",," 22.9",,"  51.1"," ","  28.9"," "," 14.0",," 0.00","G","1022.6","24","999.9",,"004.3","24","  38.2","24"
"72429793812","CINCINNATI MUNICIPAL AIRPORT LUNKEN FIELD, OH US","39.106","-84.41609","144.8","2015-03-24","  30.5","24","010000",,"999.9",,"  51.1"," ","  28.9"," "," 12.0",," 0.02","G","1023.5","23","999.9",,"005.0","24","  36.6","24"
"72429793812","CINCINNATI MUNICIPAL AIRPORT LUNKEN FIELD, OH US","39.106","-84.41609","144.8","2015-03-25","  46.0","24","010000",," 28.0",,"  70.0"," ","  30.9"," "," 19.0",," 0.27","G","1016.8","23","999.9",,"998.6","24","  53.5","24"
"72429793812","CINCINNATI MUNICIPAL AIRPORT LUNKEN FIELD, OH US","39.106","-84.41609","144.8","2015-03-26","  43.8","23","010010",," 22.9",,"  70.0"," ","  39.9"," "," 14.0",," 0.38","G","1013.5","17","999.9",,"995.2","24","  46.9","24"
"72429793812","CINCINNATI MUNICIPAL AIRPORT LUNKEN FIELD, OH US","39.106","-84.41609","144.8","2015-03-27","  24.6","24","000000",," 19.0",,"  51.1"," ","  30.9"," "," 13.0",," 0.21","G","1016.6","23","999.9",,"998.3","24","  35.6","24"
"72429793812","CINCINNATI MUNICIPAL AIRPORT LUNKEN FIELD, OH US","39.106","-84.41609","144.8","2015-03-28","  13.1","24","000000",," 18.1",,"  39.9"," ","  19.9"," "," 12.0",," 0.00","G","1024.2","24","999.9",,"005.6","24","  28.8","24"
"72429793812","CINCINNATI MUNICIPAL AIRPORT LUNKEN FIELD, OH US","39.106","-84.41609","144.8","2015-03-29","  17.1","24","000000",," 25.1",,"  52.0"," ","  19.0"," "," 14.0",," 0.00","G","1025.9","24","999.9",,"007.2","24","  33.7","24"
"72429793812","CINCINNATI MUNICIPAL AIRPORT LUNKEN FIELD, OH US","39.106","-84.41609","144.8","2015-03-30","  33.7","24","010000",," 22.0",,"  60.1","*","  34.0","*"," 14.0",," 0.11","G","1017.5","23","999.9",,"999.3","24","  49.4","24"
"72429793812","CINCINNATI MUNICIPAL AIRPORT LUNKEN FIELD, OH US","39.106","-84.41609","144.8","2015-03-31","  34.8","24","000000",," 28.0",,"  69.1"," ","  34.0"," "," 20.0",," 0.00","G","1012.6","24","999.9",,"994.6","24","  53.0","24"
"72429793812","CINCINNATI MUNICIPAL AIRPORT LUNKEN FIELD, OH US","39.106","-84.41609","144.8","2015-04-01","  33.1","24","100000",,"999.9",,"  69.1"," ","  30.0"," ","  9.9",," 0.00","G","1019.1","24","999.9",,"001.0","24","  48.0","24"
"72429793812","CINCINNATI MUNICIPAL AIRPORT LUNKEN FIELD, OH US","39.106","-84.41609","144.8","2015-04-02","  44.8","24","010010",," 25.1",,"  66.0"," ","  30.0"," "," 20.0",," 0.00","G","1014.4","22","999.9",,"996.3","24","  52.1","24"
"72429793812","CINCINNATI MUNICIPAL AIRPORT LUNKEN FIELD, OH US","39.106","-84.41609","144.8","2015-04-03","  56.3","19","010010",," 29.9",,"  66.0"," ","  36.0"," "," 24.1",," 1.81","G","1010.0","10","999.9",,"992.9","24","  58.1","24"
"72429793812","CINCINNATI MUNICIPAL AIRPORT LUNKEN FIELD, OH US","39.106","-84.41609","144.8","2015-04-04","  30.4","24","000000",," 18.1",,"  64.9"," ","  33.1"," "," 11.1",," 0.26","G","1023.8","24","999.9",,"005.1","24","  44.2","24"
"72429793812","CINCINNATI MUNICIPAL AIRPORT LUNKEN FIELD, OH US","39.106","-84.41609","144.8","2015-04-05","  30.0","24","000000",," 21.0",,"  64.0"," ","  30.9"," "," 17.1",," 0.00","G","1024.4","24","999.9",,"006.1","24","  47.2","24"
"72429793812","CINCINNATI MUNICIPAL AIRPORT LUNKEN FIELD, OH US","39.106","-84.41609","144.8","2015-04-06","  41.9","24","010010",," 20.0",,"  69.1"," ","  30.9"," "," 14.0",," 0.00","G","1019.9","23","999.9",,"001.7","24","  52.4","24"
"72429793812","CINCINNATI MUNICIPAL AIRPORT LUNKEN FIELD, OH US","39.106","-84.41609","144.8","2015-04-07","  57.6","24","110010",,"999.9",,"  69.1"," ","  37.9"," ","  9.9",," 0.17","G","1017.4","16","999.9",,"999.6","24","  58.2","24"
"72429793812","CINCINNATI MUNICIPAL AIRPORT LUNKEN FIELD, OH US","39.106","-84.41609","144.8","2015-04-08","  57.0","24","110010",," 36.9",,"  70.0"," ","  48.9"," "," 15.9",," 0.17","G","1016.2","16","999.9",,"998.4","24","  58.2","24"
"72429793812","CINCINNATI MUNICIPAL AIRPORT LUNKEN FIELD, OH US","39.106","-84.41609","144.8","2015-04-09","  60.4","24","110010",," 29.9",,"  77.0"," ","  48.9"," "," 18.1",," 0.82","G","1012.4","17","999.9",,"995.0","24","  63.0","24"
"72429793812","CINCINNATI MUNICIPAL AIRPORT LUNKEN FIELD, OH US","39.106","-84.41609","144.8","2015-04-10","  48.1","20","010010",," 45.1",,"  77.0"," ","  53.1"," "," 22.9",," 0.35","G","1012.1","20","999.9",,"993.6","24","  61.4","24"
"72429793812","CINCINNATI MUNICIPAL AIRPORT LUNKEN FIELD, OH US","39.106","-84.41609","144.8","2015-04-11","  35.5","24","000000",," 19.0",,"  72.0"," ","  39.0"," "," 12.0",," 0.22","G","1023.0","24","999.9",,"004.9","24","  51.8","24"
"72429793812","CINCINNATI MUNICIPAL AIRPORT LUNKEN FIELD, OH US","39.106","-84.41609","144.8","2015-04-12","  38.2","24","000000",,"999.9",,"  73.9"," ","  37.9"," ","  6.0",," 0.00","G","1022.8","21","999.9",,"004.8","24","  54.4","24"
"72429793812","CINCINNATI MUNICIPAL AIRPORT LUNKEN FIELD, OH US","39.106","-84.41609","144.8","2015-04-13","  51.4","24","000000",," 24.1",,"  79.0"," ","  37.9"," "," 19.0",," 0.00","G","1018.3","24","999.9",,"000.4","24","  62.1","24"
"72429793812","CINCINNATI MUNICIPAL AIRPORT LUNKEN FIELD, OH US","39.106","-84.41609","144.8","2015-04-14","  44.2","24","010000",," 22.9",,"  79.0"," ","  48.0"," "," 15.9",," 0.00","G","1020.5","23","999.9",,"002.5","24","  60.9","24"
"72429793812","CINCINNATI MUNICIPAL AIRPORT LUNKEN FIELD, OH US","39.106","-84.41609","144.8","2015-04-15","  40.2","24","010000",," 20.0",,"  64.0"," ","  46.9"," "," 13.0",," 0.00","G","1022.0","24","999.9",,"004.0","24","  55.0","24"
"72429793812","CINCINNATI MUNICIPAL AIRPORT LUNKEN FIELD, OH US","39.106","-84.41609","144.8","2015-04-16","  52.0","24","010000",," 18.1",,"  75.0"," ","  48.0"," "," 12.0",," 0.01","G","1019.9","22","999.9",,"002.0","24","  62.0","24"
"72429793812","CINCINNATI MUNICIPAL AIRPORT LUNKEN FIELD, OH US","39.106","-84.41609","144.8","2015-04-17","  55.7","24","110000",,"999.9",,"  75.0"," ","  55.9"," ","  5.1",," 0.18","G","1018.4","18","999.9",,"000.6","24","  65.1","24"
"72429793812","CINCINNATI MUNICIPAL AIRPORT LUNKEN FIELD, OH US","39.106","-84.41609","144.8","2015-04-18","  49.4","24","000000",," 15.0",,"  78.1"," ","  46.9"," "," 11.1",," 0.09","G","1016.8","24","999.9",,"999.0","24","  62.3","24"
"72429793812","CINCINNATI MUNICIPAL AIRPORT LUNKEN FIELD, OH US","39.106","-84.41609","144.8","2015-04-19","  54.6","24","010000",," 24.1",,"  78.1"," ","  46.9"," "," 15.0",," 0.00","G","1009.2","22","999.9",,"990.6","24","  62.6","24"
"72429793812","CINCINNATI MUNICIPAL AIRPORT LUNKEN FIELD, OH US","39.106","-84.41609","144.8","2015-04-20","  54.5","24","010010",," 32.1",,"  66.9"," ","  54.0"," "," 22.9",," 0.69","G","1000.0","17","999.9",,"981.5","24","  60.5","24"
"72429793812","CINCINNATI MUNICIPAL AIRPORT LUNKEN FIELD, OH US","39.106","-84.41609","144.8","2015-04-21","  33.0","24","010000",," 35.9",,"  64.0"," ","  39.9"," "," 24.1",," 0.04","G","1008.7","24","999.9",,"990.8","24","  52.7","24"
"72429793812","CINCINNATI MUNICIPAL AIRPORT LUNKEN FIELD, OH US","39.106","-84.41609","144.8","2015-04-22","  36.9","23","010000",," 27.0",,"  64.0"," ","  39.9"," "," 19.0",," 0.17","G","1009.2","22","999.9",,"991.2","24","  49.9","24"
"72429793812","CINCINNATI MUNICIPAL AIRPORT LUNKEN FIELD, OH US","39.106","-84.41609","144.8","2015-04-23","  27.2","24","000000",," 22.9",,"  57.0"," ","  33.1"," "," 15.0",," 0.02","G","1015.6","24","999.9",,"997.5","24","  45.8","24"
"72429793812","CINCINNATI MUNICIPAL AIRPORT LUNKEN FIELD, OH US","39.106","-84.41609","144.8","2015-04-24","  28.9","24","000000",,"999.9",,"  61.0"," ","  28.9"," ","  6.0",," 0.00","G","1019.2","24","999.9",,"001.1","24","  46.0","24"
"72429793812","CINCINNATI MUNICIPAL AIRPORT LUNKEN FIELD, OH US","39.106","-84.41609","144.8","2015-04-25","  42.2","24","010010",," 15.0",,"  55.9","*","  44.1","*"," 13.0",," 0.01","G","1009.9","18","999.9",,"991.2","24","  49.2","24"
"72429793812","CINCINNATI MUNICIPAL AIRPORT LUNKEN FIELD, OH US","39.106","-84.41609","144.8","2015-04-26","  37.3","24","000000",," 17.1",,"  61.0"," ","  41.0"," "," 11.1",," 0.52","G","1008.8","23","999.9",,"990.3","24","  49.3","24"
"72429793812","CINCINNATI MUNICIPAL AIRPORT LUNKEN FIELD, OH US","39.106","-84.41609","144.8","2015-04-27","  37.8","24","100000",," 17.1",,"  63.0"," ","  34.0"," "," 13.0",," 0.00","G","1014.5","23","999.9",,"996.4","24","  48.6","24"
"72429793812","CINCINNATI MUNICIPAL AIRPORT LUNKEN FIELD, OH US","39.106","-84.41609","144.8","2015-04-28","  38.5","24","000000",,"999.9",,"  63.0"," ","  34.0"," "," 11.1",," 0.00","G","1018.3","24","999.9",,"000.1","23","  50.4","24"
"72429793812","CINCINNATI MUNICIPAL AIRPORT LUNKEN FIELD, OH US","39.106","-84.41609","144.8","2015-04-29","  41.1","24","100000",," 15.0",,"  69.1"," ","  34.0"," ","  8.9",," 0.00","G","1011.9","22","999.9",,"994.0","24","  52.6","24"
"72429793812","CINCINNATI MUNICIPAL AIRPORT LUNKEN FIELD, OH US","39.106","-84.41609","144.8","2015-04-30","  42.4","24","010000",," 24.1",,"  61.0","*","  51.1","*"," 15.0",," 0.00","G","1009.5","23","999.9",,"991.8","24","  56.4","24"
"72429793812","CINCINNATI MUNICIPAL AIRPORT LUNKEN FIELD, OH US","39.106","-84.41609","144.8","2015-05-01","  42.2","24","000000",," 17.1",,"  73.0"," ","  43.0"," "," 11.1",," 0.00","G","1016.8","24","999.9",,"998.8","24","  57.4","24"
"72429793812","CINCINNATI MUNICIPAL AIRPORT LUNKEN FIELD, OH US","39.106","-84.41609","144.8","2015-05-02","  45.2","24","000000",,"999.9",,"  75.0"," ","  42.1"," ","  8.9",," 0.00","G","1018.8","23","999.9",,"000.9","24","  58.2","24"
"72429793812","CINCINNATI MUNICIPAL AIRPORT LUNKEN FIELD, OH US","39.106","-84.41609","144.8","2015-05-03","  49.0","24","100000",," 19.0",,"  75.9"," ","  42.1"," "," 13.0",," 0.00","G","1018.9","21","999.9",,"001.1","24","  60.6","24"
"72429793812","CINCINNATI MUNICIPAL AIRPORT LUNKEN FIELD, OH US","39.106","-84.41609","144.8","2015-05-04","  54.2","24","000000",," 20.0",,"  80.1"," ","  43.0"," "," 15.9",," 0.00","G","1020.6","24","999.9",,"002.7","24","  64.6","24"
"72429793812","CINCINNATI MUNICIPAL AIRPORT LUNKEN FIELD, OH US","39.106","-84.41609","144.8","2015-05-05","  58.2","24","100000",,"999.9",,"  82.9"," ","  48.9"," ","  8.9",," 0.03","G","1022.9","19","999.9",,"005.2","24","  68.8","24"
"72429793812","CINCINNATI MUNICIPAL AIRPORT LUNKEN FIELD, OH US","39.106","-84.41609","144.8","2015-05-06","  56.7","24","100000",,"999.9",,"  84.9"," ","  52.0"," ","  4.1",," 0.00","G","1021.7","21","999.9",,"004.0","24","  68.2","24"
"72429793812","CINCINNATI MUNICIPAL AIRPORT LUNKEN FIELD, OH US","39.106","-84.41609","144.8","2015-05-07","  59.8","24","110000",,"999.9",,"  87.1"," ","  52.0"," "," 11.1",," 0.00","G","1018.8","20","999.9",,"001.1","24","  69.0","24"
"72429793812","CINCINNATI MUNICIPAL AIRPORT LUNKEN FIELD, OH US","39.106","-84.41609","144.8","2015-05-08","  59.7","24","100000",," 15.9",,"  87.1"," ","  52.0"," "," 11.1",," 0.03","G","1017.1","20","999.9",,"999.5","24","  71.0","24"
"72429793812","CINCINNATI MUNICIPAL AIRPORT LUNKEN FIELD, OH US","39.106","-84.41609","144.8","2015-05-09","  61.2","24","000000",," 18.1",,"  87.1"," ","  54.0"," "," 11.1",," 0.00","G","1017.3","24","999.9",,"999.7","24","  70.9","24"
"72429793812","CINCINNATI MUNICIPAL AIRPORT LUNKEN FIELD, OH US","39.106","-84.41609","144.8","2015-05-10","  64.5","24","000000",," 19.0",,"  87.1"," ","  55.9"," "," 14.0",," 0.00","G","1017.5","23","999.9",,"999.9","24","  73.5","24"
"72429793812","CINCINNATI MUNICIPAL AIRPORT LUNKEN FIELD, OH US","39.106","-84.41609","144.8","2015-05-11","  64.2","24","010010",," 29.9",,"  87.1"," ","  62.1"," "," 20.0",," 0.00","G","1015.4","22","999.9",,"997.6","24","  72.5","24"
"72429793812","CINCINNATI MUNICIPAL AIRPORT LUNKEN FIELD, OH US","39.106","-84.41609","144.8","2015-05-12","  53.7","24","010000",," 26.0",,"  70.0","*","  57.0","*"," 18.1",," 0.21","G","1018.1","23","999.9",,"999.9","24","  64.5","24"
"72429793812","CINCINNATI MUNICIPAL AIRPORT LUNKEN FIELD, OH US","39.106","-84.41609","144.8","2015-05-13","  42.5","24","100000",,"999.9",,"  71.1"," ","  41.0"," ","  9.9",," 0.00","G","1026.8","23","999.9",,"008.7","24","  56.5","24"
"72429793812","CINCINNATI MUNICIPAL AIRPORT LUNKEN FIELD, OH US","39.106","-84.41609","144.8","2015-05-14","  45.1","24","000000",,"999.9",,"  70.0"," ","  41.0"," ","  8.0",," 0.00","G","1027.5","24","999.9",,"009.4","24","  56.9","24"
"72429793812","CINCINNATI MUNICIPAL AIRPORT LUNKEN FIELD, OH US","39.106","-84.41609","144.8","2015-05-15","  58.2","24","010010",," 20.0",,"  84.0"," ","  45.0"," "," 15.9",," 0.00","G","1020.2","22","999.9",,"002.2","24","  66.3","24"
"72429793812","CINCINNATI MUNICIPAL AIRPORT LUNKEN FIELD, OH US","39.106","-84.41609","144.8","2015-05-16","  66.7","24","010000",,"999.9",,"  84.0"," ","  51.1"," "," 11.1",," 0.05","G","1019.4","18","999.9",,"001.8","24","  69.3","24"
"72429793812","CINCINNATI MUNICIPAL AIRPORT LUNKEN FIELD, OH US","39.106","-84.41609","144.8","2015-05-17","  67.9","24","010000",,"999.9",,"  82.0"," ","  63.0"," ","  9.9",," 0.15","G","1019.6","22","999.9",,"001.8","24","  72.9","24"
"72429793812","CINCINNATI MUNICIPAL AIRPORT LUNKEN FIELD, OH US","39.106","-84.41609","144.8","2015-05-18","  66.9","24","010000",,"999.9",,"  82.0"," ","  64.9"," ","  8.9",," 0.01","G","1019.1","22","999.9",,"001.5","24","  72.2","24"
"72429793812","CINCINNATI MUNICIPAL AIRPORT LUNKEN FIELD, OH US","39.106","-84.41609","144.8","2015-05-19","  53.8","24","100000",," 18.1",,"  77.0"," ","  59.0"," "," 12.0",," 0.00","G","1019.4","20","999.9",,"001.4","24","  65.9","24"
"72429793812","CINCINNATI MUNICIPAL AIRPORT LUNKEN FIELD, OH US","39.106","-84.41609","144.8","2015-05-20","  41.5","24","000000",,"999.9",,"  72.0"," ","  44.1"," "," 11.1",," 0.00","G","1020.2","24","999.9",,"002.2","24","  54.6","24"
"72429793812","CINCINNATI MUNICIPAL AIRPORT LUNKEN FIELD, OH US","39.106","-84.41609","144.8","2015-05-21","  43.9","24","010000",,"999.9",,"  64.0"," ","  44.1"," ","  9.9",," 0.00","G","1017.2","23","999.9",,"999.2","24","  54.4","24"
"72429793812","CINCINNATI MUNICIPAL AIRPORT LUNKEN FIELD, OH US","39.106","-84.41609","144.8","2015-05-22","  44.0","24","000000",," 20.0",,"  77.0"," ","  39.9"," "," 14.0",," 0.00","G","1022.2","24","999.9",,"004.1","24","  56.4","24"
"72429793812","CINCINNATI MUNICIPAL AIRPORT LUNKEN FIELD, OH US","39.106","-84.41609","144.8","2015-05-23","  48.8","24","000000",,"999.9",,"  80.1"," ","  39.9"," ","  7.0",," 0.00","G","1026.9","24","999.9",,"008.9","24","  62.5","24"
"72429793812","CINCINNATI MUNICIPAL AIRPORT LUNKEN FIELD, OH US","39.106","-84.41609","144.8","2015-05-24","  51.9","24","000000",," 18.1",,"  84.0"," ","  46.0"," "," 12.0",," 0.00","G","1024.1","24","999.9",,"006.2","24","  66.6","24"
"72429793812","CINCINNATI MUNICIPAL AIRPORT LUNKEN FIELD, OH US","39.106","-84.41609","144.8","2015-05-25","  59.8","24","010000",," 27.0",,"  84.0"," ","  48.9"," "," 17.1",," 0.00","G","1019.7","23","999.9",,"002.1","24","  69.2","24"
"72429793812","CINCINNATI MUNICIPAL AIRPORT LUNKEN FIELD, OH US","39.106","-84.41609","144.8","2015-05-26","  65.4","21","010010",," 40.0",,"  86.0"," ","  61.0"," "," 28.9",," 0.06","G","1018.3","22","999.9",,"000.4","24","  71.6","24"
"72429793812","CINCINNATI MUNICIPAL AIRPORT LUNKEN FIELD, OH US","39.106","-84.41609","144.8","2015-05-27","  65.3","24","010000",," 22.9",,"  86.0"," ","  62.1"," "," 18.1",," 0.65","G","1018.3","23","999.9",,"000.6","24","  72.0","24"
"72429793812","CINCINNATI MUNICIPAL AIRPORT LUNKEN FIELD, OH US","39.106","-84.41609","144.8","2015-05-28","  63.2","24","000000",,"999.9",,"  82.0"," ","  60.1"," ","  8.0",," 0.00","G","1021.4","21","999.9",,"003.8","24","  70.1","24"
"72429793812","CINCINNATI MUNICIPAL AIRPORT LUNKEN FIELD, OH US","39.106","-84.41609","144.8","2015-05-29","  66.7","24","110000",," 17.1",,"  82.9"," ","  60.1"," "," 13.0",," 0.23","G","1020.0","21","999.9",,"002.4","24","  72.9","24"
"72429793812","CINCINNATI MUNICIPAL AIRPORT LUNKEN FIELD, OH US","39.106","-84.41609","144.8","2015-05-30","  66.9","24","010000",," 28.0",,"  84.9"," ","  63.0"," "," 13.0",," 0.05","B","1016.9","24","999.9",,"999.3","24","  74.1","24"
"72429793812","CINCINNATI MUNICIPAL AIRPORT LUNKEN FIELD, OH US","39.106","-84.41609","144.8","2015-05-31","  63.7","24","010000",," 20.0",,"  84.9"," ","  62.1"," "," 14.0",," 0.01","C","1015.2","18","999.9",,"997.4","24","  68.7","24"
"72429793812","CINCINNATI MUNICIPAL AIRPORT LUNKEN FIELD, OH US","39.106","-84.41609","144.8","2015-06-01","  50.6","24","010000",,"999.9",,"  73.9"," ","  53.1"," "," 11.1",," 0.11","C","1020.4","23","999.9",,"002.5","24","  55.6","24"
"72429793812","CINCINNATI MUNICIPAL AIRPORT LUNKEN FIELD, OH US","39.106","-84.41609","144.8","2015-06-02","  50.6","24","000000",,"999.9",,"  62.1"," ","  53.1"," ","  8.9",," 0.00","I","1020.5","23","999.9",,"002.6","24","  56.6","24"
"72429793812","CINCINNATI MUNICIPAL AIRPORT LUNKEN FIELD, OH US","39.106","-84.41609","144.8","2015-06-03","  55.5","24","100000",,"999.9",,"  73.0"," ","  50.0"," ","  5.1",," 0.00","G","1018.3","19","999.9",,"000.4","24","  61.3","24"
"72429793812","CINCINNATI MUNICIPAL AIRPORT LUNKEN FIELD, OH US","39.106","-84.41609","144.8","2015-06-04","  59.3","24","100000",,"999.9",,"  82.9"," ","  50.0"," ","  9.9",," 0.00","G","1017.0","18","999.9",,"999.2","24","  67.5","24"
"72429793812","CINCINNATI MUNICIPAL AIRPORT LUNKEN FIELD, OH US","39.106","-84.41609","144.8","2015-06-05","  59.6","24","100000",,"999.9",,"  84.9"," ","  53.1"," ","  7.0",," 0.00","G","1016.3","20","999.9",,"998.7","24","  70.1","24"
"72429793812","CINCINNATI MUNICIPAL AIRPORT LUNKEN FIELD, OH US","39.106","-84.41609","144.8","2015-06-06","  61.9","24","010010",," 15.0",,"  84.9"," ","  54.0"," ","  9.9",," 0.01","G","1017.2","19","999.9",,"999.2","24","  69.3","24"
"72429793812","CINCINNATI MUNICIPAL AIRPORT LUNKEN FIELD, OH US","39.106","-84.41609","144.8","2015-06-07","  63.3","24","100000",," 20.0",,"  87.1"," ","  55.9"," "," 14.0",," 0.00","G","1014.3","17","999.9",,"997.1","24","  71.2","24"
"72429793812","CINCINNATI MUNICIPAL AIRPORT LUNKEN FIELD, OH US","39.106","-84.41609","144.8","2015-06-08","  65.2","24","000000",," 22.9",,"  78.1","*","  71.1","*"," 17.1",," 0.00","G","1009.8","24","999.9",,"992.3","24","  74.9","24"
"72429793812","CINCINNATI MUNICIPAL AIRPORT LUNKEN FIELD, OH US","39.106","-84.41609","144.8","2015-06-09","  59.6","24","010000",," 29.9",,"  82.0","*","  55.4","*"," 15.0",," 0.35","G","1010.3","20","999.9",,"992.8","24","  69.3","24"
"72429793812","CINCINNATI MUNICIPAL AIRPORT LUNKEN FIELD, OH US","39.106","-84.41609","144.8","2015-06-10","  60.7","24","100000",,"999.9",,"  90.0"," ","  55.9"," "," 11.1",," 0.03","G","1011.1","17","999.9",,"993.7","24","  72.5","24"
"72429793812","CINCINNATI MUNICIPAL AIRPORT LUNKEN FIELD, OH US","39.106","-84.41609","144.8","2015-06-11","  64.4","24","000000",," 15.0",,"  91.0"," ","  57.0"," "," 11.1",," 0.00","G","1012.1","24","999.9",,"994.7","24","  76.6","24"
"72429793812","CINCINNATI MUNICIPAL AIRPORT LUNKEN FIELD, OH US","39.106","-84.41609","144.8","2015-06-12","  68.7","24","010000",," 28.0",,"  91.9"," ","  63.0"," "," 20.0",," 0.00","G","1012.4","23","999.9",,"994.9","24","  77.7","24"
"72429793812","CINCINNATI MUNICIPAL AIRPORT LUNKEN FIELD, OH US","39.106","-84.41609","144.8","2015-06-13","  70.7","24","110010",," 21.0",,"  91.9"," ","  66.0"," "," 15.9",," 0.32","G","1016.0","20","999.9",,"998.3","24","  77.7","24"
"72429793812","CINCINNATI MUNICIPAL AIRPORT LUNKEN FIELD, OH US","39.106","-84.41609","144.8","2015-06-14","  70.0","24","000000",," 24.1",,"  90.0"," ","  66.0"," "," 14.0",," 0.01","G","1016.6","24","999.9",,"999.1","24","  81.1","24"
"72429793812","CINCINNATI MUNICIPAL AIRPORT LUNKEN FIELD, OH US","39.106","-84.41609","144.8","2015-06-15","  70.4","24","010010",," 27.0",,"  90.0"," ","  71.1"," "," 20.0",," 0.00","G","1016.3","23","999.9",,"998.9","24","  80.6","24"
"72429793812","CINCINNATI MUNICIPAL AIRPORT LUNKEN FIELD, OH US","39.106","-84.41609","144.8","2015-06-16","  70.3","24","010010",," 20.0",,"  89.1"," ","  71.1"," "," 14.0",," 0.23","G","1016.5","18","999.9",,"999.1","24","  79.0","24"
"72429793812","CINCINNATI MUNICIPAL AIRPORT LUNKEN FIELD, OH US","39.106","-84.41609","144.8","2015-06-17","  71.4","24","010010",,"999.9",,"  84.9"," ","  70.0"," "," 12.0",," 0.32","G","1017.5","18","999.9",,"999.9","24","  74.9","24"
"72429793812","CINCINNATI MUNICIPAL AIRPORT LUNKEN FIELD, OH US","39.106","-84.41609","144.8","2015-06-18","  70.9","24","110010",," 20.0",,"  88.0"," ","  66.9"," "," 11.1",," 0.71","G","1016.4","19","999.9",,"998.9","24","  76.1","24"
"72429793812","CINCINNATI MUNICIPAL AIRPORT LUNKEN FIELD, OH US","39.106","-84.41609","144.8","2015-06-19","  68.6","24","010010",,"999.9",,"  89.1"," ","  66.9"," ","  8.0",," 0.57","G","1016.6","22","999.9",,"999.2","24","  71.3","24"
"72429793812","CINCINNATI MUNICIPAL AIRPORT LUNKEN FIELD, OH US","39.106","-84.41609","144.8","2015-06-20","  70.4","24","010000",,"999.9",,"  81.0"," ","  66.9"," "," 11.1",," 0.61","G","1011.5","15","999.9",,"993.1","24","  72.8","24"
"72429793812","CINCINNATI MUNICIPAL AIRPORT LUNKEN FIELD, OH US","39.106","-84.41609","144.8","2015-06-21","  68.2","24","000000",," 15.9",,"  87.1"," ","  66.9"," "," 13.0",," 0.51","G","1013.2","24","999.9",,"995.6","24","  77.3","24"
"72429793812","CINCINNATI MUNICIPAL AIRPORT LUNKEN FIELD, OH US","39.106","-84.41609","144.8","2015-06-22","  69.6","24","000000",,"999.9",,"  87.1"," ","  66.0"," ","  9.9",," 0.01","G","1016.4","22","999.9",,"998.9","24","  76.4","24"
"72429793812","CINCINNATI MUNICIPAL AIRPORT LUNKEN FIELD, OH US","39.106","-84.41609","144.8","2015-06-23","  71.5","24","000000",," 19.0",,"  89.1"," ","  66.0"," "," 14.0",," 0.00","G","1014.0","22","999.9",,"996.5","24","  81.3","24"
"72429793812","CINCINNATI MUNICIPAL AIRPORT LUNKEN FIELD, OH US","39.106","-84.41609","144.8","2015-06-24","  58.1","24","000000",,"999.9",,"  89.1"," ","  60.1"," ","  7.0",," 0.00","G","1019.8","24","999.9",,"002.1","24","  72.1","24"
"72429793812","CINCINNATI MUNICIPAL AIRPORT LUNKEN FIELD, OH US","39.106","-84.41609","144.8","2015-06-25","  64.3","24","010010",,"999.9",,"  84.0"," ","  60.1"," "," 11.1",," 0.00","G","1017.2","22","999.9",,"999.7","24","  70.4","24"
"72429793812","CINCINNATI MUNICIPAL AIRPORT LUNKEN FIELD, OH US","39.106","-84.41609","144.8","2015-06-26","  68.8","24","010010",," 15.0",,"  84.0"," ","  61.0"," "," 13.0",," 0.03","G","1013.6","18","999.9",,"996.0","24","  73.5","24"
"72429793812","CINCINNATI MUNICIPAL AIRPORT LUNKEN FIELD, OH US","39.106","-84.41609","144.8","2015-06-27","  62.4","24","010000",," 22.0",,"  81.0"," ","  64.0"," "," 14.0",," 0.11","G","1009.5","17","999.9",,"991.4","24","  67.3","24"
"72429793812","CINCINNATI MUNICIPAL AIRPORT LUNKEN FIELD, OH US","39.106","-84.41609","144.8","2015-06-28","  52.9","24","010000",," 22.0",,"  79.0"," ","  59.0"," "," 12.0",," 0.03","G","1012.9","24","999.9",,"995.2","24","  68.1","24"
"72429793812","CINCINNATI MUNICIPAL AIRPORT LUNKEN FIELD, OH US","39.106","-84.41609","144.8","2015-06-29","  62.0","24","010000",," 15.9",,"  82.0"," ","  59.0"," "," 12.0",," 0.24","G","1011.1","22","999.9",,"993.4","24","  67.1","24"
"72429793812","CINCINNATI MUNICIPAL AIRPORT LUNKEN FIELD, OH US","39.106","-84.41609","144.8","2015-06-30","  64.1","24","010010",," 35.9",,"  82.0"," ","  61.0"," "," 24.1",," 0.36","G","1010.4","23","999.9",,"992.7","24","  68.1","24"
"72429793812","CINCINNATI MUNICIPAL AIRPORT LUNKEN FIELD, OH US","39.106","-84.41609","144.8","2015-07-01","  60.4","24","100000",,"999.9",,"  80.1"," ","  57.0"," ","  6.0",," 1.00","G","1012.4","18","999.9",,"994.8","24","  67.9","24"
"72429793812","CINCINNATI MUNICIPAL AIRPORT LUNKEN FIELD, OH US","39.106","-84.41609","144.8","2015-07-02","  67.0","24","010000",,"999.9",,"  80.1"," ","  57.0"," ","  8.9",," 0.00","G","1012.2","19","999.9",,"994.5","24","  69.9","24"
"72429793812","CINCINNATI MUNICIPAL AIRPORT LUNKEN FIELD, OH US","39.106","-84.41609","144.8","2015-07-03","  65.4","24","010000",,"999.9",,"  78.1"," ","  64.9"," ","  8.9",," 0.07","G","1011.7","22","999.9",,"994.1","24","  70.3","24"
"72429793812","CINCINNATI MUNICIPAL AIRPORT LUNKEN FIELD, OH US","39.106","-84.41609","144.8","2015-07-04","  62.7","24","000000",,"999.9",,"  82.0"," ","  66.0"," ","  6.0",," 0.01","G","1014.0","23","999.9",,"996.3","24","  72.3","24"
"72429793812","CINCINNATI MUNICIPAL AIRPORT LUNKEN FIELD, OH US","39.106","-84.41609","144.8","2015-07-05","  62.3","24","000000",,"999.9",,"  82.0"," ","  61.0"," ","  6.0",," 0.00","G","1017.9","22","999.9",,"000.4","24","  69.7","24"
"72429793812","CINCINNATI MUNICIPAL AIRPORT LUNKEN FIELD, OH US","39.106","-84.41609","144.8","2015-07-06","  64.6","24","100000",,"999.9",,"  84.9"," ","  61.0"," ","  9.9",," 0.00","G","1017.7","21","999.9",,"000.1","24","  72.3","24"
"72429793812","CINCINNATI MUNICIPAL AIRPORT LUNKEN FIELD, OH US","39.106","-84.41609","144.8","2015-07-07","  70.5","24","010000",," 22.0",,"  84.9"," ","  61.0"," "," 15.9",," 0.08","G","1014.8","20","999.9",,"997.2","24","  75.1","24"
"72429793812","CINCINNATI MUNICIPAL AIRPORT LUNKEN FIELD, OH US","39.106","-84.41609","144.8","2015-07-08","  68.1","24","010000",,"999.9",,"  73.9","*","  66.2","*"," 11.1",," 0.26","G","1016.7","13","999.9",,"999.3","24","  70.2","24"
"72429793812","CINCINNATI MUNICIPAL AIRPORT LUNKEN FIELD, OH US","39.106","-84.41609","144.8","2015-07-09","  69.6","24","110000",," 22.0",,"  82.0","*","  66.2","*"," 15.0",," 0.02","G","1015.2","17","999.9",,"997.8","24","  74.1","24"
"72429793812","CINCINNATI MUNICIPAL AIRPORT LUNKEN FIELD, OH US","39.106","-84.41609","144.8","2015-07-10","  66.0","24","010000",,"999.9",,"  82.0"," ","  64.9"," ","  7.0",," 0.20","G","1018.8","20","999.9",,"001.1","24","  70.1","24"
"72429793812","CINCINNATI MUNICIPAL AIRPORT LUNKEN FIELD, OH US","39.106","-84.41609","144.8","2015-07-11","  64.0","24","110000",,"999.9",,"  82.0"," ","  61.0"," ","  4.1",," 0.08","G","1021.0","16","999.9",,"003.0","24","  69.2","24"
"72429793812","CINCINNATI MUNICIPAL AIRPORT LUNKEN FIELD, OH US","39.106","-84.41609","144.8","2015-07-12","  69.4","24","010010",,"999.9",,"  84.9"," ","  61.0"," ","  8.0",," 0.69","G","1016.6","17","999.9",,"998.5","24","  72.9","24"
"72429793812","CINCINNATI MUNICIPAL AIRPORT LUNKEN FIELD, OH US","39.106","-84.41609","144.8","2015-07-13","  69.0","21","110010",," 49.0",,"  80.1","*","  66.0","*"," 31.1",," 0.96","C","1011.3","20","999.9",,"993.9","24","  71.1","24"
"72429793812","CINCINNATI MUNICIPAL AIRPORT LUNKEN FIELD, OH US","39.106","-84.41609","144.8","2015-07-14","  69.7","24","010010",," 32.1",,"  90.0"," ","  66.0"," "," 22.0",," 0.16","C","1003.9","16","999.9",,"986.5","24","  76.8","24"
"72429793812","CINCINNATI MUNICIPAL AIRPORT LUNKEN FIELD, OH US","39.106","-84.41609","144.8","2015-07-15","  64.2","24","000000",,"999.9",,"  90.0"," ","  66.0"," "," 11.1",," 0.00","I","1010.5","21","999.9",,"993.1","24","  73.9","24"
"72429793812","CINCINNATI MUNICIPAL AIRPORT LUNKEN FIELD, OH US","39.106","-84.41609","144.8","2015-07-16","  61.6","24","000000",,"999.9",,"  82.9"," ","  60.1"," ","  8.0",," 0.00","G","1016.5","24","999.9",,"998.8","24","  70.9","24"
"72429793812","CINCINNATI MUNICIPAL AIRPORT LUNKEN FIELD, OH US","39.106","-84.41609","144.8","2015-07-17","  70.4","24","010010",," 22.9",,"  90.0"," ","  60.1"," "," 13.0",," 0.00","G","1013.6","22","999.9",,"996.0","24","  76.5","24"
"72429793812","CINCINNATI MUNICIPAL AIRPORT LUNKEN FIELD, OH US","39.106","-84.41609","144.8","2015-07-18","  72.5","24","010010",," 21.0",,"  91.9"," ","  66.0"," "," 15.0",," 0.09","G","1013.7","21","999.9",,"996.0","24","  78.6","24"
"72429793812","CINCINNATI MUNICIPAL AIRPORT LUNKEN FIELD, OH US","39.106","-84.41609","144.8","2015-07-19","  73.3","24","110010",," 29.9",,"  91.9"," ","  68.0"," "," 13.0",," 1.74","G","1013.1","17","999.9",,"995.9","24","  77.7","24"
"72429793812","CINCINNATI MUNICIPAL AIRPORT LUNKEN FIELD, OH US","39.106","-84.41609","144.8","2015-07-20","  72.1","24","100000",,"999.9",,"  87.1"," ","  69.1"," ","  8.9",," 0.12","G","1010.5","18","999.9",,"993.5","24","  76.9","24"
"72429793812","CINCINNATI MUNICIPAL AIRPORT LUNKEN FIELD, OH US","39.106","-84.41609","144.8","2015-07-21","  69.7","24","110000",," 20.0",,"  87.1"," ","  69.1"," "," 11.1",," 0.37","G","1008.6","17","999.9",,"990.9","24","  78.1","24"
"72429793812","CINCINNATI MUNICIPAL AIRPORT LUNKEN FIELD, OH US","39.106","-84.41609","144.8","2015-07-22","  58.0","24","000000",,"999.9",,"  86.0"," ","  57.0"," ","  7.0",," 0.00","I","1014.0","24","999.9",,"996.4","24","  71.3","24"
"72429793812","CINCINNATI MUNICIPAL AIRPORT LUNKEN FIELD, OH US","39.106","-84.41609","144.8","2015-07-23","  60.3","24","100000",,"999.9",,"  82.9"," ","  57.0"," ","  9.9",," 0.00","G","1015.5","22","999.9",,"997.9","24","  70.2","24"
"72429793812","CINCINNATI MUNICIPAL AIRPORT LUNKEN FIELD, OH US","39.106","-84.41609","144.8","2015-07-24","  61.0","24","000000",,"999.9",,"  84.9"," ","  57.0"," ","  8.9",," 0.00","G","1016.4","24","999.9",,"998.7","24","  72.3","24"
"72429793812","CINCINNATI MUNICIPAL AIRPORT LUNKEN FIELD, OH US","39.106","-84.41609","144.8","2015-07-25","  63.4","24","000000",,"999.9",,"  87.1"," ","  59.0"," ","  7.0",," 0.00","G","1015.5","24","999.9",,"997.9","24","  72.5","24"
"72429793812","CINCINNATI MUNICIPAL AIRPORT LUNKEN FIELD, OH US","39.106","-84.41609","144.8","2015-07-26","  69.9","23","010010",," 22.9",,"  87.1"," ","  59.0"," ","  8.9",," 0.00","G","1014.1","23","999.9",,"996.6","24","  75.0","24"
"72429793812","CINCINNATI MUNICIPAL AIRPORT LUNKEN FIELD, OH US","39.106","-84.41609","144.8","2015-07-27","  72.6","24","010010",," 17.1",,"  87.1"," ","  66.0"," "," 11.1",," 1.50","G","1014.3","19","999.9",,"996.9","24","  76.4","24"
"72429793812","CINCINNATI MUNICIPAL AIRPORT LUNKEN FIELD, OH US","39.106","-84.41609","144.8","2015-07-28","  72.6","24","100000",,"999.9",,"  91.9"," ","  69.1"," ","  7.0",," 0.58","G","1014.6","20","999.9",,"997.1","24","  78.6","24"
"72429793812","CINCINNATI MUNICIPAL AIRPORT LUNKEN FIELD, OH US","39.106","-84.41609","144.8","2015-07-29","  74.2","24","110010",,"999.9",,"  91.9"," ","  69.1"," "," 14.0",," 0.00","G","1014.3","15","999.9",,"996.8","24","  78.7","24"
"72429793812","CINCINNATI MUNICIPAL AIRPORT LUNKEN FIELD, OH US","39.106","-84.41609","144.8","2015-07-30","  64.5","24","000000",," 17.1",,"  91.9"," ","  66.9"," "," 12.0",," 0.10","G","1016.4","24","999.9",,"998.8","24","  77.7","24"
"72429793812","CINCINNATI MUNICIPAL AIRPORT LUNKEN FIELD, OH US","39.106","-84.41609","144.8","2015-07-31","  61.7","24","100000",," 18.1",,"  87.1"," ","  61.0"," "," 11.1",," 0.00","G","1016.6","22","999.9",,"999.0","24","  74.2","24"
"72429793812","CINCINNATI MUNICIPAL AIRPORT LUNKEN FIELD, OH US","39.106","-84.41609","144.8","2015-08-01","  59.7","24","000000",,"999.9",,"  87.1"," ","  61.0"," ","  9.9",," 0.00","G","1014.9","24","999.9",,"997.4","24","  74.2","24"
"72429793812","CINCINNATI MUNICIPAL AIRPORT LUNKEN FIELD, OH US","39.106","-84.41609","144.8","2015-08-02","  62.0","24","000000",,"999.9",,"  86.0"," ","  60.1"," ","  8.9",," 0.00","G","1014.5","24","999.9",,"996.9","24","  72.9","24"
"72429793812","CINCINNATI MUNICIPAL AIRPORT LUNKEN FIELD, OH US","39.106","-84.41609","144.8","2015-08-03","  65.2","23","010010",," 34.0",,"  86.0"," ","  60.1"," "," 21.0",," 0.74","G","1011.1","19","999.9",,"994.0","24","  72.1","24"
"72429793812","CINCINNATI MUNICIPAL AIRPORT LUNKEN FIELD, OH US","39.106","-84.41609","144.8","2015-08-04","  64.3","22","100000",,"999.9",,"  86.0"," ","  63.0"," "," 12.0",," 0.57","G","1014.1","17","999.9",,"996.2","24","  72.4","24"
"72429793812","CINCINNATI MUNICIPAL AIRPORT LUNKEN FIELD, OH US","39.106","-84.41609","144.8","2015-08-05","  64.4","24","100000",,"999.9",,"  84.0"," ","  62.1"," ","  6.0",," 0.00","G","1016.5","22","999.9",,"998.9","24","  72.8","24"
"72429793812","CINCINNATI MUNICIPAL AIRPORT LUNKEN FIELD, OH US","39.106","-84.41609","144.8","2015-08-06","  64.5","24","010000",,"999.9",,"  84.0"," ","  62.1"," ","  9.9",," 0.25","G","1013.4","16","999.9",,"995.7","24","  67.8","24"
"72429793812","CINCINNATI MUNICIPAL AIRPORT LUNKEN FIELD, OH US","39.106","-84.41609","144.8","2015-08-07","  62.8","24","000000",,"999.9",,"  82.9"," ","  63.0"," ","  8.0",," 0.62","G","1011.9","21","999.9",,"994.2","24","  70.5","24"
"72429793812","CINCINNATI MUNICIPAL AIRPORT LUNKEN FIELD, OH US","39.106","-84.41609","144.8","2015-08-08","  63.7","24","000000",,"999.9",,"  84.0"," ","  60.1"," ","  5.1",," 0.00","G","1013.6","23","999.9",,"996.0","24","  72.5","24"
"72429793812","CINCINNATI MUNICIPAL AIRPORT LUNKEN FIELD, OH US","39.106","-84.41609","144.8","2015-08-09","  67.9","24","110000",,"999.9",,"  84.0"," ","  60.1"," ","  8.0",," 0.00","G","1015.5","20","999.9",,"997.9","24","  72.6","24"
"72429793812","CINCINNATI MUNICIPAL AIRPORT LUNKEN FIELD, OH US","39.106","-84.41609","144.8","2015-08-10","  72.2","24","010010",," 28.0",,"  87.1"," ","  64.0"," "," 20.0",," 0.00","G","1011.9","21","999.9",,"994.1","24","  76.5","24"
"72429793812","CINCINNATI MUNICIPAL AIRPORT LUNKEN FIELD, OH US","39.106","-84.41609","144.8","2015-08-11","  67.3","24","100000",," 15.9",,"  87.1"," ","  66.0"," "," 12.0",," 0.25","G","1013.4","15","999.9",,"995.5","24","  72.9","24"
"72429793812","CINCINNATI MUNICIPAL AIRPORT LUNKEN FIELD, OH US","39.106","-84.41609","144.8","2015-08-12","  60.1","24","000000",," 14.0",,"  82.9"," ","  60.1"," "," 12.0",," 0.00","G","1018.2","24","999.9",,"000.5","24","  70.2","24"
"72429793812","CINCINNATI MUNICIPAL AIRPORT LUNKEN FIELD, OH US","39.106","-84.41609","144.8","2015-08-13","  59.0","24","100000",,"999.9",,"  82.0"," ","  57.0"," ","  5.1",," 0.00","G","1020.2","21","999.9",,"002.4","24","  68.1","24"
"72429793812","CINCINNATI MUNICIPAL AIRPORT LUNKEN FIELD, OH US","39.106","-84.41609","144.8","2015-08-14","  63.5","24","100000",,"999.9",,"  82.9"," ","  57.0"," ","  6.0",," 0.00","G","1021.2","23","999.9",,"003.4","24","  70.5","24"
"72429793812","CINCINNATI MUNICIPAL AIRPORT LUNKEN FIELD, OH US","39.106","-84.41609","144.8","2015-08-15","  65.3","24","110000",,"999.9",,"  84.9"," ","  59.0"," ","  8.0",," 0.00","G","1020.4","22","999.9",,"002.7","24","  71.9","24"
"72429793812","CINCINNATI MUNICIPAL AIRPORT LUNKEN FIELD, OH US","39.106","-84.41609","144.8","2015-08-16","  66.6","24","110000",,"999.9",,"  88.0"," ","  61.0"," ","  7.0",," 0.00","G","1020.5","20","999.9",,"002.9","24","  73.8","24"
"72429793812","CINCINNATI MUNICIPAL AIRPORT LUNKEN FIELD, OH US","39.106","-84.41609","144.8","2015-08-17","  69.9","24","110000",,"999.9",,"  88.0"," ","  63.0"," ","  8.0",," 0.00","G","1019.1","21","999.9",,"001.5","24","  74.1","24"
"72429793812","CINCINNATI MUNICIPAL AIRPORT LUNKEN FIELD, OH US","39.106","-84.41609","144.8","2015-08-18","  69.3","24","100000",,"999.9",,"  84.9"," ","  66.0"," ","  8.0",," 0.01","G","1014.1","17","999.9",,"996.8","24","  74.6","24"
"72429793812","CINCINNATI MUNICIPAL AIRPORT LUNKEN FIELD, OH US","39.106","-84.41609","144.8","2015-08-19","  70.9","24","110010",," 25.1",,"  84.9"," ","  66.0"," "," 17.1",," 0.00","G","1010.4","19","999.9",,"992.8","24","  75.2","24"
"72429793812","CINCINNATI MUNICIPAL AIRPORT LUNKEN FIELD, OH US","39.106","-84.41609","144.8","2015-08-20","  62.8","24","010000",," 19.0",,"  75.9","*","  64.4","*"," 14.0",," 0.58","G","1013.5","16","999.9",,"994.9","24","  71.4","24"
"72429793812","CINCINNATI MUNICIPAL AIRPORT LUNKEN FIELD, OH US","39.106","-84.41609","144.8","2015-08-21","  56.0","24","100000",,"999.9",,"  80.1"," ","  55.0"," ","  6.0",," 0.28","G","1019.7","21","999.9",,"002.0","24","  66.7","24"
"72429793812","CINCINNATI MUNICIPAL AIRPORT LUNKEN FIELD, OH US","39.106","-84.41609","144.8","2015-08-22","  57.8","24","100000",," 21.0",,"  80.1"," ","  54.0"," ","  9.9",," 0.00","G","1019.9","19","999.9",,"002.2","24","  66.6","24"
"72429793812","CINCINNATI MUNICIPAL AIRPORT LUNKEN FIELD, OH US","39.106","-84.41609","144.8","2015-08-23","  63.8","24","000000",,"999.9",,"  84.9"," ","  54.0"," ","  9.9",," 0.00","G","1015.0","24","999.9",,"997.3","24","  70.8","24"
"72429793812","CINCINNATI MUNICIPAL AIRPORT LUNKEN FIELD, OH US","39.106","-84.41609","144.8","2015-08-24","  57.0","24","000000",," 21.0",,"  84.9"," ","  57.0"," "," 14.0",," 0.00","G","1014.7","24","999.9",,"997.1","24","  70.4","24"
"72429793812","CINCINNATI MUNICIPAL AIRPORT LUNKEN FIELD, OH US","39.106","-84.41609","144.8","2015-08-25","  52.7","24","000000",,"999.9",,"  75.9"," ","  52.0"," "," 11.1",," 0.00","G","1016.4","24","999.9",,"998.6","24","  63.2","24"
"72429793812","CINCINNATI MUNICIPAL AIRPORT LUNKEN FIELD, OH US","39.106","-84.41609","144.8","2015-08-26","  57.2","24","000000",,"999.9",,"  73.9"," ","  52.0"," ","  7.0",," 0.00","G","1019.0","24","999.9",,"001.1","24","  65.8","24"
"72429793812","CINCINNATI MUNICIPAL AIRPORT LUNKEN FIELD, OH US","39.106","-84.41609","144.8","2015-08-27","  58.6","24","000000",,"999.9",,"  79.0"," ","  57.0"," ","  8.9",," 0.00","G","1021.1","24","999.9",,"003.2","24","  66.2","24"
"72429793812","CINCINNATI MUNICIPAL AIRPORT LUNKEN FIELD, OH US","39.106","-84.41609","144.8","2015-08-28","  57.5","24","100000",,"999.9",,"  80.1"," ","  51.1"," ","  7.0",," 0.00","G","1021.2","19","999.9",,"003.3","24","  64.9","24"
"72429793812","CINCINNATI MUNICIPAL AIRPORT LUNKEN FIELD, OH US","39.106","-84.41609","144.8","2015-08-29","  64.7","24","010000",,"999.9",,"  86.0"," ","  51.1"," ","  9.9",," 0.00","G","1019.6","23","999.9",,"001.7","24","  70.0","24"
"72429793812","CINCINNATI MUNICIPAL AIRPORT LUNKEN FIELD, OH US","39.106","-84.41609","144.8","2015-08-30","  68.4","24","100000",,"999.9",,"  86.0"," ","  59.0"," "," 11.1",," 0.02","G","1018.4","15","999.9",,"000.6","24","  72.7","24"
"72429793812","CINCINNATI MUNICIPAL AIRPORT LUNKEN FIELD, OH US","39.106","-84.41609","144.8","2015-08-31","  67.3","24","100000",,"999.9",,"  84.9","*","  62.6","*","  8.0",," 0.00","G","1018.6","16","999.9",,"001.0","24","  74.2","24"
"72429793812","CINCINNATI MUNICIPAL AIRPORT LUNKEN FIELD, OH US","39.106","-84.41609","144.8","2015-09-01","  67.5","24","100000",,"999.9",,"  88.0"," ","  63.0"," ","  9.9",," 0.00","G","1019.3","18","999.9",,"001.7","24","  75.1","24"
"72429793812","CINCINNATI MUNICIPAL AIRPORT LUNKEN FIELD, OH US","39.106","-84.41609","144.8","2015-09-02","  67.8","24","100000",," 17.1",,"  90.0"," ","  64.0"," "," 11.1",," 0.00","G","1018.5","16","999.9",,"001.0","24","  75.7","24"
"72429793812","CINCINNATI MUNICIPAL AIRPORT LUNKEN FIELD, OH US","39.106","-84.41609","144.8","2015-09-03","  67.7","24","100000",,"999.9",,"  91.9"," ","  64.0"," ","  7.0",," 0.00","G","1015.6","21","999.9",,"998.1","24","  76.7","24"
"72429793812","CINCINNATI MUNICIPAL AIRPORT LUNKEN FIELD, OH US","39.106","-84.41609","144.8","2015-09-04","  68.1","23","110010",," 61.0",,"  91.9"," ","  64.0"," "," 42.9",," 0.00","G","1015.8","15","999.9",,"998.2","24","  75.8","24"
"72429793812","CINCINNATI MUNICIPAL AIRPORT LUNKEN FIELD, OH US","39.106","-84.41609","144.8","2015-09-05","  67.5","20","110010",,"999.9",,"  91.9"," ","  62.1"," ","  9.9",," 1.95","G","1019.6","19","999.9",,"001.8","24","  73.9","24"
"72429793812","CINCINNATI MUNICIPAL AIRPORT LUNKEN FIELD, OH US","39.106","-84.41609","144.8","2015-09-06","  67.6","24","110010",,"999.9",,"  91.0"," ","  62.1"," ","  8.9",," 0.03","G","1019.5","19","999.9",,"001.9","24","  74.9","24"
"72429793812","CINCINNATI MUNICIPAL AIRPORT LUNKEN FIELD, OH US","39.106","-84.41609","144.8","2015-09-07","  69.5","24","100000",,"999.9",,"  91.0"," ","  64.0"," ","  5.1",," 0.00","G","1017.9","21","999.9",,"000.4","24","  75.5","24"
"72429793812","CINCINNATI MUNICIPAL AIRPORT LUNKEN FIELD, OH US","39.106","-84.41609","144.8","2015-09-08","  68.9","24","100000",,"999.9",,"  90.0"," ","  64.9"," ","  8.9",," 0.00","G","1015.2","20","999.9",,"997.9","24","  76.4","24"
"72429793812","CINCINNATI MUNICIPAL AIRPORT LUNKEN FIELD, OH US","39.106","-84.41609","144.8","2015-09-09","  69.7","24","010000",,"999.9",,"  89.1"," ","  66.0"," ","  7.0",," 0.01","G","1013.1","24","999.9",,"995.6","24","  72.4","24"
"72429793812","CINCINNATI MUNICIPAL AIRPORT LUNKEN FIELD, OH US","39.106","-84.41609","144.8","2015-09-10","  66.2","24","010000",,"999.9",,"  82.9"," ","  66.9"," ","  7.0",," 0.31","G","1012.1","22","999.9",,"994.7","24","  73.0","24"
"72429793812","CINCINNATI MUNICIPAL AIRPORT LUNKEN FIELD, OH US","39.106","-84.41609","144.8","2015-09-11","  60.6","24","110000",," 22.9",,"  82.9"," ","  57.0"," "," 14.0",," 0.00","G","1011.8","19","999.9",,"994.2","24","  65.7","24"
"72429793812","CINCINNATI MUNICIPAL AIRPORT LUNKEN FIELD, OH US","39.106","-84.41609","144.8","2015-09-12","  56.8","24","010000",," 19.0",,"  64.9","*","  55.9","*"," 12.0",," 0.35","G","1012.8","12","999.9",,"994.9","24","  61.0","24"
"72429793812","CINCINNATI MUNICIPAL AIRPORT LUNKEN FIELD, OH US","39.106","-84.41609","144.8","2015-09-13","  48.9","24","000000",,"999.9",,"  70.0"," ","  50.0"," ","  9.9",," 0.15","G","1016.4","24","999.9",,"998.5","24","  58.8","24"
"72429793812","CINCINNATI MUNICIPAL AIRPORT LUNKEN FIELD, OH US","39.106","-84.41609","144.8","2015-09-14","  50.1","24","000000",,"999.9",,"  73.9"," ","  45.0"," "," 11.1",," 0.00","G","1022.3","23","999.9",,"004.2","24","  58.6","24"
"72429793812","CINCINNATI MUNICIPAL AIRPORT LUNKEN FIELD, OH US","39.106","-84.41609","144.8","2015-09-15","  54.3","24","100000",,"999.9",,"  80.1"," ","  45.0"," ","  7.0",," 0.00","G","1026.0","20","999.9",,"008.0","24","  62.3","24"
"72429793812","CINCINNATI MUNICIPAL AIRPORT LUNKEN FIELD, OH US","39.106","-84.41609","144.8","2015-09-16","  56.4","24","100000",,"999.9",,"  81.0"," ","  48.9"," ","  8.9",," 0.00","G","1025.6","18","999.9",,"008.1","24","  64.5","24"
"72429793812","CINCINNATI MUNICIPAL AIRPORT LUNKEN FIELD, OH US","39.106","-84.41609","144.8","2015-09-17","  58.0","24","100000",,"999.9",,"  81.0"," ","  52.0"," ","  8.0",," 0.00","G","1021.2","22","999.9",,"003.4","24","  65.9","24"
"72429793812","CINCINNATI MUNICIPAL AIRPORT LUNKEN FIELD, OH US","39.106","-84.41609","144.8","2015-09-18","  60.4","24","100000",," 19.0",,"  84.0"," ","  54.0"," "," 11.1",," 0.00","G","1015.2","18","999.9",,"997.7","24","  66.3","24"
"72429793812","CINCINNATI MUNICIPAL AIRPORT LUNKEN FIELD, OH US","39.106","-84.41609","144.8","2015-09-19","  63.7","22","000000",," 18.1",,"  84.0"," ","  54.0"," "," 14.0",," 0.00","G","1012.0","17","999.9",,"994.8","21","  68.7","22"
"72429793812","CINCINNATI MUNICIPAL AIRPORT LUNKEN FIELD, OH US","39.106","-84.41609","144.8","2015-09-20","  52.3","22","000000",," 15.0",,"  73.0"," ","  50.0"," "," 11.1",," 0.00","G","1020.0","16","999.9",,"001.4","22","  61.6","22"
"72429793812","CINCINNATI MUNICIPAL AIRPORT LUNKEN FIELD, OH US","39.106","-84.41609","144.8","2015-09-21","  52.3","24","100000",,"999.9",,"  77.0"," ","  46.9"," ","  8.9",," 0.00","G","1019.1","21","999.9",,"001.2","24","  61.5","24"
"72429793812","CINCINNATI MUNICIPAL AIRPORT LUNKEN FIELD, OH US","39.106","-84.41609","144.8","2015-09-22","  53.2","23","000000",,"999.9",,"  81.0"," ","  46.9"," ","  7.0",," 0.00","G","1021.2","21","999.9",,"003.2","23","  61.5","23"
"72429793812","CINCINNATI MUNICIPAL AIRPORT LUNKEN FIELD, OH US","39.106","-84.41609","144.8","2015-09-23","  55.5","24","100000",,"999.9",,"  82.0"," ","  46.9"," ","  8.0",," 0.00","G","1023.0","18","999.9",,"005.2","24","  64.9","24"
"72429793812","CINCINNATI MUNICIPAL AIRPORT LUNKEN FIELD, OH US","39.106","-84.41609","144.8","2015-09-24","  54.9","24","100000",,"999.9",,"  82.9"," ","  50.0"," ","  7.0",," 0.00","G","1022.5","21","999.9",,"004.7","24","  64.5","24"
"72429793812","CINCINNATI MUNICIPAL AIRPORT LUNKEN FIELD, OH US","39.106","-84.41609","144.8","2015-09-25","  54.3","24","100000",,"999.9",,"  82.9"," ","  50.0"," ","  8.0",," 0.00","G","1021.6","20","999.9",,"003.5","24","  62.5","24"
"72429793812","CINCINNATI MUNICIPAL AIRPORT LUNKEN FIELD, OH US","39.106","-84.41609","144.8","2015-09-26","  58.8","24","010000",," 18.1",,"  75.0"," ","  50.0"," "," 11.1",," 0.00","G","1022.5","21","999.9",,"004.7","24","  65.9","24"
"72429793812","CINCINNATI MUNICIPAL AIRPORT LUNKEN FIELD, OH US","39.106","-84.41609","144.8","2015-09-27","  61.1","24","000000",," 15.9",,"  80.1"," ","  59.0"," ","  8.9",," 0.00","G","1020.9","23","999.9",,"003.1","24","  69.2","24"
"72429793812","CINCINNATI MUNICIPAL AIRPORT LUNKEN FIELD, OH US","39.106","-84.41609","144.8","2015-09-28","  63.9","24","000000",,"999.9",,"  82.9"," ","  57.9"," ","  6.0",," 0.00","G","1017.5","20","999.9",,"999.9","24","  69.7","24"
"72429793812","CINCINNATI MUNICIPAL AIRPORT LUNKEN FIELD, OH US","39.106","-84.41609","144.8","2015-09-29","  68.5","24","010000",,"999.9",,"  82.9"," ","  57.9"," ","  7.0",," 0.05","G","1013.9","15","999.9",,"995.6","24","  69.4","24"
"72429793812","CINCINNATI MUNICIPAL AIRPORT LUNKEN FIELD, OH US","39.106","-84.41609","144.8","2015-09-30","  58.3","24","010000",," 22.0",,"  71.1"," ","  60.1"," "," 18.1",," 0.67","G","1015.2","19","999.9",,"997.1","24","  63.6","24"
"72429793812","CINCINNATI MUNICIPAL AIRPORT LUNKEN FIELD, OH US","39.106","-84.41609","144.8","2015-10-01","  49.4","24","010000",," 17.1",,"  66.9"," ","  54.0"," "," 14.0",," 0.01","G","1018.6","23","999.9",,"000.7","24","  58.5","24"
"72429793812","CINCINNATI MUNICIPAL AIRPORT LUNKEN FIELD, OH US","39.106","-84.41609","144.8","2015-10-02","  47.3","23","010000",," 22.0",,"  64.0"," ","  50.0"," "," 15.9",," 0.05","G","1019.1","21","999.9",,"001.3","24","  55.3","24"
"72429793812","CINCINNATI MUNICIPAL AIRPORT LUNKEN FIELD, OH US","39.106","-84.41609","144.8","2015-10-03","  46.6","24","010000",," 20.0",,"  51.1"," ","  46.0"," "," 14.0",," 0.47","G","1016.9","16","999.9",,"999.1","24","  48.7","24"
"72429793812","CINCINNATI MUNICIPAL AIRPORT LUNKEN FIELD, OH US","39.106","-84.41609","144.8","2015-10-04","  54.9","24","010000",,"999.9",,"  75.9"," ","  46.0"," ","  9.9",," 0.07","G","1017.4","23","999.9",,"999.4","24","  60.8","24"
"72429793812","CINCINNATI MUNICIPAL AIRPORT LUNKEN FIELD, OH US","39.106","-84.41609","144.8","2015-10-05","  57.6","24","100000",,"999.9",,"  79.0"," ","  50.0"," ","  7.0",," 0.00","G","1018.6","21","999.9",,"000.8","24","  63.5","24"
"72429793812","CINCINNATI MUNICIPAL AIRPORT LUNKEN FIELD, OH US","39.106","-84.41609","144.8","2015-10-06","  56.4","24","100000",,"999.9",,"  79.0"," ","  48.9"," ","  5.1",," 0.00","G","1018.6","20","999.9",,"000.7","24","  62.9","24"
"72429793812","CINCINNATI MUNICIPAL AIRPORT LUNKEN FIELD, OH US","39.106","-84.41609","144.8","2015-10-07","  59.0","24","100000",,"999.9",,"  79.0"," ","  48.9"," ","  5.1",," 0.00","G","1019.0","20","999.9",,"001.0","24","  64.9","24"
"72429793812","CINCINNATI MUNICIPAL AIRPORT LUNKEN FIELD, OH US","39.106","-84.41609","144.8","2015-10-08","  59.3","24","100000",,"999.9",,"  79.0"," ","  53.1"," ","  9.9",," 0.00","G","1018.1","17","999.9",,"000.7","24","  64.2","24"
"72429793812","CINCINNATI MUNICIPAL AIRPORT LUNKEN FIELD, OH US","39.106","-84.41609","144.8","2015-10-09","  59.2","24","100000",," 19.0",,"  79.0"," ","  53.1"," "," 12.0",," 0.00","G","1016.0","21","999.9",,"998.1","24","  64.8","24"
"72429793812","CINCINNATI MUNICIPAL AIRPORT LUNKEN FIELD, OH US","39.106","-84.41609","144.8","2015-10-10","  46.9","24","000000",,"999.9",,"  75.0"," ","  45.0"," ","  9.9",," 0.00","G","1021.0","24","999.9",,"003.0","24","  57.2","24"
"72429793812","CINCINNATI MUNICIPAL AIRPORT LUNKEN FIELD, OH US","39.106","-84.41609","144.8","2015-10-11","  46.8","24","100000",,"999.9",,"  72.0"," ","  42.1"," ","  9.9",," 0.00","G","1015.6","17","999.9",,"998.3","24","  54.2","24"
"72429793812","CINCINNATI MUNICIPAL AIRPORT LUNKEN FIELD, OH US","39.106","-84.41609","144.8","2015-10-12","  50.9","24","110010",," 21.0",,"  79.0"," ","  42.1"," "," 15.9",," 0.00","G","1007.6","16","999.9",,"990.3","24","  58.8","24"
"72429793812","CINCINNATI MUNICIPAL AIRPORT LUNKEN FIELD, OH US","39.106","-84.41609","144.8","2015-10-13","  53.5","24","010000",," 20.0",,"  79.0"," ","  42.1"," "," 13.0",," 0.44","G","1005.3","23","999.9",,"987.4","24","  60.3","24"
"72429793812","CINCINNATI MUNICIPAL AIRPORT LUNKEN FIELD, OH US","39.106","-84.41609","144.8","2015-10-14","  44.5","24","100000",," 17.1",,"  66.9"," ","  39.9"," "," 11.1",," 0.00","G","1013.4","20","999.9",,"995.4","24","  54.2","24"
"72429793812","CINCINNATI MUNICIPAL AIRPORT LUNKEN FIELD, OH US","39.106","-84.41609","144.8","2015-10-15","  41.4","24","100000",,"999.9",,"  69.1"," ","  37.9"," "," 12.0",," 0.00","G","1018.5","20","999.9",,"000.7","24","  52.3","24"
"72429793812","CINCINNATI MUNICIPAL AIRPORT LUNKEN FIELD, OH US","39.106","-84.41609","144.8","2015-10-16","  36.9","24","000000",," 22.9",,"  69.1"," ","  37.9"," "," 13.0",," 0.00","G","1021.5","24","999.9",,"003.5","24","  55.5","24"
"72429793812","CINCINNATI MUNICIPAL AIRPORT LUNKEN FIELD, OH US","39.106","-84.41609","144.8","2015-10-17","  32.5","24","000000",," 14.0",,"  63.0"," ","  30.9"," "," 11.1",," 0.00","G","1027.5","23","999.9",,"009.2","24","  44.9","24"
"72429793812","CINCINNATI MUNICIPAL AIRPORT LUNKEN FIELD, OH US","39.106","-84.41609","144.8","2015-10-18","  31.0","24","100000",," 14.0",,"  59.0"," ","  28.0"," ","  9.9",," 0.00","G","1031.7","21","999.9",,"013.4","24","  41.5","24"
"72429793812","CINCINNATI MUNICIPAL AIRPORT LUNKEN FIELD, OH US","39.106","-84.41609","144.8","2015-10-19","  34.0","24","100000",," 17.1",,"  64.9"," ","  28.0"," ","  9.9",," 0.00","G","1029.6","22","999.9",,"011.4","24","  45.0","24"
"72429793812","CINCINNATI MUNICIPAL AIRPORT LUNKEN FIELD, OH US","39.106","-84.41609","144.8","2015-10-20","  40.7","24","000000",," 22.9",,"  70.0"," ","  30.0"," ","  9.9",," 0.00","G","1025.8","24","999.9",,"007.5","24","  51.7","24"
"72429793812","CINCINNATI MUNICIPAL AIRPORT LUNKEN FIELD, OH US","39.106","-84.41609","144.8","2015-10-21","  44.8","24","100000",,"999.9",,"  73.9"," ","  36.0"," "," 12.0",," 0.00","G","1025.4","23","999.9",,"007.3","24","  53.6","24"
"72429793812","CINCINNATI MUNICIPAL AIRPORT LUNKEN FIELD, OH US","39.106","-84.41609","144.8","2015-10-22","  53.2","24","100000",,"999.9",,"  79.0"," ","  37.9"," ","  8.0",," 0.00","G","1023.7","21","999.9",,"005.7","24","  60.1","24"
"72429793812","CINCINNATI MUNICIPAL AIRPORT LUNKEN FIELD, OH US","39.106","-84.41609","144.8","2015-10-23","  55.7","24","100000",,"999.9",,"  79.0"," ","  46.0"," ","  7.0",," 0.00","G","1022.3","18","999.9",,"004.6","24","  61.2","24"
"72429793812","CINCINNATI MUNICIPAL AIRPORT LUNKEN FIELD, OH US","39.106","-84.41609","144.8","2015-10-24","  61.0","24","010000",," 22.9",,"  75.9"," ","  48.0"," "," 15.9",," 0.03","G","1017.1","23","999.9",,"999.2","24","  63.2","24"
"72429793812","CINCINNATI MUNICIPAL AIRPORT LUNKEN FIELD, OH US","39.106","-84.41609","144.8","2015-10-25","  49.2","24","010000",," 22.0",,"  71.1"," ","  50.0"," "," 13.0",," 0.14","G","1023.7","18","999.9",,"004.5","24","  58.4","24"
"72429793812","CINCINNATI MUNICIPAL AIRPORT LUNKEN FIELD, OH US","39.106","-84.41609","144.8","2015-10-26","  38.6","24","000000",," 15.9",,"  64.9"," ","  36.0"," "," 12.0",," 0.00","G","1027.4","24","999.9",,"009.2","24","  49.4","24"
"72429793812","CINCINNATI MUNICIPAL AIRPORT LUNKEN FIELD, OH US","39.106","-84.41609","144.8","2015-10-27","  46.2","24","010000",,"999.9",,"  64.9"," ","  36.0"," ","  8.0",," 0.10","G","1024.0","19","999.9",,"005.1","24","  53.1","24"
"72429793812","CINCINNATI MUNICIPAL AIRPORT LUNKEN FIELD, OH US","39.106","-84.41609","144.8","2015-10-28","  57.3","21","010000",," 25.1",,"  68.0"," ","  48.0"," "," 15.9",," 2.35","G","1004.3","18","999.9",,"987.7","24","  59.3","24"
"72429793812","CINCINNATI MUNICIPAL AIRPORT LUNKEN FIELD, OH US","39.106","-84.41609","144.8","2015-10-29","  39.9","24","010000",," 26.0",,"  68.0"," ","  39.9"," "," 19.0",," 0.14","G","1007.8","24","999.9",,"990.0","24","  52.5","24"
"72429793812","CINCINNATI MUNICIPAL AIRPORT LUNKEN FIELD, OH US","39.106","-84.41609","144.8","2015-10-30","  37.9","24","000000",,"999.9",,"  57.9"," ","  39.9"," ","  7.0",," 0.00","G","1019.5","24","999.9",,"001.4","24","  47.6","24"
"72429793812","CINCINNATI MUNICIPAL AIRPORT LUNKEN FIELD, OH US","39.106","-84.41609","144.8","2015-10-31","  40.8","24","010000",,"999.9",,"  59.0"," ","  39.9"," ","  8.9",," 0.00","G","1017.9","24","999.9",,"999.7","24","  48.6","24"
"72429793812","CINCINNATI MUNICIPAL AIRPORT LUNKEN FIELD, OH US","39.106","-84.41609","144.8","2015-11-01","  53.6","24","010000",,"999.9",,"  66.0"," ","  39.9"," ","  8.0",," 0.19","G","1014.4","21","999.9",,"996.4","24","  57.6","24"
"72429793812","CINCINNATI MUNICIPAL AIRPORT LUNKEN FIELD, OH US","39.106","-84.41609","144.8","2015-11-02","  48.3","24","100000",,"999.9",,"  70.0"," ","  43.0"," ","  5.1",," 0.05","G","1018.0","19","999.9",,"000.1","24","  53.3","24"
"72429793812","CINCINNATI MUNICIPAL AIRPORT LUNKEN FIELD, OH US","39.106","-84.41609","144.8","2015-11-03","  48.4","24","100000",,"999.9",,"  77.0"," ","  39.0"," ","  5.1",," 0.00","G","1020.3","17","999.9",,"002.0","24","  53.5","24"
"72429793812","CINCINNATI MUNICIPAL AIRPORT LUNKEN FIELD, OH US","39.106","-84.41609","144.8","2015-11-04","  55.1","24","100000",,"999.9",,"  77.0"," ","  39.0"," ","  4.1",," 0.00","G","1022.1","18","999.9",,"004.0","24","  57.8","24"
"72429793812","CINCINNATI MUNICIPAL AIRPORT LUNKEN FIELD, OH US","39.106","-84.41609","144.8","2015-11-05","  58.6","24","100000",,"999.9",,"  75.0"," ","  46.9"," ","  9.9",," 0.00","G","1020.7","20","999.9",,"002.9","24","  63.2","24"
"72429793812","CINCINNATI MUNICIPAL AIRPORT LUNKEN FIELD, OH US","39.106","-84.41609","144.8","2015-11-06","  59.5","24","010000",," 33.0",,"  75.0"," ","  52.0"," "," 15.9",," 1.20","G","1015.8","19","999.9",,"997.8","24","  65.6","24"
"72429793812","CINCINNATI MUNICIPAL AIRPORT LUNKEN FIELD, OH US","39.106","-84.41609","144.8","2015-11-07","  39.0","24","000000",," 15.9",,"  70.0"," ","  45.0"," ","  9.9",," 1.19","G","1024.4","24","999.9",,"006.3","24","  51.6","24"
"72429793812","CINCINNATI MUNICIPAL AIRPORT LUNKEN FIELD, OH US","39.106","-84.41609","144.8","2015-11-08","  32.9","24","101000",,"999.9",,"  55.9"," ","  30.9"," ","  9.9",," 0.00","G","1029.9","21","999.9",,"011.7","24","  42.5","24"
"72429793812","CINCINNATI MUNICIPAL AIRPORT LUNKEN FIELD, OH US","39.106","-84.41609","144.8","2015-11-09","  33.0","24","010000",,"999.9",,"  55.9"," ","  28.0"," ","  7.0",," 0.00","G","1025.2","22","999.9",,"006.9","24","  40.5","24"
"72429793812","CINCINNATI MUNICIPAL AIRPORT LUNKEN FIELD, OH US","39.106","-84.41609","144.8","2015-11-10","  43.8","24","010000",,"999.9",,"  55.9"," ","  28.0"," ","  8.0",," 0.07","G","1019.6","18","999.9",,"001.4","24","  47.7","24"
"72429793812","CINCINNATI MUNICIPAL AIRPORT LUNKEN FIELD, OH US","39.106","-84.41609","144.8","2015-11-11","  39.3","24","101000",,"999.9",,"  61.0"," ","  34.0"," ","  7.0",," 0.01","G","1017.7","22","999.9",,"999.7","24","  44.0","24"
"72429793812","CINCINNATI MUNICIPAL AIRPORT LUNKEN FIELD, OH US","39.106","-84.41609","144.8","2015-11-12","  45.0","24","010000",," 41.0",,"  59.0","*","  50.0","*"," 25.1",," 0.30","G","1008.0","19","999.9",,"989.3","24","  53.5","24"
"72429793812","CINCINNATI MUNICIPAL AIRPORT LUNKEN FIELD, OH US","39.106","-84.41609","144.8","2015-11-13","  28.4","24","010000",," 28.9",,"  60.1"," ","  42.1"," "," 19.0",," 0.19","G","1018.0","24","999.9",,"000.0","24","  47.7","24"
"72429793812","CINCINNATI MUNICIPAL AIRPORT LUNKEN FIELD, OH US","39.106","-84.41609","144.8","2015-11-14","  25.2","24","000000",,"999.9",,"  54.0"," ","  26.1"," ","  7.0",," 0.00","G","1027.7","24","999.9",,"009.3","24","  40.6","24"
"72429793812","CINCINNATI MUNICIPAL AIRPORT LUNKEN FIELD, OH US","39.106","-84.41609","144.8","2015-11-15","  33.5","24","000000",,"999.9",,"  64.0"," ","  26.1"," ","  8.9",," 0.00","G","1029.3","24","999.9",,"010.8","24","  43.1","24"
"72429793812","CINCINNATI MUNICIPAL AIRPORT LUNKEN FIELD, OH US","39.106","-84.41609","144.8","2015-11-16","  34.9","24","110000",,"999.9",,"  64.0"," ","  28.9"," ","  8.9",," 0.00","G","1026.0","23","999.9",,"007.7","24","  43.3","24"
"72429793812","CINCINNATI MUNICIPAL AIRPORT LUNKEN FIELD, OH US","39.106","-84.41609","144.8","2015-11-17","  44.6","24","010000",,"999.9",,"  61.0","*","  46.0","*","  6.0",," 0.00","G","1021.4","24","999.9",,"003.3","24","  52.1","24"
"72429793812","CINCINNATI MUNICIPAL AIRPORT LUNKEN FIELD, OH US","39.106","-84.41609","144.8","2015-11-18","  45.7","22","010000",," 22.0",,"  66.0"," ","  45.0"," "," 15.9",," 0.02","G","1012.6","23","999.9",,"994.7","24","  61.4","24"
"72429793812","CINCINNATI MUNICIPAL AIRPORT LUNKEN FIELD, OH US","39.106","-84.41609","144.8","2015-11-19","  46.1","24","010000",," 22.9",,"  66.0"," ","  46.0"," "," 15.9",," 0.66","G","1014.6","23","999.9",,"996.8","24","  54.4","24"
"72429793812","CINCINNATI MUNICIPAL AIRPORT LUNKEN FIELD, OH US","39.106","-84.41609","144.8","2015-11-20","  23.7","24","000000",,"999.9",,"  59.0"," ","  27.0"," ","  8.9",," 0.00","G","1026.7","24","999.9",,"008.3","24","  40.7","24"
"72429793812","CINCINNATI MUNICIPAL AIRPORT LUNKEN FIELD, OH US","39.106","-84.41609","144.8","2015-11-21","  29.4","21","010000",," 28.0",,"  52.0"," ","  27.0"," "," 19.0",," 0.00","G","1017.3","24","999.9",,"999.0","24","  40.9","24"
"72429793812","CINCINNATI MUNICIPAL AIRPORT LUNKEN FIELD, OH US","39.106","-84.41609","144.8","2015-11-22","  24.1","24","000000",," 28.0",,"  51.1"," ","  27.0"," "," 21.0",," 0.07","G","1023.1","17","999.9",,"003.9","24","  33.3","24"
"72429793812","CINCINNATI MUNICIPAL AIRPORT LUNKEN FIELD, OH US","39.106","-84.41609","144.8","2015-11-23","  20.5","24","000000",," 21.0",,"  46.9"," ","  19.0"," "," 17.1",," 0.00","G","1023.3","24","999.9",,"004.7","24","  31.1","24"
"72429793812","CINCINNATI MUNICIPAL AIRPORT LUNKEN FIELD, OH US","39.106","-84.41609","144.8","2015-11-24","  30.0","24","000000",,"999.9",,"  55.9"," ","  19.0"," ","  7.0",," 0.00","G","1027.0","24","999.9",,"008.5","24","  36.9","24"
"72429793812","CINCINNATI MUNICIPAL AIRPORT LUNKEN FIELD, OH US","39.106","-84.41609","144.8","2015-11-25","  31.8","24","100000",,"999.9",,"  60.1"," ","  24.1"," "," 12.0",," 0.00","G","1030.2","20","999.9",,"011.8","24","  40.7","24"
"72429793812","CINCINNATI MUNICIPAL AIRPORT LUNKEN FIELD, OH US","39.106","-84.41609","144.8","2015-11-26","  38.3","24","000000",," 18.1",,"  66.0"," ","  28.0"," "," 12.0",," 0.00","G","1032.7","24","999.9",,"014.2","24","  48.0","24"
"72429793812","CINCINNATI MUNICIPAL AIRPORT LUNKEN FIELD, OH US","39.106","-84.41609","144.8","2015-11-27","  46.3","24","010000",," 21.0",,"  66.0"," ","  35.1"," "," 13.0",," 0.00","G","1028.8","24","999.9",,"010.6","24","  55.1","24"
"72429793812","CINCINNATI MUNICIPAL AIRPORT LUNKEN FIELD, OH US","39.106","-84.41609","144.8","2015-11-28","  49.9","24","010000",,"999.9",,"  64.0"," ","  44.1"," ","  8.9",," 0.08","G","1024.2","15","999.9",,"005.9","24","  50.5","24"
"72429793812","CINCINNATI MUNICIPAL AIRPORT LUNKEN FIELD, OH US","39.106","-84.41609","144.8","2015-11-29","  39.8","24","010000",,"999.9",,"  54.0"," ","  39.9"," ","  9.9",," 0.64","G","1024.7","17","999.9",,"006.3","24","  42.5","24"
"72429793812","CINCINNATI MUNICIPAL AIRPORT LUNKEN FIELD, OH US","39.106","-84.41609","144.8","2015-11-30","  37.1","24","000000",,"999.9",,"  46.9"," ","  37.9"," ","  8.0",," 0.18","G","1021.2","21","999.9",,"002.5","24","  41.8","24"
"72429793812","CINCINNATI MUNICIPAL AIRPORT LUNKEN FIELD, OH US","39.106","-84.41609","144.8","2015-12-01","  48.9","24","010000",,"999.9",,"  55.9"," ","  37.9"," ","  8.9",," 0.40","G","1013.5","14","999.9",,"995.4","24","  50.1","24"
"72429793812","CINCINNATI MUNICIPAL AIRPORT LUNKEN FIELD, OH US","39.106","-84.41609","144.8","2015-12-02","  38.0","24","110000",," 22.0",,"  55.9"," ","  37.0"," "," 15.0",," 0.06","G","1012.2","13","999.9",,"993.9","24","  41.3","24"
"72429793812","CINCINNATI MUNICIPAL AIRPORT LUNKEN FIELD, OH US","39.106","-84.41609","144.8","2015-12-03","  29.9","24","011000",," 21.0",,"  50.0"," ","  30.9"," "," 14.0",," 0.04","G","1024.4","20","999.9",,"005.2","24","  36.2","24"
"72429793812","CINCINNATI MUNICIPAL AIRPORT LUNKEN FIELD, OH US","39.106","-84.41609","144.8","2015-12-04","  29.6","24","100000",,"999.9",,"  41.0","*","  24.8","*","  7.0",," 0.00","G","1035.4","20","999.9",,"016.5","24","  31.5","24"
"72429793812","CINCINNATI MUNICIPAL AIRPORT LUNKEN FIELD, OH US","39.106","-84.41609","144.8","2015-12-05","  30.6","24","100000",,"999.9",,"  44.1"," ","  25.0"," ","  5.1",," 0.00","G","1039.1","20","999.9",,"020.4","24","  32.0","24"
"72429793812","CINCINNATI MUNICIPAL AIRPORT LUNKEN FIELD, OH US","39.106","-84.41609","144.8","2015-12-06","  29.9","24","100000",,"999.9",,"  54.0"," ","  25.0"," ","  8.0",," 0.00","G","1031.2","18","999.9",,"013.6","24","  35.1","24"
"72429793812","CINCINNATI MUNICIPAL AIRPORT LUNKEN FIELD, OH US","39.106","-84.41609","144.8","2015-12-07","  37.9","24","010000",,"999.9",,"  54.0"," ","  26.1"," ","  7.0",," 0.05","G","1023.9","22","999.9",,"005.4","24","  41.6","24"
"72429793812","CINCINNATI MUNICIPAL AIRPORT LUNKEN FIELD, OH US","39.106","-84.41609","144.8","2015-12-08","  39.0","24","000000",," 15.9",,"  55.9"," ","  34.0"," "," 11.1",," 0.04","G","1019.3","21","999.9",,"001.3","24","  46.2","24"
"72429793812","CINCINNATI MUNICIPAL AIRPORT LUNKEN FIELD, OH US","39.106","-84.41609","144.8","2015-12-09","  38.2","24","000000",,"999.9",,"  55.9"," ","  32.0"," "," 15.0",," 0.00","G","1012.6","22","999.9",,"994.4","24","  44.2","24"
"72429793812","CINCINNATI MUNICIPAL AIRPORT LUNKEN FIELD, OH US","39.106","-84.41609","144.8","2015-12-10","  42.1","24","100000",," 19.0",,"  55.9"," ","  32.0"," "," 13.0",," 0.00","G","1012.2","16","999.9",,"994.6","24","  44.7","24"
"72429793812","CINCINNATI MUNICIPAL AIRPORT LUNKEN FIELD, OH US","39.106","-84.41609","144.8","2015-12-11","  51.3","24","000000",,"999.9",,"  63.0","*","  48.9","*"," 11.1",," 0.00","G","1011.1","20","999.9",,"993.5","24","  55.4","24"
"72429793812","CINCINNATI MUNICIPAL AIRPORT LUNKEN FIELD, OH US","39.106","-84.41609","144.8","2015-12-12","  57.5","24","000000",," 22.0",,"  71.1"," ","  51.1"," "," 15.0",," 0.00","G","1016.5","23","999.9",,"998.8","24","  62.8","24"
"72429793812","CINCINNATI MUNICIPAL AIRPORT LUNKEN FIELD, OH US","39.106","-84.41609","144.8","2015-12-13","  53.6","24","100000",,"999.9",,"  71.1"," ","  48.9"," ","  7.0",," 0.00","G","1017.4","22","999.9",,"999.6","24","  57.6","24"
"72429793812","CINCINNATI MUNICIPAL AIRPORT LUNKEN FIELD, OH US","39.106","-84.41609","144.8","2015-12-14","  49.6","23","010000",," 28.9",,"  66.0"," ","  48.9"," "," 20.0",," 0.05","G","1002.8","21","999.9",,"984.9","24","  58.3","24"
"72429793812","CINCINNATI MUNICIPAL AIRPORT LUNKEN FIELD, OH US","39.106","-84.41609","144.8","2015-12-15","  39.9","24","010000",," 31.1",,"  66.0"," ","  44.1"," "," 19.0",," 0.25","G","1010.5","22","999.9",,"992.5","24","  46.7","24"
"72429793812","CINCINNATI MUNICIPAL AIRPORT LUNKEN FIELD, OH US","39.106","-84.41609","144.8","2015-12-16","  38.8","24","100000",," 18.1",,"  62.1"," ","  30.0"," ","  9.9",," 0.00","G","1012.2","17","999.9",,"994.7","24","  43.9","24"
"72429793812","CINCINNATI MUNICIPAL AIRPORT LUNKEN FIELD, OH US","39.106","-84.41609","144.8","2015-12-17","  35.1","24","010000",," 22.9",,"  62.1"," ","  30.0"," "," 13.0",," 0.00","G","1010.7","21","999.9",,"992.8","24","  45.7","24"
"72429793812","CINCINNATI MUNICIPAL AIRPORT LUNKEN FIELD, OH US","39.106","-84.41609","144.8","2015-12-18","  20.9","24","000000",," 28.0",,"  36.0","*","  28.0","*"," 22.0",," 0.00","G","1017.9","24","999.9",,"999.5","24","  33.0","24"
"72429793812","CINCINNATI MUNICIPAL AIRPORT LUNKEN FIELD, OH US","39.106","-84.41609","144.8","2015-12-19","  15.5","24","000000",," 19.0",,"  37.0"," ","  26.1"," "," 14.0",," 0.00","G","1027.6","24","999.9",,"008.9","24","  30.8","24"
"72429793812","CINCINNATI MUNICIPAL AIRPORT LUNKEN FIELD, OH US","39.106","-84.41609","144.8","2015-12-20","  22.1","24","000000",,"999.9",,"  48.0"," ","  21.0"," ","  9.9",," 0.00","G","1031.0","24","999.9",,"012.3","24","  31.7","24"
"72429793812","CINCINNATI MUNICIPAL AIRPORT LUNKEN FIELD, OH US","39.106","-84.41609","144.8","2015-12-21","  36.3","24","010000",," 20.0",,"  53.1","*","  42.1","*"," 14.0",," 0.05","G","1018.9","20","999.9",,"000.2","24","  47.4","24"
"72429793812","CINCINNATI MUNICIPAL AIRPORT LUNKEN FIELD, OH US","39.106","-84.41609","144.8","2015-12-22","  52.8","24","110000",,"999.9",,"  61.0"," ","  42.1"," "," 12.0",," 0.70","G","1012.1","16","999.9",,"993.5","24","  55.7","24"
"72429793812","CINCINNATI MUNICIPAL AIRPORT LUNKEN FIELD, OH US","39.106","-84.41609","144.8","2015-12-23","  54.2","24","010000",," 24.1",,"  66.0"," ","  42.1"," "," 15.0",," 0.02","G","1007.4","17","999.9",,"989.1","24","  56.4","24"
"72429793812","CINCINNATI MUNICIPAL AIRPORT LUNKEN FIELD, OH US","39.106","-84.41609","144.8","2015-12-24","  47.2","24","010010",," 19.0",,"  66.0"," ","  42.1"," "," 12.0",," 1.10","G","1011.8","22","999.9",,"993.0","24","  53.4","24"
"72429793812","CINCINNATI MUNICIPAL AIRPORT LUNKEN FIELD, OH US","39.106","-84.41609","144.8","2015-12-25","  44.7","24","010000",,"999.9",,"  61.0"," ","  42.1"," ","  7.0",," 0.00","G","1020.6","24","999.9",,"002.5","24","  48.3","24"
"72429793812","CINCINNATI MUNICIPAL AIRPORT LUNKEN FIELD, OH US","39.106","-84.41609","144.8","2015-12-26","  45.9","24","010000",,"999.9",,"  60.1"," ","  45.0"," ","  8.9",," 0.08","G","1023.2","22","999.9",,"004.9","24","  49.2","24"
"72429793812","CINCINNATI MUNICIPAL AIRPORT LUNKEN FIELD, OH US","39.106","-84.41609","144.8","2015-12-27","  55.6","24","110000",," 22.9",,"  68.0"," ","  42.1"," "," 15.0",," 0.41","G","1016.3","15","999.9",,"998.3","24","  56.7","24"
"72429793812","CINCINNATI MUNICIPAL AIRPORT LUNKEN FIELD, OH US","39.106","-84.41609","144.8","2015-12-28","  37.7","24","010000",," 24.1",,"  48.9","*","  37.9","*"," 15.9",," 1.71","G","1017.3","22","999.9",,"999.5","24","  40.9","24"
"72429793812","CINCINNATI MUNICIPAL AIRPORT LUNKEN FIELD, OH US","39.106","-84.41609","144.8","2015-12-29","  41.8","24","010000",," 25.1",,"  57.0"," ","  37.9"," "," 15.9",," 0.86","G","1013.3","20","999.9",,"994.0","24","  47.9","24"
"72429793812","CINCINNATI MUNICIPAL AIRPORT LUNKEN FIELD, OH US","39.106","-84.41609","144.8","2015-12-30","  35.3","24","000000",,"999.9",,"  55.9"," ","  39.9"," ","  8.9",," 0.00","G","1022.8","22","999.9",,"004.4","24","  40.7","24"
"72429793812","CINCINNATI MUNICIPAL AIRPORT LUNKEN FIELD, OH US","39.106","-84.41609","144.8","2015-12-31","  28.7","24","000000",,"999.9",,"  43.0"," ","  32.0"," ","  8.9",," 0.00","G","1026.2","24","999.9",,"007.7","24","  35.1","24"
"72429793812","CINCINNATI MUNICIPAL AIRPORT LUNKEN FIELD, OH US","39.106","-84.41609","144.8","2016-01-01","  23.6","24","000000",," 19.0",,"  39.9"," ","  28.0"," "," 15.0",," 0.00","G","1026.6","22","999.9",,"008.0","24","  32.7","24"
"72429793812","CINCINNATI MUNICIPAL AIRPORT LUNKEN FIELD, OH US","39.106","-84.41609","144.8","2016-01-02","  24.0","24","000000",,"999.9",,"  43.0"," ","  25.0"," "," 12.0",," 0.00","G","1023.6","24","999.9",,"005.0","24","  32.6","24"
"72429793812","CINCINNATI MUNICIPAL AIRPORT LUNKEN FIELD, OH US","39.106","-84.41609","144.8","2016-01-03","  25.5","24","000000",," 15.9",,"  43.0"," ","  25.0"," "," 11.1",," 0.00","G","1018.7","23","999.9",,"000.4","24","  32.6","24"
"72429793812","CINCINNATI MUNICIPAL AIRPORT LUNKEN FIELD, OH US","39.106","-84.41609","144.8","2016-01-04","  22.5","24","001000",,"999.9",,"  37.0"," ","  26.1"," "," 11.1",," 0.00","G","1026.6","18","999.9",,"007.8","24","  32.0","24"
"72429793812","CINCINNATI MUNICIPAL AIRPORT LUNKEN FIELD, OH US","39.106","-84.41609","144.8","2016-01-05","  13.9","24","000000",,"999.9",,"  36.0"," ","  16.0"," ","  8.9",," 0.00","G","1036.4","24","999.9",,"017.5","24","  24.5","24"
"72429793812","CINCINNATI MUNICIPAL AIRPORT LUNKEN FIELD, OH US","39.106","-84.41609","144.8","2016-01-06","  17.2","24","000000",,"999.9",,"  44.1"," ","  16.0"," ","  8.0",," 0.00","G","1031.5","24","999.9",,"012.6","24","  26.7","24"
"72429793812","CINCINNATI MUNICIPAL AIRPORT LUNKEN FIELD, OH US","39.106","-84.41609","144.8","2016-01-07","  23.2","24","000000",,"999.9",,"  50.0"," ","  17.1"," ","  4.1",," 0.00","G","1023.9","24","999.9",,"005.3","24","  29.7","24"
"72429793812","CINCINNATI MUNICIPAL AIRPORT LUNKEN FIELD, OH US","39.106","-84.41609","144.8","2016-01-08","  38.1","24","010000",,"999.9",,"  50.0"," ","  19.0"," ","  6.0",," 0.09","G","1015.6","19","999.9",,"996.9","24","  38.8","24"
"72429793812","CINCINNATI MUNICIPAL AIRPORT LUNKEN FIELD, OH US","39.106","-84.41609","144.8","2016-01-09","  46.2","24","100000",,"999.9",,"  53.1"," ","  32.0"," ","  8.9",," 0.24","G","1010.8","16","999.9",,"993.7","24","  47.8","24"
"72429793812","CINCINNATI MUNICIPAL AIRPORT LUNKEN FIELD, OH US","39.106","-84.41609","144.8","2016-01-10","  32.6","24","111000",," 32.1",,"  53.1"," ","  19.0"," "," 22.0",," 0.50","G","1007.4","20","999.9",,"988.7","24","  35.5","24"
"72429793812","CINCINNATI MUNICIPAL AIRPORT LUNKEN FIELD, OH US","39.106","-84.41609","144.8","2016-01-11","   9.2","24","001000",," 24.1",,"  24.1","*","  10.0","*"," 17.1",," 0.07","G","1022.5","20","999.9",,"003.8","24","  15.3","24"
"72429793812","CINCINNATI MUNICIPAL AIRPORT LUNKEN FIELD, OH US","39.106","-84.41609","144.8","2016-01-12","  18.8","24","001000",," 33.0",,"  34.0"," ","   9.0"," "," 19.0",," 0.00","G","1015.4","18","999.9",,"995.5","24","  27.9","24"
"72429793812","CINCINNATI MUNICIPAL AIRPORT LUNKEN FIELD, OH US","39.106","-84.41609","144.8","2016-01-13","   6.0","24","000000",,"999.9",,"  34.0"," ","   7.0"," ","  9.9",," 0.01","G","1024.3","24","999.9",,"005.4","23","  15.2","24"
"72429793812","CINCINNATI MUNICIPAL AIRPORT LUNKEN FIELD, OH US","39.106","-84.41609","144.8","2016-01-14","  23.8","24","000000",,"999.9",,"  54.0"," ","   7.0"," "," 15.9",," 0.00","G","1014.3","24","999.9",,"995.8","24","  33.4","24"
"72429793812","CINCINNATI MUNICIPAL AIRPORT LUNKEN FIELD, OH US","39.106","-84.41609","144.8","2016-01-15","  31.4","24","010000",," 20.0",,"  54.0"," ","  19.0"," "," 13.0",," 0.00","G","1005.6","22","999.9",,"987.0","24","  40.4","24"
"72429793812","CINCINNATI MUNICIPAL AIRPORT LUNKEN FIELD, OH US","39.106","-84.41609","144.8","2016-01-16","  31.4","24","000000",," 22.0",,"  50.0"," ","  30.0"," "," 14.0",," 0.10","G","1008.9","14","999.9",,"990.1","24","  35.0","24"
"72429793812","CINCINNATI MUNICIPAL AIRPORT LUNKEN FIELD, OH US","39.106","-84.41609","144.8","2016-01-17","  19.8","24","001000",," 27.0",,"  37.9"," ","  16.0"," "," 17.1",," 0.00","G","1015.8","17","999.9",,"997.4","24","  27.8","24"
"72429793812","CINCINNATI MUNICIPAL AIRPORT LUNKEN FIELD, OH US","39.106","-84.41609","144.8","2016-01-18","  -1.6","24","000000",," 21.0",,"  15.1","*","   6.1","*"," 13.0",," 0.00","G","1026.4","24","999.9",,"007.4","24","  10.2","24"
"72429793812","CINCINNATI MUNICIPAL AIRPORT LUNKEN FIELD, OH US","39.106","-84.41609","144.8","2016-01-19","   0.5","24","001000",,"999.9",,"  21.9"," ","   6.1"," ","  9.9",," 0.00","G","1033.0","22","999.9",,"013.7","24","  13.2","24"
"72429793812","CINCINNATI MUNICIPAL AIRPORT LUNKEN FIELD, OH US","39.106","-84.41609","144.8","2016-01-20","  11.9","24","001000",,"999.9",,"  21.9"," ","   9.0"," ","  7.0",," 0.04","G","1027.7","20","999.9",,"008.5","24","  17.9","24"
"72429793812","CINCINNATI MUNICIPAL AIRPORT LUNKEN FIELD, OH US","39.106","-84.41609","144.8","2016-01-21","  14.0","24","000000",,"999.9",,"  28.9"," ","  15.1"," ","  8.0",," 0.05","G","1028.4","24","999.9",,"009.5","24","  21.5","24"
"72429793812","CINCINNATI MUNICIPAL AIRPORT LUNKEN FIELD, OH US","39.106","-84.41609","144.8","2016-01-22","  16.4","24","001000",," 28.9",,"  28.9"," ","  16.0"," "," 15.9",," 0.00","G","1020.9","23","999.9",,"002.0","24","  24.1","24"
"72429793812","CINCINNATI MUNICIPAL AIRPORT LUNKEN FIELD, OH US","39.106","-84.41609","144.8","2016-01-23","  17.3","24","001000",," 22.9",,"  32.0"," ","  19.9"," "," 17.1",," 0.00","G","1018.4","17","999.9",,"999.4","24","  25.9","24"
"72429793812","CINCINNATI MUNICIPAL AIRPORT LUNKEN FIELD, OH US","39.106","-84.41609","144.8","2016-01-24","  15.6","24","000000",,"999.9",,"  37.0"," ","  10.0"," ","  9.9",," 0.00","G","1022.0","24","999.9",,"003.2","24","  22.5","24"
"72429793812","CINCINNATI MUNICIPAL AIRPORT LUNKEN FIELD, OH US","39.106","-84.41609","144.8","2016-01-25","  23.1","24","000000",," 20.0",,"  48.9"," ","  10.0"," "," 13.0",," 0.00","G","1018.7","23","999.9",,"000.1","24","  33.0","24"
"72429793812","CINCINNATI MUNICIPAL AIRPORT LUNKEN FIELD, OH US","39.106","-84.41609","144.8","2016-01-26","  33.4","24","010000",," 24.1",,"  50.0"," ","  21.0"," "," 17.1",," 0.00","G","1016.9","21","999.9",,"998.2","24","  42.2","24"
"72429793812","CINCINNATI MUNICIPAL AIRPORT LUNKEN FIELD, OH US","39.106","-84.41609","144.8","2016-01-27","  20.2","24","000000",," 15.0",,"  34.0","*","  26.1","*"," 11.1",," 0.00","G","1025.4","20","999.9",,"007.0","24","  30.1","24"
"72429793812","CINCINNATI MUNICIPAL AIRPORT LUNKEN FIELD, OH US","39.106","-84.41609","144.8","2016-01-28","  23.6","24","000000",," 18.1",,"  48.0"," ","  19.0"," "," 15.0",," 0.00","G","1013.6","24","999.9",,"995.2","24","  32.3","24"
"72429793812","CINCINNATI MUNICIPAL AIRPORT LUNKEN FIELD, OH US","39.106","-84.41609","144.8","2016-01-29","  24.2","24","010000",," 21.0",,"  48.0"," ","  19.0"," "," 14.0",," 0.00","G","1013.1","21","999.9",,"994.3","24","  36.9","24"
"72429793812","CINCINNATI MUNICIPAL AIRPORT LUNKEN FIELD, OH US","39.106","-84.41609","144.8","2016-01-30","  27.5","24","000000",," 26.0",,"  64.0"," ","  25.0"," "," 17.1",," 0.00","G","1012.4","24","999.9",,"994.1","24","  40.3","24"
"72429793812","CINCINNATI MUNICIPAL AIRPORT LUNKEN FIELD, OH US","39.106","-84.41609","144.8","2016-01-31","  40.8","24","000000",," 26.0",,"  64.9"," ","  26.1"," "," 18.1",," 0.00","G","1008.3","24","999.9",,"990.3","24","  51.2","24"
"72429793812","CINCINNATI MUNICIPAL AIRPORT LUNKEN FIELD, OH US","39.106","-84.41609","144.8","2016-02-01","  38.9","24","010000",," 15.0",,"  64.9"," ","  37.0"," "," 14.0",," 0.00","G","1013.3","23","999.9",,"995.5","24","  49.6","24"
"72429793812","CINCINNATI MUNICIPAL AIRPORT LUNKEN FIELD, OH US","39.106","-84.41609","144.8","2016-02-02","  35.8","24","010000",," 15.0",,"  61.0"," ","  26.1"," ","  9.9",," 0.00","G","1016.9","23","999.9",,"998.6","24","  40.3","24"
"72429793812","CINCINNATI MUNICIPAL AIRPORT LUNKEN FIELD, OH US","39.106","-84.41609","144.8","2016-02-03","  46.3","24","010000",," 29.9",,"  60.1","*","  43.0","*"," 22.0",," 1.48","G","1006.6","17","999.9",,"988.2","24","  56.2","24"
"72429793812","CINCINNATI MUNICIPAL AIRPORT LUNKEN FIELD, OH US","39.106","-84.41609","144.8","2016-02-04","  24.4","24","000000",," 22.9",,"  41.0","*","  30.9","*"," 17.1",," 0.78","G","1022.4","20","999.9",,"004.0","24","  34.7","24"
"72429793812","CINCINNATI MUNICIPAL AIRPORT LUNKEN FIELD, OH US","39.106","-84.41609","144.8","2016-02-05","  19.1","24","000000",,"999.9",,"  43.0"," ","  19.0"," "," 11.1",," 0.00","G","1029.8","24","999.9",,"011.1","24","  29.8","24"
"72429793812","CINCINNATI MUNICIPAL AIRPORT LUNKEN FIELD, OH US","39.106","-84.41609","144.8","2016-02-06","  23.8","24","100000",,"999.9",,"  46.9"," ","  19.0"," ","  8.9",," 0.00","G","1027.8","23","999.9",,"009.3","24","  33.7","24"
"72429793812","CINCINNATI MUNICIPAL AIRPORT LUNKEN FIELD, OH US","39.106","-84.41609","144.8","2016-02-07","  24.9","24","000000",," 24.1",,"  54.0"," ","  21.9"," "," 17.1",," 0.00","G","1020.1","24","999.9",,"001.6","24","  36.1","24"
"72429793812","CINCINNATI MUNICIPAL AIRPORT LUNKEN FIELD, OH US","39.106","-84.41609","144.8","2016-02-08","  30.8","24","011000",,"999.9",,"  54.0"," ","  23.0"," "," 15.9",," 0.09","G","1007.0","18","999.9",,"988.6","24","  39.1","24"
"72429793812","CINCINNATI MUNICIPAL AIRPORT LUNKEN FIELD, OH US","39.106","-84.41609","144.8","2016-02-09","  19.4","24","001000",," 21.0",,"  44.1"," ","  21.0"," "," 17.1",," 0.17","G","1009.1","12","999.9",,"990.8","24","  23.9","24"
"72429793812","CINCINNATI MUNICIPAL AIRPORT LUNKEN FIELD, OH US","39.106","-84.41609","144.8","2016-02-10","  10.1","24","001000",," 21.0",,"  25.0"," ","  16.0"," "," 15.9",," 0.01","G","1017.3","18","999.9",,"998.3","24","  18.0","24"
"72429793812","CINCINNATI MUNICIPAL AIRPORT LUNKEN FIELD, OH US","39.106","-84.41609","144.8","2016-02-11","   6.2","24","001000",,"999.9",,"  26.1"," ","  14.0"," ","  8.0",," 0.00","G","1025.1","24","999.9",,"006.2","24","  19.1","24"
"72429793812","CINCINNATI MUNICIPAL AIRPORT LUNKEN FIELD, OH US","39.106","-84.41609","144.8","2016-02-12","  14.1","24","001000",," 22.9",,"  28.9"," ","  14.0"," "," 15.0",," 0.00","G","1024.3","23","999.9",,"005.4","24","  21.9","24"
"72429793812","CINCINNATI MUNICIPAL AIRPORT LUNKEN FIELD, OH US","39.106","-84.41609","144.8","2016-02-13","   5.4","24","001000",," 28.0",,"  28.9"," ","  12.0"," "," 15.9",," 0.00","G","1032.9","21","999.9",,"012.8","24","  18.0","24"
"72429793812","CINCINNATI MUNICIPAL AIRPORT LUNKEN FIELD, OH US","39.106","-84.41609","144.8","2016-02-14","   7.2","24","101000",," 14.0",,"  21.0"," ","   9.0"," ","  9.9",," 0.00","G","1033.1","19","999.9",,"012.2","24","  15.4","24"
"72429793812","CINCINNATI MUNICIPAL AIRPORT LUNKEN FIELD, OH US","39.106","-84.41609","144.8","2016-02-15","  24.9","24","101000",,"999.9",,"  35.6","*","  17.6","*","  5.1",," 0.15","G","1017.1","17","999.9",,"999.1","24","  26.7","24"
"72429793812","CINCINNATI MUNICIPAL AIRPORT LUNKEN FIELD, OH US","39.106","-84.41609","144.8","2016-02-16","  30.8","24","111000",,"999.9",,"  39.0"," ","  21.0"," ","  8.9",," 0.08","G","1010.4","16","999.9",,"991.8","24","  34.7","24"
"72429793812","CINCINNATI MUNICIPAL AIRPORT LUNKEN FIELD, OH US","39.106","-84.41609","144.8","2016-02-17","  26.9","24","101000",,"999.9",,"  39.0"," ","  24.1"," ","  7.0",," 0.06","G","1022.0","15","999.9",,"002.2","24","  31.9","24"
"72429793812","CINCINNATI MUNICIPAL AIRPORT LUNKEN FIELD, OH US","39.106","-84.41609","144.8","2016-02-18","  25.9","24","000000",,"999.9",,"  44.1"," ","  24.1"," ","  8.9",," 0.00","G","1031.1","24","999.9",,"012.5","24","  34.5","24"
"72429793812","CINCINNATI MUNICIPAL AIRPORT LUNKEN FIELD, OH US","39.106","-84.41609","144.8","2016-02-19","  32.1","24","000000",," 41.0",,"  64.9"," ","  26.1"," "," 28.9",," 0.00","G","1019.2","24","999.9",,"001.0","24","  49.2","24"
"72429793812","CINCINNATI MUNICIPAL AIRPORT LUNKEN FIELD, OH US","39.106","-84.41609","144.8","2016-02-20","  45.9","24","100000",," 25.1",,"  72.0"," ","  37.0"," "," 19.0",," 0.00","G","1015.7","23","999.9",,"997.8","24","  58.4","24"
"72429793812","CINCINNATI MUNICIPAL AIRPORT LUNKEN FIELD, OH US","39.106","-84.41609","144.8","2016-02-21","  45.0","24","010010",,"999.9",,"  72.0"," ","  41.0"," "," 11.1",," 1.44","G","1014.7","17","999.9",,"996.5","24","  52.1","24"
"72429793812","CINCINNATI MUNICIPAL AIRPORT LUNKEN FIELD, OH US","39.106","-84.41609","144.8","2016-02-22","  32.4","24","000000",,"999.9",,"  61.0"," ","  30.0"," ","  8.9",," 0.00","I","1019.6","24","999.9",,"001.4","24","  41.2","24"
"72429793812","CINCINNATI MUNICIPAL AIRPORT LUNKEN FIELD, OH US","39.106","-84.41609","144.8","2016-02-23","  32.5","24","000000",,"999.9",,"  57.0"," ","  30.0"," "," 11.1",," 0.00","G","1016.1","24","999.9",,"997.9","24","  41.8","24"
"72429793812","CINCINNATI MUNICIPAL AIRPORT LUNKEN FIELD, OH US","39.106","-84.41609","144.8","2016-02-24","  44.5","23","010000",," 36.9",,"  60.1"," ","  30.0"," "," 24.1",," 0.91","G"," 997.3","15","999.9",,"978.7","24","  49.4","24"
"72429793812","CINCINNATI MUNICIPAL AIRPORT LUNKEN FIELD, OH US","39.106","-84.41609","144.8","2016-02-25","  33.0","16","011000",," 29.9",,"  37.9","*","  33.8","*"," 18.1",," 0.30","G","1006.7","21","999.9",,"988.2","24","  35.5","24"
"72429793812","CINCINNATI MUNICIPAL AIRPORT LUNKEN FIELD, OH US","39.106","-84.41609","144.8","2016-02-26","  23.7","24","001000",," 22.0",,"  36.0","*","  30.2","*"," 11.1",," 0.01","G","1023.3","22","999.9",,"004.9","24","  33.7","24"
"72429793812","CINCINNATI MUNICIPAL AIRPORT LUNKEN FIELD, OH US","39.106","-84.41609","144.8","2016-02-27","  26.3","24","000000",," 22.0",,"  52.0"," ","  28.0"," "," 15.9",," 0.00","G","1022.0","24","999.9",,"003.5","24","  38.4","24"
"72429793812","CINCINNATI MUNICIPAL AIRPORT LUNKEN FIELD, OH US","39.106","-84.41609","144.8","2016-02-28","  33.2","24","000000",," 35.0",,"  66.0"," ","  28.0"," "," 28.0",," 0.00","G","1013.6","24","999.9",,"995.4","24","  48.1","24"
"72429793812","CINCINNATI MUNICIPAL AIRPORT LUNKEN FIELD, OH US","39.106","-84.41609","144.8","2016-02-29","  34.4","20","010000",," 41.0",,"  66.0"," ","  32.0"," "," 27.0",," 0.16","G","1012.5","20","999.9",,"994.7","24","  50.1","24"
"72429793812","CINCINNATI MUNICIPAL AIRPORT LUNKEN FIELD, OH US","39.106","-84.41609","144.8","2016-03-01","  38.0","24","010000",," 40.0",,"  60.1"," ","  30.0"," "," 29.9",," 0.36","B","1012.1","20","999.9",,"993.4","24","  41.7","24"
"72429793812","CINCINNATI MUNICIPAL AIRPORT LUNKEN FIELD, OH US","39.106","-84.41609","144.8","2016-03-02","  18.2","24","011000",," 33.0",,"  37.0","*","  26.1","*"," 22.9",," 0.00","H","1020.9","21","999.9",,"001.7","24","  31.2","24"
"72429793812","CINCINNATI MUNICIPAL AIRPORT LUNKEN FIELD, OH US","39.106","-84.41609","144.8","2016-03-03","  27.0","24","101000",,"999.9",,"  37.9"," ","  26.1"," ","  8.9",," 0.00","G","1021.5","19","999.9",,"002.4","24","  30.9","24"
"72429793812","CINCINNATI MUNICIPAL AIRPORT LUNKEN FIELD, OH US","39.106","-84.41609","144.8","2016-03-04","  31.7","24","010000",,"999.9",,"  37.4","*","  33.1","*"," 11.1",," 0.24","G","1020.7","18","999.9",,"001.9","24","  34.9","24"
"72429793812","CINCINNATI MUNICIPAL AIRPORT LUNKEN FIELD, OH US","39.106","-84.41609","144.8","2016-03-05","  32.1","24","010000",,"999.9",,"  41.0"," ","  28.0"," ","  9.9",," 0.03","G","1020.9","13","999.9",,"002.6","24","  35.0","24"
"72429793812","CINCINNATI MUNICIPAL AIRPORT LUNKEN FIELD, OH US","39.106","-84.41609","144.8","2016-03-06","  33.4","24","000000",," 14.0",,"  51.1"," ","  28.0"," ","  9.9",," 0.00","G","1025.4","20","999.9",,"006.8","24","  41.7","24"
"72429793812","CINCINNATI MUNICIPAL AIRPORT LUNKEN FIELD, OH US","39.106","-84.41609","144.8","2016-03-07","  35.9","24","010000",," 22.9",,"  64.0"," ","  37.0"," "," 15.0",," 0.00","G","1019.9","24","999.9",,"001.7","24","  48.6","24"
"72429793812","CINCINNATI MUNICIPAL AIRPORT LUNKEN FIELD, OH US","39.106","-84.41609","144.8","2016-03-08","  41.8","24","000000",," 22.9",,"  73.9"," ","  37.0"," "," 17.1",," 0.00","G","1019.1","24","999.9",,"001.1","24","  56.5","24"
"72429793812","CINCINNATI MUNICIPAL AIRPORT LUNKEN FIELD, OH US","39.106","-84.41609","144.8","2016-03-09","  47.3","24","010000",," 26.0",,"  73.9"," ","  41.0"," "," 17.1",," 0.00","G","1017.8","24","999.9",,"999.8","24","  56.4","24"
"72429793812","CINCINNATI MUNICIPAL AIRPORT LUNKEN FIELD, OH US","39.106","-84.41609","144.8","2016-03-10","  57.1","24","110000",,"999.9",,"  70.0"," ","  44.1"," ","  9.9",," 0.15","G","1016.5","15","999.9",,"998.7","24","  58.0","24"
"72429793812","CINCINNATI MUNICIPAL AIRPORT LUNKEN FIELD, OH US","39.106","-84.41609","144.8","2016-03-11","  48.1","24","010000",,"999.9",,"  64.0"," ","  48.0"," "," 13.0",," 0.50","G","1024.1","18","999.9",,"005.1","24","  53.3","24"
"72429793812","CINCINNATI MUNICIPAL AIRPORT LUNKEN FIELD, OH US","39.106","-84.41609","144.8","2016-03-12","  47.0","24","000000",,"999.9",,"  69.1"," ","  42.1"," ","  5.1",," 0.00","G","1022.0","23","999.9",,"003.7","24","  52.9","24"
"72429793812","CINCINNATI MUNICIPAL AIRPORT LUNKEN FIELD, OH US","39.106","-84.41609","144.8","2016-03-13","  58.0","24","110000",,"999.9",,"  69.1"," ","  43.0"," ","  6.0",," 0.78","G","1013.1","11","999.9",,"993.5","24","  59.0","24"
"72429793812","CINCINNATI MUNICIPAL AIRPORT LUNKEN FIELD, OH US","39.106","-84.41609","144.8","2016-03-14","  54.5","24","110000",,"999.9",,"  70.0"," ","  48.0"," "," 15.0",," 0.21","G","1005.7","17","999.9",,"988.5","24","  58.2","24"
"72429793812","CINCINNATI MUNICIPAL AIRPORT LUNKEN FIELD, OH US","39.106","-84.41609","144.8","2016-03-15","  54.8","24","000000",," 15.9",,"  73.9"," ","  48.0"," ","  8.9",," 0.02","G","1007.7","20","999.9",,"990.4","24","  62.8","24"
"72429793812","CINCINNATI MUNICIPAL AIRPORT LUNKEN FIELD, OH US","39.106","-84.41609","144.8","2016-03-16","  44.0","24","000000",," 32.1",,"  73.9"," ","  53.1"," "," 24.1",," 0.00","G","1006.9","23","999.9",,"989.1","24","  62.8","24"
"72429793812","CINCINNATI MUNICIPAL AIRPORT LUNKEN FIELD, OH US","39.106","-84.41609","144.8","2016-03-17","  33.1","24","000000",," 21.0",,"  68.0"," ","  45.0"," "," 15.0",," 0.00","G","1013.9","24","999.9",,"996.0","24","  54.4","24"
"72429793812","CINCINNATI MUNICIPAL AIRPORT LUNKEN FIELD, OH US","39.106","-84.41609","144.8","2016-03-18","  29.9","24","000000",," 17.1",,"  62.1"," ","  32.0"," "," 12.0",," 0.00","G","1016.8","24","999.9",,"998.7","24","  46.9","24"
"72429793812","CINCINNATI MUNICIPAL AIRPORT LUNKEN FIELD, OH US","39.106","-84.41609","144.8","2016-03-19","  32.2","24","010000",,"999.9",,"  60.1"," ","  32.0"," "," 11.1",," 0.00","G","1018.4","22","999.9",,"000.3","24","  44.3","24"
"72429793812","CINCINNATI MUNICIPAL AIRPORT LUNKEN FIELD, OH US","39.106","-84.41609","144.8","2016-03-20","  23.6","24","000000",," 18.1",,"  46.9"," ","  27.0"," "," 12.0",," 0.09","G","1019.7","24","999.9",,"001.3","24","  37.1","24"
"72429793812","CINCINNATI MUNICIPAL AIRPORT LUNKEN FIELD, OH US","39.106","-84.41609","144.8","2016-03-21","  23.8","24","000000",," 15.9",,"  52.0"," ","  27.0"," "," 14.0",," 0.00","G","1021.7","24","999.9",,"003.3","24","  41.4","24"
"72429793812","CINCINNATI MUNICIPAL AIRPORT LUNKEN FIELD, OH US","39.106","-84.41609","144.8","2016-03-22","  30.4","24","000000",," 29.9",,"  64.0","*","  30.9","*"," 24.1",," 0.00","G","1018.2","24","999.9",,"999.9","24","  46.8","24"
"72429793812","CINCINNATI MUNICIPAL AIRPORT LUNKEN FIELD, OH US","39.106","-84.41609","144.8","2016-03-23","  37.9","24","000000",," 28.0",,"  61.0"," ","  53.1"," "," 22.0",," 0.00","G","1013.6","24","999.9",,"995.7","24","  57.9","24"
"72429793812","CINCINNATI MUNICIPAL AIRPORT LUNKEN FIELD, OH US","39.106","-84.41609","144.8","2016-03-24","  50.4","24","010000",," 38.1",,"  70.0"," ","  46.9"," "," 29.9",," 0.00","G","1007.9","23","999.9",,"989.9","24","  59.9","24"
"72429793812","CINCINNATI MUNICIPAL AIRPORT LUNKEN FIELD, OH US","39.106","-84.41609","144.8","2016-03-25","  35.9","23","000000",," 21.0",,"  70.0"," ","  37.0"," "," 15.0",," 0.61","G","1014.0","21","999.9",,"995.5","24","  44.8","24"
"72429793812","CINCINNATI MUNICIPAL AIRPORT LUNKEN FIELD, OH US","39.106","-84.41609","144.8","2016-03-26","  34.2","24","000000",,"999.9",,"  63.0"," ","  28.0"," ","  7.0",," 0.00","G","1022.0","24","999.9",,"003.7","24","  43.9","24"
"72429793812","CINCINNATI MUNICIPAL AIRPORT LUNKEN FIELD, OH US","39.106","-84.41609","144.8","2016-03-27","  46.4","24","000000",," 22.9",,"  75.9"," ","  28.0"," "," 15.9",," 0.00","G","1017.0","24","999.9",,"998.9","24","  53.6","24"
"72429793812","CINCINNATI MUNICIPAL AIRPORT LUNKEN FIELD, OH US","39.106","-84.41609","144.8","2016-03-28","  42.2","20","010010",," 28.9",,"  75.9"," ","  36.0"," "," 22.0",," 0.67","G","1015.5","21","999.9",,"996.9","24","  51.6","24"
"72429793812","CINCINNATI MUNICIPAL AIRPORT LUNKEN FIELD, OH US","39.106","-84.41609","144.8","2016-03-29","  34.0","24","000000",," 15.0",,"  57.9"," ","  35.1"," "," 11.1",," 0.01","G","1024.7","24","999.9",,"006.4","24","  47.7","24"
"72429793812","CINCINNATI MUNICIPAL AIRPORT LUNKEN FIELD, OH US","39.106","-84.41609","144.8","2016-03-30","  38.2","24","000000",," 24.1",,"  72.0"," ","  33.1"," "," 17.1",," 0.00","G","1019.1","24","999.9",,"000.9","24","  50.6","24"
"72429793812","CINCINNATI MUNICIPAL AIRPORT LUNKEN FIELD, OH US","39.106","-84.41609","144.8","2016-03-31","  52.9","24","010010",," 42.0",,"  69.1","*","  53.1","*"," 31.1",," 0.12","G","1005.8","19","999.9",,"987.8","24","  61.4","24"
"72429793812","CINCINNATI MUNICIPAL AIRPORT LUNKEN FIELD, OH US","39.106","-84.41609","144.8","2016-04-01","  46.8","24","010000",," 29.9",,"  63.0"," ","  48.9"," "," 17.1",," 0.88","G","1005.9","23","999.9",,"988.1","24","  56.8","24"
"72429793812","CINCINNATI MUNICIPAL AIRPORT LUNKEN FIELD, OH US","39.106","-84.41609","144.8","2016-04-02","  30.2","24","000000",," 42.0",,"  63.0"," ","  39.0"," "," 29.9",," 0.08","G","1008.3","24","999.9",,"990.3","24","  46.6","24"
"72429793812","CINCINNATI MUNICIPAL AIRPORT LUNKEN FIELD, OH US","39.106","-84.41609","144.8","2016-04-03","  25.0","24","000000",," 24.1",,"  57.9"," ","  26.1"," "," 18.1",," 0.00","G","1018.4","23","999.9",,"999.9","24","  40.8","24"
"72429793812","CINCINNATI MUNICIPAL AIRPORT LUNKEN FIELD, OH US","39.106","-84.41609","144.8","2016-04-04","  37.3","24","000000",," 22.9",,"  63.0"," ","  26.1"," "," 18.1",," 0.00","G","1012.6","20","999.9",,"995.8","24","  53.6","24"
"72429793812","CINCINNATI MUNICIPAL AIRPORT LUNKEN FIELD, OH US","39.106","-84.41609","144.8","2016-04-05","  24.3","24","010000",," 22.9",,"  46.0","*","  33.1","*"," 14.0",," 0.00","G","1029.3","22","999.9",,"010.7","24","  37.8","24"
"72429793812","CINCINNATI MUNICIPAL AIRPORT LUNKEN FIELD, OH US","39.106","-84.41609","144.8","2016-04-06","  31.3","24","010000",," 34.0",,"  66.0"," ","  30.9"," "," 22.0",," 0.00","G","1015.2","24","999.9",,"997.0","24","  46.7","24"
"72429793812","CINCINNATI MUNICIPAL AIRPORT LUNKEN FIELD, OH US","39.106","-84.41609","144.8","2016-04-07","  40.2","21","010000",," 41.0",,"  66.0"," ","  30.9"," "," 22.0",," 0.13","G","1004.1","19","999.9",,"985.9","24","  45.8","24"
"72429793812","CINCINNATI MUNICIPAL AIRPORT LUNKEN FIELD, OH US","39.106","-84.41609","144.8","2016-04-08","  32.8","23","010000",," 27.0",,"  48.0"," ","  30.0"," "," 15.0",," 0.04","G","1011.8","20","999.9",,"993.5","23","  38.8","23"
"72429793812","CINCINNATI MUNICIPAL AIRPORT LUNKEN FIELD, OH US","39.106","-84.41609","144.8","2016-04-09","  23.5","24","010000",," 28.0",,"  45.0"," ","  30.0"," "," 22.9",," 0.12","G","1019.3","20","999.9",,"000.2","24","  35.9","24"
"72429793812","CINCINNATI MUNICIPAL AIRPORT LUNKEN FIELD, OH US","39.106","-84.41609","144.8","2016-04-10","  27.7","24","010000",," 22.9",,"  59.0"," ","  25.0"," "," 15.9",," 0.00","G","1022.2","24","999.9",,"003.7","24","  40.5","24"
"72429793812","CINCINNATI MUNICIPAL AIRPORT LUNKEN FIELD, OH US","39.106","-84.41609","144.8","2016-04-11","  48.3","24","010010",," 29.9",,"  62.1","*","  50.0","*"," 21.0",," 0.24","G","1013.5","20","999.9",,"995.5","24","  54.7","24"
"72429793812","CINCINNATI MUNICIPAL AIRPORT LUNKEN FIELD, OH US","39.106","-84.41609","144.8","2016-04-12","  33.0","24","110000",," 17.1",,"  62.1"," ","  30.0"," "," 13.0",," 1.06","G","1023.9","21","999.9",,"005.5","24","  44.3","24"
"72429793812","CINCINNATI MUNICIPAL AIRPORT LUNKEN FIELD, OH US","39.106","-84.41609","144.8","2016-04-13","  32.2","24","000000",,"999.9",,"  61.0"," ","  28.0"," "," 11.1",," 0.00","G","1026.7","22","999.9",,"008.4","24","  44.5","24"
"72429793812","CINCINNATI MUNICIPAL AIRPORT LUNKEN FIELD, OH US","39.106","-84.41609","144.8","2016-04-14","  32.9","24","000000",,"999.9",,"  66.9"," ","  28.0"," ","  8.9",," 0.00","G","1023.5","24","999.9",,"005.3","24","  49.9","24"
"72429793812","CINCINNATI MUNICIPAL AIRPORT LUNKEN FIELD, OH US","39.106","-84.41609","144.8","2016-04-15","  41.7","24","000000",,"999.9",,"  75.9"," ","  32.0"," ","  7.0",," 0.00","G","1022.1","24","999.9",,"004.0","24","  55.6","24"
"72429793812","CINCINNATI MUNICIPAL AIRPORT LUNKEN FIELD, OH US","39.106","-84.41609","144.8","2016-04-16","  44.7","24","000000",,"999.9",,"  78.1"," ","  37.0"," ","  8.9",," 0.00","G","1024.9","23","999.9",,"006.9","24","  60.0","24"
"72429793812","CINCINNATI MUNICIPAL AIRPORT LUNKEN FIELD, OH US","39.106","-84.41609","144.8","2016-04-17","  44.2","24","100000",,"999.9",,"  81.0"," ","  41.0"," ","  8.0",," 0.00","G","1027.5","20","999.9",,"009.5","24","  60.8","24"
"72429793812","CINCINNATI MUNICIPAL AIRPORT LUNKEN FIELD, OH US","39.106","-84.41609","144.8","2016-04-18","  46.4","24","100000",,"999.9",,"  82.9"," ","  41.0"," ","  4.1",," 0.00","G","1026.1","23","999.9",,"008.1","24","  63.0","24"
"72429793812","CINCINNATI MUNICIPAL AIRPORT LUNKEN FIELD, OH US","39.106","-84.41609","144.8","2016-04-19","  50.3","24","100000",,"999.9",,"  82.9"," ","  42.1"," ","  8.9",," 0.00","G","1021.6","24","999.9",,"003.7","24","  63.0","24"
"72429793812","CINCINNATI MUNICIPAL AIRPORT LUNKEN FIELD, OH US","39.106","-84.41609","144.8","2016-04-20","  48.8","24","000000",,"999.9",,"  82.9"," ","  46.9"," ","  9.9",," 0.00","G","1019.3","24","999.9",,"001.4","24","  65.5","24"
"72429793812","CINCINNATI MUNICIPAL AIRPORT LUNKEN FIELD, OH US","39.106","-84.41609","144.8","2016-04-21","  55.0","24","010000",," 21.0",,"  82.0"," ","  46.9"," "," 13.0",," 0.00","G","1013.5","23","999.9",,"995.6","24","  65.2","24"
"72429793812","CINCINNATI MUNICIPAL AIRPORT LUNKEN FIELD, OH US","39.106","-84.41609","144.8","2016-04-22","  55.3","24","010000",," 17.1",,"  72.0"," ","  54.0"," ","  9.9",," 0.07","G","1012.9","18","999.9",,"994.9","24","  59.2","24"
"72429793812","CINCINNATI MUNICIPAL AIRPORT LUNKEN FIELD, OH US","39.106","-84.41609","144.8","2016-04-23","  47.0","24","010000",," 22.0",,"  66.9"," ","  48.9"," "," 14.0",," 0.19","G","1018.6","20","999.9",,"000.5","24","  57.8","24"
"72429793812","CINCINNATI MUNICIPAL AIRPORT LUNKEN FIELD, OH US","39.106","-84.41609","144.8","2016-04-24","  44.4","24","000000",,"999.9",,"  75.9"," ","  37.9"," ","  6.0",," 0.00","G","1018.0","21","999.9",,"000.2","24","  55.8","24"
"72429793812","CINCINNATI MUNICIPAL AIRPORT LUNKEN FIELD, OH US","39.106","-84.41609","144.8","2016-04-25","  52.2","24","100000",," 22.0",,"  80.1"," ","  37.9"," "," 15.9",," 0.00","G","1012.5","21","999.9",,"994.9","24","  62.7","24"
"72429793812","CINCINNATI MUNICIPAL AIRPORT LUNKEN FIELD, OH US","39.106","-84.41609","144.8","2016-04-26","  57.9","24","010010",," 51.1",,"  82.0"," ","  46.9"," "," 20.0",," 0.00","G","1008.4","21","999.9",,"990.9","24","  68.0","24"
"72429793812","CINCINNATI MUNICIPAL AIRPORT LUNKEN FIELD, OH US","39.106","-84.41609","144.8","2016-04-27","  55.3","14","010010",,"999.9",,"  64.9","*","  50.0","*","  9.9",," 1.54","G","1010.3","18","999.9",,"992.5","24","  58.0","24"
"72429793812","CINCINNATI MUNICIPAL AIRPORT LUNKEN FIELD, OH US","39.106","-84.41609","144.8","2016-04-28","  60.8","24","010010",," 34.0",,"  77.0"," ","  50.0"," "," 22.0",," 0.86","G","1009.6","15","999.9",,"991.8","24","  64.0","24"
"72429793812","CINCINNATI MUNICIPAL AIRPORT LUNKEN FIELD, OH US","39.106","-84.41609","144.8","2016-04-29","  53.6","24","000000",," 15.0",,"  77.0"," ","  55.0"," ","  9.9",," 0.13","G","1015.5","22","999.9",,"997.8","24","  61.7","24"
"72429793812","CINCINNATI MUNICIPAL AIRPORT LUNKEN FIELD, OH US","39.106","-84.41609","144.8","2016-04-30","  52.2","24","010000",,"999.9",,"  69.1"," ","  53.1"," "," 11.1",," 0.00","G","1016.7","24","999.9",,"998.8","24","  56.2","24"
"72429793812","CINCINNATI MUNICIPAL AIRPORT LUNKEN FIELD, OH US","39.106","-84.41609","144.8","2016-05-01","  61.1","24","010010",," 19.0",,"  80.1"," ","  53.1"," "," 17.1",," 0.51","G","1012.6","17","999.9",,"994.9","24","  66.1","24"
"72429793812","CINCINNATI MUNICIPAL AIRPORT LUNKEN FIELD, OH US","39.106","-84.41609","144.8","2016-05-02","  57.3","24","010010",,"999.9",,"  80.1"," ","  57.0"," ","  9.9",," 0.27","G","1013.1","19","999.9",,"995.3","24","  62.1","24"
"72429793812","CINCINNATI MUNICIPAL AIRPORT LUNKEN FIELD, OH US","39.106","-84.41609","144.8","2016-05-03","  51.1","24","010000",,"999.9",,"  66.0"," ","  53.1"," "," 11.1",," 0.00","G","1012.7","18","999.9",,"995.0","24","  56.7","24"
"72429793812","CINCINNATI MUNICIPAL AIRPORT LUNKEN FIELD, OH US","39.106","-84.41609","144.8","2016-05-04","  47.9","23","010000",," 20.0",,"  60.1"," ","  46.0"," "," 12.0",," 0.03","G","1007.8","22","999.9",,"989.7","24","  52.6","24"
"72429793812","CINCINNATI MUNICIPAL AIRPORT LUNKEN FIELD, OH US","39.106","-84.41609","144.8","2016-05-05","  40.7","24","010000",," 15.9",,"  60.1"," ","  42.1"," "," 12.0",," 0.09","G","1009.8","18","999.9",,"991.5","24","  48.7","24"
"72429793812","CINCINNATI MUNICIPAL AIRPORT LUNKEN FIELD, OH US","39.106","-84.41609","144.8","2016-05-06","  44.7","24","010000",," 21.0",,"  71.1"," ","  42.1"," "," 13.0",," 0.01","G","1013.3","23","999.9",,"995.4","24","  57.8","24"
"72429793812","CINCINNATI MUNICIPAL AIRPORT LUNKEN FIELD, OH US","39.106","-84.41609","144.8","2016-05-07","  50.5","24","000000",," 26.0",,"  75.9"," ","  42.1"," "," 19.0",," 0.00","G","1009.1","24","999.9",,"991.3","24","  60.3","24"
"72429793812","CINCINNATI MUNICIPAL AIRPORT LUNKEN FIELD, OH US","39.106","-84.41609","144.8","2016-05-08","  48.5","23","110010",,"999.9",,"  69.1","*","  42.8","*"," 11.1",," 0.18","G","1013.6","22","999.9",,"995.6","24","  54.8","24"
"72429793812","CINCINNATI MUNICIPAL AIRPORT LUNKEN FIELD, OH US","39.106","-84.41609","144.8","2016-05-09","  54.3","24","010000",,"999.9",,"  62.1"," ","  43.0"," ","  9.9",," 0.19","G","1016.8","23","999.9",,"998.8","24","  56.2","24"
"72429793812","CINCINNATI MUNICIPAL AIRPORT LUNKEN FIELD, OH US","39.106","-84.41609","144.8","2016-05-10","  58.9","24","110010",," 40.0",,"  75.0"," ","  52.0"," "," 31.1",," 0.06","G","1016.4","17","999.9",,"998.4","24","  61.3","24"
"72429793812","CINCINNATI MUNICIPAL AIRPORT LUNKEN FIELD, OH US","39.106","-84.41609","144.8","2016-05-11","  61.6","24","010000",,"999.9",,"  81.0"," ","  53.1"," ","  9.9",," 0.35","G","1016.9","19","999.9",,"999.3","24","  66.1","24"
"72429793812","CINCINNATI MUNICIPAL AIRPORT LUNKEN FIELD, OH US","39.106","-84.41609","144.8","2016-05-12","  63.0","24","010010",,"999.9",,"  81.0"," ","  57.9"," "," 11.1",," 0.00","G","1016.1","21","999.9",,"998.4","24","  67.0","24"
"72429793812","CINCINNATI MUNICIPAL AIRPORT LUNKEN FIELD, OH US","39.106","-84.41609","144.8","2016-05-13","  53.3","24","010000",," 15.9",,"  77.0"," ","  54.0"," "," 13.0",," 0.14","G","1016.0","21","999.9",,"998.0","24","  62.3","24"
"72429793812","CINCINNATI MUNICIPAL AIRPORT LUNKEN FIELD, OH US","39.106","-84.41609","144.8","2016-05-14","  45.2","24","010000",," 27.0",,"  68.0"," ","  46.9"," "," 15.9",," 0.25","G","1013.7","22","999.9",,"995.6","24","  51.9","24"
"72429793812","CINCINNATI MUNICIPAL AIRPORT LUNKEN FIELD, OH US","39.106","-84.41609","144.8","2016-05-15","  35.0","24","000000",," 22.9",,"  60.1"," ","  43.0"," "," 15.0",," 0.00","I","1019.3","24","999.9",,"001.2","24","  50.5","24"
"72429793812","CINCINNATI MUNICIPAL AIRPORT LUNKEN FIELD, OH US","39.106","-84.41609","144.8","2016-05-16","  34.4","24","000000",,"999.9",,"  64.0"," ","  32.0"," "," 11.1",," 0.00","G","1024.2","24","999.9",,"006.0","24","  48.6","24"
"72429793812","CINCINNATI MUNICIPAL AIRPORT LUNKEN FIELD, OH US","39.106","-84.41609","144.8","2016-05-17","  46.7","24","010000",,"999.9",,"  55.9","*","  48.9","*","  8.9",," 0.01","G","1022.7","23","999.9",,"004.6","24","  52.4","24"
"72429793812","CINCINNATI MUNICIPAL AIRPORT LUNKEN FIELD, OH US","39.106","-84.41609","144.8","2016-05-18","  49.0","24","010000",," 15.9",,"  68.0"," ","  48.9"," "," 12.0",," 0.31","G","1020.5","19","999.9",,"002.5","24","  57.1","24"
"72429793812","CINCINNATI MUNICIPAL AIRPORT LUNKEN FIELD, OH US","39.106","-84.41609","144.8","2016-05-19","  44.4","24","000000",,"999.9",,"  71.1"," ","  43.0"," ","  7.0",," 0.06","G","1021.4","24","999.9",,"003.4","24","  57.5","24"
"72429793812","CINCINNATI MUNICIPAL AIRPORT LUNKEN FIELD, OH US","39.106","-84.41609","144.8","2016-05-20","  50.4","24","010000",,"999.9",,"  71.1"," ","  43.0"," ","  8.0",," 0.00","G","1019.6","24","999.9",,"001.7","24","  57.0","24"
"72429793812","CINCINNATI MUNICIPAL AIRPORT LUNKEN FIELD, OH US","39.106","-84.41609","144.8","2016-05-21","  57.0","24","010000",," 22.0",,"  70.0"," ","  46.9"," "," 15.9",," 0.54","G","1015.6","16","999.9",,"997.7","24","  60.6","24"
"72429793812","CINCINNATI MUNICIPAL AIRPORT LUNKEN FIELD, OH US","39.106","-84.41609","144.8","2016-05-22","  48.2","24","100000",," 22.0",,"  78.1"," ","  44.1"," "," 17.1",," 0.01","G","1015.8","19","999.9",,"998.2","24","  60.6","24"
"72429793812","CINCINNATI MUNICIPAL AIRPORT LUNKEN FIELD, OH US","39.106","-84.41609","144.8","2016-05-23","  49.3","24","000000",,"999.9",,"  78.1"," ","  43.0"," ","  6.0",," 0.00","G","1016.6","21","999.9",,"998.8","24","  61.3","24"
"72429793812","CINCINNATI MUNICIPAL AIRPORT LUNKEN FIELD, OH US","39.106","-84.41609","144.8","2016-05-24","  52.4","24","100000",,"999.9",,"  80.1"," ","  43.0"," ","  8.9",," 0.00","G","1018.1","21","999.9",,"000.3","24","  64.5","24"
"72429793812","CINCINNATI MUNICIPAL AIRPORT LUNKEN FIELD, OH US","39.106","-84.41609","144.8","2016-05-25","  59.2","24","010000",,"999.9",,"  82.0"," ","  46.9"," ","  9.9",," 0.00","G","1019.1","23","999.9",,"001.3","24","  66.1","24"
"72429793812","CINCINNATI MUNICIPAL AIRPORT LUNKEN FIELD, OH US","39.106","-84.41609","144.8","2016-05-26","  65.4","24","010010",," 26.0",,"  82.0"," ","  54.0"," "," 15.9",," 0.02","G","1017.6","22","999.9",,"999.7","24","  69.8","24"
"72429793812","CINCINNATI MUNICIPAL AIRPORT LUNKEN FIELD, OH US","39.106","-84.41609","144.8","2016-05-27","  65.0","24","100000",," 17.1",,"  84.9"," ","  59.0"," "," 12.0",," 0.32","G","1016.0","19","999.9",,"998.5","24","  70.9","24"
"72429793812","CINCINNATI MUNICIPAL AIRPORT LUNKEN FIELD, OH US","39.106","-84.41609","144.8","2016-05-28","  66.9","24","110000",," 21.0",,"  84.9"," ","  59.0"," ","  9.9",," 0.00","G","1017.3","21","999.9",,"999.7","24","  72.7","24"
"72429793812","CINCINNATI MUNICIPAL AIRPORT LUNKEN FIELD, OH US","39.106","-84.41609","144.8","2016-05-29","  66.7","24","010010",,"999.9",,"  84.9"," ","  60.1"," ","  9.9",," 0.05","G","1018.3","23","999.9",,"000.5","24","  72.7","24"
"72429793812","CINCINNATI MUNICIPAL AIRPORT LUNKEN FIELD, OH US","39.106","-84.41609","144.8","2016-05-30","  63.6","24","110010",,"999.9",,"  84.9","*","  60.8","*","  9.9",," 0.09","G","1016.2","19","999.9",,"998.6","24","  73.9","24"
"72429793812","CINCINNATI MUNICIPAL AIRPORT LUNKEN FIELD, OH US","39.106","-84.41609","144.8","2016-05-31","  62.9","24","000000",,"999.9",,"  87.1"," ","  60.1"," ","  8.0",," 0.00","G","1014.9","24","999.9",,"997.3","24","  72.7","24"
"72429793812","CINCINNATI MUNICIPAL AIRPORT LUNKEN FIELD, OH US","39.106","-84.41609","144.8","2016-06-01","  64.5","24","110000",," 19.0",,"  87.1"," ","  57.9"," ","  9.9",," 0.00","G","1014.2","17","999.9",,"996.8","24","  72.2","24"
"72429793812","CINCINNATI MUNICIPAL AIRPORT LUNKEN FIELD, OH US","39.106","-84.41609","144.8","2016-06-02","  68.1","24","110010",,"999.9",,"  86.0"," ","  57.9"," ","  8.0",," 0.13","G","1016.1","16","999.9",,"998.3","24","  70.6","24"
"72429793812","CINCINNATI MUNICIPAL AIRPORT LUNKEN FIELD, OH US","39.106","-84.41609","144.8","2016-06-03","  64.9","24","000000",,"999.9",,"  82.9"," ","  63.0"," ","  6.0",," 0.06","G","1017.1","23","999.9",,"999.4","24","  72.0","24"
"72429793812","CINCINNATI MUNICIPAL AIRPORT LUNKEN FIELD, OH US","39.106","-84.41609","144.8","2016-06-04","  66.6","24","010010",,"999.9",,"  82.9"," ","  64.0"," "," 13.0",," 0.10","G","1014.2","20","999.9",,"995.8","24","  71.3","24"
"72429793812","CINCINNATI MUNICIPAL AIRPORT LUNKEN FIELD, OH US","39.106","-84.41609","144.8","2016-06-05","  65.7","24","010000",," 26.0",,"  81.0"," ","  64.9"," "," 17.1",," 0.29","G","1007.0","18","999.9",,"989.6","24","  72.2","24"
"72429793812","CINCINNATI MUNICIPAL AIRPORT LUNKEN FIELD, OH US","39.106","-84.41609","144.8","2016-06-06","  60.1","24","000000",," 22.9",,"  82.9"," ","  61.0"," "," 15.9",," 0.01","G","1007.8","24","999.9",,"990.3","24","  72.3","24"
"72429793812","CINCINNATI MUNICIPAL AIRPORT LUNKEN FIELD, OH US","39.106","-84.41609","144.8","2016-06-07","  53.1","24","000000",," 21.0",,"  82.9"," ","  57.9"," "," 14.0",," 0.00","G","1006.7","24","999.9",,"989.2","24","  69.3","24"
"72429793812","CINCINNATI MUNICIPAL AIRPORT LUNKEN FIELD, OH US","39.106","-84.41609","144.8","2016-06-08","  48.4","24","000000",," 14.0",,"  75.0"," ","  50.0"," "," 12.0",," 0.00","G","1014.2","24","999.9",,"996.5","24","  63.2","24"
"72429793812","CINCINNATI MUNICIPAL AIRPORT LUNKEN FIELD, OH US","39.106","-84.41609","144.8","2016-06-09","  50.7","24","000000",,"999.9",,"  81.0"," ","  48.0"," ","  6.0",," 0.00","G","1017.6","24","999.9",,"999.8","24","  64.3","24"
"72429793812","CINCINNATI MUNICIPAL AIRPORT LUNKEN FIELD, OH US","39.106","-84.41609","144.8","2016-06-10","  62.4","24","010010",,"999.9",,"  81.0"," ","  48.0"," ","  9.9",," 0.00","G","1018.1","21","999.9",,"000.5","24","  66.8","24"
"72429793812","CINCINNATI MUNICIPAL AIRPORT LUNKEN FIELD, OH US","39.106","-84.41609","144.8","2016-06-11","  65.4","24","100000",," 19.0",,"  90.0"," ","  57.9"," "," 11.1",," 0.51","G","1016.8","16","999.9",,"999.4","24","  75.3","24"
"72429793812","CINCINNATI MUNICIPAL AIRPORT LUNKEN FIELD, OH US","39.106","-84.41609","144.8","2016-06-12","  67.3","24","000000",," 18.1",,"  91.9"," ","  57.9"," "," 11.1",," 0.00","G","1015.9","24","999.9",,"998.4","24","  78.9","24"
"72429793812","CINCINNATI MUNICIPAL AIRPORT LUNKEN FIELD, OH US","39.106","-84.41609","144.8","2016-06-13","  52.7","24","000000",,"999.9",,"  91.9"," ","  52.0"," ","  8.0",," 0.00","G","1016.7","24","999.9",,"999.0","24","  69.3","24"
"72429793812","CINCINNATI MUNICIPAL AIRPORT LUNKEN FIELD, OH US","39.106","-84.41609","144.8","2016-06-14","  61.7","24","000000",,"999.9",,"  87.1"," ","  52.0"," ","  8.0",," 0.00","G","1013.3","24","999.9",,"995.7","24","  72.3","24"
"72429793812","CINCINNATI MUNICIPAL AIRPORT LUNKEN FIELD, OH US","39.106","-84.41609","144.8","2016-06-15","  70.0","24","010010",," 42.9",,"  87.1"," ","  59.0"," "," 22.9",," 0.00","G","1010.9","21","999.9",,"993.5","24","  74.7","24"
"72429793812","CINCINNATI MUNICIPAL AIRPORT LUNKEN FIELD, OH US","39.106","-84.41609","144.8","2016-06-16","  67.0","23","110000",," 27.0",,"  88.0"," ","  61.0"," "," 18.1",," 0.38","G","1008.5","21","999.9",,"991.1","24","  73.7","24"
"72429793812","CINCINNATI MUNICIPAL AIRPORT LUNKEN FIELD, OH US","39.106","-84.41609","144.8","2016-06-17","  63.4","24","000000",," 21.0",,"  88.0"," ","  61.0"," "," 17.1",," 0.00","G","1012.2","23","999.9",,"994.8","24","  73.9","24"
"72429793812","CINCINNATI MUNICIPAL AIRPORT LUNKEN FIELD, OH US","39.106","-84.41609","144.8","2016-06-18","  59.4","24","000000",,"999.9",,"  84.9"," ","  59.0"," ","  9.9",," 0.00","G","1020.3","24","999.9",,"002.5","24","  73.4","24"
"72429793812","CINCINNATI MUNICIPAL AIRPORT LUNKEN FIELD, OH US","39.106","-84.41609","144.8","2016-06-19","  64.3","24","000000",,"999.9",,"  86.0"," ","  59.0"," "," 11.1",," 0.00","G","1024.5","24","999.9",,"006.8","24","  72.8","24"
"72429793812","CINCINNATI MUNICIPAL AIRPORT LUNKEN FIELD, OH US","39.106","-84.41609","144.8","2016-06-20","  69.4","24","000000",," 20.0",,"  89.1"," ","  59.0"," "," 13.0",," 0.00","G","1022.0","24","999.9",,"004.4","24","  77.7","24"
"72429793812","CINCINNATI MUNICIPAL AIRPORT LUNKEN FIELD, OH US","39.106","-84.41609","144.8","2016-06-21","  67.3","24","010000",," 24.1",,"  89.1"," ","  66.9"," "," 17.1",," 0.01","G","1014.8","23","999.9",,"997.3","24","  80.3","24"
"72429793812","CINCINNATI MUNICIPAL AIRPORT LUNKEN FIELD, OH US","39.106","-84.41609","144.8","2016-06-22","  64.4","24","010010",,"999.9",,"  88.0"," ","  60.1"," "," 11.1",," 0.20","B","1014.7","20","999.9",,"997.4","24","  68.9","24"
"72429793812","CINCINNATI MUNICIPAL AIRPORT LUNKEN FIELD, OH US","39.106","-84.41609","144.8","2016-06-23","  73.9","23","110010",," 36.9",,"  90.0"," ","  60.1"," "," 22.9",," 0.91","G","1010.9","22","999.9",,"993.4","24","  78.0","24"
"72429793812","CINCINNATI MUNICIPAL AIRPORT LUNKEN FIELD, OH US","39.106","-84.41609","144.8","2016-06-24","  70.0","24","110000",,"999.9",,"  90.0"," ","  69.1"," ","  6.0",," 0.17","G","1015.1","15","999.9",,"997.1","24","  75.1","24"
"72429793812","CINCINNATI MUNICIPAL AIRPORT LUNKEN FIELD, OH US","39.106","-84.41609","144.8","2016-06-25","  64.8","24","100000",,"999.9",,"  88.0"," ","  61.0"," ","  7.0",," 0.06","G","1019.2","23","999.9",,"001.5","24","  74.1","24"
"72429793812","CINCINNATI MUNICIPAL AIRPORT LUNKEN FIELD, OH US","39.106","-84.41609","144.8","2016-06-26","  70.7","24","100000",,"999.9",,"  91.9"," ","  61.0"," "," 11.1",," 0.00","G","1018.2","21","999.9",,"000.7","24","  77.8","24"
"72429793812","CINCINNATI MUNICIPAL AIRPORT LUNKEN FIELD, OH US","39.106","-84.41609","144.8","2016-06-27","  68.9","24","000000",," 18.1",,"  91.9"," ","  66.0"," ","  8.9",," 0.01","G","1016.4","24","999.9",,"999.0","24","  81.2","24"
"72429793812","CINCINNATI MUNICIPAL AIRPORT LUNKEN FIELD, OH US","39.106","-84.41609","144.8","2016-06-28","  63.7","24","000000",," 21.0",,"  90.0"," ","  64.9"," "," 13.0",," 0.00","G","1016.2","24","999.9",,"998.6","24","  76.0","24"
"72429793812","CINCINNATI MUNICIPAL AIRPORT LUNKEN FIELD, OH US","39.106","-84.41609","144.8","2016-06-29","  55.4","24","000000",,"999.9",,"  84.0"," ","  55.0"," "," 11.1",," 0.00","G","1018.1","24","999.9",,"000.4","24","  67.6","24"
"72429793812","CINCINNATI MUNICIPAL AIRPORT LUNKEN FIELD, OH US","39.106","-84.41609","144.8","2016-06-30","  56.2","24","100000",,"999.9",,"  81.0"," ","  53.1"," ","  7.0",," 0.00","G","1017.3","23","999.9",,"999.6","24","  67.1","24"
"72429793812","CINCINNATI MUNICIPAL AIRPORT LUNKEN FIELD, OH US","39.106","-84.41609","144.8","2016-07-01","  62.2","24","010000",," 18.1",,"  84.0"," ","  53.1"," "," 11.1",," 0.00","G","1014.8","23","999.9",,"997.1","24","  70.7","24"
"72429793812","CINCINNATI MUNICIPAL AIRPORT LUNKEN FIELD, OH US","39.106","-84.41609","144.8","2016-07-02","  55.9","24","000000",,"999.9",,"  84.0"," ","  54.0"," ","  7.0",," 0.05","G","1019.4","24","999.9",,"001.7","24","  68.9","24"
"72429793812","CINCINNATI MUNICIPAL AIRPORT LUNKEN FIELD, OH US","39.106","-84.41609","144.8","2016-07-03","  62.6","24","010000",,"999.9",,"  79.0"," ","  54.0"," ","  7.0",," 0.00","G","1019.2","21","999.9",,"001.3","24","  65.2","24"
"72429793812","CINCINNATI MUNICIPAL AIRPORT LUNKEN FIELD, OH US","39.106","-84.41609","144.8","2016-07-04","  67.3","24","010000",,"999.9",,"  77.0"," ","  62.1"," ","  7.0",," 0.56","G","1013.7","14","999.9",,"995.9","24","  67.8","24"
"72429793812","CINCINNATI MUNICIPAL AIRPORT LUNKEN FIELD, OH US","39.106","-84.41609","144.8","2016-07-05","  70.7","24","010000",,"999.9",,"  84.9"," ","  63.0"," ","  7.0",," 0.47","G","1012.9","13","999.9",,"995.0","24","  75.9","24"
"72429793812","CINCINNATI MUNICIPAL AIRPORT LUNKEN FIELD, OH US","39.106","-84.41609","144.8","2016-07-06","  71.1","24","110010",,"999.9",,"  84.9","*","  66.2","*"," 14.0",," 0.01","G","1012.8","17","999.9",,"995.4","24","  75.3","24"
"72429793812","CINCINNATI MUNICIPAL AIRPORT LUNKEN FIELD, OH US","39.106","-84.41609","144.8","2016-07-07","  70.8","24","000000",,"999.9",,"  86.0"," ","  66.9"," ","  9.9",," 0.09","G","1011.9","22","999.9",,"994.4","24","  75.6","24"
"72429793812","CINCINNATI MUNICIPAL AIRPORT LUNKEN FIELD, OH US","39.106","-84.41609","144.8","2016-07-08","  71.3","24","010010",," 48.0",,"  84.0"," ","  69.1"," "," 18.1",," 0.00","G","1011.6","19","999.9",,"994.4","24","  75.2","24"
"72429793812","CINCINNATI MUNICIPAL AIRPORT LUNKEN FIELD, OH US","39.106","-84.41609","144.8","2016-07-09","  66.8","24","000000",," 24.1",,"  82.9"," ","  64.0"," "," 11.1",," 0.31","G","1013.5","24","999.9",,"996.0","24","  75.8","24"
"72429793812","CINCINNATI MUNICIPAL AIRPORT LUNKEN FIELD, OH US","39.106","-84.41609","144.8","2016-07-10","  63.3","24","000000",,"999.9",,"  84.9"," ","  60.1"," ","  7.0",," 0.00","G","1017.1","24","999.9",,"999.5","24","  72.8","24"
"72429793812","CINCINNATI MUNICIPAL AIRPORT LUNKEN FIELD, OH US","39.106","-84.41609","144.8","2016-07-11","  65.7","24","100000",,"999.9",,"  87.1"," ","  60.1"," ","  5.1",," 0.00","G","1017.2","22","999.9",,"999.6","24","  74.1","24"
"72429793812","CINCINNATI MUNICIPAL AIRPORT LUNKEN FIELD, OH US","39.106","-84.41609","144.8","2016-07-12","  70.1","24","000000",," 21.0",,"  87.1"," ","  62.1"," "," 12.0",," 0.00","G","1015.5","21","999.9",,"997.9","24","  74.4","24"
"72429793812","CINCINNATI MUNICIPAL AIRPORT LUNKEN FIELD, OH US","39.106","-84.41609","144.8","2016-07-13","  72.8","24","000000",," 15.0",,"  91.0"," ","  64.9"," "," 13.0",," 0.00","G","1015.6","24","999.9",,"998.0","24","  79.4","24"
"72429793812","CINCINNATI MUNICIPAL AIRPORT LUNKEN FIELD, OH US","39.106","-84.41609","144.8","2016-07-14","  69.3","21","010010",," 42.0",,"  91.0"," ","  64.9"," "," 31.1",," 0.27","G","1013.7","23","999.9",,"996.2","24","  77.4","24"
"72429793812","CINCINNATI MUNICIPAL AIRPORT LUNKEN FIELD, OH US","39.106","-84.41609","144.8","2016-07-15","  71.0","23","110010",," 21.0",,"  89.1"," ","  64.9"," ","  8.9",," 0.32","G","1015.1","18","999.9",,"997.6","24","  75.2","24"
"72429793812","CINCINNATI MUNICIPAL AIRPORT LUNKEN FIELD, OH US","39.106","-84.41609","144.8","2016-07-16","  66.1","24","100000",,"999.9",,"  88.0"," ","  66.0"," ","  8.9",," 0.09","G","1017.9","21","999.9",,"000.1","24","  74.1","24"
"72429793812","CINCINNATI MUNICIPAL AIRPORT LUNKEN FIELD, OH US","39.106","-84.41609","144.8","2016-07-17","  67.3","24","100000",,"999.9",,"  88.0"," ","  60.1"," "," 13.0",," 0.00","G","1020.3","21","999.9",,"002.6","24","  74.0","24"
"72429793812","CINCINNATI MUNICIPAL AIRPORT LUNKEN FIELD, OH US","39.106","-84.41609","144.8","2016-07-18","  70.5","23","010010",," 29.9",,"  88.0"," ","  60.1"," "," 20.0",," 0.00","G","1020.6","21","999.9",,"003.3","23","  76.7","23"
"72429793812","CINCINNATI MUNICIPAL AIRPORT LUNKEN FIELD, OH US","39.106","-84.41609","144.8","2016-07-19","  68.5","24","100000",,"999.9",,"  90.0"," ","  66.0"," ","  7.0",," 0.29","G","1022.4","20","999.9",,"004.9","24","  77.6","24"
"72429793812","CINCINNATI MUNICIPAL AIRPORT LUNKEN FIELD, OH US","39.106","-84.41609","144.8","2016-07-20","  68.2","24","100000",,"999.9",,"  90.0"," ","  64.9"," ","  8.0",," 0.00","G","1022.5","23","999.9",,"004.8","24","  77.6","24"
"72429793812","CINCINNATI MUNICIPAL AIRPORT LUNKEN FIELD, OH US","39.106","-84.41609","144.8","2016-07-21","  70.2","24","100000",,"999.9",,"  90.0"," ","  64.9"," ","  8.9",," 0.00","G","1020.5","20","999.9",,"003.1","24","  78.4","24"
"72429793812","CINCINNATI MUNICIPAL AIRPORT LUNKEN FIELD, OH US","39.106","-84.41609","144.8","2016-07-22","  74.3","24","010000",,"999.9",,"  90.0"," ","  66.9"," "," 12.0",," 0.00","G","1016.9","22","999.9",,"999.4","24","  79.3","24"
"72429793812","CINCINNATI MUNICIPAL AIRPORT LUNKEN FIELD, OH US","39.106","-84.41609","144.8","2016-07-23","  72.4","24","100000",,"999.9",,"  91.9"," ","  66.9"," ","  8.0",," 0.00","G","1015.5","19","999.9",,"998.1","24","  79.4","24"
"72429793812","CINCINNATI MUNICIPAL AIRPORT LUNKEN FIELD, OH US","39.106","-84.41609","144.8","2016-07-24","  74.6","24","000000",,"999.9",,"  93.9"," ","  66.9"," "," 12.0",," 0.00","G","1014.9","24","999.9",,"997.5","24","  82.5","24"
"72429793812","CINCINNATI MUNICIPAL AIRPORT LUNKEN FIELD, OH US","39.106","-84.41609","144.8","2016-07-25","  74.9","24","000000",," 14.0",,"  93.9"," ","  71.1"," "," 12.0",," 0.00","G","1014.6","24","999.9",,"997.1","24","  83.4","24"
"72429793812","CINCINNATI MUNICIPAL AIRPORT LUNKEN FIELD, OH US","39.106","-84.41609","144.8","2016-07-26","  74.9","24","010010",,"999.9",,"  93.9"," ","  72.0"," ","  8.0",," 0.00","G","1015.7","19","999.9",,"998.3","24","  78.8","24"
"72429793812","CINCINNATI MUNICIPAL AIRPORT LUNKEN FIELD, OH US","39.106","-84.41609","144.8","2016-07-27","  74.2","24","000000",,"999.9",,"  88.0"," ","  72.0"," ","  8.0",," 0.83","G","1015.0","21","999.9",,"997.6","24","  79.7","24"
"72429793812","CINCINNATI MUNICIPAL AIRPORT LUNKEN FIELD, OH US","39.106","-84.41609","144.8","2016-07-28","  73.2","22","110010",,"999.9",,"  82.0","*","  69.8","*"," 12.0",," 3.41","G","1012.2","16","999.9",,"995.0","24","  76.1","24"
"72429793812","CINCINNATI MUNICIPAL AIRPORT LUNKEN FIELD, OH US","39.106","-84.41609","144.8","2016-07-29","  73.1","24","010010",,"999.9",,"  86.0"," ","  70.0"," "," 15.0",," 0.07","G","1012.3","19","999.9",,"995.0","24","  77.1","24"
"72429793812","CINCINNATI MUNICIPAL AIRPORT LUNKEN FIELD, OH US","39.106","-84.41609","144.8","2016-07-30","  70.8","19","010010",,"999.9",,"  86.0"," ","  68.0"," "," 11.1",," 0.97","G","1013.4","16","999.9",,"995.9","24","  75.2","24"
"72429793812","CINCINNATI MUNICIPAL AIRPORT LUNKEN FIELD, OH US","39.106","-84.41609","144.8","2016-07-31","  69.8","24","000000",,"999.9",,"  86.0"," ","  68.0"," ","  8.0",," 0.00","G","1015.3","24","999.9",,"997.8","24","  77.2","24"
"72429793812","CINCINNATI MUNICIPAL AIRPORT LUNKEN FIELD, OH US","39.106","-84.41609","144.8","2016-08-01","  71.0","24","010010",," 20.0",,"  86.0"," ","  66.9"," "," 12.0",," 0.00","G","1017.2","23","999.9",,"999.7","24","  74.7","24"
"72429793812","CINCINNATI MUNICIPAL AIRPORT LUNKEN FIELD, OH US","39.106","-84.41609","144.8","2016-08-02","  71.1","24","100000",,"999.9",,"  90.0"," ","  66.9"," ","  5.1",," 0.05","G","1017.1","16","999.9",,"999.8","24","  77.4","24"
"72429793812","CINCINNATI MUNICIPAL AIRPORT LUNKEN FIELD, OH US","39.106","-84.41609","144.8","2016-08-03","  71.2","24","100000",,"999.9",,"  90.0"," ","  68.0"," ","  5.1",," 0.00","G","1016.6","23","999.9",,"999.1","24","  78.3","24"
"72429793812","CINCINNATI MUNICIPAL AIRPORT LUNKEN FIELD, OH US","39.106","-84.41609","144.8","2016-08-04","  72.6","24","000000",,"999.9",,"  89.1"," ","  68.0"," ","  6.0",," 0.00","G","1015.1","23","999.9",,"997.5","24","  78.6","24"
"72429793812","CINCINNATI MUNICIPAL AIRPORT LUNKEN FIELD, OH US","39.106","-84.41609","144.8","2016-08-05","  73.0","24","000000",,"999.9",,"  90.0"," ","  70.0"," ","  8.9",," 0.00","G","1013.0","24","999.9",,"995.5","24","  78.3","24"
"72429793812","CINCINNATI MUNICIPAL AIRPORT LUNKEN FIELD, OH US","39.106","-84.41609","144.8","2016-08-06","  69.2","24","000000",,"999.9",,"  90.0"," ","  70.0"," ","  9.9",," 0.00","G","1012.4","22","999.9",,"995.0","24","  79.5","24"
"72429793812","CINCINNATI MUNICIPAL AIRPORT LUNKEN FIELD, OH US","39.106","-84.41609","144.8","2016-08-07","  64.1","24","000000",,"999.9",,"  87.1"," ","  62.1"," ","  8.9",," 0.00","G","1014.8","24","999.9",,"997.2","24","  74.1","24"
"72429793812","CINCINNATI MUNICIPAL AIRPORT LUNKEN FIELD, OH US","39.106","-84.41609","144.8","2016-08-08","  65.2","24","000000",," 17.1",,"  87.1"," ","  61.0"," "," 11.1",," 0.00","G","1015.4","23","999.9",,"997.8","24","  73.1","24"
"72429793812","CINCINNATI MUNICIPAL AIRPORT LUNKEN FIELD, OH US","39.106","-84.41609","144.8","2016-08-09","  72.2","24","010010",,"999.9",,"  89.1"," ","  61.0"," ","  9.9",," 0.00","G","1015.5","22","999.9",,"997.9","24","  75.4","24"
"72429793812","CINCINNATI MUNICIPAL AIRPORT LUNKEN FIELD, OH US","39.106","-84.41609","144.8","2016-08-10","  75.8","24","010000",,"999.9",,"  91.0"," ","  68.0"," ","  7.0",," 0.11","G","1018.0","21","999.9",,"000.4","24","  79.0","24"
"72429793812","CINCINNATI MUNICIPAL AIRPORT LUNKEN FIELD, OH US","39.106","-84.41609","144.8","2016-08-11","  75.2","24","000000",,"999.9",,"  91.0"," ","  72.0"," "," 13.0",," 0.10","G","1017.6","23","999.9",,"000.0","24","  80.8","24"
"72429793812","CINCINNATI MUNICIPAL AIRPORT LUNKEN FIELD, OH US","39.106","-84.41609","144.8","2016-08-12","  74.5","24","000000",," 18.1",,"  91.0"," ","  73.0"," "," 14.0",," 0.00","G","1013.6","22","999.9",,"996.2","24","  80.6","24"
"72429793812","CINCINNATI MUNICIPAL AIRPORT LUNKEN FIELD, OH US","39.106","-84.41609","144.8","2016-08-13","  75.2","24","000000",," 26.0",,"  90.0"," ","  73.0"," "," 18.1",," 0.00","G","1012.2","24","999.9",,"994.8","24","  79.8","24"
"72429793812","CINCINNATI MUNICIPAL AIRPORT LUNKEN FIELD, OH US","39.106","-84.41609","144.8","2016-08-14","  74.2","23","010000",,"999.9",,"  87.1"," ","  73.0"," "," 13.0",," 0.06","G","1016.4","17","999.9",,"999.0","24","  77.7","24"
"72429793812","CINCINNATI MUNICIPAL AIRPORT LUNKEN FIELD, OH US","39.106","-84.41609","144.8","2016-08-15","  72.9","24","110010",," 35.0",,"  87.1"," ","  69.1"," "," 25.1",," 1.88","G","1019.8","17","999.9",,"002.2","24","  75.7","24"
"72429793812","CINCINNATI MUNICIPAL AIRPORT LUNKEN FIELD, OH US","39.106","-84.41609","144.8","2016-08-16","  72.7","24","010000",," 21.0",,"  87.1"," ","  69.1"," "," 14.0",," 0.28","G","1018.6","20","999.9",,"001.0","24","  75.3","24"
"72429793812","CINCINNATI MUNICIPAL AIRPORT LUNKEN FIELD, OH US","39.106","-84.41609","144.8","2016-08-17","  72.8","24","010000",,"999.9",,"  82.9"," ","  71.1"," ","  6.0",," 0.46","G","1019.8","11","999.9",,"002.4","24","  74.4","24"
"72429793812","CINCINNATI MUNICIPAL AIRPORT LUNKEN FIELD, OH US","39.106","-84.41609","144.8","2016-08-18","  70.9","24","100000",,"999.9",,"  84.9"," ","  68.0"," ","  8.9",," 1.43","G","1018.8","18","999.9",,"001.4","24","  75.6","24"
"72429793812","CINCINNATI MUNICIPAL AIRPORT LUNKEN FIELD, OH US","39.106","-84.41609","144.8","2016-08-19","  72.2","24","000000",,"999.9",,"  84.9"," ","  68.0"," ","  7.0",," 0.00","G","1015.2","17","999.9",,"997.9","24","  76.9","24"
"72429793812","CINCINNATI MUNICIPAL AIRPORT LUNKEN FIELD, OH US","39.106","-84.41609","144.8","2016-08-20","  71.9","24","010010",," 18.1",,"  84.9"," ","  66.9"," "," 12.0",," 0.00","G","1010.3","17","999.9",,"993.3","24","  73.8","24"
"72429793812","CINCINNATI MUNICIPAL AIRPORT LUNKEN FIELD, OH US","39.106","-84.41609","144.8","2016-08-21","  65.0","24","010010",," 17.1",,"  81.0"," ","  66.9"," "," 13.0",," 0.63","G","1011.9","19","999.9",,"993.7","24","  73.6","24"
"72429793812","CINCINNATI MUNICIPAL AIRPORT LUNKEN FIELD, OH US","39.106","-84.41609","144.8","2016-08-22","  59.0","24","100000",,"999.9",,"  80.1"," ","  57.0"," ","  6.0",," 0.02","G","1020.8","19","999.9",,"003.0","24","  67.9","24"
"72429793812","CINCINNATI MUNICIPAL AIRPORT LUNKEN FIELD, OH US","39.106","-84.41609","144.8","2016-08-23","  61.0","24","100000",,"999.9",,"  82.9"," ","  57.0"," ","  7.0",," 0.00","G","1024.3","20","999.9",,"006.4","24","  68.6","24"
"72429793812","CINCINNATI MUNICIPAL AIRPORT LUNKEN FIELD, OH US","39.106","-84.41609","144.8","2016-08-24","  68.1","24","000000",,"999.9",,"  87.1"," ","  57.0"," ","  9.9",," 0.00","G","1021.2","24","999.9",,"003.5","24","  72.6","24"
"72429793812","CINCINNATI MUNICIPAL AIRPORT LUNKEN FIELD, OH US","39.106","-84.41609","144.8","2016-08-25","  74.0","24","000000",," 18.1",,"  91.0"," ","  63.0"," "," 13.0",," 0.00","G","1017.6","24","999.9",,"000.1","24","  81.7","24"
"72429793812","CINCINNATI MUNICIPAL AIRPORT LUNKEN FIELD, OH US","39.106","-84.41609","144.8","2016-08-26","  73.7","24","110010",,"999.9",,"  90.0","*","  69.1","*","  9.9",," 0.00","G","1018.7","16","999.9",,"001.2","22","  78.7","24"
"72429793812","CINCINNATI MUNICIPAL AIRPORT LUNKEN FIELD, OH US","39.106","-84.41609","144.8","2016-08-27","  73.0","24","110010",," 48.0",,"  90.0"," ","  69.1"," "," 31.1",," 0.00","G","1019.2","17","999.9",,"001.5","24","  77.3","24"
"72429793812","CINCINNATI MUNICIPAL AIRPORT LUNKEN FIELD, OH US","39.106","-84.41609","144.8","2016-08-28","  72.3","22","010010",," 25.1",,"  93.2","*","  70.0","*"," 19.0",," 0.11","G","1021.2","19","999.9",,"003.3","23","  77.8","23"
"72429793812","CINCINNATI MUNICIPAL AIRPORT LUNKEN FIELD, OH US","39.106","-84.41609","144.8","2016-08-29","  71.0","19","110010",,"999.9",,"  90.0"," ","  64.9"," "," 12.0",," 1.37","G","1022.0","18","999.9",,"004.3","24","  75.6","24"
"72429793812","CINCINNATI MUNICIPAL AIRPORT LUNKEN FIELD, OH US","39.106","-84.41609","144.8","2016-08-30","  69.4","24","100000",,"999.9",,"  90.0"," ","  64.9"," ","  6.0",," 0.00","G","1019.7","19","999.9",,"002.3","24","  76.9","24"
"72429793812","CINCINNATI MUNICIPAL AIRPORT LUNKEN FIELD, OH US","39.106","-84.41609","144.8","2016-08-31","  70.0","24","010000",," 20.0",,"  89.1"," ","  66.0"," "," 15.0",," 0.00","G","1015.6","22","999.9",,"998.1","24","  74.9","24"
"72429793812","CINCINNATI MUNICIPAL AIRPORT LUNKEN FIELD, OH US","39.106","-84.41609","144.8","2016-09-01","  63.2","24","000000",,"999.9",,"  78.1","*","  66.2","*"," 12.0",," 0.01","G","1016.2","22","999.9",,"998.4","24","  72.3","24"
"72429793812","CINCINNATI MUNICIPAL AIRPORT LUNKEN FIELD, OH US","39.106","-84.41609","144.8","2016-09-02","  58.4","24","000000",," 20.0",,"  79.0"," ","  57.9"," "," 13.0",," 0.00","G","1019.8","24","999.9",,"002.0","24","  68.0","24"
"72429793812","CINCINNATI MUNICIPAL AIRPORT LUNKEN FIELD, OH US","39.106","-84.41609","144.8","2016-09-03","  58.7","24","000000",,"999.9",,"  80.1"," ","  55.0"," "," 11.1",," 0.00","G","1020.7","24","999.9",,"002.9","24","  67.8","24"
"72429793812","CINCINNATI MUNICIPAL AIRPORT LUNKEN FIELD, OH US","39.106","-84.41609","144.8","2016-09-04","  59.5","24","100000",,"999.9",,"  84.0"," ","  55.0"," ","  6.0",," 0.00","G","1022.0","21","999.9",,"004.2","24","  67.2","24"
"72429793812","CINCINNATI MUNICIPAL AIRPORT LUNKEN FIELD, OH US","39.106","-84.41609","144.8","2016-09-05","  63.9","24","100000",,"999.9",,"  90.0"," ","  55.0"," ","  8.0",," 0.00","G","1022.4","20","999.9",,"004.7","24","  70.9","24"
"72429793812","CINCINNATI MUNICIPAL AIRPORT LUNKEN FIELD, OH US","39.106","-84.41609","144.8","2016-09-06","  68.3","24","100000",,"999.9",,"  90.0"," ","  57.9"," ","  9.9",," 0.00","G","1021.5","21","999.9",,"003.8","24","  75.9","24"
"72429793812","CINCINNATI MUNICIPAL AIRPORT LUNKEN FIELD, OH US","39.106","-84.41609","144.8","2016-09-07","  70.1","24","100000",,"999.9",,"  90.0"," ","  64.0"," "," 12.0",," 0.00","G","1019.9","21","999.9",,"002.2","24","  76.8","24"
"72429793812","CINCINNATI MUNICIPAL AIRPORT LUNKEN FIELD, OH US","39.106","-84.41609","144.8","2016-09-08","  70.9","24","000000",," 21.0",,"  90.0"," ","  64.9"," "," 13.0",," 0.00","G","1015.2","23","999.9",,"997.7","24","  78.1","24"
"72429793812","CINCINNATI MUNICIPAL AIRPORT LUNKEN FIELD, OH US","39.106","-84.41609","144.8","2016-09-09","  72.9","18","010010",,"999.9",,"  90.0"," ","  68.0"," "," 11.1",," 0.82","G","1014.3","17","999.9",,"997.1","24","  76.0","24"
"72429793812","CINCINNATI MUNICIPAL AIRPORT LUNKEN FIELD, OH US","39.106","-84.41609","144.8","2016-09-10","  71.9","24","010010",," 44.1",,"  88.0"," ","  70.0"," "," 31.1",," 0.04","G","1012.9","20","999.9",,"995.5","24","  76.5","24"
"72429793812","CINCINNATI MUNICIPAL AIRPORT LUNKEN FIELD, OH US","39.106","-84.41609","144.8","2016-09-11","  59.8","24","000000",,"999.9",,"  88.0"," ","  55.9"," ","  8.0",," 0.79","G","1020.8","23","999.9",,"002.7","24","  67.6","24"
"72429793812","CINCINNATI MUNICIPAL AIRPORT LUNKEN FIELD, OH US","39.106","-84.41609","144.8","2016-09-12","  57.8","24","100000",,"999.9",,"  81.0","*","  53.6","*","  7.0",," 0.00","G","1021.1","22","999.9",,"003.3","24","  65.6","24"
"72429793812","CINCINNATI MUNICIPAL AIRPORT LUNKEN FIELD, OH US","39.106","-84.41609","144.8","2016-09-13","  59.7","24","100000",,"999.9",,"  82.9"," ","  54.0"," ","  9.9",," 0.00","G","1019.9","22","999.9",,"002.1","24","  67.7","24"
"72429793812","CINCINNATI MUNICIPAL AIRPORT LUNKEN FIELD, OH US","39.106","-84.41609","144.8","2016-09-14","  63.8","24","110000",,"999.9",,"  86.0"," ","  55.9"," ","  9.9",," 0.00","G","1020.9","18","999.9",,"003.1","24","  68.0","24"
"72429793812","CINCINNATI MUNICIPAL AIRPORT LUNKEN FIELD, OH US","39.106","-84.41609","144.8","2016-09-15","  64.8","24","000000",,"999.9",,"  86.0"," ","  55.9"," ","  9.9",," 0.04","G","1021.8","24","999.9",,"004.0","24","  69.9","24"
"72429793812","CINCINNATI MUNICIPAL AIRPORT LUNKEN FIELD, OH US","39.106","-84.41609","144.8","2016-09-16","  65.9","24","010010",," 25.1",,"  87.1"," ","  60.1"," "," 14.0",," 0.00","G","1019.0","24","999.9",,"001.3","24","  70.4","24"
"72429793812","CINCINNATI MUNICIPAL AIRPORT LUNKEN FIELD, OH US","39.106","-84.41609","144.8","2016-09-17","  69.0","24","000000",," 22.0",,"  87.1"," ","  60.1"," "," 17.1",," 0.05","G","1016.3","21","999.9",,"998.6","24","  73.0","24"
"72429793812","CINCINNATI MUNICIPAL AIRPORT LUNKEN FIELD, OH US","39.106","-84.41609","144.8","2016-09-18","  70.0","24","000000",,"999.9",,"  82.9"," ","  68.0"," ","  8.0",," 0.00","G","1015.2","19","999.9",,"997.8","24","  74.4","24"
"72429793812","CINCINNATI MUNICIPAL AIRPORT LUNKEN FIELD, OH US","39.106","-84.41609","144.8","2016-09-19","  65.3","24","100000",,"999.9",,"  86.0"," ","  61.0"," ","  5.1",," 0.00","G","1016.9","20","999.9",,"999.0","24","  72.8","24"
"72429793812","CINCINNATI MUNICIPAL AIRPORT LUNKEN FIELD, OH US","39.106","-84.41609","144.8","2016-09-20","  61.3","24","100000",,"999.9",,"  87.1"," ","  55.9"," ","  7.0",," 0.00","G","1020.1","18","999.9",,"002.4","24","  70.3","24"
"72429793812","CINCINNATI MUNICIPAL AIRPORT LUNKEN FIELD, OH US","39.106","-84.41609","144.8","2016-09-21","  62.5","24","100000",,"999.9",,"  88.0"," ","  55.9"," ","  6.0",," 0.00","G","1021.2","20","999.9",,"003.4","24","  70.4","24"
"72429793812","CINCINNATI MUNICIPAL AIRPORT LUNKEN FIELD, OH US","39.106","-84.41609","144.8","2016-09-22","  63.2","24","100000",,"999.9",,"  89.1"," ","  57.0"," ","  5.1",," 0.00","G","1019.0","19","999.9",,"001.4","24","  71.1","24"
"72429793812","CINCINNATI MUNICIPAL AIRPORT LUNKEN FIELD, OH US","39.106","-84.41609","144.8","2016-09-23","  65.2","24","100000",,"999.9",,"  89.1"," ","  57.9"," ","  5.1",," 0.00","G","1017.6","20","999.9",,"000.0","24","  73.1","24"
"72429793812","CINCINNATI MUNICIPAL AIRPORT LUNKEN FIELD, OH US","39.106","-84.41609","144.8","2016-09-24","  67.3","24","100000",,"999.9",,"  89.1"," ","  61.0"," ","  8.0",," 0.00","G","1019.3","17","999.9",,"001.5","24","  71.9","24"
"72429793812","CINCINNATI MUNICIPAL AIRPORT LUNKEN FIELD, OH US","39.106","-84.41609","144.8","2016-09-25","  65.1","24","000000",,"999.9",,"  86.0"," ","  57.0"," ","  5.1",," 0.00","G","1019.4","24","999.9",,"001.6","24","  70.9","24"
"72429793812","CINCINNATI MUNICIPAL AIRPORT LUNKEN FIELD, OH US","39.106","-84.41609","144.8","2016-09-26","  61.1","24","110000",," 22.0",,"  69.1","*","  57.0","*"," 13.0",," 0.00","G","1016.8","18","999.9",,"998.6","24","  65.2","24"
"72429793812","CINCINNATI MUNICIPAL AIRPORT LUNKEN FIELD, OH US","39.106","-84.41609","144.8","2016-09-27","  49.0","24","100000",," 26.0",,"  75.0"," ","  44.1"," "," 14.0",," 0.23","G","1015.1","23","999.9",,"997.3","24","  59.2","24"
"72429793812","CINCINNATI MUNICIPAL AIRPORT LUNKEN FIELD, OH US","39.106","-84.41609","144.8","2016-09-28","  53.6","24","010010",," 22.0",,"  75.0"," ","  44.1"," "," 14.0",," 0.00","G","1011.2","19","999.9",,"993.5","24","  57.1","24"
"72429793812","CINCINNATI MUNICIPAL AIRPORT LUNKEN FIELD, OH US","39.106","-84.41609","144.8","2016-09-29","  54.0","24","010000",,"999.9",,"  66.0"," ","  48.0"," ","  8.0",," 0.88","G","1017.0","14","999.9",,"998.6","24","  56.1","24"
"72429793812","CINCINNATI MUNICIPAL AIRPORT LUNKEN FIELD, OH US","39.106","-84.41609","144.8","2016-09-30","  56.8","24","110000",,"999.9",,"  66.9"," ","  48.0"," ","  7.0",," 0.11","G","1017.2","17","999.9",,"999.1","24","  59.1","24"
"72429793812","CINCINNATI MUNICIPAL AIRPORT LUNKEN FIELD, OH US","39.106","-84.41609","144.8","2016-10-01","  55.8","24","110000",,"999.9",,"  68.0","*","  51.8","*","  8.9",," 0.01","G","1016.8","16","999.9",,"999.2","24","  58.7","24"
"72429793812","CINCINNATI MUNICIPAL AIRPORT LUNKEN FIELD, OH US","39.106","-84.41609","144.8","2016-10-02","  59.2","24","000000",,"999.9",,"  73.9"," ","  52.0"," "," 11.1",," 0.00","A","1017.3","15","999.9",,"999.5","24","  64.4","24"
"72429793812","CINCINNATI MUNICIPAL AIRPORT LUNKEN FIELD, OH US","39.106","-84.41609","144.8","2016-10-03","  55.6","24","100000",,"999.9",,"  75.0"," ","  51.1"," ","  5.1",," 0.00","G","1018.6","19","999.9",,"000.8","24","  60.3","24"
"72429793812","CINCINNATI MUNICIPAL AIRPORT LUNKEN FIELD, OH US","39.106","-84.41609","144.8","2016-10-04","  57.0","24","100000",,"999.9",,"  80.1"," ","  50.0"," ","  7.0",," 0.00","G","1018.7","17","999.9",,"000.9","24","  63.1","24"
"72429793812","CINCINNATI MUNICIPAL AIRPORT LUNKEN FIELD, OH US","39.106","-84.41609","144.8","2016-10-05","  60.7","24","100000",,"999.9",,"  81.0"," ","  50.0"," ","  7.0",," 0.00","G","1019.5","21","999.9",,"001.6","24","  66.3","24"
"72429793812","CINCINNATI MUNICIPAL AIRPORT LUNKEN FIELD, OH US","39.106","-84.41609","144.8","2016-10-06","  61.2","24","100000",,"999.9",,"  82.9"," ","  55.9"," ","  7.0",," 0.00","G","1020.9","19","999.9",,"003.1","24","  68.0","24"
"72429793812","CINCINNATI MUNICIPAL AIRPORT LUNKEN FIELD, OH US","39.106","-84.41609","144.8","2016-10-07","  59.2","24","100000",,"999.9",,"  82.9"," ","  51.1"," ","  7.0",," 0.00","G","1018.7","20","999.9",,"001.1","24","  64.7","24"
"72429793812","CINCINNATI MUNICIPAL AIRPORT LUNKEN FIELD, OH US","39.106","-84.41609","144.8","2016-10-08","  49.8","24","000000",," 22.0",,"  80.1"," ","  51.1"," "," 15.0",," 0.00","G","1021.1","22","999.9",,"003.1","24","  62.0","24"
"72429793812","CINCINNATI MUNICIPAL AIRPORT LUNKEN FIELD, OH US","39.106","-84.41609","144.8","2016-10-09","  44.8","24","000000",,"999.9",,"  69.1"," ","  41.0"," ","  8.0",," 0.00","G","1026.8","24","999.9",,"008.6","24","  53.4","24"
"72429793812","CINCINNATI MUNICIPAL AIRPORT LUNKEN FIELD, OH US","39.106","-84.41609","144.8","2016-10-10","  47.2","24","100000",,"999.9",,"  70.0"," ","  41.0"," ","  6.0",," 0.00","G","1028.9","23","999.9",,"010.6","24","  53.5","24"
"72429793812","CINCINNATI MUNICIPAL AIRPORT LUNKEN FIELD, OH US","39.106","-84.41609","144.8","2016-10-11","  50.3","24","000000",,"999.9",,"  73.9"," ","  42.1"," ","  6.0",," 0.00","G","1026.0","22","999.9",,"007.9","24","  55.7","24"
"72429793812","CINCINNATI MUNICIPAL AIRPORT LUNKEN FIELD, OH US","39.106","-84.41609","144.8","2016-10-12","  50.8","24","100000",,"999.9",,"  78.1"," ","  44.1"," "," 13.0",," 0.00","G","1020.7","16","999.9",,"003.4","24","  59.7","24"
"72429793812","CINCINNATI MUNICIPAL AIRPORT LUNKEN FIELD, OH US","39.106","-84.41609","144.8","2016-10-13","  52.4","24","010000",," 17.1",,"  78.1"," ","  45.0"," "," 12.0",," 0.05","G","1021.8","20","999.9",,"003.9","24","  61.0","24"
"72429793812","CINCINNATI MUNICIPAL AIRPORT LUNKEN FIELD, OH US","39.106","-84.41609","144.8","2016-10-14","  46.1","24","100000",,"999.9",,"  66.9"," ","  37.9"," ","  7.0",," 0.01","G","1025.8","20","999.9",,"007.7","24","  50.6","24"
"72429793812","CINCINNATI MUNICIPAL AIRPORT LUNKEN FIELD, OH US","39.106","-84.41609","144.8","2016-10-15","  55.0","24","000000",," 15.9",,"  79.0"," ","  37.9"," "," 13.0",," 0.00","G","1022.2","24","999.9",,"004.2","24","  60.4","24"
"72429793812","CINCINNATI MUNICIPAL AIRPORT LUNKEN FIELD, OH US","39.106","-84.41609","144.8","2016-10-16","  59.2","24","100000",," 22.0",,"  81.0"," ","  46.9"," "," 14.0",," 0.00","G","1018.4","18","999.9",,"000.9","24","  65.2","24"
"72429793812","CINCINNATI MUNICIPAL AIRPORT LUNKEN FIELD, OH US","39.106","-84.41609","144.8","2016-10-17","  61.7","24","000000",," 26.0",,"  82.9"," ","  53.1"," "," 17.1",," 0.00","G","1013.6","24","999.9",,"995.9","24","  69.7","24"
"72429793812","CINCINNATI MUNICIPAL AIRPORT LUNKEN FIELD, OH US","39.106","-84.41609","144.8","2016-10-18","  62.5","24","000000",," 28.0",,"  82.9"," ","  59.0"," "," 19.0",," 0.00","G","1010.1","24","999.9",,"992.6","24","  73.1","24"
"72429793812","CINCINNATI MUNICIPAL AIRPORT LUNKEN FIELD, OH US","39.106","-84.41609","144.8","2016-10-19","  67.7","24","010010",,"999.9",,"  82.0"," ","  64.9"," ","  8.9",," 0.01","G","1014.9","18","999.9",,"997.7","24","  73.2","24"
"72429793812","CINCINNATI MUNICIPAL AIRPORT LUNKEN FIELD, OH US","39.106","-84.41609","144.8","2016-10-20","  64.5","24","010010",," 20.0",,"  79.0"," ","  57.9"," ","  8.9",," 0.41","G","1014.4","15","999.9",,"996.9","24","  64.6","24"
"72429793812","CINCINNATI MUNICIPAL AIRPORT LUNKEN FIELD, OH US","39.106","-84.41609","144.8","2016-10-21","  46.2","15","010000",," 25.1",,"  66.0"," ","  51.1"," "," 17.1",," 1.07","G","1015.4","19","999.9",,"997.2","24","  53.6","24"
"72429793812","CINCINNATI MUNICIPAL AIRPORT LUNKEN FIELD, OH US","39.106","-84.41609","144.8","2016-10-22","  40.0","24","000000",,"999.9",,"  59.0"," ","  43.0"," ","  9.9",," 0.01","G","1018.6","22","999.9",,"000.6","24","  49.7","24"
"72429793812","CINCINNATI MUNICIPAL AIRPORT LUNKEN FIELD, OH US","39.106","-84.41609","144.8","2016-10-23","  45.8","24","000000",," 26.0",,"  72.0"," ","  39.9"," "," 18.1",," 0.00","G","1019.0","24","999.9",,"000.9","24","  54.2","24"
"72429793812","CINCINNATI MUNICIPAL AIRPORT LUNKEN FIELD, OH US","39.106","-84.41609","144.8","2016-10-24","  46.4","24","000000",,"999.9",,"  72.0"," ","  39.9"," "," 13.0",," 0.00","G","1022.3","24","999.9",,"004.3","24","  58.5","24"
"72429793812","CINCINNATI MUNICIPAL AIRPORT LUNKEN FIELD, OH US","39.106","-84.41609","144.8","2016-10-25","  41.3","24","100000",,"999.9",,"  64.0"," ","  35.1"," ","  7.0",," 0.00","G","1029.0","19","999.9",,"010.8","24","  46.4","24"
"72429793812","CINCINNATI MUNICIPAL AIRPORT LUNKEN FIELD, OH US","39.106","-84.41609","144.8","2016-10-26","  42.2","24","000000",," 15.9",,"  69.1"," ","  35.1"," ","  7.0",," 0.00","G","1025.6","24","999.9",,"007.3","24","  49.7","24"
"72429793812","CINCINNATI MUNICIPAL AIRPORT LUNKEN FIELD, OH US","39.106","-84.41609","144.8","2016-10-27","  51.3","24","000000",," 18.1",,"  69.1"," ","  37.9"," "," 12.0",," 0.00","G","1019.8","22","999.9",,"002.0","24","  57.3","24"
"72429793812","CINCINNATI MUNICIPAL AIRPORT LUNKEN FIELD, OH US","39.106","-84.41609","144.8","2016-10-28","  46.1","24","100000",,"999.9",,"  64.9"," ","  39.9"," ","  6.0",," 0.00","G","1025.4","20","999.9",,"007.4","24","  52.1","24"
"72429793812","CINCINNATI MUNICIPAL AIRPORT LUNKEN FIELD, OH US","39.106","-84.41609","144.8","2016-10-29","  51.4","24","100000",," 21.0",,"  79.0"," ","  39.9"," "," 15.0",," 0.00","G","1019.6","19","999.9",,"001.8","24","  58.1","24"
"72429793812","CINCINNATI MUNICIPAL AIRPORT LUNKEN FIELD, OH US","39.106","-84.41609","144.8","2016-10-30","  57.6","23","010000",," 32.1",,"  79.0"," ","  43.0"," "," 12.0",," 0.00","G","1017.2","22","999.9",,"999.4","24","  63.3","24"
"72429793812","CINCINNATI MUNICIPAL AIRPORT LUNKEN FIELD, OH US","39.106","-84.41609","144.8","2016-10-31","  49.2","24","000000",,"999.9",,"  63.0","*","  50.0","*"," 14.0",," 0.17","G","1021.4","22","999.9",,"003.4","24","  55.4","24"
"72429793812","CINCINNATI MUNICIPAL AIRPORT LUNKEN FIELD, OH US","39.106","-84.41609","144.8","2016-11-01","  55.0","24","000000",," 26.0",,"  81.0"," ","  48.9"," "," 17.1",," 0.00","G","1018.4","24","999.9",,"000.5","24","  60.8","24"
"72429793812","CINCINNATI MUNICIPAL AIRPORT LUNKEN FIELD, OH US","39.106","-84.41609","144.8","2016-11-02","  55.0","24","100000",,"999.9",,"  81.0"," ","  48.0"," "," 12.0",," 0.00","G","1022.5","17","999.9",,"004.4","24","  61.7","24"
"72429793812","CINCINNATI MUNICIPAL AIRPORT LUNKEN FIELD, OH US","39.106","-84.41609","144.8","2016-11-03","  59.7","24","010000",," 19.0",,"  79.0"," ","  48.0"," "," 12.0",," 0.00","G","1020.7","23","999.9",,"002.9","24","  65.6","24"
"72429793812","CINCINNATI MUNICIPAL AIRPORT LUNKEN FIELD, OH US","39.106","-84.41609","144.8","2016-11-04","  48.1","24","100000",,"999.9",,"  69.1"," ","  42.1"," ","  8.0",," 0.04","G","1027.5","15","999.9",,"008.8","24","  49.8","24"
"72429793812","CINCINNATI MUNICIPAL AIRPORT LUNKEN FIELD, OH US","39.106","-84.41609","144.8","2016-11-05","  40.3","24","100000",,"999.9",,"  62.1"," ","  36.0"," ","  4.1",," 0.00","G","1029.5","21","999.9",,"011.2","24","  44.5","24"
"72429793812","CINCINNATI MUNICIPAL AIRPORT LUNKEN FIELD, OH US","39.106","-84.41609","144.8","2016-11-06","  42.0","24","100000",,"999.9",,"  68.0"," ","  34.0"," ","  5.1",," 0.00","G","1028.9","16","999.9",,"010.7","24","  46.9","24"
"72429793812","CINCINNATI MUNICIPAL AIRPORT LUNKEN FIELD, OH US","39.106","-84.41609","144.8","2016-11-07","  42.8","24","100000",,"999.9",,"  69.1"," ","  34.0"," ","  5.1",," 0.00","G","1027.8","14","999.9",,"009.8","24","  47.9","24"
"72429793812","CINCINNATI MUNICIPAL AIRPORT LUNKEN FIELD, OH US","39.106","-84.41609","144.8","2016-11-08","  46.3","24","110000",,"999.9",,"  69.1"," ","  34.0"," ","  8.0",," 0.00","G","1024.2","20","999.9",,"006.2","24","  48.1","24"
"72429793812","CINCINNATI MUNICIPAL AIRPORT LUNKEN FIELD, OH US","39.106","-84.41609","144.8","2016-11-09","  43.1","24","010000",," 22.9",,"  59.0"," ","  39.9"," "," 15.9",," 0.11","G","1022.9","21","999.9",,"004.7","24","  48.9","24"
"72429793812","CINCINNATI MUNICIPAL AIRPORT LUNKEN FIELD, OH US","39.106","-84.41609","144.8","2016-11-10","  37.9","24","100000",,"999.9",,"  60.1"," ","  33.1"," "," 12.0",," 0.00","G","1023.5","18","999.9",,"005.8","24","  43.3","24"
"72429793812","CINCINNATI MUNICIPAL AIRPORT LUNKEN FIELD, OH US","39.106","-84.41609","144.8","2016-11-11","  38.6","24","000000",," 22.0",,"  63.0"," ","  33.1"," "," 14.0",," 0.00","G","1019.7","24","999.9",,"001.6","24","  50.2","24"
"72429793812","CINCINNATI MUNICIPAL AIRPORT LUNKEN FIELD, OH US","39.106","-84.41609","144.8","2016-11-12","  31.0","24","000000",," 20.0",,"  63.0"," ","  24.1"," "," 11.1",," 0.00","G","1029.8","24","999.9",,"011.4","24","  40.5","24"
"72429793812","CINCINNATI MUNICIPAL AIRPORT LUNKEN FIELD, OH US","39.106","-84.41609","144.8","2016-11-13","  31.5","24","100000",,"999.9",,"  60.1"," ","  24.1"," ","  2.9",," 0.00","G","1026.2","22","999.9",,"007.9","24","  38.7","24"
"72429793812","CINCINNATI MUNICIPAL AIRPORT LUNKEN FIELD, OH US","39.106","-84.41609","144.8","2016-11-14","  31.4","24","100000",,"999.9",,"  60.1"," ","  25.0"," ","  8.0",," 0.00","G","1019.0","19","999.9",,"000.9","24","  38.7","24"
"72429793812","CINCINNATI MUNICIPAL AIRPORT LUNKEN FIELD, OH US","39.106","-84.41609","144.8","2016-11-15","  35.1","24","100000",,"999.9",,"  62.1"," ","  25.0"," ","  8.0",," 0.00","G","1014.7","22","999.9",,"996.6","24","  40.9","24"
"72429793812","CINCINNATI MUNICIPAL AIRPORT LUNKEN FIELD, OH US","39.106","-84.41609","144.8","2016-11-16","  40.3","24","100000",,"999.9",,"  64.0"," ","  28.0"," ","  4.1",," 0.00","G","1014.8","18","999.9",,"996.3","24","  44.7","24"
"72429793812","CINCINNATI MUNICIPAL AIRPORT LUNKEN FIELD, OH US","39.106","-84.41609","144.8","2016-11-17","  42.9","24","100000",,"999.9",,"  73.0"," ","  32.0"," ","  7.0",," 0.00","G","1017.4","19","999.9",,"999.2","24","  49.0","24"
"72429793812","CINCINNATI MUNICIPAL AIRPORT LUNKEN FIELD, OH US","39.106","-84.41609","144.8","2016-11-18","  45.9","24","100000",," 26.0",,"  77.0"," ","  34.0"," "," 19.0",," 0.00","G","1016.7","20","999.9",,"999.0","24","  56.7","24"
"72429793812","CINCINNATI MUNICIPAL AIRPORT LUNKEN FIELD, OH US","39.106","-84.41609","144.8","2016-11-19","  35.5","21","010000",," 28.9",,"  68.0","*","  37.9","*"," 18.1",," 0.11","G","1018.9","22","999.9",,"000.7","24","  46.6","24"
"72429793812","CINCINNATI MUNICIPAL AIRPORT LUNKEN FIELD, OH US","39.106","-84.41609","144.8","2016-11-20","  23.1","24","000000",," 21.0",,"  39.9","*","  28.9","*"," 15.0",," 0.00","A","1025.4","24","999.9",,"006.9","24","  35.0","24"
"72429793812","CINCINNATI MUNICIPAL AIRPORT LUNKEN FIELD, OH US","39.106","-84.41609","144.8","2016-11-21","  23.8","24","000000",," 17.1",,"  45.0"," ","  28.9"," ","  9.9",," 0.00","G","1025.5","24","999.9",,"007.0","24","  37.2","24"
"72429793812","CINCINNATI MUNICIPAL AIRPORT LUNKEN FIELD, OH US","39.106","-84.41609","144.8","2016-11-22","  26.7","24","000000",,"999.9",,"  45.0"," ","  21.0"," ","  4.1",," 0.00","G","1027.4","24","999.9",,"008.8","24","  32.5","24"
"72429793812","CINCINNATI MUNICIPAL AIRPORT LUNKEN FIELD, OH US","39.106","-84.41609","144.8","2016-11-23","  33.7","24","010000",,"999.9",,"  55.0"," ","  21.0"," ","  7.0",," 0.00","G","1022.7","24","999.9",,"004.3","24","  40.3","24"
"72429793812","CINCINNATI MUNICIPAL AIRPORT LUNKEN FIELD, OH US","39.106","-84.41609","144.8","2016-11-24","  47.1","24","010000",,"999.9",,"  53.6","*","  46.0","*","  8.9",," 0.15","G","1020.9","18","999.9",,"002.4","24","  49.5","24"
"72429793812","CINCINNATI MUNICIPAL AIRPORT LUNKEN FIELD, OH US","39.106","-84.41609","144.8","2016-11-25","  36.1","24","000000",,"999.9",,"  53.1"," ","  39.9"," ","  8.9",," 0.00","G","1026.6","22","999.9",,"008.1","24","  42.1","24"
"72429793812","CINCINNATI MUNICIPAL AIRPORT LUNKEN FIELD, OH US","39.106","-84.41609","144.8","2016-11-26","  33.8","24","000000",,"999.9",,"  46.0"," ","  37.9"," ","  8.0",," 0.00","G","1028.8","21","999.9",,"010.5","24","  41.8","24"
"72429793812","CINCINNATI MUNICIPAL AIRPORT LUNKEN FIELD, OH US","39.106","-84.41609","144.8","2016-11-27","  30.8","24","100000",,"999.9",,"  50.0"," ","  23.0"," ","  8.0",," 0.00","G","1023.5","18","999.9",,"005.7","24","  35.5","24"
"72429793812","CINCINNATI MUNICIPAL AIRPORT LUNKEN FIELD, OH US","39.106","-84.41609","144.8","2016-11-28","  38.3","23","010000",," 15.9",,"  55.9"," ","  23.0"," "," 11.1",," 0.00","G","1011.7","24","999.9",,"993.6","24","  45.7","24"
"72429793812","CINCINNATI MUNICIPAL AIRPORT LUNKEN FIELD, OH US","39.106","-84.41609","144.8","2016-11-29","  48.7","20","110000",," 22.0",,"  64.0"," ","  35.1"," "," 18.1",," 0.82","G","1003.9","23","999.9",,"986.1","24","  55.1","24"
"72429793812","CINCINNATI MUNICIPAL AIRPORT LUNKEN FIELD, OH US","39.106","-84.41609","144.8","2016-11-30","  50.2","24","010000",," 24.1",,"  64.0"," ","  44.1"," "," 19.0",," 0.00","G","1004.5","19","999.9",,"986.7","24","  57.1","24"
"72429793812","CINCINNATI MUNICIPAL AIRPORT LUNKEN FIELD, OH US","39.106","-84.41609","144.8","2016-12-01","  31.3","24","000000",," 21.0",,"  63.0"," ","  39.9"," "," 14.0",," 0.03","G","1012.5","24","999.9",,"994.5","24","  42.8","24"
"72429793812","CINCINNATI MUNICIPAL AIRPORT LUNKEN FIELD, OH US","39.106","-84.41609","144.8","2016-12-02","  30.6","24","000000",," 15.0",,"  46.9"," ","  30.9"," ","  9.9",," 0.00","G","1021.7","23","999.9",,"003.4","24","  38.3","24"
"72429793812","CINCINNATI MUNICIPAL AIRPORT LUNKEN FIELD, OH US","39.106","-84.41609","144.8","2016-12-03","  32.7","24","010000",,"999.9",,"  43.0"," ","  33.1"," ","  5.1",," 0.00","G","1028.0","23","999.9",,"009.5","24","  39.9","24"
"72429793812","CINCINNATI MUNICIPAL AIRPORT LUNKEN FIELD, OH US","39.106","-84.41609","144.8","2016-12-04","  32.9","24","010000",,"999.9",,"  46.0"," ","  36.0"," ","  7.0",," 0.00","G","1022.1","23","999.9",,"003.4","24","  39.9","24"
"72429793812","CINCINNATI MUNICIPAL AIRPORT LUNKEN FIELD, OH US","39.106","-84.41609","144.8","2016-12-05","  36.6","24","010000",," 22.0",,"  46.0"," ","  36.0"," "," 15.9",," 0.08","G","1018.3","19","999.9",,"999.1","24","  42.0","24"
"72429793812","CINCINNATI MUNICIPAL AIRPORT LUNKEN FIELD, OH US","39.106","-84.41609","144.8","2016-12-06","  38.2","24","010000",," 18.1",,"  46.0"," ","  36.0"," "," 11.1",," 0.14","G","1010.9","16","999.9",,"991.4","24","  41.1","24"
"72429793812","CINCINNATI MUNICIPAL AIRPORT LUNKEN FIELD, OH US","39.106","-84.41609","144.8","2016-12-07","  26.8","24","000000",," 19.0",,"  45.0"," ","  32.0"," "," 11.1",," 0.42","G","1020.2","22","999.9",,"001.7","24","  37.1","24"
"72429793812","CINCINNATI MUNICIPAL AIRPORT LUNKEN FIELD, OH US","39.106","-84.41609","144.8","2016-12-08","  19.4","24","001000",," 24.1",,"  41.0"," ","  26.1"," "," 15.9",," 0.00","G","1025.4","24","999.9",,"006.8","24","  31.4","24"
"72429793812","CINCINNATI MUNICIPAL AIRPORT LUNKEN FIELD, OH US","39.106","-84.41609","144.8","2016-12-09","  14.8","24","001000",," 19.0",,"  36.0"," ","  23.0"," "," 13.0",," 0.00","G","1034.4","22","999.9",,"015.5","24","  24.8","24"
"72429793812","CINCINNATI MUNICIPAL AIRPORT LUNKEN FIELD, OH US","39.106","-84.41609","144.8","2016-12-10","  17.1","24","000000",,"999.9",,"  32.0"," ","  17.1"," ","  8.0",," 0.00","G","1035.6","23","999.9",,"016.7","24","  24.7","24"
"72429793812","CINCINNATI MUNICIPAL AIRPORT LUNKEN FIELD, OH US","39.106","-84.41609","144.8","2016-12-11","  22.9","24","010000",,"999.9",,"  44.1"," ","  17.1"," ","  7.0",," 0.00","G","1024.7","24","999.9",,"006.1","24","  34.1","24"
"72429793812","CINCINNATI MUNICIPAL AIRPORT LUNKEN FIELD, OH US","39.106","-84.41609","144.8","2016-12-12","  36.0","24","010000",," 18.1",,"  45.0"," ","  28.9"," "," 13.0",," 0.20","G","1016.0","16","999.9",,"997.7","24","  40.5","24"
"72429793812","CINCINNATI MUNICIPAL AIRPORT LUNKEN FIELD, OH US","39.106","-84.41609","144.8","2016-12-13","  29.8","24","011000",,"999.9",,"  45.0"," ","  28.9"," ","  6.0",," 0.06","G","1021.7","15","999.9",,"002.9","24","  32.7","24"
"72429793812","CINCINNATI MUNICIPAL AIRPORT LUNKEN FIELD, OH US","39.106","-84.41609","144.8","2016-12-14","  18.5","24","000000",," 17.1",,"  35.1"," ","  16.0"," "," 12.0",," 0.21","G","1024.7","19","999.9",,"005.8","24","  25.3","24"
"72429793812","CINCINNATI MUNICIPAL AIRPORT LUNKEN FIELD, OH US","39.106","-84.41609","144.8","2016-12-15","  -0.9","24","000000",," 22.0",,"  30.0"," ","   9.0"," "," 13.0",," 0.00","G","1030.0","24","999.9",,"011.0","24","  15.8","24"
"72429793812","CINCINNATI MUNICIPAL AIRPORT LUNKEN FIELD, OH US","39.106","-84.41609","144.8","2016-12-16","   1.2","24","000000",,"999.9",,"  28.0"," ","   9.0"," ","  9.9",," 0.00","G","1028.2","24","999.9",,"009.2","24","  18.7","24"
"72429793812","CINCINNATI MUNICIPAL AIRPORT LUNKEN FIELD, OH US","39.106","-84.41609","144.8","2016-12-17","  40.5","24","010010",," 24.1",,"  62.1","*","  30.0","*"," 17.1",," 0.22","G","1006.8","18","999.9",,"988.5","24","  45.8","24"
"72429793812","CINCINNATI MUNICIPAL AIRPORT LUNKEN FIELD, OH US","39.106","-84.41609","144.8","2016-12-18","  27.3","24","010000",," 22.0",,"  48.9","*","  23.0","*"," 14.0",," 1.72","G","1023.9","18","999.9",,"001.0","24","  31.2","24"
"72429793812","CINCINNATI MUNICIPAL AIRPORT LUNKEN FIELD, OH US","39.106","-84.41609","144.8","2016-12-19","  13.9","24","000000",,"999.9",,"  37.0"," ","  16.0"," ","  8.0",," 0.27","G","1040.5","21","999.9",,"021.7","24","  20.4","24"
"72429793812","CINCINNATI MUNICIPAL AIRPORT LUNKEN FIELD, OH US","39.106","-84.41609","144.8","2016-12-20","  17.3","24","100000",,"999.9",,"  41.0"," ","  12.9"," "," 11.1",," 0.00","G","1033.2","18","999.9",,"014.9","24","  23.1","24"
"72429793812","CINCINNATI MUNICIPAL AIRPORT LUNKEN FIELD, OH US","39.106","-84.41609","144.8","2016-12-21","  24.8","24","000000",,"999.9",,"  41.0"," ","  12.9"," ","  8.9",," 0.00","G","1025.2","24","999.9",,"006.5","24","  29.7","24"
"72429793812","CINCINNATI MUNICIPAL AIRPORT LUNKEN FIELD, OH US","39.106","-84.41609","144.8","2016-12-22","  27.9","24","000000",,"999.9",,"  44.1"," ","  21.0"," ","  8.0",," 0.00","G","1023.5","24","999.9",,"004.9","24","  35.2","24"
"72429793812","CINCINNATI MUNICIPAL AIRPORT LUNKEN FIELD, OH US","39.106","-84.41609","144.8","2016-12-23","  27.5","24","010000",,"999.9",,"  44.1"," ","  21.9"," ","  4.1",," 0.00","G","1029.4","23","999.9",,"010.9","24","  30.0","24"
"72429793812","CINCINNATI MUNICIPAL AIRPORT LUNKEN FIELD, OH US","39.106","-84.41609","144.8","2016-12-24","  40.0","24","010000",,"999.9",,"  46.0","*","  37.0","*","  8.0",," 0.30","G","1022.1","21","999.9",,"003.5","24","  43.0","24"
"72429793812","CINCINNATI MUNICIPAL AIRPORT LUNKEN FIELD, OH US","39.106","-84.41609","144.8","2016-12-25","  40.5","24","000000",,"999.9",,"  48.2","*","  39.0","*","  7.0",," 0.01","G","1028.2","17","999.9",,"009.8","24","  42.6","24"
"72429793812","CINCINNATI MUNICIPAL AIRPORT LUNKEN FIELD, OH US","39.106","-84.41609","144.8","2016-12-26","  53.8","24","010000",," 32.1",,"  72.0"," ","  39.0"," "," 20.0",," 0.00","G","1021.3","17","999.9",,"004.9","24","  57.3","24"
"72429793812","CINCINNATI MUNICIPAL AIRPORT LUNKEN FIELD, OH US","39.106","-84.41609","144.8","2016-12-27","  36.1","23","010000",," 26.0",,"  72.0"," ","  34.0"," "," 19.0",," 0.70","G","1020.9","23","999.9",,"002.6","24","  46.1","24"
"72429793812","CINCINNATI MUNICIPAL AIRPORT LUNKEN FIELD, OH US","39.106","-84.41609","144.8","2016-12-28","  26.2","24","000000",,"999.9",,"  55.0"," ","  21.9"," ","  8.9",," 0.00","G","1022.1","24","999.9",,"003.7","24","  35.1","24"
"72429793812","CINCINNATI MUNICIPAL AIRPORT LUNKEN FIELD, OH US","39.106","-84.41609","144.8","2016-12-29","  31.2","24","000000",," 28.0",,"  48.0"," ","  21.9"," "," 19.0",," 0.01","G","1012.8","21","999.9",,"994.5","24","  42.1","24"
"72429793812","CINCINNATI MUNICIPAL AIRPORT LUNKEN FIELD, OH US","39.106","-84.41609","144.8","2016-12-30","  23.0","22","001000",," 26.0",,"  46.0"," ","  28.9"," "," 18.1",," 0.02","G","1018.8","22","999.9",,"000.3","24","  34.8","24"
"72429793812","CINCINNATI MUNICIPAL AIRPORT LUNKEN FIELD, OH US","39.106","-84.41609","144.8","2016-12-31","  25.6","24","010000",," 28.9",,"  46.0"," ","  25.0"," "," 22.0",," 0.00","G","1014.1","24","999.9",,"995.7","24","  36.1","24"
"72429793812","CINCINNATI MUNICIPAL AIRPORT LUNKEN FIELD, OH US","39.106","-84.41609","144.8","2017-01-01","  35.5","24","100000",," 19.0",,"  46.9"," ","  26.1"," ","  9.9",," 0.01","G","1017.5","10","999.9",,"000.8","24","  37.8","24"
"72429793812","CINCINNATI MUNICIPAL AIRPORT LUNKEN FIELD, OH US","39.106","-84.41609","144.8","2017-01-02","  45.7","24","100000",,"999.9",,"  55.9"," ","  28.0"," ","  5.1",," 0.00","G","1019.1","15","999.9",,"001.0","24","  47.0","24"
"72429793812","CINCINNATI MUNICIPAL AIRPORT LUNKEN FIELD, OH US","39.106","-84.41609","144.8","2017-01-03","  53.4","24","110000",," 17.1",,"  57.9"," ","  43.0"," "," 11.1",," 0.53","G","1007.8","10","999.9",,"989.4","24","  53.9","24"
"72429793812","CINCINNATI MUNICIPAL AIRPORT LUNKEN FIELD, OH US","39.106","-84.41609","144.8","2017-01-04","  26.4","24","010000",," 28.0",,"  57.9"," ","  26.1"," "," 18.1",," 0.36","G","1014.9","20","999.9",,"995.7","24","  35.0","24"
"72429793812","CINCINNATI MUNICIPAL AIRPORT LUNKEN FIELD, OH US","39.106","-84.41609","144.8","2017-01-05","  15.7","24","001000",," 15.9",,"  25.0","*","  19.9","*"," 11.1",," 0.00","G","1018.4","16","999.9",,"999.7","24","  22.2","24"
"72429793812","CINCINNATI MUNICIPAL AIRPORT LUNKEN FIELD, OH US","39.106","-84.41609","144.8","2017-01-06","   4.9","24","000000",," 15.9",,"  24.1"," ","  10.0"," ","  9.9",," 0.03","G","1024.6","21","999.9",,"005.3","24","  13.6","24"
"72429793812","CINCINNATI MUNICIPAL AIRPORT LUNKEN FIELD, OH US","39.106","-84.41609","144.8","2017-01-07","   0.4","24","000000",,"999.9",,"  16.0"," ","   6.1"," "," 11.1",," 0.00","G","1033.5","24","999.9",,"014.3","24","  10.5","24"
"72429793812","CINCINNATI MUNICIPAL AIRPORT LUNKEN FIELD, OH US","39.106","-84.41609","144.8","2017-01-08","   5.8","24","001000",,"999.9",,"  23.0"," ","   6.1"," ","  8.9",," 0.00","G","1039.8","24","999.9",,"020.6","24","  15.9","24"
"72429793812","CINCINNATI MUNICIPAL AIRPORT LUNKEN FIELD, OH US","39.106","-84.41609","144.8","2017-01-09","  12.3","24","000000",,"999.9",,"  34.0"," ","   9.0"," "," 11.1",," 0.00","G","1035.0","24","999.9",,"016.0","24","  23.7","24"
"72429793812","CINCINNATI MUNICIPAL AIRPORT LUNKEN FIELD, OH US","39.106","-84.41609","144.8","2017-01-10","  29.7","24","010000",," 31.1",,"  52.0","*","  33.1","*"," 22.9",," 0.00","G","1018.7","23","999.9",,"000.4","24","  41.9","24"
"72429793812","CINCINNATI MUNICIPAL AIRPORT LUNKEN FIELD, OH US","39.106","-84.41609","144.8","2017-01-11","  41.0","24","110010",," 34.0",,"  59.0"," ","  25.0"," "," 28.0",," 0.13","G","1017.4","14","999.9",,"998.9","24","  43.5","24"
"72429793812","CINCINNATI MUNICIPAL AIRPORT LUNKEN FIELD, OH US","39.106","-84.41609","144.8","2017-01-12","  56.2","23","010000",," 32.1",,"  66.9","*","  46.9","*"," 22.9",," 0.51","G","1014.2","21","999.9",,"996.7","24","  61.7","24"
"72429793812","CINCINNATI MUNICIPAL AIRPORT LUNKEN FIELD, OH US","39.106","-84.41609","144.8","2017-01-13","  31.0","24","000000",,"999.9",,"  45.0","*","  35.1","*"," 11.1",," 0.32","G","1034.8","23","999.9",,"016.5","24","  37.1","24"
"72429793812","CINCINNATI MUNICIPAL AIRPORT LUNKEN FIELD, OH US","39.106","-84.41609","144.8","2017-01-14","  33.9","24","010000",,"999.9",,"  37.9","*","  33.8","*","  8.0",," 0.05","G","1033.1","18","999.9",,"014.5","24","  35.5","24"
"72429793812","CINCINNATI MUNICIPAL AIRPORT LUNKEN FIELD, OH US","39.106","-84.41609","144.8","2017-01-15","  34.6","24","010000",,"999.9",,"  39.0","*","  33.8","*","  7.0",," 0.27","G","1030.5","17","999.9",,"011.7","24","  36.2","24"
"72429793812","CINCINNATI MUNICIPAL AIRPORT LUNKEN FIELD, OH US","39.106","-84.41609","144.8","2017-01-16","  41.2","24","010000",,"999.9",,"  50.0"," ","  34.0"," ","  5.1",," 0.06","G","1025.8","18","999.9",,"007.2","24","  42.1","24"
"72429793812","CINCINNATI MUNICIPAL AIRPORT LUNKEN FIELD, OH US","39.106","-84.41609","144.8","2017-01-17","  51.9","24","010000",," 21.0",,"  64.9"," ","  37.9"," "," 14.0",," 0.39","G","1015.2","15","999.9",,"997.0","24","  55.5","24"
"72429793812","CINCINNATI MUNICIPAL AIRPORT LUNKEN FIELD, OH US","39.106","-84.41609","144.8","2017-01-18","  38.3","24","010000",," 21.0",,"  48.9","*","  39.0","*"," 14.0",," 0.28","G","1020.7","19","999.9",,"002.5","24","  42.9","24"
"72429793812","CINCINNATI MUNICIPAL AIRPORT LUNKEN FIELD, OH US","39.106","-84.41609","144.8","2017-01-19","  38.5","24","000000",,"999.9",,"  51.1"," ","  36.0"," ","  6.0",," 0.00","G","1018.3","23","999.9",,"000.2","24","  43.0","24"
"72429793812","CINCINNATI MUNICIPAL AIRPORT LUNKEN FIELD, OH US","39.106","-84.41609","144.8","2017-01-20","  49.7","24","010000",,"999.9",,"  63.0"," ","  36.0"," "," 13.0",," 0.57","G","1006.7","18","999.9",,"988.4","24","  53.5","24"
"72429793812","CINCINNATI MUNICIPAL AIRPORT LUNKEN FIELD, OH US","39.106","-84.41609","144.8","2017-01-21","  47.6","24","100000",,"999.9",,"  64.0"," ","  37.9"," ","  8.0",," 0.02","G","1005.9","18","999.9",,"988.4","24","  49.8","24"
"72429793812","CINCINNATI MUNICIPAL AIRPORT LUNKEN FIELD, OH US","39.106","-84.41609","144.8","2017-01-22","  48.5","24","100000",,"999.9",,"  64.0"," ","  37.9"," ","  8.9",," 0.00","G","1000.8","21","999.9",,"983.3","24","  51.7","24"
"72429793812","CINCINNATI MUNICIPAL AIRPORT LUNKEN FIELD, OH US","39.106","-84.41609","144.8","2017-01-23","  47.3","24","010000",," 25.1",,"  64.0"," ","  41.0"," "," 17.1",," 0.03","G"," 998.4","16","999.9",,"980.9","24","  51.4","24"
"72429793812","CINCINNATI MUNICIPAL AIRPORT LUNKEN FIELD, OH US","39.106","-84.41609","144.8","2017-01-24","  39.9","24","010000",," 15.0",,"  57.0"," ","  42.1"," "," 11.1",," 0.08","G","1009.5","20","999.9",,"991.1","24","  43.9","24"
"72429793812","CINCINNATI MUNICIPAL AIRPORT LUNKEN FIELD, OH US","39.106","-84.41609","144.8","2017-01-25","  39.4","24","000000",," 26.0",,"  60.1"," ","  30.9"," "," 20.0",," 0.00","G","1007.1","21","999.9",,"988.8","24","  43.7","24"
"72429793812","CINCINNATI MUNICIPAL AIRPORT LUNKEN FIELD, OH US","39.106","-84.41609","144.8","2017-01-26","  32.6","24","011000",," 27.0",,"  60.1"," ","  30.9"," "," 22.0",," 0.00","G","1007.9","20","999.9",,"990.7","24","  40.2","24"
"72429793812","CINCINNATI MUNICIPAL AIRPORT LUNKEN FIELD, OH US","39.106","-84.41609","144.8","2017-01-27","  25.8","24","001000",," 19.0",,"  36.0"," ","  30.0"," "," 15.0",," 0.01","G","1015.6","12","999.9",,"997.6","24","  32.6","24"
"72429793812","CINCINNATI MUNICIPAL AIRPORT LUNKEN FIELD, OH US","39.106","-84.41609","144.8","2017-01-28","  23.1","24","000000",," 27.0",,"  39.0"," ","  26.1"," "," 18.1",," 0.01","G","1012.4","20","999.9",,"994.1","24","  32.1","24"
"72429793812","CINCINNATI MUNICIPAL AIRPORT LUNKEN FIELD, OH US","39.106","-84.41609","144.8","2017-01-29","  25.5","24","001000",,"999.9",,"  39.0"," ","  26.1"," "," 11.1",," 0.00","G","1010.8","20","999.9",,"992.5","24","  32.5","24"
"72429793812","CINCINNATI MUNICIPAL AIRPORT LUNKEN FIELD, OH US","39.106","-84.41609","144.8","2017-01-30","  17.2","24","001000",," 19.0",,"  35.1"," ","  21.9"," "," 15.0",," 0.01","G","1016.3","23","999.9",,"997.7","24","  28.8","24"
"72429793812","CINCINNATI MUNICIPAL AIRPORT LUNKEN FIELD, OH US","39.106","-84.41609","144.8","2017-01-31","  27.7","24","000000",," 28.9",,"  50.0"," ","  21.9"," "," 20.0",," 0.00","G","1009.8","24","999.9",,"991.6","24","  41.2","24"
"72429793812","CINCINNATI MUNICIPAL AIRPORT LUNKEN FIELD, OH US","39.106","-84.41609","144.8","2017-02-01","  30.4","24","010000",,"999.9",,"  50.0"," ","  28.0"," "," 11.1",," 0.00","G","1018.0","23","999.9",,"999.9","24","  42.0","24"
"72429793812","CINCINNATI MUNICIPAL AIRPORT LUNKEN FIELD, OH US","39.106","-84.41609","144.8","2017-02-02","  19.0","24","000000",," 15.0",,"  44.1"," ","  28.9"," ","  8.9",," 0.00","G","1026.0","24","999.9",,"007.5","24","  34.5","24"
"72429793812","CINCINNATI MUNICIPAL AIRPORT LUNKEN FIELD, OH US","39.106","-84.41609","144.8","2017-02-03","  10.2","24","000000",,"999.9",,"  39.0"," ","  23.0"," "," 11.1",," 0.00","G","1030.1","24","999.9",,"011.4","24","  27.1","24"
"72429793812","CINCINNATI MUNICIPAL AIRPORT LUNKEN FIELD, OH US","39.106","-84.41609","144.8","2017-02-04","  10.3","24","000000",,"999.9",,"  37.0"," ","  12.0"," ","  8.0",," 0.00","G","1032.3","24","999.9",,"013.4","24","  23.9","24"
"72429793812","CINCINNATI MUNICIPAL AIRPORT LUNKEN FIELD, OH US","39.106","-84.41609","144.8","2017-02-05","  22.9","24","000000",," 22.0",,"  53.1","*","  28.9","*"," 18.1",," 0.00","G","1018.3","24","999.9",,"999.9","24","  41.5","24"
"72429793812","CINCINNATI MUNICIPAL AIRPORT LUNKEN FIELD, OH US","39.106","-84.41609","144.8","2017-02-06","  33.6","24","010000",,"999.9",,"  62.1"," ","  25.0"," "," 11.1",," 0.00","G","1018.7","24","999.9",,"000.4","24","  39.6","24"
"72429793812","CINCINNATI MUNICIPAL AIRPORT LUNKEN FIELD, OH US","39.106","-84.41609","144.8","2017-02-07","  55.2","24","010010",," 27.0",,"  61.0","*","  55.4","*"," 19.0",," 0.62","G","1004.3","16","999.9",,"986.8","24","  58.6","24"
"72429793812","CINCINNATI MUNICIPAL AIRPORT LUNKEN FIELD, OH US","39.106","-84.41609","144.8","2017-02-08","  41.4","24","010000",," 20.0",,"  61.0"," ","  37.0"," "," 14.0",," 0.05","G","1007.3","20","999.9",,"989.4","24","  46.6","24"
"72429793812","CINCINNATI MUNICIPAL AIRPORT LUNKEN FIELD, OH US","39.106","-84.41609","144.8","2017-02-09","  20.2","24","011000",," 22.0",,"  37.0","*","  23.0","*"," 15.9",," 0.08","G","1022.7","17","999.9",,"001.7","24","  28.9","24"
"72429793812","CINCINNATI MUNICIPAL AIRPORT LUNKEN FIELD, OH US","39.106","-84.41609","144.8","2017-02-10","  14.9","24","000000",," 22.0",,"  52.0"," ","  16.0"," "," 14.0",," 0.00","G","1025.4","24","999.9",,"006.7","24","  29.7","24"
"72429793812","CINCINNATI MUNICIPAL AIRPORT LUNKEN FIELD, OH US","39.106","-84.41609","144.8","2017-02-11","  40.2","24","000000",," 20.0",,"  66.0","*","  48.9","*"," 15.9",," 0.00","G","1013.3","24","999.9",,"995.3","24","  56.5","24"
"72429793812","CINCINNATI MUNICIPAL AIRPORT LUNKEN FIELD, OH US","39.106","-84.41609","144.8","2017-02-12","  52.0","24","010000",," 28.9",,"  66.9"," ","  48.0"," "," 18.1",," 0.21","G","1013.4","17","999.9",,"994.9","24","  57.2","24"
"72429793812","CINCINNATI MUNICIPAL AIRPORT LUNKEN FIELD, OH US","39.106","-84.41609","144.8","2017-02-13","  21.1","24","000000",," 28.0",,"  63.0"," ","  27.0"," "," 13.0",," 0.16","G","1026.2","24","999.9",,"007.9","24","  40.0","24"
"72429793812","CINCINNATI MUNICIPAL AIRPORT LUNKEN FIELD, OH US","39.106","-84.41609","144.8","2017-02-14","  29.6","24","000000",," 22.0",,"  53.1"," ","  27.0"," "," 15.9",," 0.00","G","1015.7","23","999.9",,"997.4","24","  41.0","24"
"72429793812","CINCINNATI MUNICIPAL AIRPORT LUNKEN FIELD, OH US","39.106","-84.41609","144.8","2017-02-15","  25.1","24","000000",," 22.0",,"  53.1"," ","  30.9"," "," 15.0",," 0.00","G","1008.6","23","999.9",,"990.6","24","  41.4","24"
"72429793812","CINCINNATI MUNICIPAL AIRPORT LUNKEN FIELD, OH US","39.106","-84.41609","144.8","2017-02-16","  19.3","24","000000",,"999.9",,"  45.0"," ","  28.9"," ","  9.9",," 0.00","G","1014.8","24","999.9",,"996.5","24","  34.6","24"
"72429793812","CINCINNATI MUNICIPAL AIRPORT LUNKEN FIELD, OH US","39.106","-84.41609","144.8","2017-02-17","  30.8","24","000000",," 19.0",,"  66.9"," ","  28.9"," "," 15.0",," 0.00","G","1011.0","24","999.9",,"992.9","24","  45.6","24"
"72429793812","CINCINNATI MUNICIPAL AIRPORT LUNKEN FIELD, OH US","39.106","-84.41609","144.8","2017-02-18","  37.4","24","000000",,"999.9",,"  66.9"," ","  30.0"," "," 15.9",," 0.00","G","1011.1","24","999.9",,"993.1","24","  48.0","24"
"72429793812","CINCINNATI MUNICIPAL AIRPORT LUNKEN FIELD, OH US","39.106","-84.41609","144.8","2017-02-19","  46.7","24","000000",,"999.9",,"  64.9"," ","  30.9"," ","  9.9",," 0.00","G","1016.8","22","999.9",,"998.7","24","  51.4","24"
"72429793812","CINCINNATI MUNICIPAL AIRPORT LUNKEN FIELD, OH US","39.106","-84.41609","144.8","2017-02-20","  42.9","24","100000",,"999.9",,"  66.9"," ","  35.1"," ","  7.0",," 0.00","G","1022.5","20","999.9",,"004.4","24","  47.1","24"
"72429793812","CINCINNATI MUNICIPAL AIRPORT LUNKEN FIELD, OH US","39.106","-84.41609","144.8","2017-02-21","  46.3","24","010000",,"999.9",,"  68.0"," ","  35.1"," ","  7.0",," 0.00","G","1017.2","24","999.9",,"999.1","24","  52.1","24"
"72429793812","CINCINNATI MUNICIPAL AIRPORT LUNKEN FIELD, OH US","39.106","-84.41609","144.8","2017-02-22","  55.8","24","110000",,"999.9",,"  68.0"," ","  39.0"," ","  8.0",," 0.21","G","1012.6","13","999.9",,"995.1","24","  57.2","24"
"72429793812","CINCINNATI MUNICIPAL AIRPORT LUNKEN FIELD, OH US","39.106","-84.41609","144.8","2017-02-23","  56.4","24","000000",,"999.9",,"  72.0"," ","  50.0"," "," 15.0",," 0.02","G","1008.9","22","999.9",,"991.2","24","  60.8","24"
"72429793812","CINCINNATI MUNICIPAL AIRPORT LUNKEN FIELD, OH US","39.106","-84.41609","144.8","2017-02-24","  54.7","24","000000",," 28.9",,"  79.0"," ","  50.0"," "," 21.0",," 0.00","G","1004.8","24","999.9",,"987.2","24","  65.6","24"
"72429793812","CINCINNATI MUNICIPAL AIRPORT LUNKEN FIELD, OH US","39.106","-84.41609","144.8","2017-02-25","  33.4","24","010010",," 28.0",,"  71.1","*","  33.1","*"," 20.0",," 0.17","G","1008.5","23","999.9",,"990.3","24","  44.4","24"
"72429793812","CINCINNATI MUNICIPAL AIRPORT LUNKEN FIELD, OH US","39.106","-84.41609","144.8","2017-02-26","  17.8","24","000000",," 18.1",,"  55.0"," ","  24.1"," "," 12.0",," 0.00","G","1021.7","24","999.9",,"003.3","24","  34.3","24"
"72429793812","CINCINNATI MUNICIPAL AIRPORT LUNKEN FIELD, OH US","39.106","-84.41609","144.8","2017-02-27","  34.6","24","010000",,"999.9",,"  50.0"," ","  24.1"," ","  7.0",," 0.00","G","1024.0","22","999.9",,"005.7","24","  42.8","24"
"72429793812","CINCINNATI MUNICIPAL AIRPORT LUNKEN FIELD, OH US","39.106","-84.41609","144.8","2017-02-28","  44.8","24","110010",,"999.9",,"  55.9"," ","  34.0"," "," 15.9",," 0.20","G","1021.1","11","999.9",,"000.8","24","  45.2","24"
"72429793812","CINCINNATI MUNICIPAL AIRPORT LUNKEN FIELD, OH US","39.106","-84.41609","144.8","2017-03-01","  52.0","18","010010",," 40.0",,"  64.4","*","  46.0","*"," 29.9",," 2.84","G","1007.2","16","999.9",,"988.2","23","  58.3","24"
"72429793812","CINCINNATI MUNICIPAL AIRPORT LUNKEN FIELD, OH US","39.106","-84.41609","144.8","2017-03-02","  25.2","24","010000",," 34.0",,"  46.0","*","  37.0","*"," 21.0",," 0.57","G","1021.5","24","999.9",,"003.2","24","  41.0","24"
"72429793812","CINCINNATI MUNICIPAL AIRPORT LUNKEN FIELD, OH US","39.106","-84.41609","144.8","2017-03-03","  17.0","24","001000",," 22.0",,"  41.0","*","  28.4","*"," 12.0",," 0.00","G","1032.5","23","999.9",,"013.9","24","  35.0","24"
"72429793812","CINCINNATI MUNICIPAL AIRPORT LUNKEN FIELD, OH US","39.106","-84.41609","144.8","2017-03-04","  22.4","24","101000",," 15.9",,"  42.1","*","  26.6","*"," 11.1",," 0.00","G","1036.7","20","999.9",,"018.4","24","  32.9","24"
"72429793812","CINCINNATI MUNICIPAL AIRPORT LUNKEN FIELD, OH US","39.106","-84.41609","144.8","2017-03-05","  27.2","24","000000",," 22.0",,"  66.9"," ","  27.0"," "," 15.0",," 0.07","G","1030.9","24","999.9",,"012.3","24","  43.0","24"
"72429793812","CINCINNATI MUNICIPAL AIRPORT LUNKEN FIELD, OH US","39.106","-84.41609","144.8","2017-03-06","  44.5","24","010000",," 20.0",,"  57.9","*","  50.0","*"," 13.0",," 0.00","G","1023.2","23","999.9",,"005.2","24","  55.1","24"
"72429793812","CINCINNATI MUNICIPAL AIRPORT LUNKEN FIELD, OH US","39.106","-84.41609","144.8","2017-03-07","  52.5","23","010000",," 24.1",,"  61.0"," ","  50.0"," "," 17.1",," 0.22","G","1015.5","18","999.9",,"997.5","24","  56.8","24"
"72429793812","CINCINNATI MUNICIPAL AIRPORT LUNKEN FIELD, OH US","39.106","-84.41609","144.8","2017-03-08","  31.6","24","000000",," 28.0",,"  62.1"," ","  37.9"," "," 20.0",," 0.43","G","1021.9","24","999.9",,"003.7","24","  49.5","24"
"72429793812","CINCINNATI MUNICIPAL AIRPORT LUNKEN FIELD, OH US","39.106","-84.41609","144.8","2017-03-09","  33.6","24","000000",," 24.1",,"  70.0"," ","  30.9"," "," 18.1",," 0.00","G","1020.6","24","999.9",,"002.4","24","  49.2","24"
"72429793812","CINCINNATI MUNICIPAL AIRPORT LUNKEN FIELD, OH US","39.106","-84.41609","144.8","2017-03-10","  26.4","24","010000",," 25.1",,"  70.0"," ","  30.9"," "," 15.9",," 0.09","G","1021.7","23","999.9",,"003.3","24","  42.0","24"
"72429793812","CINCINNATI MUNICIPAL AIRPORT LUNKEN FIELD, OH US","39.106","-84.41609","144.8","2017-03-11","  10.2","24","000000",," 18.1",,"  44.1"," ","  24.1"," "," 14.0",," 0.04","G","1030.5","24","999.9",,"011.8","24","  30.3","24"
"72429793812","CINCINNATI MUNICIPAL AIRPORT LUNKEN FIELD, OH US","39.106","-84.41609","144.8","2017-03-12","  12.8","24","000000",,"999.9",,"  39.9"," ","  21.9"," ","  8.0",," 0.00","G","1030.9","24","999.9",,"012.2","24","  30.7","24"
"72429793812","CINCINNATI MUNICIPAL AIRPORT LUNKEN FIELD, OH US","39.106","-84.41609","144.8","2017-03-13","  20.4","24","101000",,"999.9",,"  43.0"," ","  21.9"," "," 13.0",," 0.00","G","1023.6","21","999.9",,"004.4","24","  34.0","24"
"72429793812","CINCINNATI MUNICIPAL AIRPORT LUNKEN FIELD, OH US","39.106","-84.41609","144.8","2017-03-14","  20.8","24","001000",," 25.1",,"  43.0"," ","  23.0"," "," 19.0",," 0.05","G","1020.3","21","999.9",,"001.4","24","  28.9","24"
"72429793812","CINCINNATI MUNICIPAL AIRPORT LUNKEN FIELD, OH US","39.106","-84.41609","144.8","2017-03-15","  11.3","24","001000",," 22.0",,"  34.0"," ","  19.0"," "," 14.0",," 0.00","G","1026.2","23","999.9",,"007.4","24","  26.1","24"
"72429793812","CINCINNATI MUNICIPAL AIRPORT LUNKEN FIELD, OH US","39.106","-84.41609","144.8","2017-03-16","  13.7","24","000000",,"999.9",,"  44.1"," ","  19.0"," ","  9.9",," 0.00","G","1028.7","24","999.9",,"010.0","24","  31.4","24"
"72429793812","CINCINNATI MUNICIPAL AIRPORT LUNKEN FIELD, OH US","39.106","-84.41609","144.8","2017-03-17","  27.6","24","010000",,"999.9",,"  44.1"," ","  19.9"," ","  8.0",," 0.00","G","1024.9","19","999.9",,"005.5","24","  32.5","24"
"72429793812","CINCINNATI MUNICIPAL AIRPORT LUNKEN FIELD, OH US","39.106","-84.41609","144.8","2017-03-18","  37.8","24","100000",," 22.9",,"  46.4","*","  39.0","*"," 12.0",," 0.13","G","1020.6","15","999.9",,"001.7","24","  41.5","24"
"72429793812","CINCINNATI MUNICIPAL AIRPORT LUNKEN FIELD, OH US","39.106","-84.41609","144.8","2017-03-19","  32.8","24","000000",,"999.9",,"  51.1"," ","  37.9"," ","  8.0",," 0.00","G","1027.4","22","999.9",,"008.8","24","  42.0","24"
"72429793812","CINCINNATI MUNICIPAL AIRPORT LUNKEN FIELD, OH US","39.106","-84.41609","144.8","2017-03-20","  36.3","24","010010",," 26.0",,"  53.1"," ","  28.9"," "," 15.9",," 0.00","G","1021.9","19","999.9",,"003.2","24","  39.6","24"
"72429793812","CINCINNATI MUNICIPAL AIRPORT LUNKEN FIELD, OH US","39.106","-84.41609","144.8","2017-03-21","  45.6","24","010000",,"999.9",,"  61.0","*","  46.4","*"," 14.0",," 1.20","G","1018.0","19","999.9",,"000.1","24","  51.5","24"
"72429793812","CINCINNATI MUNICIPAL AIRPORT LUNKEN FIELD, OH US","39.106","-84.41609","144.8","2017-03-22","  22.9","24","000000",," 24.1",,"  62.1"," ","  28.9"," "," 15.0",," 0.00","G","1029.3","24","999.9",,"010.9","24","  38.9","24"
"72429793812","CINCINNATI MUNICIPAL AIRPORT LUNKEN FIELD, OH US","39.106","-84.41609","144.8","2017-03-23","  21.5","24","000000",,"999.9",,"  61.0"," ","  26.1"," ","  8.9",," 0.00","G","1030.9","24","999.9",,"012.3","24","  39.8","24"
"72429793812","CINCINNATI MUNICIPAL AIRPORT LUNKEN FIELD, OH US","39.106","-84.41609","144.8","2017-03-24","  45.4","24","000000",," 25.1",,"  73.9","*","  44.1","*"," 17.1",," 0.00","G","1022.0","24","999.9",,"003.9","24","  58.9","24"
"72429793812","CINCINNATI MUNICIPAL AIRPORT LUNKEN FIELD, OH US","39.106","-84.41609","144.8","2017-03-25","  52.1","24","000000",," 21.0",,"  75.9"," ","  41.0"," "," 15.9",," 0.00","G","1019.1","24","999.9",,"001.2","24","  65.3","24"
"72429793812","CINCINNATI MUNICIPAL AIRPORT LUNKEN FIELD, OH US","39.106","-84.41609","144.8","2017-03-26","  55.1","22","010000",," 33.0",,"  75.9"," ","  53.1"," "," 26.0",," 0.01","G","1015.0","17","999.9",,"997.3","24","  61.7","24"
"72429793812","CINCINNATI MUNICIPAL AIRPORT LUNKEN FIELD, OH US","39.106","-84.41609","144.8","2017-03-27","  52.7","14","110000",,"999.9",,"  70.0"," ","  43.0"," ","  8.9",," 0.62","G","1014.2","20","999.9",,"996.4","24","  55.5","24"
"72429793812","CINCINNATI MUNICIPAL AIRPORT LUNKEN FIELD, OH US","39.106","-84.41609","144.8","2017-03-28","  55.1","24","010000",,"999.9",,"  70.0"," ","  43.0"," "," 11.1",," 0.13","G","1013.6","19","999.9",,"995.5","24","  57.9","24"
"72429793812","CINCINNATI MUNICIPAL AIRPORT LUNKEN FIELD, OH US","39.106","-84.41609","144.8","2017-03-29","  45.4","24","000000",,"999.9",,"  62.1"," ","  44.1"," "," 12.0",," 0.00","G","1021.1","22","999.9",,"003.2","24","  51.9","24"
"72429793812","CINCINNATI MUNICIPAL AIRPORT LUNKEN FIELD, OH US","39.106","-84.41609","144.8","2017-03-30","  50.1","24","010000",," 26.0",,"  78.1"," ","  44.1"," "," 20.0",," 0.01","G","1010.0","24","999.9",,"992.2","24","  60.6","24"
"72429793812","CINCINNATI MUNICIPAL AIRPORT LUNKEN FIELD, OH US","39.106","-84.41609","144.8","2017-03-31","  53.8","24","010000",," 22.0",,"  78.1"," ","  48.0"," "," 14.0",," 0.52","G","1004.4","17","999.9",,"986.9","24","  57.0","24"
"72429793812","CINCINNATI MUNICIPAL AIRPORT LUNKEN FIELD, OH US","39.106","-84.41609","144.8","2017-04-01","  40.5","24","000000",," 14.0",,"  57.9"," ","  42.1"," ","  9.9",," 0.01","G","1019.3","18","999.9",,"001.2","24","  45.7","24"
"72429793812","CINCINNATI MUNICIPAL AIRPORT LUNKEN FIELD, OH US","39.106","-84.41609","144.8","2017-04-02","  39.5","24","100000",,"999.9",,"  64.9"," ","  33.1"," ","  8.0",," 0.00","G","1021.9","18","999.9",,"004.5","23","  47.3","24"
"72429793812","CINCINNATI MUNICIPAL AIRPORT LUNKEN FIELD, OH US","39.106","-84.41609","144.8","2017-04-03","  50.8","24","010000",," 20.0",,"  68.0"," ","  33.1"," "," 11.1",," 0.00","G","1007.1","24","999.9",,"989.2","23","  56.0","24"
"72429793812","CINCINNATI MUNICIPAL AIRPORT LUNKEN FIELD, OH US","39.106","-84.41609","144.8","2017-04-04","  53.9","24","010000",," 25.1",,"  68.0"," ","  46.9"," "," 17.1",," 0.17","G","1003.4","20","999.9",,"985.6","24","  60.8","24"
"72429793812","CINCINNATI MUNICIPAL AIRPORT LUNKEN FIELD, OH US","39.106","-84.41609","144.8","2017-04-05","  49.1","24","010010",," 32.1",,"  80.1"," ","  46.0"," "," 21.0",," 0.01","G","1007.7","23","999.9",,"989.5","24","  58.7","24"
"72429793812","CINCINNATI MUNICIPAL AIRPORT LUNKEN FIELD, OH US","39.106","-84.41609","144.8","2017-04-06","  45.2","24","010010",," 28.9",,"  59.0","*","  42.1","*"," 17.1",," 0.30","G"," 998.3","16","999.9",,"982.3","24","  49.4","24"
"72429793812","CINCINNATI MUNICIPAL AIRPORT LUNKEN FIELD, OH US","39.106","-84.41609","144.8","2017-04-07","  31.4","24","010000",," 34.0",,"  57.9"," ","  37.0"," "," 18.1",," 0.13","G","1014.2","22","999.9",,"996.0","24","  45.0","24"
"72429793812","CINCINNATI MUNICIPAL AIRPORT LUNKEN FIELD, OH US","39.106","-84.41609","144.8","2017-04-08","  29.1","24","000000",,"999.9",,"  64.0"," ","  30.0"," ","  7.0",," 0.00","G","1019.3","24","999.9",,"001.2","24","  48.3","24"
"72429793812","CINCINNATI MUNICIPAL AIRPORT LUNKEN FIELD, OH US","39.106","-84.41609","144.8","2017-04-09","  40.7","24","000000",," 24.1",,"  75.9"," ","  30.0"," "," 15.9",," 0.00","G","1016.8","24","999.9",,"998.8","24","  55.8","24"
"72429793812","CINCINNATI MUNICIPAL AIRPORT LUNKEN FIELD, OH US","39.106","-84.41609","144.8","2017-04-10","  45.1","24","000000",," 24.1",,"  78.1","*","  57.0","*"," 18.1",," 0.00","G","1016.1","24","999.9",,"998.3","24","  67.2","24"
"72429793812","CINCINNATI MUNICIPAL AIRPORT LUNKEN FIELD, OH US","39.106","-84.41609","144.8","2017-04-11","  54.4","24","010010",," 24.1",,"  79.0"," ","  55.9"," "," 14.0",," 0.26","G","1019.5","18","999.9",,"002.0","24","  63.9","24"
"72429793812","CINCINNATI MUNICIPAL AIRPORT LUNKEN FIELD, OH US","39.106","-84.41609","144.8","2017-04-12","  46.2","24","100000",,"999.9",,"  70.0"," ","  42.1"," ","  8.0",," 0.18","G","1026.8","23","999.9",,"008.6","24","  57.5","24"
"72429793812","CINCINNATI MUNICIPAL AIRPORT LUNKEN FIELD, OH US","39.106","-84.41609","144.8","2017-04-13","  45.9","24","000000",,"999.9",,"  78.1"," ","  39.9"," ","  9.9",," 0.00","G","1026.6","20","999.9",,"008.6","24","  58.2","24"
"72429793812","CINCINNATI MUNICIPAL AIRPORT LUNKEN FIELD, OH US","39.106","-84.41609","144.8","2017-04-14","  50.6","24","000000",,"999.9",,"  82.0"," ","  39.9"," ","  4.1",," 0.00","G","1023.2","24","999.9",,"005.3","24","  62.5","24"
"72429793812","CINCINNATI MUNICIPAL AIRPORT LUNKEN FIELD, OH US","39.106","-84.41609","144.8","2017-04-15","  57.5","24","010000",," 26.0",,"  82.0"," ","  46.0"," "," 17.1",," 0.00","G","1020.6","24","999.9",,"002.9","24","  67.3","24"
"72429793812","CINCINNATI MUNICIPAL AIRPORT LUNKEN FIELD, OH US","39.106","-84.41609","144.8","2017-04-16","  59.6","24","010010",," 32.1",,"  82.0"," ","  55.9"," "," 18.1",," 0.17","G","1017.0","21","999.9",,"999.2","24","  68.3","24"
"72429793812","CINCINNATI MUNICIPAL AIRPORT LUNKEN FIELD, OH US","39.106","-84.41609","144.8","2017-04-17","  53.5","24","010000",,"999.9",,"  80.1"," ","  57.9"," ","  9.9",," 2.23","G","1019.9","19","999.9",,"001.7","24","  64.2","24"
"72429793812","CINCINNATI MUNICIPAL AIRPORT LUNKEN FIELD, OH US","39.106","-84.41609","144.8","2017-04-18","  49.3","24","000000",," 17.1",,"  78.1"," ","  43.0"," "," 12.0",," 0.00","G","1021.9","24","999.9",,"003.9","24","  60.7","24"
"72429793812","CINCINNATI MUNICIPAL AIRPORT LUNKEN FIELD, OH US","39.106","-84.41609","144.8","2017-04-19","  62.5","24","000000",," 15.0",,"  79.0","*","  61.0","*"," 12.0",," 0.00","G","1019.6","22","999.9",,"001.9","24","  69.0","24"
"72429793812","CINCINNATI MUNICIPAL AIRPORT LUNKEN FIELD, OH US","39.106","-84.41609","144.8","2017-04-20","  61.7","24","110000",," 24.1",,"  82.0"," ","  55.9"," "," 19.0",," 0.00","G","1016.0","17","999.9",,"998.6","24","  68.3","24"
"72429793812","CINCINNATI MUNICIPAL AIRPORT LUNKEN FIELD, OH US","39.106","-84.41609","144.8","2017-04-21","  53.7","24","010010",," 21.0",,"  82.0"," ","  54.0"," "," 15.0",," 0.42","G","1015.1","21","999.9",,"997.1","24","  61.6","24"
"72429793812","CINCINNATI MUNICIPAL AIRPORT LUNKEN FIELD, OH US","39.106","-84.41609","144.8","2017-04-22","  44.2","24","010000",," 19.0",,"  66.9"," ","  48.0"," "," 14.0",," 0.17","G","1017.2","22","999.9",,"999.2","24","  51.1","24"
"72429793812","CINCINNATI MUNICIPAL AIRPORT LUNKEN FIELD, OH US","39.106","-84.41609","144.8","2017-04-23","  39.8","24","000000",," 20.0",,"  63.0"," ","  37.9"," "," 12.0",," 0.02","G","1017.0","24","999.9",,"998.9","24","  51.4","24"
"72429793812","CINCINNATI MUNICIPAL AIRPORT LUNKEN FIELD, OH US","39.106","-84.41609","144.8","2017-04-24","  47.7","24","000000",," 21.0",,"  73.0"," ","  37.9"," "," 11.1",," 0.00","G","1012.9","24","999.9",,"995.0","24","  57.2","24"
"72429793812","CINCINNATI MUNICIPAL AIRPORT LUNKEN FIELD, OH US","39.106","-84.41609","144.8","2017-04-25","  55.8","24","000000",,"999.9",,"  77.0"," ","  42.1"," ","  7.0",," 0.00","G","1008.3","24","999.9",,"990.6","24","  63.2","24"
"72429793812","CINCINNATI MUNICIPAL AIRPORT LUNKEN FIELD, OH US","39.106","-84.41609","144.8","2017-04-26","  58.4","24","100000",," 22.0",,"  82.0"," ","  48.0"," "," 15.0",," 0.00","G","1004.2","19","999.9",,"987.0","24","  66.3","24"
"72429793812","CINCINNATI MUNICIPAL AIRPORT LUNKEN FIELD, OH US","39.106","-84.41609","144.8","2017-04-27","  56.7","24","010000",," 25.1",,"  82.0"," ","  51.1"," "," 15.9",," 0.00","G","1003.4","22","999.9",,"985.8","24","  65.5","24"
"72429793812","CINCINNATI MUNICIPAL AIRPORT LUNKEN FIELD, OH US","39.106","-84.41609","144.8","2017-04-28","  52.0","24","010010",,"999.9",,"  75.0"," ","  44.1"," ","  7.0",," 0.05","G","1014.0","20","999.9",,"996.2","24","  57.5","24"
"72429793812","CINCINNATI MUNICIPAL AIRPORT LUNKEN FIELD, OH US","39.106","-84.41609","144.8","2017-04-29","  64.5","24","110010",," 28.9",,"  80.1","*","  61.0","*"," 22.9",," 0.79","G","1015.5","13","999.9",,"997.4","24","  67.9","24"
"72429793812","CINCINNATI MUNICIPAL AIRPORT LUNKEN FIELD, OH US","39.106","-84.41609","144.8","2017-04-30","  66.5","24","100000",," 29.9",,"  82.0"," ","  61.0"," "," 19.0",," 1.35","G","1012.2","22","999.9",,"994.7","24","  72.0","24"
"72429793812","CINCINNATI MUNICIPAL AIRPORT LUNKEN FIELD, OH US","39.106","-84.41609","144.8","2017-05-01","  57.6","24","010000",," 39.0",,"  82.0"," ","  55.9"," "," 25.1",," 0.20","G","1004.4","24","999.9",,"987.0","24","  65.6","24"
"72429793812","CINCINNATI MUNICIPAL AIRPORT LUNKEN FIELD, OH US","39.106","-84.41609","144.8","2017-05-02","  42.9","24","010000",," 29.9",,"  71.1"," ","  48.0"," "," 22.0",," 0.04","G","1009.1","23","999.9",,"991.2","24","  56.7","24"
"72429793812","CINCINNATI MUNICIPAL AIRPORT LUNKEN FIELD, OH US","39.106","-84.41609","144.8","2017-05-03","  41.4","24","010000",," 22.0",,"  66.9"," ","  42.1"," "," 15.9",," 0.01","G","1019.3","24","999.9",,"001.1","24","  52.5","24"
"72429793812","CINCINNATI MUNICIPAL AIRPORT LUNKEN FIELD, OH US","39.106","-84.41609","144.8","2017-05-04","  50.0","24","010000",,"999.9",,"  61.0"," ","  42.1"," ","  8.9",," 0.00","G","1010.7","24","999.9",,"992.9","24","  54.2","24"
"72429793812","CINCINNATI MUNICIPAL AIRPORT LUNKEN FIELD, OH US","39.106","-84.41609","144.8","2017-05-05","  51.2","24","010000",," 22.9",,"  60.1","*","  46.4","*"," 15.9",," 0.87","G","1000.4","12","999.9",,"982.5","24","  52.1","24"
"72429793812","CINCINNATI MUNICIPAL AIRPORT LUNKEN FIELD, OH US","39.106","-84.41609","144.8","2017-05-06","  42.4","24","000000",," 21.0",,"  62.1"," ","  41.0"," "," 13.0",," 0.44","G","1005.6","23","999.9",,"987.7","24","  51.0","24"
"72429793812","CINCINNATI MUNICIPAL AIRPORT LUNKEN FIELD, OH US","39.106","-84.41609","144.8","2017-05-07","  32.3","24","000000",," 25.1",,"  63.0"," ","  39.9"," "," 15.9",," 0.00","G","1012.9","24","999.9",,"994.9","24","  52.6","24"
"72429793812","CINCINNATI MUNICIPAL AIRPORT LUNKEN FIELD, OH US","39.106","-84.41609","144.8","2017-05-08","  31.7","24","000000",," 21.0",,"  66.9"," ","  30.9"," ","  9.9",," 0.00","G","1018.7","24","999.9",,"000.6","24","  50.3","24"
"72429793812","CINCINNATI MUNICIPAL AIRPORT LUNKEN FIELD, OH US","39.106","-84.41609","144.8","2017-05-09","  51.4","24","010000",,"999.9",,"  62.1","*","  50.0","*","  7.0",," 0.28","G","1015.3","18","999.9",,"997.4","24","  54.4","24"
"72429793812","CINCINNATI MUNICIPAL AIRPORT LUNKEN FIELD, OH US","39.106","-84.41609","144.8","2017-05-10","  58.4","24","000000",,"999.9",,"  82.0"," ","  50.0"," ","  8.9",," 0.65","G","1013.6","18","999.9",,"996.1","24","  62.9","24"
"72429793812","CINCINNATI MUNICIPAL AIRPORT LUNKEN FIELD, OH US","39.106","-84.41609","144.8","2017-05-11","  63.2","24","010000",,"999.9",,"  82.0"," ","  54.0"," "," 12.0",," 0.05","G","1010.6","21","999.9",,"993.1","24","  67.6","24"
"72429793812","CINCINNATI MUNICIPAL AIRPORT LUNKEN FIELD, OH US","39.106","-84.41609","144.8","2017-05-12","  52.8","24","000000",,"999.9",,"  73.0"," ","  54.0"," ","  9.9",," 0.00","A","1011.6","19","999.9",,"993.9","24","  59.1","24"
"72429793812","CINCINNATI MUNICIPAL AIRPORT LUNKEN FIELD, OH US","39.106","-84.41609","144.8","2017-05-13","  49.4","24","100000",,"999.9",,"  75.0"," ","  42.1"," "," 11.1",," 0.00","G","1012.4","18","999.9",,"994.6","24","  58.5","24"
"72429793812","CINCINNATI MUNICIPAL AIRPORT LUNKEN FIELD, OH US","39.106","-84.41609","144.8","2017-05-14","  53.9","24","000000",," 25.1",,"  82.9"," ","  42.1"," "," 14.0",," 0.00","G","1012.1","24","999.9",,"994.3","24","  66.3","24"
"72429793812","CINCINNATI MUNICIPAL AIRPORT LUNKEN FIELD, OH US","39.106","-84.41609","144.8","2017-05-15","  56.3","24","000000",,"999.9",,"  82.9"," ","  50.0"," ","  7.0",," 0.00","G","1014.9","24","999.9",,"997.2","24","  69.0","24"
"72429793812","CINCINNATI MUNICIPAL AIRPORT LUNKEN FIELD, OH US","39.106","-84.41609","144.8","2017-05-16","  61.8","24","000000",," 19.0",,"  84.9"," ","  55.9"," "," 15.0",," 0.00","G","1014.8","23","999.9",,"997.1","24","  71.1","24"
"72429793812","CINCINNATI MUNICIPAL AIRPORT LUNKEN FIELD, OH US","39.106","-84.41609","144.8","2017-05-17","  63.3","24","000000",," 28.9",,"  84.9"," ","  55.9"," "," 15.9",," 0.00","G","1013.2","24","999.9",,"995.6","24","  72.8","24"
"72429793812","CINCINNATI MUNICIPAL AIRPORT LUNKEN FIELD, OH US","39.106","-84.41609","144.8","2017-05-18","  66.2","24","000000",," 20.0",,"  84.9"," ","  59.0"," "," 14.0",," 0.00","G","1012.8","24","999.9",,"995.2","24","  76.0","24"
"72429793812","CINCINNATI MUNICIPAL AIRPORT LUNKEN FIELD, OH US","39.106","-84.41609","144.8","2017-05-19","  67.8","24","110010",," 38.1",,"  86.0"," ","  63.0"," "," 13.0",," 0.00","G","1014.7","21","999.9",,"997.2","24","  72.4","24"
"72429793812","CINCINNATI MUNICIPAL AIRPORT LUNKEN FIELD, OH US","39.106","-84.41609","144.8","2017-05-20","  66.0","24","110010",,"999.9",,"  86.0"," ","  62.1"," ","  8.0",," 0.43","G","1017.2","17","999.9",,"999.7","24","  68.3","24"
"72429793812","CINCINNATI MUNICIPAL AIRPORT LUNKEN FIELD, OH US","39.106","-84.41609","144.8","2017-05-21","  66.8","24","010010",," 25.1",,"  80.1"," ","  62.1"," "," 15.0",," 0.55","G","1015.8","18","999.9",,"998.2","24","  69.4","24"
"72429793812","CINCINNATI MUNICIPAL AIRPORT LUNKEN FIELD, OH US","39.106","-84.41609","144.8","2017-05-22","  49.8","24","000000",," 15.9",,"  79.0"," ","  50.0"," ","  8.0",," 0.01","G","1018.6","24","999.9",,"000.8","24","  63.1","24"
"72429793812","CINCINNATI MUNICIPAL AIRPORT LUNKEN FIELD, OH US","39.106","-84.41609","144.8","2017-05-23","  52.4","24","100000",,"999.9",,"  75.9"," ","  46.0"," ","  8.0",," 0.00","G","1010.9","23","999.9",,"993.2","24","  61.4","24"
"72429793812","CINCINNATI MUNICIPAL AIRPORT LUNKEN FIELD, OH US","39.106","-84.41609","144.8","2017-05-24","  59.9","24","010010",,"999.9",,"  75.9"," ","  46.0"," "," 11.1",," 0.00","G"," 999.7","17","999.9",,"981.7","24","  64.6","24"
"72429793812","CINCINNATI MUNICIPAL AIRPORT LUNKEN FIELD, OH US","39.106","-84.41609","144.8","2017-05-25","  59.4","24","010010",," 22.9",,"  73.0"," ","  55.9"," "," 15.9",," 1.05","G"," 996.8"," 7","999.9",,"979.3","24","  61.5","24"
"72429793812","CINCINNATI MUNICIPAL AIRPORT LUNKEN FIELD, OH US","39.106","-84.41609","144.8","2017-05-26","  57.6","24","000000",,"999.9",,"  79.0"," ","  54.0"," "," 11.1",," 0.19","G","1011.0","23","999.9",,"993.1","24","  66.3","24"
"72429793812","CINCINNATI MUNICIPAL AIRPORT LUNKEN FIELD, OH US","39.106","-84.41609","144.8","2017-05-27","  67.5","24","010000",,"999.9",,"  84.9"," ","  54.0"," ","  8.9",," 0.00","G","1010.3","21","999.9",,"992.9","24","  74.3","24"
"72429793812","CINCINNATI MUNICIPAL AIRPORT LUNKEN FIELD, OH US","39.106","-84.41609","144.8","2017-05-28","  64.6","24","010010",," 19.0",,"  84.9"," ","  63.0"," "," 14.0",," 0.00","G","1008.8","22","999.9",,"991.3","24","  69.9","24"
"72429793812","CINCINNATI MUNICIPAL AIRPORT LUNKEN FIELD, OH US","39.106","-84.41609","144.8","2017-05-29","  61.0","24","110010",," 19.0",,"  81.0"," ","  57.0"," "," 14.0",," 0.08","G","1012.3","19","999.9",,"994.5","24","  69.6","24"
"72429793812","CINCINNATI MUNICIPAL AIRPORT LUNKEN FIELD, OH US","39.106","-84.41609","144.8","2017-05-30","  56.8","24","000000",," 28.0",,"  81.0"," ","  57.0"," "," 17.1",," 0.00","G","1015.0","24","999.9",,"997.4","24","  70.3","24"
"72429793812","CINCINNATI MUNICIPAL AIRPORT LUNKEN FIELD, OH US","39.106","-84.41609","144.8","2017-05-31","  54.6","24","010000",," 28.0",,"  82.0"," ","  54.0"," "," 15.9",," 0.04","G","1016.4","23","999.9",,"998.7","24","  67.2","24"
"72429793812","CINCINNATI MUNICIPAL AIRPORT LUNKEN FIELD, OH US","39.106","-84.41609","144.8","2017-06-01","  51.4","24","000000",,"999.9",,"  82.0"," ","  50.0"," ","  8.0",," 0.06","G","1018.0","24","999.9",,"000.2","24","  67.5","24"
"72429793812","CINCINNATI MUNICIPAL AIRPORT LUNKEN FIELD, OH US","39.106","-84.41609","144.8","2017-06-02","  52.3","24","000000",," 14.0",,"  84.0"," ","  50.0"," ","  6.0",," 0.00","G","1018.5","23","999.9",,"000.8","24","  66.8","24"
"72429793812","CINCINNATI MUNICIPAL AIRPORT LUNKEN FIELD, OH US","39.106","-84.41609","144.8","2017-06-03","  56.7","24","000000",,"999.9",,"  87.1"," ","  50.0"," ","  6.0",," 0.00","G","1017.9","23","999.9",,"000.2","24","  69.5","24"
"72429793812","CINCINNATI MUNICIPAL AIRPORT LUNKEN FIELD, OH US","39.106","-84.41609","144.8","2017-06-04","  60.9","24","000000",,"999.9",,"  87.1"," ","  52.0"," ","  8.0",," 0.00","G","1013.6","21","999.9",,"996.2","24","  71.0","24"
"72429793812","CINCINNATI MUNICIPAL AIRPORT LUNKEN FIELD, OH US","39.106","-84.41609","144.8","2017-06-05","  66.2","24","010010",," 18.1",,"  87.1"," ","  55.0"," "," 11.1",," 0.00","G","1007.9","23","999.9",,"990.3","24","  73.1","24"
"72429793812","CINCINNATI MUNICIPAL AIRPORT LUNKEN FIELD, OH US","39.106","-84.41609","144.8","2017-06-06","  55.6","24","000000",," 17.1",,"  84.9"," ","  55.9"," "," 12.0",," 0.02","G","1011.9","24","999.9",,"994.2","24","  68.2","24"
"72429793812","CINCINNATI MUNICIPAL AIRPORT LUNKEN FIELD, OH US","39.106","-84.41609","144.8","2017-06-07","  52.7","24","000000",,"999.9",,"  78.1"," ","  52.0"," "," 12.0",," 0.00","G","1015.6","24","999.9",,"997.8","24","  61.8","24"
"72429793812","CINCINNATI MUNICIPAL AIRPORT LUNKEN FIELD, OH US","39.106","-84.41609","144.8","2017-06-08","  52.3","24","100000",,"999.9",,"  75.9"," ","  48.0"," ","  9.9",," 0.00","G","1015.4","22","999.9",,"997.7","24","  62.6","24"
"72429793812","CINCINNATI MUNICIPAL AIRPORT LUNKEN FIELD, OH US","39.106","-84.41609","144.8","2017-06-09","  54.9","24","100000",," 19.0",,"  82.0"," ","  48.0"," "," 14.0",," 0.00","G","1012.9","23","999.9",,"995.2","24","  66.3","24"
"72429793812","CINCINNATI MUNICIPAL AIRPORT LUNKEN FIELD, OH US","39.106","-84.41609","144.8","2017-06-10","  59.2","24","000000",,"999.9",,"  84.9"," ","  48.0"," "," 14.0",," 0.00","G","1015.4","24","999.9",,"997.7","24","  71.3","24"
"72429793812","CINCINNATI MUNICIPAL AIRPORT LUNKEN FIELD, OH US","39.106","-84.41609","144.8","2017-06-11","  63.2","24","100000",," 19.0",,"  88.0"," ","  57.0"," "," 15.0",," 0.00","G","1018.3","23","999.9",,"000.7","24","  74.7","24"
"72429793812","CINCINNATI MUNICIPAL AIRPORT LUNKEN FIELD, OH US","39.106","-84.41609","144.8","2017-06-12","  67.2","24","000000",," 22.9",,"  91.0"," ","  59.0"," "," 13.0",," 0.00","G","1017.9","24","999.9",,"000.3","24","  77.1","24"
"72429793812","CINCINNATI MUNICIPAL AIRPORT LUNKEN FIELD, OH US","39.106","-84.41609","144.8","2017-06-13","  71.5","24","010010",," 25.1",,"  91.0"," ","  64.9"," ","  8.0",," 0.00","G","1016.5","20","999.9",,"999.1","24","  75.5","24"
"72429793812","CINCINNATI MUNICIPAL AIRPORT LUNKEN FIELD, OH US","39.106","-84.41609","144.8","2017-06-14","  69.6","24","010010",,"999.9",,"  86.0"," ","  66.0"," "," 12.0",," 0.33","G","1016.2","18","999.9",,"998.6","24","  72.3","24"
"72429793812","CINCINNATI MUNICIPAL AIRPORT LUNKEN FIELD, OH US","39.106","-84.41609","144.8","2017-06-15","  69.4","24","010000",," 22.0",,"  86.0"," ","  66.9"," "," 14.0",," 0.30","G","1012.6","22","999.9",,"995.1","24","  75.6","24"
"72429793812","CINCINNATI MUNICIPAL AIRPORT LUNKEN FIELD, OH US","39.106","-84.41609","144.8","2017-06-16","  68.1","24","100000",,"999.9",,"  90.0"," ","  66.0"," ","  8.0",," 0.25","G","1011.0","24","999.9",,"993.6","24","  77.8","24"
"72429793812","CINCINNATI MUNICIPAL AIRPORT LUNKEN FIELD, OH US","39.106","-84.41609","144.8","2017-06-17","  68.5","24","100000",," 17.1",,"  88.0","*","  64.4","*"," 12.0",," 0.00","G","1008.7","22","999.9",,"991.3","24","  76.6","24"
"72429793812","CINCINNATI MUNICIPAL AIRPORT LUNKEN FIELD, OH US","39.106","-84.41609","144.8","2017-06-18","  69.7","24","010010",," 22.0",,"  88.0"," ","  64.9"," "," 17.1",," 0.02","G","1007.0","21","999.9",,"989.5","24","  77.9","24"
"72429793812","CINCINNATI MUNICIPAL AIRPORT LUNKEN FIELD, OH US","39.106","-84.41609","144.8","2017-06-19","  64.1","24","010010",," 20.0",,"  81.0","*","  64.0","*"," 15.9",," 1.00","G","1010.6","19","999.9",,"993.2","24","  73.6","24"
"72429793812","CINCINNATI MUNICIPAL AIRPORT LUNKEN FIELD, OH US","39.106","-84.41609","144.8","2017-06-20","  57.1","24","000000",," 19.0",,"  84.0"," ","  60.1"," "," 11.1",," 0.12","G","1015.5","24","999.9",,"997.9","24","  73.5","24"
"72429793812","CINCINNATI MUNICIPAL AIRPORT LUNKEN FIELD, OH US","39.106","-84.41609","144.8","2017-06-21","  64.3","24","000000",," 21.0",,"  89.1"," ","  60.1"," "," 15.0",," 0.00","G","1014.6","24","999.9",,"997.0","24","  74.5","24"
"72429793812","CINCINNATI MUNICIPAL AIRPORT LUNKEN FIELD, OH US","39.106","-84.41609","144.8","2017-06-22","  70.1","24","010000",," 22.0",,"  89.1"," ","  61.0"," "," 15.9",," 0.00","G","1015.1","23","999.9",,"997.5","24","  76.0","24"
"72429793812","CINCINNATI MUNICIPAL AIRPORT LUNKEN FIELD, OH US","39.106","-84.41609","144.8","2017-06-23","  72.1","20","010010",," 26.0",,"  84.0"," ","  66.9"," "," 18.1",," 0.40","G","1007.5"," 9","999.9",,"990.6","24","  73.1","24"
"72429793812","CINCINNATI MUNICIPAL AIRPORT LUNKEN FIELD, OH US","39.106","-84.41609","144.8","2017-06-24","  62.0","24","110000",," 18.1",,"  80.1"," ","  59.0"," "," 12.0",," 2.06","G","1014.0","20","999.9",,"995.5","24","  70.1","24"
"72429793812","CINCINNATI MUNICIPAL AIRPORT LUNKEN FIELD, OH US","39.106","-84.41609","144.8","2017-06-25","  52.8","24","000000",," 27.0",,"  80.1"," ","  52.0"," "," 17.1",," 0.00","G","1019.5","23","999.9",,"001.8","24","  68.6","24"
"72429793812","CINCINNATI MUNICIPAL AIRPORT LUNKEN FIELD, OH US","39.106","-84.41609","144.8","2017-06-26","  51.5","24","000000",," 19.0",,"  79.0"," ","  52.0"," "," 12.0",," 0.00","G","1020.1","24","999.9",,"002.2","24","  66.2","24"
"72429793812","CINCINNATI MUNICIPAL AIRPORT LUNKEN FIELD, OH US","39.106","-84.41609","144.8","2017-06-27","  50.7","24","000000",,"999.9",,"  75.9"," ","  52.0"," "," 11.1",," 0.00","G","1019.6","24","999.9",,"001.8","24","  65.1","24"
"72429793812","CINCINNATI MUNICIPAL AIRPORT LUNKEN FIELD, OH US","39.106","-84.41609","144.8","2017-06-28","  55.0","24","100000",,"999.9",,"  80.1"," ","  50.0"," "," 11.1",," 0.00","G","1019.9","23","999.9",,"002.2","24","  65.2","24"
"72429793812","CINCINNATI MUNICIPAL AIRPORT LUNKEN FIELD, OH US","39.106","-84.41609","144.8","2017-06-29","  63.8","24","000000",," 25.1",,"  88.0"," ","  50.0"," "," 17.1",," 0.00","G","1015.7","23","999.9",,"998.0","24","  73.0","24"
"72429793812","CINCINNATI MUNICIPAL AIRPORT LUNKEN FIELD, OH US","39.106","-84.41609","144.8","2017-06-30","  70.2","24","000000",," 17.1",,"  84.0","*","  71.1","*"," 12.0",," 0.00","G","1013.5","22","999.9",,"996.1","24","  77.5","24"
"72429793812","CINCINNATI MUNICIPAL AIRPORT LUNKEN FIELD, OH US","39.106","-84.41609","144.8","2017-07-01","  69.3","24","010000",,"999.9",,"  84.0","*","  69.8","*"," 11.1",," 0.09","G","1013.3","18","999.9",,"995.9","24","  76.0","24"
"72429793812","CINCINNATI MUNICIPAL AIRPORT LUNKEN FIELD, OH US","39.106","-84.41609","144.8","2017-07-02","  64.1","24","100000",," 15.9",,"  87.1"," ","  61.0"," "," 12.0",," 0.00","G","1018.0","19","999.9",,"000.3","24","  74.8","24"
"72429793812","CINCINNATI MUNICIPAL AIRPORT LUNKEN FIELD, OH US","39.106","-84.41609","144.8","2017-07-03","  64.7","24","100000",,"999.9",,"  89.1"," ","  61.0"," ","  8.9",," 0.00","G","1017.8","21","999.9",,"000.2","24","  74.5","24"
"72429793812","CINCINNATI MUNICIPAL AIRPORT LUNKEN FIELD, OH US","39.106","-84.41609","144.8","2017-07-04","  68.3","24","100000",," 17.1",,"  89.1"," ","  62.1"," "," 12.0",," 0.00","G","1017.1","20","999.9",,"999.5","24","  74.9","24"
"72429793812","CINCINNATI MUNICIPAL AIRPORT LUNKEN FIELD, OH US","39.106","-84.41609","144.8","2017-07-05","  69.6","24","100000",,"999.9",,"  86.0"," ","  63.0"," ","  8.9",," 0.00","G","1018.2","19","999.9",,"000.7","24","  75.6","24"
"72429793812","CINCINNATI MUNICIPAL AIRPORT LUNKEN FIELD, OH US","39.106","-84.41609","144.8","2017-07-06","  71.2","24","010010",," 20.0",,"  86.0"," ","  66.0"," "," 14.0",," 0.02","G","1016.2","19","999.9",,"998.6","24","  73.2","24"
"72429793812","CINCINNATI MUNICIPAL AIRPORT LUNKEN FIELD, OH US","39.106","-84.41609","144.8","2017-07-07","  69.7","24","110010",," 35.0",,"  89.1"," ","  64.9"," "," 26.0",," 0.33","G","1013.6","15","999.9",,"996.4","24","  74.8","24"
"72429793812","CINCINNATI MUNICIPAL AIRPORT LUNKEN FIELD, OH US","39.106","-84.41609","144.8","2017-07-08","  63.1","23","010000",," 18.1",,"  89.1"," ","  63.0"," "," 13.0",," 0.75","G","1013.9","21","999.9",,"996.1","24","  72.3","24"
"72429793812","CINCINNATI MUNICIPAL AIRPORT LUNKEN FIELD, OH US","39.106","-84.41609","144.8","2017-07-09","  59.1","24","100000",,"999.9",,"  82.9"," ","  55.9"," ","  8.9",," 0.00","G","1018.2","19","999.9",,"000.6","24","  70.2","24"
"72429793812","CINCINNATI MUNICIPAL AIRPORT LUNKEN FIELD, OH US","39.106","-84.41609","144.8","2017-07-10","  66.7","24","000000",," 25.1",,"  87.1"," ","  55.9"," "," 15.0",," 0.00","G","1015.2","23","999.9",,"997.7","24","  74.9","24"
"72429793812","CINCINNATI MUNICIPAL AIRPORT LUNKEN FIELD, OH US","39.106","-84.41609","144.8","2017-07-11","  70.3","24","010010",," 21.0",,"  87.1"," ","  64.0"," "," 14.0",," 0.06","G","1014.3","19","999.9",,"997.1","24","  75.5","24"
"72429793812","CINCINNATI MUNICIPAL AIRPORT LUNKEN FIELD, OH US","39.106","-84.41609","144.8","2017-07-12","  72.0","24","100000",," 18.1",,"  89.1"," ","  66.9"," "," 14.0",," 0.31","G","1017.1","18","999.9",,"999.5","24","  77.5","24"
"72429793812","CINCINNATI MUNICIPAL AIRPORT LUNKEN FIELD, OH US","39.106","-84.41609","144.8","2017-07-13","  74.9","24","010010",," 36.9",,"  90.0"," ","  66.9"," "," 20.0",," 0.00","G","1016.9","19","999.9",,"999.6","24","  79.1","24"
"72429793812","CINCINNATI MUNICIPAL AIRPORT LUNKEN FIELD, OH US","39.106","-84.41609","144.8","2017-07-14","  73.6","24","010010",," 15.9",,"  90.0"," ","  66.0"," "," 12.0",," 0.85","G","1017.3","21","999.9",,"999.8","24","  78.7","24"
"72429793812","CINCINNATI MUNICIPAL AIRPORT LUNKEN FIELD, OH US","39.106","-84.41609","144.8","2017-07-15","  63.8","24","000000",," 15.0",,"  87.1"," ","  60.1"," "," 11.1",," 0.01","G","1018.8","24","999.9",,"001.2","24","  73.4","24"
"72429793812","CINCINNATI MUNICIPAL AIRPORT LUNKEN FIELD, OH US","39.106","-84.41609","144.8","2017-07-16","  65.9","24","100000",,"999.9",,"  86.0"," ","  60.1"," ","  7.0",," 0.00","G","1016.1","21","999.9",,"998.5","24","  73.5","24"
"72429793812","CINCINNATI MUNICIPAL AIRPORT LUNKEN FIELD, OH US","39.106","-84.41609","144.8","2017-07-17","  68.8","24","000000",,"999.9",,"  88.0"," ","  62.1"," ","  6.0",," 0.00","G","1015.1","24","999.9",,"997.6","24","  76.6","24"
"72429793812","CINCINNATI MUNICIPAL AIRPORT LUNKEN FIELD, OH US","39.106","-84.41609","144.8","2017-07-18","  71.9","24","110000",," 15.0",,"  88.0"," ","  66.0"," ","  8.9",," 0.26","G","1017.3","15","999.9",,"999.5","24","  77.9","24"
"72429793812","CINCINNATI MUNICIPAL AIRPORT LUNKEN FIELD, OH US","39.106","-84.41609","144.8","2017-07-19","  71.1","24","110000",,"999.9",,"  91.0"," ","  66.9"," ","  7.0",," 0.00","G","1018.6","20","999.9",,"000.9","24","  79.3","24"
"72429793812","CINCINNATI MUNICIPAL AIRPORT LUNKEN FIELD, OH US","39.106","-84.41609","144.8","2017-07-20","  72.0","24","010000",,"999.9",,"  91.0"," ","  64.9"," "," 11.1",," 0.00","G","1017.9","23","999.9",,"000.2","24","  77.8","24"
"72429793812","CINCINNATI MUNICIPAL AIRPORT LUNKEN FIELD, OH US","39.106","-84.41609","144.8","2017-07-21","  75.0","24","010010",," 28.9",,"  90.0"," ","  64.9"," "," 20.0",," 0.01","G","1015.3","22","999.9",,"997.9","24","  80.0","24"
"72429793812","CINCINNATI MUNICIPAL AIRPORT LUNKEN FIELD, OH US","39.106","-84.41609","144.8","2017-07-22","  75.5","24","010010",," 28.9",,"  91.9"," ","  72.0"," "," 17.1",," 0.21","G","1011.6","21","999.9",,"994.4","24","  80.8","24"
"72429793812","CINCINNATI MUNICIPAL AIRPORT LUNKEN FIELD, OH US","39.106","-84.41609","144.8","2017-07-23","  72.7","20","010010",," 35.9",,"  84.9","*","  71.6","*"," 25.1",," 0.56","G","1009.4","17","999.9",,"992.1","24","  77.4","24"
"72429793812","CINCINNATI MUNICIPAL AIRPORT LUNKEN FIELD, OH US","39.106","-84.41609","144.8","2017-07-24","  69.0","24","000000",,"999.9",,"  87.1"," ","  64.9"," ","  9.9",," 0.02","G","1011.9","24","999.9",,"994.4","24","  76.6","24"
"72429793812","CINCINNATI MUNICIPAL AIRPORT LUNKEN FIELD, OH US","39.106","-84.41609","144.8","2017-07-25","  62.1","24","100000",,"999.9",,"  87.1"," ","  60.1"," "," 11.1",," 0.00","G","1020.4","24","999.9",,"002.7","24","  71.5","24"
"72429793812","CINCINNATI MUNICIPAL AIRPORT LUNKEN FIELD, OH US","39.106","-84.41609","144.8","2017-07-26","  64.3","24","000000",,"999.9",,"  84.9"," ","  57.9"," ","  5.1",," 0.00","G","1020.2","23","999.9",,"002.5","24","  71.2","24"
"72429793812","CINCINNATI MUNICIPAL AIRPORT LUNKEN FIELD, OH US","39.106","-84.41609","144.8","2017-07-27","  72.3","24","010010",," 27.0",,"  87.1"," ","  57.9"," "," 19.0",," 0.49","G","1013.9","23","999.9",,"996.4","24","  76.8","24"
"72429793812","CINCINNATI MUNICIPAL AIRPORT LUNKEN FIELD, OH US","39.106","-84.41609","144.8","2017-07-28","  71.9","24","010010",," 20.0",,"  87.1"," ","  69.1"," "," 15.0",," 0.21","G","1010.0","17","999.9",,"992.7","24","  76.1","24"
"72429793812","CINCINNATI MUNICIPAL AIRPORT LUNKEN FIELD, OH US","39.106","-84.41609","144.8","2017-07-29","  58.5","24","000000",," 20.0",,"  84.9"," ","  62.1"," "," 13.0",," 0.22","G","1014.1","24","999.9",,"996.5","24","  71.8","24"
"72429793812","CINCINNATI MUNICIPAL AIRPORT LUNKEN FIELD, OH US","39.106","-84.41609","144.8","2017-07-30","  60.1","24","000000",,"999.9",,"  84.9"," ","  55.9"," ","  8.0",," 0.00","G","1019.7","24","999.9",,"001.9","24","  70.5","24"
"72429793812","CINCINNATI MUNICIPAL AIRPORT LUNKEN FIELD, OH US","39.106","-84.41609","144.8","2017-07-31","  64.1","24","100000",,"999.9",,"  87.1"," ","  55.9"," ","  6.0",," 0.00","G","1020.9","21","999.9",,"003.2","24","  73.8","24"
"72429793812","CINCINNATI MUNICIPAL AIRPORT LUNKEN FIELD, OH US","39.106","-84.41609","144.8","2017-08-01","  66.3","24","000000",,"999.9",,"  87.1"," ","  60.1"," ","  6.0",," 0.00","G","1019.5","24","999.9",,"001.8","24","  72.5","24"
"72429793812","CINCINNATI MUNICIPAL AIRPORT LUNKEN FIELD, OH US","39.106","-84.41609","144.8","2017-08-02","  67.7","24","110010",,"999.9",,"  84.9"," ","  63.0"," ","  8.9",," 0.00","G","1018.0","21","999.9",,"000.3","24","  72.9","24"
"72429793812","CINCINNATI MUNICIPAL AIRPORT LUNKEN FIELD, OH US","39.106","-84.41609","144.8","2017-08-03","  68.3","24","110010",,"999.9",,"  86.0"," ","  64.0"," "," 14.0",," 0.03","G","1017.2","19","999.9",,"999.7","24","  74.4","24"
"72429793812","CINCINNATI MUNICIPAL AIRPORT LUNKEN FIELD, OH US","39.106","-84.41609","144.8","2017-08-04","  65.8","24","010000",," 28.9",,"  86.0"," ","  64.0"," "," 20.0",," 0.00","G","1013.4","22","999.9",,"995.8","24","  73.8","24"
"72429793812","CINCINNATI MUNICIPAL AIRPORT LUNKEN FIELD, OH US","39.106","-84.41609","144.8","2017-08-05","  54.9","24","000000",," 15.9",,"  81.0"," ","  52.0"," ","  9.9",," 0.01","G","1018.7","24","999.9",,"000.9","24","  66.9","24"
"72429793812","CINCINNATI MUNICIPAL AIRPORT LUNKEN FIELD, OH US","39.106","-84.41609","144.8","2017-08-06","  61.9","24","010000",,"999.9",,"  79.0"," ","  52.0"," ","  5.1",," 0.00","G","1018.5","24","999.9",,"000.8","24","  66.7","24"
"72429793812","CINCINNATI MUNICIPAL AIRPORT LUNKEN FIELD, OH US","39.106","-84.41609","144.8","2017-08-07","  65.4","24","010000",,"999.9",,"  75.9"," ","  63.0"," ","  7.0",," 0.40","G","1015.7","16","999.9",,"997.9","23","  67.8","24"
"72429793812","CINCINNATI MUNICIPAL AIRPORT LUNKEN FIELD, OH US","39.106","-84.41609","144.8","2017-08-08","  61.2","24","100000",,"999.9",,"  81.0"," ","  57.0"," "," 11.1",," 0.07","G","1019.5","18","999.9",,"001.4","24","  69.0","24"
"72429793812","CINCINNATI MUNICIPAL AIRPORT LUNKEN FIELD, OH US","39.106","-84.41609","144.8","2017-08-09","  57.2","24","100000",,"999.9",,"  82.9"," ","  53.1"," ","  8.0",," 0.00","G","1022.0","21","999.9",,"004.2","24","  67.3","24"
"72429793812","CINCINNATI MUNICIPAL AIRPORT LUNKEN FIELD, OH US","39.106","-84.41609","144.8","2017-08-10","  61.7","24","000000",,"999.9",,"  84.9"," ","  53.1"," ","  8.0",," 0.00","G","1019.8","24","999.9",,"002.0","24","  70.4","24"
"72429793812","CINCINNATI MUNICIPAL AIRPORT LUNKEN FIELD, OH US","39.106","-84.41609","144.8","2017-08-11","  65.1","24","100000",,"999.9",,"  84.9"," ","  59.0"," ","  8.0",," 0.00","G","1016.9","22","999.9",,"999.3","24","  71.3","24"
"72429793812","CINCINNATI MUNICIPAL AIRPORT LUNKEN FIELD, OH US","39.106","-84.41609","144.8","2017-08-12","  63.8","24","000000",," 18.1",,"  82.9"," ","  60.1"," "," 12.0",," 0.00","G","1014.8","23","999.9",,"997.2","24","  74.2","24"
"72429793812","CINCINNATI MUNICIPAL AIRPORT LUNKEN FIELD, OH US","39.106","-84.41609","144.8","2017-08-13","  59.5","24","100000",,"999.9",,"  84.0"," ","  55.9"," ","  8.0",," 0.00","G","1016.6","22","999.9",,"999.0","24","  70.1","24"
"72429793812","CINCINNATI MUNICIPAL AIRPORT LUNKEN FIELD, OH US","39.106","-84.41609","144.8","2017-08-14","  66.0","24","010000",,"999.9",,"  84.0"," ","  55.9"," ","  8.0",," 0.00","G","1013.7","24","999.9",,"996.1","24","  70.6","24"
"72429793812","CINCINNATI MUNICIPAL AIRPORT LUNKEN FIELD, OH US","39.106","-84.41609","144.8","2017-08-15","  68.9","24","110000",,"999.9",,"  90.0"," ","  63.0"," ","  8.9",," 0.04","G","1012.2","22","999.9",,"994.6","24","  76.5","24"
"72429793812","CINCINNATI MUNICIPAL AIRPORT LUNKEN FIELD, OH US","39.106","-84.41609","144.8","2017-08-16","  70.3","24","100000",,"999.9",,"  90.0"," ","  64.9"," ","  8.0",," 0.00","G","1015.1","20","999.9",,"997.7","24","  76.8","24"
"72429793812","CINCINNATI MUNICIPAL AIRPORT LUNKEN FIELD, OH US","39.106","-84.41609","144.8","2017-08-17","  73.9","24","010010",," 34.0",,"  91.0"," ","  64.9"," "," 17.1",," 0.00","G","1012.9","20","999.9",,"995.4","24","  79.0","24"
"72429793812","CINCINNATI MUNICIPAL AIRPORT LUNKEN FIELD, OH US","39.106","-84.41609","144.8","2017-08-18","  70.4","24","010000",," 19.0",,"  91.0"," ","  72.0"," "," 14.0",," 0.81","G","1011.7","20","999.9",,"994.0","24","  78.0","24"
"72429793812","CINCINNATI MUNICIPAL AIRPORT LUNKEN FIELD, OH US","39.106","-84.41609","144.8","2017-08-19","  67.3","24","000000",," 15.0",,"  88.0"," ","  66.0"," ","  8.9",," 0.00","G","1013.5","23","999.9",,"996.0","24","  74.7","24"
"72429793812","CINCINNATI MUNICIPAL AIRPORT LUNKEN FIELD, OH US","39.106","-84.41609","144.8","2017-08-20","  69.5","24","100000",,"999.9",,"  90.0"," ","  64.9"," ","  8.9",," 0.00","G","1017.0","23","999.9",,"999.4","24","  77.0","24"
"72429793812","CINCINNATI MUNICIPAL AIRPORT LUNKEN FIELD, OH US","39.106","-84.41609","144.8","2017-08-21","  71.0","24","100000",,"999.9",,"  90.0"," ","  64.9"," "," 11.1",," 0.00","G","1019.5","20","999.9",,"002.0","24","  77.8","24"
"72429793812","CINCINNATI MUNICIPAL AIRPORT LUNKEN FIELD, OH US","39.106","-84.41609","144.8","2017-08-22","  72.0","24","010010",," 22.0",,"  90.0"," ","  66.9"," "," 13.0",," 0.00","G","1015.0","22","999.9",,"997.3","24","  77.2","24"
"72429793812","CINCINNATI MUNICIPAL AIRPORT LUNKEN FIELD, OH US","39.106","-84.41609","144.8","2017-08-23","  59.9","24","000000",,"999.9",,"  87.1"," ","  57.9"," ","  9.9",," 0.28","G","1015.1","24","999.9",,"997.6","24","  72.1","24"
"72429793812","CINCINNATI MUNICIPAL AIRPORT LUNKEN FIELD, OH US","39.106","-84.41609","144.8","2017-08-24","  54.7","24","100000",,"999.9",,"  80.1"," ","  54.0"," "," 15.0",," 0.00","G","1017.2","24","999.9",,"999.5","24","  66.8","24"
"72429793812","CINCINNATI MUNICIPAL AIRPORT LUNKEN FIELD, OH US","39.106","-84.41609","144.8","2017-08-25","  55.4","24","000000",,"999.9",,"  80.1"," ","  53.1"," ","  8.0",," 0.00","G","1021.5","24","999.9",,"003.6","24","  64.9","24"
"72429793812","CINCINNATI MUNICIPAL AIRPORT LUNKEN FIELD, OH US","39.106","-84.41609","144.8","2017-08-26","  54.4","24","000000",," 17.1",,"  78.1"," ","  48.9"," ","  9.9",," 0.00","G","1023.9","21","999.9",,"006.0","24","  64.0","24"
"72429793812","CINCINNATI MUNICIPAL AIRPORT LUNKEN FIELD, OH US","39.106","-84.41609","144.8","2017-08-27","  56.6","24","000000",,"999.9",,"  82.9"," ","  48.9"," ","  8.9",," 0.00","G","1020.8","24","999.9",,"003.0","24","  66.0","24"
"72429793812","CINCINNATI MUNICIPAL AIRPORT LUNKEN FIELD, OH US","39.106","-84.41609","144.8","2017-08-28","  64.1","24","000000",," 15.9",,"  82.9"," ","  52.0"," ","  9.9",," 0.00","G","1017.0","22","999.9",,"999.2","24","  67.8","24"
"72429793812","CINCINNATI MUNICIPAL AIRPORT LUNKEN FIELD, OH US","39.106","-84.41609","144.8","2017-08-29","  65.9","24","010010",,"999.9",,"  77.0"," ","  59.0"," "," 11.1",," 0.09","G","1016.8","15","999.9",,"999.0","24","  68.7","24"
"72429793812","CINCINNATI MUNICIPAL AIRPORT LUNKEN FIELD, OH US","39.106","-84.41609","144.8","2017-08-30","  64.2","24","100000",,"999.9",,"  82.0"," ","  62.1"," ","  5.1",," 0.16","G","1016.9","19","999.9",,"999.1","24","  69.5","24"
"72429793812","CINCINNATI MUNICIPAL AIRPORT LUNKEN FIELD, OH US","39.106","-84.41609","144.8","2017-08-31","  64.5","24","100000",,"999.9",,"  84.0"," ","  62.1"," ","  9.9",," 0.00","G","1017.0","19","999.9",,"999.4","24","  70.6","24"
"72429793812","CINCINNATI MUNICIPAL AIRPORT LUNKEN FIELD, OH US","39.106","-84.41609","144.8","2017-09-01","  55.2","24","010000",," 22.9",,"  84.0"," ","  55.0"," "," 15.9",," 0.00","G","1016.3","21","999.9",,"998.4","24","  60.7","24"
"72429793812","CINCINNATI MUNICIPAL AIRPORT LUNKEN FIELD, OH US","39.106","-84.41609","144.8","2017-09-02","  57.2","17","110000",,"999.9",,"  64.9"," ","  54.0"," "," 13.0",," 1.24","G","1014.3","17","999.9",,"996.7","24","  57.9","24"
"72429793812","CINCINNATI MUNICIPAL AIRPORT LUNKEN FIELD, OH US","39.106","-84.41609","144.8","2017-09-03","  58.0","24","000000",,"999.9",,"  81.0"," ","  54.0"," ","  8.0",," 0.04","G","1017.0","22","999.9",,"999.2","23","  66.6","24"
"72429793812","CINCINNATI MUNICIPAL AIRPORT LUNKEN FIELD, OH US","39.106","-84.41609","144.8","2017-09-04","  64.4","24","100000",," 24.1",,"  86.0"," ","  57.9"," "," 18.1",," 0.00","G","1013.8","21","999.9",,"996.5","24","  70.3","24"
"72429793812","CINCINNATI MUNICIPAL AIRPORT LUNKEN FIELD, OH US","39.106","-84.41609","144.8","2017-09-05","  61.4","24","010010",," 22.0",,"  86.0"," ","  57.9"," "," 15.0",," 0.01","G","1010.0","22","999.9",,"992.3","24","  72.9","24"
"72429793812","CINCINNATI MUNICIPAL AIRPORT LUNKEN FIELD, OH US","39.106","-84.41609","144.8","2017-09-06","  48.8","24","100000",," 17.1",,"  77.0"," ","  48.0"," ","  9.9",," 0.00","A","1014.4","21","999.9",,"996.6","24","  59.9","24"
"72429793812","CINCINNATI MUNICIPAL AIRPORT LUNKEN FIELD, OH US","39.106","-84.41609","144.8","2017-09-07","  48.8","24","000000",," 19.0",,"  71.1"," ","  46.0"," "," 14.0",," 0.00","G","1018.2","24","999.9",,"000.3","23","  59.0","24"
"72429793812","CINCINNATI MUNICIPAL AIRPORT LUNKEN FIELD, OH US","39.106","-84.41609","144.8","2017-09-08","  52.1","24","100000",,"999.9",,"  75.9"," ","  46.0"," ","  8.0",," 0.00","G","1022.4","23","999.9",,"004.4","24","  60.7","24"
"72429793812","CINCINNATI MUNICIPAL AIRPORT LUNKEN FIELD, OH US","39.106","-84.41609","144.8","2017-09-09","  53.5","24","000000",," 15.0",,"  75.9"," ","  46.0"," "," 11.1",," 0.00","G","1026.8","24","999.9",,"008.9","24","  63.8","24"
"72429793812","CINCINNATI MUNICIPAL AIRPORT LUNKEN FIELD, OH US","39.106","-84.41609","144.8","2017-09-10","  49.1","24","100000",," 15.9",,"  73.9"," ","  44.1"," "," 11.1",," 0.00","G","1028.4","21","999.9",,"010.3","24","  59.4","24"
"72429793812","CINCINNATI MUNICIPAL AIRPORT LUNKEN FIELD, OH US","39.106","-84.41609","144.8","2017-09-11","  51.2","24","000000",," 17.1",,"  73.9"," ","  44.1"," "," 11.1",," 0.00","G","1023.6","22","999.9",,"005.7","24","  58.6","24"
"72429793812","CINCINNATI MUNICIPAL AIRPORT LUNKEN FIELD, OH US","39.106","-84.41609","144.8","2017-09-12","  58.2","24","010000",," 18.1",,"  72.0"," ","  46.9"," "," 15.0",," 0.00","G","1013.5","23","999.9",,"995.7","24","  61.7","24"
"72429793812","CINCINNATI MUNICIPAL AIRPORT LUNKEN FIELD, OH US","39.106","-84.41609","144.8","2017-09-13","  62.4","24","010000",," 15.0",,"  71.1"," ","  54.0"," ","  9.9",," 0.27","G","1009.4","21","999.9",,"991.7","24","  63.6","24"
"72429793812","CINCINNATI MUNICIPAL AIRPORT LUNKEN FIELD, OH US","39.106","-84.41609","144.8","2017-09-14","  61.5","24","010000",,"999.9",,"  73.0"," ","  60.1"," ","  6.0",," 0.19","G","1012.8","14","999.9",,"994.3","24","  64.3","24"
"72429793812","CINCINNATI MUNICIPAL AIRPORT LUNKEN FIELD, OH US","39.106","-84.41609","144.8","2017-09-15","  62.4","24","100000",,"999.9",,"  81.0"," ","  57.0"," ","  6.0",," 0.00","G","1017.8","20","999.9",,"000.1","24","  67.9","24"
"72429793812","CINCINNATI MUNICIPAL AIRPORT LUNKEN FIELD, OH US","39.106","-84.41609","144.8","2017-09-16","  63.0","24","100000",,"999.9",,"  84.0"," ","  57.0"," ","  4.1",," 0.00","G","1020.4","18","999.9",,"002.6","24","  68.2","24"
"72429793812","CINCINNATI MUNICIPAL AIRPORT LUNKEN FIELD, OH US","39.106","-84.41609","144.8","2017-09-17","  63.8","24","100000",,"999.9",,"  84.9"," ","  57.0"," ","  5.1",," 0.00","G","1019.6","17","999.9",,"001.8","19","  69.2","24"
"72429793812","CINCINNATI MUNICIPAL AIRPORT LUNKEN FIELD, OH US","39.106","-84.41609","144.8","2017-09-18","  67.0","24","100000",,"999.9",,"  86.0"," ","  57.9"," ","  4.1",," 0.00","G","1017.6","19","999.9",,"000.0","23","  71.2","24"
"72429793812","CINCINNATI MUNICIPAL AIRPORT LUNKEN FIELD, OH US","39.106","-84.41609","144.8","2017-09-19","  68.2","24","110000",,"999.9",,"  86.0"," ","  62.1"," ","  7.0",," 0.00","G","1015.0","18","999.9",,"997.4","24","  70.1","24"
"72429793812","CINCINNATI MUNICIPAL AIRPORT LUNKEN FIELD, OH US","39.106","-84.41609","144.8","2017-09-20","  67.3","24","100000",,"999.9",,"  84.9"," ","  63.0"," ","  8.0",," 0.21","G","1015.6","20","999.9",,"997.9","24","  71.3","24"
"72429793812","CINCINNATI MUNICIPAL AIRPORT LUNKEN FIELD, OH US","39.106","-84.41609","144.8","2017-09-21","  68.3","24","100000",,"999.9",,"  91.9","*","  62.6","*","  5.1",," 0.00","G","1017.6","18","999.9",,"000.0","24","  74.4","24"
"72429793812","CINCINNATI MUNICIPAL AIRPORT LUNKEN FIELD, OH US","39.106","-84.41609","144.8","2017-09-22","  69.1","24","100000",,"999.9",,"  91.9"," ","  63.0"," ","  5.1",," 0.00","G","1018.0","17","999.9",,"000.6","24","  76.2","24"
"72429793812","CINCINNATI MUNICIPAL AIRPORT LUNKEN FIELD, OH US","39.106","-84.41609","144.8","2017-09-23","  66.3","24","100000",,"999.9",,"  91.9"," ","  61.0"," ","  8.0",," 0.00","G","1018.5","18","999.9",,"000.8","24","  75.0","24"
"72429793812","CINCINNATI MUNICIPAL AIRPORT LUNKEN FIELD, OH US","39.106","-84.41609","144.8","2017-09-24","  61.9","24","100000",,"999.9",,"  91.9"," ","  57.9"," ","  8.0",," 0.00","G","1018.2","19","999.9",,"000.7","24","  73.0","24"
"72429793812","CINCINNATI MUNICIPAL AIRPORT LUNKEN FIELD, OH US","39.106","-84.41609","144.8","2017-09-25","  63.5","24","000000",,"999.9",,"  91.9"," ","  57.9"," ","  5.1",," 0.00","G","1016.8","23","999.9",,"999.1","24","  70.9","24"
"72429793812","CINCINNATI MUNICIPAL AIRPORT LUNKEN FIELD, OH US","39.106","-84.41609","144.8","2017-09-26","  64.4","24","100000",,"999.9",,"  91.0"," ","  57.9"," ","  6.0",," 0.00","G","1015.4","16","999.9",,"998.0","24","  73.1","24"
"72429793812","CINCINNATI MUNICIPAL AIRPORT LUNKEN FIELD, OH US","39.106","-84.41609","144.8","2017-09-27","  64.6","24","100000",," 17.1",,"  91.9","*","  60.8","*"," 13.0",," 0.00","G","1014.5","21","999.9",,"997.0","24","  73.9","24"
"72429793812","CINCINNATI MUNICIPAL AIRPORT LUNKEN FIELD, OH US","39.106","-84.41609","144.8","2017-09-28","  54.0","24","000000",," 20.0",,"  91.9"," ","  55.9"," "," 14.0",," 0.00","G","1018.3","24","999.9",,"000.7","24","  67.2","24"
"72429793812","CINCINNATI MUNICIPAL AIRPORT LUNKEN FIELD, OH US","39.106","-84.41609","144.8","2017-09-29","  50.0","24","000000",," 15.9",,"  80.1"," ","  46.0"," "," 11.1",," 0.00","G","1020.8","24","999.9",,"002.8","24","  61.5","24"
"72429793812","CINCINNATI MUNICIPAL AIRPORT LUNKEN FIELD, OH US","39.106","-84.41609","144.8","2017-09-30","  45.6","24","000000",," 15.0",,"  80.1"," ","  46.0"," "," 12.0",," 0.00","G","1026.3","24","999.9",,"008.2","24","  61.0","24"
"72429793812","CINCINNATI MUNICIPAL AIRPORT LUNKEN FIELD, OH US","39.106","-84.41609","144.8","2017-10-01","  46.3","24","000000",,"999.9",,"  75.0"," ","  39.0"," ","  7.0",," 0.00","G","1025.6","24","999.9",,"007.5","24","  55.8","24"
"72429793812","CINCINNATI MUNICIPAL AIRPORT LUNKEN FIELD, OH US","39.106","-84.41609","144.8","2017-10-02","  50.1","24","100000",,"999.9",,"  79.0"," ","  39.0"," ","  7.0",," 0.00","G","1025.1","22","999.9",,"007.0","24","  59.8","24"
"72429793812","CINCINNATI MUNICIPAL AIRPORT LUNKEN FIELD, OH US","39.106","-84.41609","144.8","2017-10-03","  56.1","24","000000",," 17.1",,"  82.9"," ","  51.1"," "," 11.1",," 0.00","G","1028.8","24","999.9",,"010.7","24","  64.4","24"
"72429793812","CINCINNATI MUNICIPAL AIRPORT LUNKEN FIELD, OH US","39.106","-84.41609","144.8","2017-10-04","  60.0","24","100000",," 15.0",,"  86.0"," ","  51.1"," ","  8.0",," 0.00","G","1028.1","20","999.9",,"010.3","24","  68.0","24"
"72429793812","CINCINNATI MUNICIPAL AIRPORT LUNKEN FIELD, OH US","39.106","-84.41609","144.8","2017-10-05","  65.3","24","010010",," 15.0",,"  86.0"," ","  53.1"," ","  8.0",," 0.31","G","1023.4","18","999.9",,"005.5","24","  67.5","24"
"72429793812","CINCINNATI MUNICIPAL AIRPORT LUNKEN FIELD, OH US","39.106","-84.41609","144.8","2017-10-06","  62.7","24","100000",,"999.9",,"  82.0"," ","  62.1"," "," 11.1",," 0.00","I","1018.5","20","999.9",,"001.0","24","  70.1","24"
"72429793812","CINCINNATI MUNICIPAL AIRPORT LUNKEN FIELD, OH US","39.106","-84.41609","144.8","2017-10-07","  63.9","24","010000",," 26.0",,"  84.9"," ","  62.1"," "," 18.1",," 0.00","G","1012.2","23","999.9",,"994.6","24","  72.0","24"
"72429793812","CINCINNATI MUNICIPAL AIRPORT LUNKEN FIELD, OH US","39.106","-84.41609","144.8","2017-10-08","  65.4","23","010010",," 42.0",,"  84.9"," ","  62.1"," "," 32.1",," 0.70","G","1011.4","17","999.9",,"993.0","24","  67.3","24"
"72429793812","CINCINNATI MUNICIPAL AIRPORT LUNKEN FIELD, OH US","39.106","-84.41609","144.8","2017-10-09","  68.4","24","010000",,"999.9",,"  77.0"," ","  62.1"," ","  7.0",," 1.55","G","1011.6","18","999.9",,"992.8","24","  71.0","24"
"72429793812","CINCINNATI MUNICIPAL AIRPORT LUNKEN FIELD, OH US","39.106","-84.41609","144.8","2017-10-10","  64.9","24","110000",,"999.9",,"  77.0"," ","  59.0"," ","  8.0",," 0.03","G","1018.2","11","999.9",,"000.7","24","  67.1","24"
"72429793812","CINCINNATI MUNICIPAL AIRPORT LUNKEN FIELD, OH US","39.106","-84.41609","144.8","2017-10-11","  64.3","24","010000",," 22.0",,"  77.0"," ","  59.0"," "," 15.9",," 0.23","G","1016.2","19","999.9",,"998.3","24","  67.4","24"
"72429793812","CINCINNATI MUNICIPAL AIRPORT LUNKEN FIELD, OH US","39.106","-84.41609","144.8","2017-10-12","  58.0","24","000000",,"999.9",,"  73.9"," ","  60.1"," ","  7.0",," 0.16","G","1020.7","21","999.9",,"002.9","24","  62.1","24"
"72429793812","CINCINNATI MUNICIPAL AIRPORT LUNKEN FIELD, OH US","39.106","-84.41609","144.8","2017-10-13","  57.9","24","100000",,"999.9",,"  73.9"," ","  53.1"," ","  6.0",," 0.00","G","1021.6","17","999.9",,"004.0","24","  62.6","24"
"72429793812","CINCINNATI MUNICIPAL AIRPORT LUNKEN FIELD, OH US","39.106","-84.41609","144.8","2017-10-14","  58.0","24","100000",,"999.9",,"  82.0"," ","  53.1"," ","  9.9",," 0.00","G","1020.4","17","999.9",,"003.1","24","  64.4","24"
"72429793812","CINCINNATI MUNICIPAL AIRPORT LUNKEN FIELD, OH US","39.106","-84.41609","144.8","2017-10-15","  63.4","24","010000",," 26.0",,"  82.0"," ","  53.1"," "," 18.1",," 0.00","G","1015.3","21","999.9",,"997.7","24","  68.5","24"
"72429793812","CINCINNATI MUNICIPAL AIRPORT LUNKEN FIELD, OH US","39.106","-84.41609","144.8","2017-10-16","  43.6","24","000000",," 17.1",,"  61.0","*","  44.1","*","  8.9",," 0.06","G","1025.0","24","999.9",,"006.9","24","  53.7","24"
"72429793812","CINCINNATI MUNICIPAL AIRPORT LUNKEN FIELD, OH US","39.106","-84.41609","144.8","2017-10-17","  42.6","24","100000",,"999.9",,"  66.9"," ","  39.0"," ","  9.9",," 0.00","G","1027.2","20","999.9",,"009.1","24","  50.2","24"
"72429793812","CINCINNATI MUNICIPAL AIRPORT LUNKEN FIELD, OH US","39.106","-84.41609","144.8","2017-10-18","  44.5","24","100000",,"999.9",,"  70.0"," ","  37.9"," ","  9.9",," 0.00","G","1025.5","17","999.9",,"007.5","24","  51.7","24"
"72429793812","CINCINNATI MUNICIPAL AIRPORT LUNKEN FIELD, OH US","39.106","-84.41609","144.8","2017-10-19","  48.3","24","100000",,"999.9",,"  73.0"," ","  37.9"," ","  9.9",," 0.00","G","1023.5","23","999.9",,"005.4","24","  55.0","24"
"72429793812","CINCINNATI MUNICIPAL AIRPORT LUNKEN FIELD, OH US","39.106","-84.41609","144.8","2017-10-20","  52.4","24","100000",,"999.9",,"  75.0"," ","  41.0"," ","  6.0",," 0.00","G","1024.4","17","999.9",,"006.5","24","  57.9","24"
"72429793812","CINCINNATI MUNICIPAL AIRPORT LUNKEN FIELD, OH US","39.106","-84.41609","144.8","2017-10-21","  52.4","24","100000",,"999.9",,"  75.0"," ","  45.0"," ","  7.0",," 0.00","G","1023.5","17","999.9",,"005.4","24","  57.6","24"
"72429793812","CINCINNATI MUNICIPAL AIRPORT LUNKEN FIELD, OH US","39.106","-84.41609","144.8","2017-10-22","  51.2","24","100000",," 21.0",,"  77.0"," ","  44.1"," "," 15.0",," 0.00","G","1021.7","18","999.9",,"003.9","24","  58.6","24"
"72429793812","CINCINNATI MUNICIPAL AIRPORT LUNKEN FIELD, OH US","39.106","-84.41609","144.8","2017-10-23","  57.6","24","010000",," 26.0",,"  77.0"," ","  44.1"," "," 15.0",," 0.01","G","1011.0","22","999.9",,"993.2","24","  62.0","24"
"72429793812","CINCINNATI MUNICIPAL AIRPORT LUNKEN FIELD, OH US","39.106","-84.41609","144.8","2017-10-24","  45.5","24","010000",," 25.1",,"  66.9"," ","  46.0"," "," 15.9",," 0.72","G","1008.4","16","999.9",,"990.0","24","  51.1","24"
"72429793812","CINCINNATI MUNICIPAL AIRPORT LUNKEN FIELD, OH US","39.106","-84.41609","144.8","2017-10-25","  37.5","24","000000",," 17.1",,"  55.9"," ","  42.1"," "," 13.0",," 0.06","G","1011.2","19","999.9",,"993.3","24","  47.0","24"
"72429793812","CINCINNATI MUNICIPAL AIRPORT LUNKEN FIELD, OH US","39.106","-84.41609","144.8","2017-10-26","  36.5","24","100000",,"999.9",,"  61.0"," ","  30.9"," ","  8.0",," 0.00","G","1013.4","18","999.9",,"995.5","24","  43.2","24"
"72429793812","CINCINNATI MUNICIPAL AIRPORT LUNKEN FIELD, OH US","39.106","-84.41609","144.8","2017-10-27","  44.7","24","010000",," 21.0",,"  66.9"," ","  30.9"," "," 15.0",," 0.00","G","1010.7","24","999.9",,"992.7","24","  53.5","24"
"72429793812","CINCINNATI MUNICIPAL AIRPORT LUNKEN FIELD, OH US","39.106","-84.41609","144.8","2017-10-28","  34.9","24","010000",,"999.9",,"  42.8","*","  35.6","*"," 11.1",," 0.95","G","1014.3","14","999.9",,"995.9","24","  39.9","24"
"72429793812","CINCINNATI MUNICIPAL AIRPORT LUNKEN FIELD, OH US","39.106","-84.41609","144.8","2017-10-29","  30.5","24","000000",,"999.9",,"  43.0"," ","  36.0"," "," 11.1",," 0.58","G","1012.8","23","999.9",,"994.7","24","  39.5","24"
"72429793812","CINCINNATI MUNICIPAL AIRPORT LUNKEN FIELD, OH US","39.106","-84.41609","144.8","2017-10-30","  32.0","24","010000",," 19.0",,"  48.0"," ","  33.1"," "," 13.0",," 0.00","G","1011.4","23","999.9",,"993.2","24","  39.9","24"
"72429793812","CINCINNATI MUNICIPAL AIRPORT LUNKEN FIELD, OH US","39.106","-84.41609","144.8","2017-10-31","  32.8","24","000000",,"999.9",,"  48.0"," ","  33.1"," "," 12.0",," 0.03","G","1020.9","24","999.9",,"002.6","24","  40.9","24"
"72429793812","CINCINNATI MUNICIPAL AIRPORT LUNKEN FIELD, OH US","39.106","-84.41609","144.8","2017-11-01","  38.4","24","010000",,"999.9",,"  48.0"," ","  30.0"," ","  4.1",," 0.09","G","1020.1","17","999.9",,"001.6","24","  39.4","24"
"72429793812","CINCINNATI MUNICIPAL AIRPORT LUNKEN FIELD, OH US","39.106","-84.41609","144.8","2017-11-02","  55.7","24","000000",," 18.1",,"  69.1"," ","  34.0"," "," 13.0",," 0.19","G","1016.7","23","999.9",,"998.7","24","  60.5","24"
"72429793812","CINCINNATI MUNICIPAL AIRPORT LUNKEN FIELD, OH US","39.106","-84.41609","144.8","2017-11-03","  56.6","24","010000",," 18.1",,"  69.1"," ","  46.0"," "," 13.0",," 0.12","G","1020.5","19","999.9",,"002.1","24","  59.2","24"
"72429793812","CINCINNATI MUNICIPAL AIRPORT LUNKEN FIELD, OH US","39.106","-84.41609","144.8","2017-11-04","  48.6","24","100000",,"999.9",,"  66.0"," ","  37.0"," ","  8.0",," 0.01","G","1020.1","16","999.9",,"002.4","24","  50.0","24"
"72429793812","CINCINNATI MUNICIPAL AIRPORT LUNKEN FIELD, OH US","39.106","-84.41609","144.8","2017-11-05","  60.7","24","110010",," 34.0",,"  75.0","*","  53.6","*"," 22.0",," 0.00","G","1012.7","15","999.9",,"994.7","24","  64.6","24"
"72429793812","CINCINNATI MUNICIPAL AIRPORT LUNKEN FIELD, OH US","39.106","-84.41609","144.8","2017-11-06","  51.1","23","010010",," 24.1",,"  75.0"," ","  50.0"," "," 18.1",," 1.58","G","1017.9","15","999.9",,"998.5","24","  56.5","24"
"72429793812","CINCINNATI MUNICIPAL AIRPORT LUNKEN FIELD, OH US","39.106","-84.41609","144.8","2017-11-07","  41.9","24","010000",," 18.1",,"  48.9","*","  42.8","*"," 11.1",," 0.38","G","1021.3","20","999.9",,"003.1","24","  46.6","24"
"72429793812","CINCINNATI MUNICIPAL AIRPORT LUNKEN FIELD, OH US","39.106","-84.41609","144.8","2017-11-08","  36.3","24","000000",," 15.9",,"  53.1"," ","  39.9"," ","  9.9",," 0.02","G","1024.6","24","999.9",,"006.4","24","  45.3","24"
"72429793812","CINCINNATI MUNICIPAL AIRPORT LUNKEN FIELD, OH US","39.106","-84.41609","144.8","2017-11-09","  33.8","24","100000",,"999.9",,"  57.0"," ","  30.0"," ","  9.9",," 0.00","G","1022.2","20","999.9",,"004.0","24","  40.1","24"
"72429793812","CINCINNATI MUNICIPAL AIRPORT LUNKEN FIELD, OH US","39.106","-84.41609","144.8","2017-11-10","  20.3","24","000000",," 22.0",,"  57.0"," ","  28.9"," "," 15.0",," 0.00","G","1030.9","23","999.9",,"012.1","24","  35.2","24"
"72429793812","CINCINNATI MUNICIPAL AIRPORT LUNKEN FIELD, OH US","39.106","-84.41609","144.8","2017-11-11","  20.3","24","000000",,"999.9",,"  43.0"," ","  24.1"," ","  8.0",," 0.00","G","1031.8","24","999.9",,"013.1","24","  31.3","24"
"72429793812","CINCINNATI MUNICIPAL AIRPORT LUNKEN FIELD, OH US","39.106","-84.41609","144.8","2017-11-12","  35.4","24","010000",,"999.9",,"  53.6","*","  30.9","*","  8.0",," 0.00","G","1026.6","21","999.9",,"007.8","24","  39.6","24"
"72429793812","CINCINNATI MUNICIPAL AIRPORT LUNKEN FIELD, OH US","39.106","-84.41609","144.8","2017-11-13","  38.9","24","010000",," 19.0",,"  53.1"," ","  32.0"," "," 11.1",," 0.09","G","1030.4","17","999.9",,"011.3","24","  43.4","24"
"72429793812","CINCINNATI MUNICIPAL AIRPORT LUNKEN FIELD, OH US","39.106","-84.41609","144.8","2017-11-14","  34.9","24","000000",,"999.9",,"  53.1"," ","  33.1"," ","  6.0",," 0.00","G","1028.9","24","999.9",,"010.4","24","  42.8","24"
"72429793812","CINCINNATI MUNICIPAL AIRPORT LUNKEN FIELD, OH US","39.106","-84.41609","144.8","2017-11-15","  36.9","24","110000",,"999.9",,"  53.1"," ","  28.0"," "," 14.0",," 0.00","G","1019.4","17","999.9",,"001.2","24","  38.6","24"
"72429793812","CINCINNATI MUNICIPAL AIRPORT LUNKEN FIELD, OH US","39.106","-84.41609","144.8","2017-11-16","  36.3","24","000000",," 18.1",,"  51.8","*","  35.1","*"," 13.0",," 0.30","G","1020.8","22","999.9",,"002.0","24","  41.8","24"
"72429793812","CINCINNATI MUNICIPAL AIRPORT LUNKEN FIELD, OH US","39.106","-84.41609","144.8","2017-11-17","  31.7","24","000000",,"999.9",,"  50.0"," ","  35.1"," ","  8.0",," 0.00","G","1023.3","24","999.9",,"004.9","24","  41.2","24"
"72429793812","CINCINNATI MUNICIPAL AIRPORT LUNKEN FIELD, OH US","39.106","-84.41609","144.8","2017-11-18","  48.4","24","010000",," 42.0",,"  68.0"," ","  36.0"," "," 25.1",," 0.03","G","1003.0","20","999.9",,"983.6","24","  56.8","24"
"72429793812","CINCINNATI MUNICIPAL AIRPORT LUNKEN FIELD, OH US","39.106","-84.41609","144.8","2017-11-19","  34.3","24","010000",," 34.0",,"  68.0"," ","  34.0"," "," 20.0",," 0.65","G","1013.4","18","999.9",,"993.6","24","  41.4","24"
"72429793812","CINCINNATI MUNICIPAL AIRPORT LUNKEN FIELD, OH US","39.106","-84.41609","144.8","2017-11-20","  24.7","24","000000",,"999.9",,"  48.9"," ","  23.0"," "," 13.0",," 0.01","G","1022.6","24","999.9",,"004.2","24","  34.5","24"
"72429793812","CINCINNATI MUNICIPAL AIRPORT LUNKEN FIELD, OH US","39.106","-84.41609","144.8","2017-11-21","  29.0","24","000000",," 25.1",,"  57.9"," ","  23.0"," "," 19.0",," 0.00","G","1015.7","24","999.9",,"997.5","24","  41.4","24"
"72429793812","CINCINNATI MUNICIPAL AIRPORT LUNKEN FIELD, OH US","39.106","-84.41609","144.8","2017-11-22","  28.2","24","010000",," 21.0",,"  57.9"," ","  26.1"," "," 13.0",," 0.02","G","1023.9","22","999.9",,"005.3","24","  37.0","24"
"72429793812","CINCINNATI MUNICIPAL AIRPORT LUNKEN FIELD, OH US","39.106","-84.41609","144.8","2017-11-23","  25.3","24","100000",,"999.9",,"  46.0"," ","  21.9"," ","  7.0",," 0.00","G","1022.3","21","999.9",,"003.9","24","  31.1","24"
"72429793812","CINCINNATI MUNICIPAL AIRPORT LUNKEN FIELD, OH US","39.106","-84.41609","144.8","2017-11-24","  27.1","24","000000",,"999.9",,"  57.9"," ","  21.9"," "," 12.0",," 0.00","G","1015.2","24","999.9",,"996.9","24","  37.2","24"
"72429793812","CINCINNATI MUNICIPAL AIRPORT LUNKEN FIELD, OH US","39.106","-84.41609","144.8","2017-11-25","  32.4","24","000000",," 21.0",,"  60.1","*","  45.0","*"," 14.0",," 0.00","G","1010.8","24","999.9",,"992.8","24","  51.5","24"
"72429793812","CINCINNATI MUNICIPAL AIRPORT LUNKEN FIELD, OH US","39.106","-84.41609","144.8","2017-11-26","  28.9","24","000000",,"999.9",,"  51.1","*","  25.0","*","  8.9",," 0.00","G","1022.5","23","999.9",,"004.2","24","  39.3","24"
"72429793812","CINCINNATI MUNICIPAL AIRPORT LUNKEN FIELD, OH US","39.106","-84.41609","144.8","2017-11-27","  30.5","24","000000",,"999.9",,"  63.0"," ","  24.1"," "," 11.1",," 0.00","G","1022.2","24","999.9",,"003.8","24","  40.1","24"
"72429793812","CINCINNATI MUNICIPAL AIRPORT LUNKEN FIELD, OH US","39.106","-84.41609","144.8","2017-11-28","  33.4","24","000000",," 22.0",,"  64.0"," ","  27.0"," "," 18.1",," 0.00","G","1021.6","24","999.9",,"003.4","24","  46.3","24"
"72429793812","CINCINNATI MUNICIPAL AIRPORT LUNKEN FIELD, OH US","39.106","-84.41609","144.8","2017-11-29","  36.6","24","000000",,"999.9",,"  64.0"," ","  30.0"," ","  9.9",," 0.00","G","1024.5","24","999.9",,"006.3","24","  48.5","24"
"72429793812","CINCINNATI MUNICIPAL AIRPORT LUNKEN FIELD, OH US","39.106","-84.41609","144.8","2017-11-30","  40.6","24","110000",,"999.9",,"  61.0"," ","  34.0"," ","  6.0",," 0.00","G","1020.7","20","999.9",,"002.1","24","  43.1","24"
"72429793812","CINCINNATI MUNICIPAL AIRPORT LUNKEN FIELD, OH US","39.106","-84.41609","144.8","2017-12-01","  32.5","24","100000",,"999.9",,"  54.0"," ","  28.0"," ","  5.1",," 0.08","G","1024.6","22","999.9",,"006.2","24","  36.8","24"
"72429793812","CINCINNATI MUNICIPAL AIRPORT LUNKEN FIELD, OH US","39.106","-84.41609","144.8","2017-12-02","  30.9","24","100000",,"999.9",,"  55.0"," ","  25.0"," ","  7.0",," 0.00","G","1023.2","22","999.9",,"004.9","24","  37.0","24"
"72429793812","CINCINNATI MUNICIPAL AIRPORT LUNKEN FIELD, OH US","39.106","-84.41609","144.8","2017-12-03","  31.9","24","100000",,"999.9",,"  59.0"," ","  25.0"," ","  5.1",," 0.00","G","1023.8","19","999.9",,"005.3","24","  38.0","24"
"72429793812","CINCINNATI MUNICIPAL AIRPORT LUNKEN FIELD, OH US","39.106","-84.41609","144.8","2017-12-04","  35.2","24","000000",,"999.9",,"  64.9"," ","  25.0"," "," 11.1",," 0.00","G","1020.0","18","999.9",,"002.4","24","  42.4","24"
"72429793812","CINCINNATI MUNICIPAL AIRPORT LUNKEN FIELD, OH US","39.106","-84.41609","144.8","2017-12-05","  41.8","24","010000",," 24.1",,"  64.9"," ","  28.0"," "," 17.1",," 0.56","G","1014.7","19","999.9",,"996.7","24","  51.3","24"
"72429793812","CINCINNATI MUNICIPAL AIRPORT LUNKEN FIELD, OH US","39.106","-84.41609","144.8","2017-12-06","  23.1","24","000000",," 22.9",,"  59.0"," ","  25.0"," "," 17.1",," 0.50","G","1020.9","24","999.9",,"002.5","24","  34.3","24"
"72429793812","CINCINNATI MUNICIPAL AIRPORT LUNKEN FIELD, OH US","39.106","-84.41609","144.8","2017-12-07","  23.1","24","000000",," 22.0",,"  46.0"," ","  25.0"," "," 12.0",," 0.00","G","1021.4","22","999.9",,"003.1","24","  32.0","24"
"72429793812","CINCINNATI MUNICIPAL AIRPORT LUNKEN FIELD, OH US","39.106","-84.41609","144.8","2017-12-08","  14.2","24","000000",,"999.9",,"  37.0"," ","  18.0"," ","  9.9",," 0.00","G","1021.8","24","999.9",,"003.2","24","  24.4","24"
"72429793812","CINCINNATI MUNICIPAL AIRPORT LUNKEN FIELD, OH US","39.106","-84.41609","144.8","2017-12-09","  17.6","24","001000",," 17.1",,"  33.1"," ","  16.0"," ","  9.9",," 0.00","G","1013.9","18","999.9",,"994.8","24","  24.3","24"
"72429793812","CINCINNATI MUNICIPAL AIRPORT LUNKEN FIELD, OH US","39.106","-84.41609","144.8","2017-12-10","  19.7","24","001000",," 22.0",,"  37.9"," ","  16.0"," "," 15.9",," 0.00","G","1019.6","22","999.9",,"000.8","24","  29.8","24"
"72429793812","CINCINNATI MUNICIPAL AIRPORT LUNKEN FIELD, OH US","39.106","-84.41609","144.8","2017-12-11","  24.1","24","000000",," 18.1",,"  46.0"," ","  19.0"," "," 11.1",," 0.00","G","1016.6","24","999.9",,"998.2","24","  32.7","24"
"72429793812","CINCINNATI MUNICIPAL AIRPORT LUNKEN FIELD, OH US","39.106","-84.41609","144.8","2017-12-12","  22.3","24","011000",," 27.0",,"  46.0"," ","  19.0"," "," 20.0",," 0.02","G","1011.7","19","999.9",,"993.7","24","  34.4","24"
"72429793812","CINCINNATI MUNICIPAL AIRPORT LUNKEN FIELD, OH US","39.106","-84.41609","144.8","2017-12-13","  10.2","24","000000",," 21.0",,"  44.1"," ","  15.1"," "," 15.0",," 0.00","I","1011.4","24","999.9",,"993.0","24","  26.7","24"
"72429793812","CINCINNATI MUNICIPAL AIRPORT LUNKEN FIELD, OH US","39.106","-84.41609","144.8","2017-12-14","  20.6","24","000000",," 39.0",,"  46.9"," ","  15.1"," "," 26.0",," 0.00","G","1011.9","21","999.9",,"993.6","24","  32.4","24"
"72429793812","CINCINNATI MUNICIPAL AIRPORT LUNKEN FIELD, OH US","39.106","-84.41609","144.8","2017-12-15","  18.7","24","000000",," 18.1",,"  41.0"," ","  19.0"," "," 13.0",," 0.00","G","1018.9","24","999.9",,"000.4","24","  27.1","24"
"72429793812","CINCINNATI MUNICIPAL AIRPORT LUNKEN FIELD, OH US","39.106","-84.41609","144.8","2017-12-16","  25.8","24","000000",," 25.1",,"  51.1"," ","  19.0"," "," 18.1",," 0.00","G","1019.8","24","999.9",,"001.4","24","  38.1","24"
"72429793812","CINCINNATI MUNICIPAL AIRPORT LUNKEN FIELD, OH US","39.106","-84.41609","144.8","2017-12-17","  30.2","24","000000",,"999.9",,"  51.1"," ","  25.0"," ","  7.0",," 0.00","G","1021.8","24","999.9",,"003.5","24","  37.1","24"
"72429793812","CINCINNATI MUNICIPAL AIRPORT LUNKEN FIELD, OH US","39.106","-84.41609","144.8","2017-12-18","  41.4","24","010000",,"999.9",,"  48.2","*","  42.1","*"," 11.1",," 0.00","G","1019.9","16","999.9",,"001.2","24","  44.4","24"
"72429793812","CINCINNATI MUNICIPAL AIRPORT LUNKEN FIELD, OH US","39.106","-84.41609","144.8","2017-12-19","  41.9","24","000000",," 17.1",,"  50.0"," ","  41.0"," "," 12.0",," 0.00","G","1018.0","21","999.9",,"999.8","24","  46.9","24"
"72429793812","CINCINNATI MUNICIPAL AIRPORT LUNKEN FIELD, OH US","39.106","-84.41609","144.8","2017-12-20","  31.8","24","100000",,"999.9",,"  50.0"," ","  32.0"," ","  8.0",," 0.00","G","1018.6","17","999.9",,"000.5","24","  40.6","24"
"72429793812","CINCINNATI MUNICIPAL AIRPORT LUNKEN FIELD, OH US","39.106","-84.41609","144.8","2017-12-21","  24.8","24","000000",,"999.9",,"  55.9"," ","  21.9"," ","  8.0",," 0.00","G","1018.2","24","999.9",,"999.8","24","  35.9","24"
"72429793812","CINCINNATI MUNICIPAL AIRPORT LUNKEN FIELD, OH US","39.106","-84.41609","144.8","2017-12-22","  48.6","24","110000",,"999.9",,"  55.9","*","  37.9","*"," 13.0",," 0.00","G","1014.9","15","999.9",,"996.9","24","  51.8","24"
"72429793812","CINCINNATI MUNICIPAL AIRPORT LUNKEN FIELD, OH US","39.106","-84.41609","144.8","2017-12-23","  41.4","24","010000",," 22.0",,"  57.0"," ","  36.0"," "," 15.0",," 1.31","G","1015.3","14","999.9",,"996.4","24","  43.4","24"
"72429793812","CINCINNATI MUNICIPAL AIRPORT LUNKEN FIELD, OH US","39.106","-84.41609","144.8","2017-12-24","  29.9","24","011000",,"999.9",,"  52.0"," ","  30.0"," ","  8.9",," 0.15","G","1021.1","19","999.9",,"002.1","24","  34.3","24"
"72429793812","CINCINNATI MUNICIPAL AIRPORT LUNKEN FIELD, OH US","39.106","-84.41609","144.8","2017-12-25","  14.8","24","001000",," 32.1",,"  34.0","*","  21.9","*"," 22.0",," 0.06","G","1026.6","19","999.9",,"006.4","24","  25.8","24"
"72429793812","CINCINNATI MUNICIPAL AIRPORT LUNKEN FIELD, OH US","39.106","-84.41609","144.8","2017-12-26","  10.4","24","001000",,"999.9",,"  28.9"," ","  19.9"," ","  8.9",," 0.00","G","1033.8","24","999.9",,"014.9","24","  23.3","24"
"72429793812","CINCINNATI MUNICIPAL AIRPORT LUNKEN FIELD, OH US","39.106","-84.41609","144.8","2017-12-27","   1.1","24","001000",,"999.9",,"  26.1"," ","   5.0"," ","  9.9",," 0.00","G","1039.3","23","999.9",,"019.9","24","  13.0","24"
"72429793812","CINCINNATI MUNICIPAL AIRPORT LUNKEN FIELD, OH US","39.106","-84.41609","144.8","2017-12-28","   2.3","24","000000",,"999.9",,"  21.9"," ","   5.0"," ","  8.9",," 0.00","G","1038.8","24","999.9",,"019.4","24","  13.6","24"
"72429793812","CINCINNATI MUNICIPAL AIRPORT LUNKEN FIELD, OH US","39.106","-84.41609","144.8","2017-12-29","  11.4","24","001000",,"999.9",,"  28.9"," ","   8.1"," ","  9.9",," 0.00","G","1030.1","21","999.9",,"010.8","24","  21.6","24"
"72429793812","CINCINNATI MUNICIPAL AIRPORT LUNKEN FIELD, OH US","39.106","-84.41609","144.8","2017-12-30","  16.1","24","001000",," 20.0",,"  28.9"," ","  12.0"," "," 12.0",," 0.07","G","1024.3","17","999.9",,"005.4","24","  21.6","24"
"72429793812","CINCINNATI MUNICIPAL AIRPORT LUNKEN FIELD, OH US","39.106","-84.41609","144.8","2017-12-31","   2.3","24","001000",,"999.9",,"  24.1"," ","   6.1"," ","  9.9",," 0.00","G","1032.4","22","999.9",,"013.4","24","  11.0","24"
"72429793812","CINCINNATI MUNICIPAL AIRPORT LUNKEN FIELD, OH US","39.106","-84.41609","144.8","2018-01-01","  -1.5","24","000000",,"999.9",,"  18.0"," ","   3.0"," ","  9.9",," 0.00","G","1039.2","22","999.9",,"019.7","24","   8.2","24"
"72429793812","CINCINNATI MUNICIPAL AIRPORT LUNKEN FIELD, OH US","39.106","-84.41609","144.8","2018-01-02","  -5.7","24","000000",,"999.9",,"  19.0"," ","  -5.1"," ","  7.0",," 0.00","G","1040.3","24","999.9",,"020.8","24","   4.8","24"
"72429793812","CINCINNATI MUNICIPAL AIRPORT LUNKEN FIELD, OH US","39.106","-84.41609","144.8","2018-01-03","   2.4","24","000000",,"999.9",,"  27.0"," ","  -5.1"," ","  9.9",," 0.00","G","1025.3","24","999.9",,"006.2","24","  11.2","24"
"72429793812","CINCINNATI MUNICIPAL AIRPORT LUNKEN FIELD, OH US","39.106","-84.41609","144.8","2018-01-04","   6.7","24","001000",," 20.0",,"  27.0"," ","  -2.0"," "," 13.0",," 0.00","G","1023.1","21","999.9",,"004.1","24","  16.2","24"
"72429793812","CINCINNATI MUNICIPAL AIRPORT LUNKEN FIELD, OH US","39.106","-84.41609","144.8","2018-01-05","  -0.8","24","000000",,"999.9",,"  21.9"," ","  -0.0"," "," 12.0",," 0.00","G","1028.9","24","999.9",,"009.8","24","   9.8","24"
"72429793812","CINCINNATI MUNICIPAL AIRPORT LUNKEN FIELD, OH US","39.106","-84.41609","144.8","2018-01-06","  -1.9","24","000000",," 20.0",,"  21.0"," ","  -2.0"," ","  8.0",," 0.00","G","1036.1","24","999.9",,"016.8","24","   9.1","24"
"72429793812","CINCINNATI MUNICIPAL AIRPORT LUNKEN FIELD, OH US","39.106","-84.41609","144.8","2018-01-07","   3.9","24","000000",,"999.9",,"  36.0"," ","  -2.0"," ","  8.0",," 0.00","G","1032.6","24","999.9",,"013.4","24","  15.7","24"
"72429793812","CINCINNATI MUNICIPAL AIRPORT LUNKEN FIELD, OH US","39.106","-84.41609","144.8","2018-01-08","  29.0","24","010000",,"999.9",,"  39.2","*","  33.1","*"," 14.0",," 0.13","G","1020.6","19","999.9",,"002.1","24","  35.9","24"
"72429793812","CINCINNATI MUNICIPAL AIRPORT LUNKEN FIELD, OH US","39.106","-84.41609","144.8","2018-01-09","  34.0","24","000000",,"999.9",,"  43.0"," ","  33.1"," ","  7.0",," 0.04","G","1025.6","21","999.9",,"007.1","24","  36.6","24"
"72429793812","CINCINNATI MUNICIPAL AIRPORT LUNKEN FIELD, OH US","39.106","-84.41609","144.8","2018-01-10","  40.0","24","010000",," 22.9",,"  64.0"," ","  30.0"," "," 15.9",," 0.00","G","1021.7","21","999.9",,"003.4","24","  43.0","24"
"72429793812","CINCINNATI MUNICIPAL AIRPORT LUNKEN FIELD, OH US","39.106","-84.41609","144.8","2018-01-11","  52.1","24","010000",," 18.1",,"  61.0","*","  52.0","*"," 14.0",," 0.00","G","1015.8","19","999.9",,"997.9","24","  57.2","24"
"72429793812","CINCINNATI MUNICIPAL AIRPORT LUNKEN FIELD, OH US","39.106","-84.41609","144.8","2018-01-12","  42.4","24","011000",," 27.0",,"  62.1"," ","  27.0"," "," 19.0",," 0.40","G","1008.0","13","999.9",,"990.6","24","  43.7","24"
"72429793812","CINCINNATI MUNICIPAL AIRPORT LUNKEN FIELD, OH US","39.106","-84.41609","144.8","2018-01-13","   8.5","24","101000",," 31.1",,"  27.0","*","  14.0","*"," 21.0",," 0.32","G","1029.4","20","999.9",,"008.6","24","  19.3","24"
"72429793812","CINCINNATI MUNICIPAL AIRPORT LUNKEN FIELD, OH US","39.106","-84.41609","144.8","2018-01-14","   6.9","24","000000",,"999.9",,"  23.0"," ","   9.0"," ","  8.0",," 0.00","G","1038.8","24","999.9",,"019.6","24","  16.2","24"
"72429793812","CINCINNATI MUNICIPAL AIRPORT LUNKEN FIELD, OH US","39.106","-84.41609","144.8","2018-01-15","  16.2","24","001000",,"999.9",,"  30.2","*","  12.9","*"," 14.0",," 0.03","G","1030.5","15","999.9",,"010.5","24","  21.8","24"
"72429793812","CINCINNATI MUNICIPAL AIRPORT LUNKEN FIELD, OH US","39.106","-84.41609","144.8","2018-01-16","   7.6","24","001000",," 21.0",,"  28.9","*","   8.6","*"," 14.0",," 0.05","G","1034.0","18","999.9",,"014.4","24","  15.0","24"
"72429793812","CINCINNATI MUNICIPAL AIRPORT LUNKEN FIELD, OH US","39.106","-84.41609","144.8","2018-01-17","   6.2","24","001000",,"999.9",,"  19.9"," ","   9.0"," ","  8.9",," 0.00","G","1036.7","17","999.9",,"017.4","24","  12.9","24"
"72429793812","CINCINNATI MUNICIPAL AIRPORT LUNKEN FIELD, OH US","39.106","-84.41609","144.8","2018-01-18","   9.8","24","000000",,"999.9",,"  30.0"," ","   9.0"," "," 14.0",," 0.00","G","1030.1","24","999.9",,"011.1","24","  17.6","24"
"72429793812","CINCINNATI MUNICIPAL AIRPORT LUNKEN FIELD, OH US","39.106","-84.41609","144.8","2018-01-19","  15.2","24","000000",," 22.0",,"  41.0"," ","   9.0"," "," 17.1",," 0.00","G","1022.8","24","999.9",,"004.1","24","  28.2","24"
"72429793812","CINCINNATI MUNICIPAL AIRPORT LUNKEN FIELD, OH US","39.106","-84.41609","144.8","2018-01-20","  25.8","24","000000",," 21.0",,"  48.9"," ","  19.9"," "," 14.0",," 0.00","G","1019.2","24","999.9",,"000.8","24","  38.6","24"
"72429793812","CINCINNATI MUNICIPAL AIRPORT LUNKEN FIELD, OH US","39.106","-84.41609","144.8","2018-01-21","  41.8","24","010000",,"999.9",,"  57.0"," ","  28.0"," "," 11.1",," 0.00","G","1019.5","19","999.9",,"001.4","24","  45.9","24"
"72429793812","CINCINNATI MUNICIPAL AIRPORT LUNKEN FIELD, OH US","39.106","-84.41609","144.8","2018-01-22","  45.7","24","110000",," 22.9",,"  59.0"," ","  37.9"," "," 14.0",," 0.00","G","1011.1","18","999.9",,"994.3","24","  50.1","24"
"72429793812","CINCINNATI MUNICIPAL AIRPORT LUNKEN FIELD, OH US","39.106","-84.41609","144.8","2018-01-23","  35.9","24","010010",," 36.9",,"  59.0"," ","  37.9"," "," 22.9",," 0.13","G","1008.5","22","999.9",,"990.3","24","  44.4","24"
"72429793812","CINCINNATI MUNICIPAL AIRPORT LUNKEN FIELD, OH US","39.106","-84.41609","144.8","2018-01-24","  28.2","24","011000",," 17.1",,"  50.0"," ","  30.9"," "," 14.0",," 0.01","G","1024.0","16","999.9",,"005.3","24","  33.2","24"
"72429793812","CINCINNATI MUNICIPAL AIRPORT LUNKEN FIELD, OH US","39.106","-84.41609","144.8","2018-01-25","  22.7","24","000000",,"999.9",,"  45.0"," ","  19.9"," ","  8.9",," 0.02","G","1032.2","22","999.9",,"013.2","24","  31.8","24"
"72429793812","CINCINNATI MUNICIPAL AIRPORT LUNKEN FIELD, OH US","39.106","-84.41609","144.8","2018-01-26","  25.5","24","000000",," 20.0",,"  59.0"," ","  19.9"," "," 15.9",," 0.00","G","1030.7","24","999.9",,"012.1","24","  38.6","24"
"72429793812","CINCINNATI MUNICIPAL AIRPORT LUNKEN FIELD, OH US","39.106","-84.41609","144.8","2018-01-27","  35.1","24","010000",,"999.9",,"  55.9","*","  43.0","*"," 13.0",," 0.00","G","1025.4","21","999.9",,"006.9","24","  47.9","24"
"72429793812","CINCINNATI MUNICIPAL AIRPORT LUNKEN FIELD, OH US","39.106","-84.41609","144.8","2018-01-28","  36.8","24","100000",,"999.9",,"  55.9"," ","  33.1"," ","  5.1",," 0.41","G","1026.2","15","999.9",,"008.0","24","  42.4","24"
"72429793812","CINCINNATI MUNICIPAL AIRPORT LUNKEN FIELD, OH US","39.106","-84.41609","144.8","2018-01-29","  28.0","24","001000",," 15.9",,"  37.0","*","  26.6","*"," 13.0",," 0.00","G","1024.9","20","999.9",,"006.4","24","  31.5","24"
"72429793812","CINCINNATI MUNICIPAL AIRPORT LUNKEN FIELD, OH US","39.106","-84.41609","144.8","2018-01-30","  16.7","24","001000",," 22.9",,"  37.0"," ","  25.0"," "," 13.0",," 0.00","G","1030.8","20","999.9",,"012.0","24","  28.8","24"
"72429793812","CINCINNATI MUNICIPAL AIRPORT LUNKEN FIELD, OH US","39.106","-84.41609","144.8","2018-01-31","  19.2","24","000000",," 28.0",,"  55.0"," ","  24.1"," "," 18.1",," 0.00","G","1020.2","24","999.9",,"001.7","24","  35.8","24"
"72429793812","CINCINNATI MUNICIPAL AIRPORT LUNKEN FIELD, OH US","39.106","-84.41609","144.8","2018-02-01","  28.4","24","011000",," 20.0",,"  55.0"," ","  26.1"," "," 14.0",," 0.00","G","1014.1","22","999.9",,"996.3","24","  43.7","24"
"72429793812","CINCINNATI MUNICIPAL AIRPORT LUNKEN FIELD, OH US","39.106","-84.41609","144.8","2018-02-02","   7.0","24","001000",," 21.0",,"  30.9","*","  14.0","*"," 13.0",," 0.02","G","1031.0","24","999.9",,"012.2","24","  21.0","24"
"72429793812","CINCINNATI MUNICIPAL AIRPORT LUNKEN FIELD, OH US","39.106","-84.41609","144.8","2018-02-03","  10.6","24","000000",,"999.9",,"  35.1"," ","  12.9"," "," 12.0",," 0.00","G","1028.8","24","999.9",,"009.9","24","  24.0","24"
"72429793812","CINCINNATI MUNICIPAL AIRPORT LUNKEN FIELD, OH US","39.106","-84.41609","144.8","2018-02-04","  30.3","24","011000",," 32.1",,"  42.1","*","  33.1","*"," 19.0",," 0.04","G","1014.1","16","999.9",,"995.2","24","  37.2","24"
"72429793812","CINCINNATI MUNICIPAL AIRPORT LUNKEN FIELD, OH US","39.106","-84.41609","144.8","2018-02-05","  16.3","24","001000",," 26.0",,"  42.1"," ","  17.1"," "," 14.0",," 0.04","G","1025.8","19","999.9",,"005.9","24","  23.9","24"
"72429793812","CINCINNATI MUNICIPAL AIRPORT LUNKEN FIELD, OH US","39.106","-84.41609","144.8","2018-02-06","  20.8","24","000000",,"999.9",,"  34.0"," ","  17.1"," ","  7.0",," 0.00","G","1027.0","20","999.9",,"008.1","24","  29.1","24"
"72429793812","CINCINNATI MUNICIPAL AIRPORT LUNKEN FIELD, OH US","39.106","-84.41609","144.8","2018-02-07","  25.2","24","011000",,"999.9",,"  34.0"," ","  26.1"," "," 12.0",," 0.42","G","1025.1","12","999.9",,"005.3","24","  29.7","24"
"72429793812","CINCINNATI MUNICIPAL AIRPORT LUNKEN FIELD, OH US","39.106","-84.41609","144.8","2018-02-08","  17.4","24","000000",,"999.9",,"  33.1"," ","  18.0"," "," 11.1",," 0.01","G","1032.8","21","999.9",,"013.9","24","  25.0","24"
"72429793812","CINCINNATI MUNICIPAL AIRPORT LUNKEN FIELD, OH US","39.106","-84.41609","144.8","2018-02-09","  28.1","24","000000",,"999.9",,"  52.0"," ","  18.0"," "," 11.1",," 0.00","G","1026.4","24","999.9",,"007.8","24","  34.6","24"
"72429793812","CINCINNATI MUNICIPAL AIRPORT LUNKEN FIELD, OH US","39.106","-84.41609","144.8","2018-02-10","  36.6","24","010000",,"999.9",,"  52.0"," ","  24.1"," "," 11.1",," 0.00","G","1018.6","17","999.9",,"999.9","24","  38.3","24"
"72429793812","CINCINNATI MUNICIPAL AIRPORT LUNKEN FIELD, OH US","39.106","-84.41609","144.8","2018-02-11","  33.3","24","010000",," 18.1",,"  44.1"," ","  32.0"," "," 11.1",," 0.18","G","1014.4","15","999.9",,"995.7","24","  35.1","24"
"72429793812","CINCINNATI MUNICIPAL AIRPORT LUNKEN FIELD, OH US","39.106","-84.41609","144.8","2018-02-12","  22.3","24","000000",,"999.9",,"  43.0"," ","  24.1"," ","  9.9",," 0.38","G","1032.9","22","999.9",,"014.0","24","  32.5","24"
"72429793812","CINCINNATI MUNICIPAL AIRPORT LUNKEN FIELD, OH US","39.106","-84.41609","144.8","2018-02-13","  22.4","24","000000",,"999.9",,"  46.0"," ","  21.0"," ","  8.0",," 0.00","G","1037.2","23","999.9",,"018.2","24","  30.9","24"
"72429793812","CINCINNATI MUNICIPAL AIRPORT LUNKEN FIELD, OH US","39.106","-84.41609","144.8","2018-02-14","  43.5","24","010000",,"999.9",,"  60.1"," ","  21.0"," "," 12.0",," 0.00","G","1025.2","19","999.9",,"006.8","24","  45.5","24"
"72429793812","CINCINNATI MUNICIPAL AIRPORT LUNKEN FIELD, OH US","39.106","-84.41609","144.8","2018-02-15","  59.1","24","010000",," 26.0",,"  70.0","*","  55.4","*"," 19.0",," 0.32","G","1012.7","19","999.9",,"994.8","24","  62.0","24"
"72429793812","CINCINNATI MUNICIPAL AIRPORT LUNKEN FIELD, OH US","39.106","-84.41609","144.8","2018-02-16","  46.5","24","010010",," 24.1",,"  70.0"," ","  39.0"," "," 15.9",," 0.78","G","1015.0","19","999.9",,"996.3","24","  51.2","24"
"72429793812","CINCINNATI MUNICIPAL AIRPORT LUNKEN FIELD, OH US","39.106","-84.41609","144.8","2018-02-17","  29.4","24","111000",,"999.9",,"  37.9","*","  32.0","*","  7.0",," 0.11","G","1023.7","19","999.9",,"004.3","24","  34.6","24"
"72429793812","CINCINNATI MUNICIPAL AIRPORT LUNKEN FIELD, OH US","39.106","-84.41609","144.8","2018-02-18","  31.3","24","010000",," 15.0",,"  48.9"," ","  32.0"," ","  9.9",," 0.24","G","1026.8","16","999.9",,"006.7","24","  38.4","24"
"72429793812","CINCINNATI MUNICIPAL AIRPORT LUNKEN FIELD, OH US","39.106","-84.41609","144.8","2018-02-19","  47.4","24","010000",," 28.9",,"  75.0"," ","  34.0"," "," 21.0",," 0.01","G","1019.0","22","999.9",,"000.9","24","  55.5","24"
"72429793812","CINCINNATI MUNICIPAL AIRPORT LUNKEN FIELD, OH US","39.106","-84.41609","144.8","2018-02-20","  55.9","24","000000",," 28.9",,"  80.1","*","  61.0","*"," 20.0",," 0.00","I","1019.5","24","999.9",,"001.8","24","  68.8","24"
"72429793812","CINCINNATI MUNICIPAL AIRPORT LUNKEN FIELD, OH US","39.106","-84.41609","144.8","2018-02-21","  53.2","22","010000",," 40.0",,"  80.1"," ","  45.0"," "," 19.0",," 0.08","G","1024.6","22","999.9",,"006.7","24","  59.4","24"
"72429793812","CINCINNATI MUNICIPAL AIRPORT LUNKEN FIELD, OH US","39.106","-84.41609","144.8","2018-02-22","  41.1","24","010000",," 20.0",,"  46.9","*","  37.9","*"," 12.0",," 1.29","G","1030.6","15","999.9",,"012.4","24","  43.3","24"
"72429793812","CINCINNATI MUNICIPAL AIRPORT LUNKEN FIELD, OH US","39.106","-84.41609","144.8","2018-02-23","  51.8","24","010000",," 21.0",,"  64.9"," ","  37.9"," "," 15.0",," 0.69","G","1025.7","15","999.9",,"007.4","24","  53.1","24"
"72429793812","CINCINNATI MUNICIPAL AIRPORT LUNKEN FIELD, OH US","39.106","-84.41609","144.8","2018-02-24","  50.6","24","010000",,"999.9",,"  64.9"," ","  46.0"," ","  9.9",," 0.37","G","1020.8"," 8","999.9",,"001.5","24","  52.6","24"
"72429793812","CINCINNATI MUNICIPAL AIRPORT LUNKEN FIELD, OH US","39.106","-84.41609","144.8","2018-02-25","  45.1","24","010000",," 28.0",,"  61.0"," ","  45.0"," "," 17.1",," 2.11","G","1014.2","19","999.9",,"995.0","24","  52.2","24"
"72429793812","CINCINNATI MUNICIPAL AIRPORT LUNKEN FIELD, OH US","39.106","-84.41609","144.8","2018-02-26","  30.2","24","000000",,"999.9",,"  61.0"," ","  34.0"," ","  4.1",," 0.26","G","1024.7","23","999.9",,"006.4","24","  45.1","24"
"72429793812","CINCINNATI MUNICIPAL AIRPORT LUNKEN FIELD, OH US","39.106","-84.41609","144.8","2018-02-27","  32.9","24","100000",,"999.9",,"  63.0"," ","  32.0"," "," 11.1",," 0.00","G","1027.1","23","999.9",,"008.9","24","  45.5","24"
"72429793812","CINCINNATI MUNICIPAL AIRPORT LUNKEN FIELD, OH US","39.106","-84.41609","144.8","2018-02-28","  44.5","24","010000",,"999.9",,"  63.0"," ","  32.0"," "," 17.1",," 0.00","G","1016.5","20","999.9",,"997.9","24","  51.0","24"
"72429793812","CINCINNATI MUNICIPAL AIRPORT LUNKEN FIELD, OH US","39.106","-84.41609","144.8","2018-03-01","  51.8","24","010000",," 33.0",,"  59.0"," ","  43.0"," "," 15.0",," 0.13","G","1007.5","12","999.9",,"989.1","24","  52.9","24"
"72429793812","CINCINNATI MUNICIPAL AIRPORT LUNKEN FIELD, OH US","39.106","-84.41609","144.8","2018-03-02","  30.1","24","010000",," 22.9",,"  48.9","*","  34.0","*"," 15.9",," 0.40","G","1025.4","22","999.9",,"006.6","24","  41.4","24"
"72429793812","CINCINNATI MUNICIPAL AIRPORT LUNKEN FIELD, OH US","39.106","-84.41609","144.8","2018-03-03","  27.0","24","000000",,"999.9",,"  50.0"," ","  28.9"," "," 12.0",," 0.00","G","1031.8","24","999.9",,"013.2","24","  39.0","24"
"72429793812","CINCINNATI MUNICIPAL AIRPORT LUNKEN FIELD, OH US","39.106","-84.41609","144.8","2018-03-04","  23.9","24","000000",,"999.9",,"  50.0"," ","  28.0"," "," 12.0",," 0.00","G","1030.8","24","999.9",,"012.3","24","  38.7","24"
"72429793812","CINCINNATI MUNICIPAL AIRPORT LUNKEN FIELD, OH US","39.106","-84.41609","144.8","2018-03-05","  20.4","24","000000",," 15.0",,"  50.0"," ","  28.0"," "," 11.1",," 0.00","G","1023.2","24","999.9",,"004.8","24","  38.4","24"
"72429793812","CINCINNATI MUNICIPAL AIRPORT LUNKEN FIELD, OH US","39.106","-84.41609","144.8","2018-03-06","  26.8","24","010000",," 31.1",,"  59.0"," ","  30.0"," "," 18.1",," 0.00","G","1009.3","22","999.9",,"991.4","24","  47.6","24"
"72429793812","CINCINNATI MUNICIPAL AIRPORT LUNKEN FIELD, OH US","39.106","-84.41609","144.8","2018-03-07","  28.6","24","011000",," 27.0",,"  59.0"," ","  33.1"," "," 17.1",," 0.03","G","1011.0","18","999.9",,"992.8","24","  38.2","24"
"72429793812","CINCINNATI MUNICIPAL AIRPORT LUNKEN FIELD, OH US","39.106","-84.41609","144.8","2018-03-08","  21.3","24","001000",," 20.0",,"  42.1"," ","  28.0"," "," 15.9",," 0.01","G","1016.9","19","999.9",,"998.4","24","  31.7","24"
"72429793812","CINCINNATI MUNICIPAL AIRPORT LUNKEN FIELD, OH US","39.106","-84.41609","144.8","2018-03-09","  19.1","24","001000",," 19.0",,"  45.0"," ","  25.0"," "," 13.0",," 0.00","G","1018.2","24","999.9",,"999.7","24","  33.9","24"
"72429793812","CINCINNATI MUNICIPAL AIRPORT LUNKEN FIELD, OH US","39.106","-84.41609","144.8","2018-03-10","  24.1","24","000000",,"999.9",,"  51.1"," ","  25.0"," ","  7.0",," 0.00","G","1017.1","22","999.9",,"998.8","24","  39.2","24"
"72429793812","CINCINNATI MUNICIPAL AIRPORT LUNKEN FIELD, OH US","39.106","-84.41609","144.8","2018-03-11","  22.5","24","000000",,"999.9",,"  51.1"," ","  28.0"," "," 14.0",," 0.00","G","1019.3","24","999.9",,"000.9","24","  37.3","24"
"72429793812","CINCINNATI MUNICIPAL AIRPORT LUNKEN FIELD, OH US","39.106","-84.41609","144.8","2018-03-12","  23.5","24","000000",," 22.0",,"  46.9"," ","  28.0"," "," 14.0",," 0.00","G","1017.4","24","999.9",,"999.1","24","  37.8","24"
"72429793812","CINCINNATI MUNICIPAL AIRPORT LUNKEN FIELD, OH US","39.106","-84.41609","144.8","2018-03-13","  26.7","24","101000",," 42.9",,"  45.0"," ","  27.0"," "," 22.9",," 0.00","G","1019.6","19","999.9",,"001.0","24","  34.0","24"
"72429793812","CINCINNATI MUNICIPAL AIRPORT LUNKEN FIELD, OH US","39.106","-84.41609","144.8","2018-03-14","  19.5","24","001000",," 19.0",,"  43.0"," ","  25.0"," "," 14.0",," 0.02","G","1019.5","23","999.9",,"001.1","24","  31.4","24"
"72429793812","CINCINNATI MUNICIPAL AIRPORT LUNKEN FIELD, OH US","39.106","-84.41609","144.8","2018-03-15","  22.6","24","000000",," 21.0",,"  55.9"," ","  25.0"," "," 14.0",," 0.00","G","1011.4","24","999.9",,"993.3","24","  42.1","24"
"72429793812","CINCINNATI MUNICIPAL AIRPORT LUNKEN FIELD, OH US","39.106","-84.41609","144.8","2018-03-16","  16.5","24","000000",," 21.0",,"  55.9"," ","  26.1"," "," 15.0",," 0.00","G","1018.8","24","999.9",,"000.6","24","  37.5","24"
"72429793812","CINCINNATI MUNICIPAL AIRPORT LUNKEN FIELD, OH US","39.106","-84.41609","144.8","2018-03-17","  30.0","24","010000",,"999.9",,"  46.0"," ","  26.1"," ","  7.0",," 0.16","G","1014.1","20","999.9",,"995.7","24","  38.4","24"
"72429793812","CINCINNATI MUNICIPAL AIRPORT LUNKEN FIELD, OH US","39.106","-84.41609","144.8","2018-03-18","  26.1","24","000000",,"999.9",,"  59.0"," ","  25.0"," ","  8.9",," 0.01","G","1016.7","23","999.9",,"998.3","24","  43.3","24"
"72429793812","CINCINNATI MUNICIPAL AIRPORT LUNKEN FIELD, OH US","39.106","-84.41609","144.8","2018-03-19","  29.9","24","000000",," 19.0",,"  63.0"," ","  25.0"," "," 14.0",," 0.00","G","1010.2","24","999.9",,"992.2","24","  46.1","24"
"72429793812","CINCINNATI MUNICIPAL AIRPORT LUNKEN FIELD, OH US","39.106","-84.41609","144.8","2018-03-20","  30.4","24","010000",," 21.0",,"  63.0"," ","  30.9"," "," 15.0",," 0.09","G","1004.1","20","999.9",,"986.1","24","  39.0","24"
"72429793812","CINCINNATI MUNICIPAL AIRPORT LUNKEN FIELD, OH US","39.106","-84.41609","144.8","2018-03-21","  29.1","24","011000",," 22.9",,"  42.1"," ","  30.0"," "," 15.9",," 0.19","G","1011.0","16","999.9",,"991.1","24","  32.7","24"
"72429793812","CINCINNATI MUNICIPAL AIRPORT LUNKEN FIELD, OH US","39.106","-84.41609","144.8","2018-03-22","  24.2","24","000000",," 19.0",,"  45.0"," ","  21.0"," "," 12.0",," 0.08","G","1025.0","21","999.9",,"006.2","24","  34.1","24"
"72429793812","CINCINNATI MUNICIPAL AIRPORT LUNKEN FIELD, OH US","39.106","-84.41609","144.8","2018-03-23","  23.9","24","000000",," 15.9",,"  52.0"," ","  21.0"," ","  9.9",," 0.00","G","1026.5","24","999.9",,"008.0","24","  36.9","24"
"72429793812","CINCINNATI MUNICIPAL AIRPORT LUNKEN FIELD, OH US","39.106","-84.41609","144.8","2018-03-24","  27.0","24","101000",," 15.9",,"  52.0"," ","  24.1"," "," 12.0",," 0.00","G","1023.5","19","999.9",,"004.6","24","  33.5","24"
"72429793812","CINCINNATI MUNICIPAL AIRPORT LUNKEN FIELD, OH US","39.106","-84.41609","144.8","2018-03-25","  20.0","24","000000",," 20.0",,"  50.0"," ","  27.0"," "," 15.0",," 0.19","G","1023.5","24","999.9",,"005.0","24","  38.0","24"
"72429793812","CINCINNATI MUNICIPAL AIRPORT LUNKEN FIELD, OH US","39.106","-84.41609","144.8","2018-03-26","  25.6","24","000000",," 18.1",,"  57.9"," ","  28.0"," "," 12.0",," 0.00","G","1025.9","24","999.9",,"007.5","24","  43.3","24"
"72429793812","CINCINNATI MUNICIPAL AIRPORT LUNKEN FIELD, OH US","39.106","-84.41609","144.8","2018-03-27","  46.7","24","010000",,"999.9",,"  59.0","*","  51.1","*"," 14.0",," 0.01","G","1021.1","22","999.9",,"002.7","24","  54.0","24"
"72429793812","CINCINNATI MUNICIPAL AIRPORT LUNKEN FIELD, OH US","39.106","-84.41609","144.8","2018-03-28","  54.6","24","110000",,"999.9",,"  59.0"," ","  50.0"," ","  4.1",," 0.79","G","1014.5"," 8","999.9",,"997.1","24","  54.6","24"
"72429793812","CINCINNATI MUNICIPAL AIRPORT LUNKEN FIELD, OH US","39.106","-84.41609","144.8","2018-03-29","  56.5","24","110000",," 20.0",,"  61.0","*","  48.2","*"," 15.0",," 0.38","G","1009.8","11","999.9",,"992.6","24","  57.0","24"
"72429793812","CINCINNATI MUNICIPAL AIRPORT LUNKEN FIELD, OH US","39.106","-84.41609","144.8","2018-03-30","  42.2","24","010000",," 20.0",,"  48.9","*","  42.8","*"," 14.0",," 0.53","G","1017.4","13","999.9",,"999.5","24","  45.4","24"
"72429793812","CINCINNATI MUNICIPAL AIRPORT LUNKEN FIELD, OH US","39.106","-84.41609","144.8","2018-03-31","  37.1","24","110000",," 28.0",,"  63.0"," ","  33.1"," "," 21.0",," 0.11","G","1022.6","20","999.9",,"004.7","24","  44.6","24"
"72429793812","CINCINNATI MUNICIPAL AIRPORT LUNKEN FIELD, OH US","39.106","-84.41609","144.8","2018-04-01","  36.5","24","010000",," 22.0",,"  63.0"," ","  33.1"," "," 14.0",," 0.14","G","1020.7","21","999.9",,"002.5","24","  46.6","24"
"72429793812","CINCINNATI MUNICIPAL AIRPORT LUNKEN FIELD, OH US","39.106","-84.41609","144.8","2018-04-02","  33.5","24","011000",,"999.9",,"  50.0"," ","  33.1"," "," 12.0",," 0.28","G","1019.5","18","999.9",,"001.3","24","  38.3","24"
"72429793812","CINCINNATI MUNICIPAL AIRPORT LUNKEN FIELD, OH US","39.106","-84.41609","144.8","2018-04-03","  49.7","24","010010",," 32.1",,"  75.9","*","  44.1","*"," 20.0",," 0.57","G","1008.9","17","999.9",,"991.1","24","  55.0","24"
"72429793812","CINCINNATI MUNICIPAL AIRPORT LUNKEN FIELD, OH US","39.106","-84.41609","144.8","2018-04-04","  35.8","24","010010",," 39.0",,"  64.4","*","  36.0","*"," 31.1",," 0.81","G","1015.5","21","999.9",,"994.8","24","  45.2","24"
"72429793812","CINCINNATI MUNICIPAL AIRPORT LUNKEN FIELD, OH US","39.106","-84.41609","144.8","2018-04-05","  23.2","24","000000",," 18.1",,"  52.0"," ","  28.0"," "," 12.0",," 0.00","G","1024.9","24","999.9",,"006.3","24","  38.3","24"
"72429793812","CINCINNATI MUNICIPAL AIRPORT LUNKEN FIELD, OH US","39.106","-84.41609","144.8","2018-04-06","  33.8","24","000000",," 24.1",,"  61.0"," ","  28.0"," "," 17.1",," 0.00","G","1014.0","24","999.9",,"996.0","24","  48.6","24"
"72429793812","CINCINNATI MUNICIPAL AIRPORT LUNKEN FIELD, OH US","39.106","-84.41609","144.8","2018-04-07","  24.2","24","011000",," 22.9",,"  43.0","*","  28.4","*"," 15.9",," 0.04","G","1019.0","15","999.9",,"000.1","24","  35.0","24"
"72429793812","CINCINNATI MUNICIPAL AIRPORT LUNKEN FIELD, OH US","39.106","-84.41609","144.8","2018-04-08","  17.1","24","000000",,"999.9",,"  45.0"," ","  27.0"," ","  7.0",," 0.03","G","1019.0","24","999.9",,"000.6","24","  36.3","24"
"72429793812","CINCINNATI MUNICIPAL AIRPORT LUNKEN FIELD, OH US","39.106","-84.41609","144.8","2018-04-09","  29.2","24","001000",,"999.9",,"  45.0"," ","  27.0"," ","  7.0",," 0.05","G","1019.9","20","999.9",,"001.4","24","  38.5","24"
"72429793812","CINCINNATI MUNICIPAL AIRPORT LUNKEN FIELD, OH US","39.106","-84.41609","144.8","2018-04-10","  30.6","24","000000",,"999.9",,"  46.9"," ","  30.9"," ","  6.0",," 0.00","I","1025.0","24","999.9",,"006.6","24","  40.5","24"
"72429793812","CINCINNATI MUNICIPAL AIRPORT LUNKEN FIELD, OH US","39.106","-84.41609","144.8","2018-04-11","  33.2","24","000000",," 22.0",,"  64.0","*","  30.0","*"," 15.0",," 0.00","G","1021.9","24","999.9",,"003.6","24","  44.5","24"
"72429793812","CINCINNATI MUNICIPAL AIRPORT LUNKEN FIELD, OH US","39.106","-84.41609","144.8","2018-04-12","  42.1","24","000000",," 34.0",,"  79.0","*","  53.1","*"," 22.0",," 0.00","G","1012.9","24","999.9",,"995.1","24","  63.7","24"
"72429793812","CINCINNATI MUNICIPAL AIRPORT LUNKEN FIELD, OH US","39.106","-84.41609","144.8","2018-04-13","  46.0","24","000000",," 33.0",,"  81.0"," ","  51.1"," "," 24.1",," 0.00","G","1009.9","24","999.9",,"992.3","24","  70.9","24"
"72429793812","CINCINNATI MUNICIPAL AIRPORT LUNKEN FIELD, OH US","39.106","-84.41609","144.8","2018-04-14","  54.6","24","010000",," 19.0",,"  81.0"," ","  54.0"," "," 14.0",," 0.00","G","1009.4","22","999.9",,"991.8","24","  63.0","24"
"72429793812","CINCINNATI MUNICIPAL AIRPORT LUNKEN FIELD, OH US","39.106","-84.41609","144.8","2018-04-15","  56.5","24","010000",," 28.9",,"  72.0"," ","  48.9"," "," 24.1",," 0.64","G","1006.4","18","999.9",,"988.4","24","  57.8","24"
"72429793812","CINCINNATI MUNICIPAL AIRPORT LUNKEN FIELD, OH US","39.106","-84.41609","144.8","2018-04-16","  32.8","24","111000",," 26.0",,"  64.0"," ","  32.0"," "," 20.0",," 0.62","G","1009.8","16","999.9",,"992.2","24","  39.6","24"
"72429793812","CINCINNATI MUNICIPAL AIRPORT LUNKEN FIELD, OH US","39.106","-84.41609","144.8","2018-04-17","  28.1","24","000000",," 22.9",,"  51.1"," ","  32.0"," "," 17.1",," 0.03","G","1014.4","21","999.9",,"996.0","24","  39.3","24"
"72429793812","CINCINNATI MUNICIPAL AIRPORT LUNKEN FIELD, OH US","39.106","-84.41609","144.8","2018-04-18","  36.5","24","010000",," 18.1",,"  73.0"," ","  34.0"," ","  9.9",," 0.00","G","1010.0","24","999.9",,"992.0","24","  49.2","24"
"72429793812","CINCINNATI MUNICIPAL AIRPORT LUNKEN FIELD, OH US","39.106","-84.41609","144.8","2018-04-19","  35.2","24","010010",," 27.0",,"  73.0"," ","  36.0"," "," 17.1",," 0.42","G","1017.9","22","999.9",,"999.1","24","  47.5","24"
"72429793812","CINCINNATI MUNICIPAL AIRPORT LUNKEN FIELD, OH US","39.106","-84.41609","144.8","2018-04-20","  29.2","24","000000",,"999.9",,"  61.0"," ","  34.0"," ","  9.9",," 0.00","G","1030.2","24","999.9",,"011.8","24","  48.1","24"
"72429793812","CINCINNATI MUNICIPAL AIRPORT LUNKEN FIELD, OH US","39.106","-84.41609","144.8","2018-04-21","  32.0","24","000000",,"999.9",,"  63.0"," ","  33.1"," ","  9.9",," 0.00","G","1029.8","24","999.9",,"011.4","24","  48.6","24"
"72429793812","CINCINNATI MUNICIPAL AIRPORT LUNKEN FIELD, OH US","39.106","-84.41609","144.8","2018-04-22","  35.5","24","000000",,"999.9",,"  66.0"," ","  33.1"," "," 12.0",," 0.00","G","1025.3","24","999.9",,"007.1","24","  54.1","24"
"72429793812","CINCINNATI MUNICIPAL AIRPORT LUNKEN FIELD, OH US","39.106","-84.41609","144.8","2018-04-23","  45.9","24","010000",," 15.9",,"  66.0"," ","  42.1"," ","  8.9",," 0.00","G","1020.0","22","999.9",,"002.0","24","  53.1","24"
"72429793812","CINCINNATI MUNICIPAL AIRPORT LUNKEN FIELD, OH US","39.106","-84.41609","144.8","2018-04-24","  52.3","24","010000",,"999.9",,"  60.1"," ","  43.0"," ","  7.0",," 0.52","G","1015.4","19","999.9",,"997.2","24","  54.5","24"
"72429793812","CINCINNATI MUNICIPAL AIRPORT LUNKEN FIELD, OH US","39.106","-84.41609","144.8","2018-04-25","  52.0","24","010000",," 18.1",,"  66.0"," ","  51.1"," "," 11.1",," 0.12","G","1013.0","20","999.9",,"995.3","24","  57.6","24"
"72429793812","CINCINNATI MUNICIPAL AIRPORT LUNKEN FIELD, OH US","39.106","-84.41609","144.8","2018-04-26","  40.4","24","000000",,"999.9",,"  69.1"," ","  42.1"," ","  8.0",," 0.00","G","1012.5","24","999.9",,"994.6","24","  55.1","24"
"72429793812","CINCINNATI MUNICIPAL AIRPORT LUNKEN FIELD, OH US","39.106","-84.41609","144.8","2018-04-27","  41.9","24","100000",," 26.0",,"  71.1"," ","  41.0"," "," 17.1",," 0.00","G","1008.9","21","999.9",,"991.1","24","  56.0","24"
"72429793812","CINCINNATI MUNICIPAL AIRPORT LUNKEN FIELD, OH US","39.106","-84.41609","144.8","2018-04-28","  37.8","24","000000",," 19.0",,"  71.1"," ","  41.0"," "," 15.0",," 0.00","G","1012.5","23","999.9",,"994.7","24","  51.0","24"
"72429793812","CINCINNATI MUNICIPAL AIRPORT LUNKEN FIELD, OH US","39.106","-84.41609","144.8","2018-04-29","  28.6","24","000000",,"999.9",,"  61.0"," ","  30.9"," ","  9.9",," 0.00","G","1024.9","24","999.9",,"006.6","24","  47.5","24"
"72429793812","CINCINNATI MUNICIPAL AIRPORT LUNKEN FIELD, OH US","39.106","-84.41609","144.8","2018-04-30","  35.5","24","000000",,"999.9",,"  72.0"," ","  30.9"," ","  8.0",," 0.00","G","1025.5","24","999.9",,"007.2","24","  51.6","24"
"72429793812","CINCINNATI MUNICIPAL AIRPORT LUNKEN FIELD, OH US","39.106","-84.41609","144.8","2018-05-01","  43.7","24","100000",," 18.1",,"  80.1"," ","  33.1"," "," 14.0",," 0.00","G","1021.1","24","999.9",,"003.1","24","  59.2","24"
"72429793812","CINCINNATI MUNICIPAL AIRPORT LUNKEN FIELD, OH US","39.106","-84.41609","144.8","2018-05-02","  55.5","24","000000",," 27.0",,"  84.0"," ","  37.9"," "," 18.1",," 0.00","G","1019.6","24","999.9",,"001.7","24","  66.6","24"
"72429793812","CINCINNATI MUNICIPAL AIRPORT LUNKEN FIELD, OH US","39.106","-84.41609","144.8","2018-05-03","  61.5","24","010000",," 33.0",,"  84.0"," ","  50.0"," "," 18.1",," 0.00","G","1017.6","24","999.9",,"999.9","24","  73.0","24"
"72429793812","CINCINNATI MUNICIPAL AIRPORT LUNKEN FIELD, OH US","39.106","-84.41609","144.8","2018-05-04","  62.4","24","010000",," 35.9",,"  81.0"," ","  61.0"," "," 22.0",," 0.01","G","1014.5","23","999.9",,"996.9","24","  72.1","24"
"72429793812","CINCINNATI MUNICIPAL AIRPORT LUNKEN FIELD, OH US","39.106","-84.41609","144.8","2018-05-05","  60.0","24","110000",,"999.9",,"  64.9","*","  55.0","*","  8.0",," 0.03","G","1017.9","15","999.9",,"000.1","24","  61.8","24"
"72429793812","CINCINNATI MUNICIPAL AIRPORT LUNKEN FIELD, OH US","39.106","-84.41609","144.8","2018-05-06","  56.5","24","110010",," 28.9",,"  77.0","*","  53.6","*"," 24.1",," 0.17","G","1015.0","17","999.9",,"997.0","24","  62.7","24"
"72429793812","CINCINNATI MUNICIPAL AIRPORT LUNKEN FIELD, OH US","39.106","-84.41609","144.8","2018-05-07","  53.8","24","100000",," 17.1",,"  78.1"," ","  51.1"," "," 13.0",," 0.14","G","1018.8","21","999.9",,"000.7","24","  62.5","24"
"72429793812","CINCINNATI MUNICIPAL AIRPORT LUNKEN FIELD, OH US","39.106","-84.41609","144.8","2018-05-08","  49.0","24","100000",,"999.9",,"  79.0"," ","  44.1"," ","  8.0",," 0.00","G","1020.8","23","999.9",,"002.9","24","  61.1","24"
"72429793812","CINCINNATI MUNICIPAL AIRPORT LUNKEN FIELD, OH US","39.106","-84.41609","144.8","2018-05-09","  57.1","24","110000",," 31.1",,"  81.0","*","  51.8","*"," 15.0",," 0.00","G","1016.1","21","999.9",,"998.2","24","  65.2","24"
"72429793812","CINCINNATI MUNICIPAL AIRPORT LUNKEN FIELD, OH US","39.106","-84.41609","144.8","2018-05-10","  59.3","24","010010",," 22.9",,"  82.9"," ","  63.0"," "," 15.0",," 0.09","G","1012.0","21","999.9",,"994.3","24","  74.1","24"
"72429793812","CINCINNATI MUNICIPAL AIRPORT LUNKEN FIELD, OH US","39.106","-84.41609","144.8","2018-05-11","  59.7","24","000000",," 20.0",,"  87.1"," ","  54.0"," "," 15.0",," 0.07","G","1014.8","24","999.9",,"997.2","24","  70.3","24"
"72429793812","CINCINNATI MUNICIPAL AIRPORT LUNKEN FIELD, OH US","39.106","-84.41609","144.8","2018-05-12","  63.5","24","000000",," 24.1",,"  87.1"," ","  54.0"," "," 14.0",," 0.00","G","1015.7","24","999.9",,"998.1","24","  74.7","24"
"72429793812","CINCINNATI MUNICIPAL AIRPORT LUNKEN FIELD, OH US","39.106","-84.41609","144.8","2018-05-13","  65.9","24","100000",," 18.1",,"  88.0"," ","  60.1"," "," 14.0",," 0.00","G","1015.5","20","999.9",,"998.0","24","  75.1","24"
"72429793812","CINCINNATI MUNICIPAL AIRPORT LUNKEN FIELD, OH US","39.106","-84.41609","144.8","2018-05-14","  67.0","24","000000",,"999.9",,"  90.0"," ","  60.1"," ","  9.9",," 0.00","G","1014.3","22","999.9",,"996.8","24","  77.0","24"
"72429793812","CINCINNATI MUNICIPAL AIRPORT LUNKEN FIELD, OH US","39.106","-84.41609","144.8","2018-05-15","  64.2","24","000000",," 18.1",,"  90.0"," ","  63.0"," "," 12.0",," 0.00","G","1012.0","23","999.9",,"994.4","24","  77.7","24"
"72429793812","CINCINNATI MUNICIPAL AIRPORT LUNKEN FIELD, OH US","39.106","-84.41609","144.8","2018-05-16","  67.8","24","010010",,"999.9",,"  90.0"," ","  64.0"," "," 12.0",," 0.01","G","1013.1","16","999.9",,"995.6","24","  71.7","24"
"72429793812","CINCINNATI MUNICIPAL AIRPORT LUNKEN FIELD, OH US","39.106","-84.41609","144.8","2018-05-17","  66.5","24","110010",," 15.9",,"  81.0"," ","  64.0"," "," 11.1",," 0.36","G","1013.9","13","999.9",,"996.1","24","  71.0","24"
"72429793812","CINCINNATI MUNICIPAL AIRPORT LUNKEN FIELD, OH US","39.106","-84.41609","144.8","2018-05-18","  66.6","24","110010",," 18.1",,"  77.0"," ","  64.0"," "," 11.1",," 0.05","G","1013.4","12","999.9",,"995.9","24","  70.1","24"
"72429793812","CINCINNATI MUNICIPAL AIRPORT LUNKEN FIELD, OH US","39.106","-84.41609","144.8","2018-05-19","  67.8","24","110010",," 15.0",,"  81.0"," ","  63.0"," "," 13.0",," 0.11","G","1012.4","14","999.9",,"994.8","24","  70.7","24"
"72429793812","CINCINNATI MUNICIPAL AIRPORT LUNKEN FIELD, OH US","39.106","-84.41609","144.8","2018-05-20","  66.7","24","100000",,"999.9",,"  87.1"," ","  62.1"," ","  7.0",," 0.04","G","1017.3","18","999.9",,"999.4","24","  73.7","24"
"72429793812","CINCINNATI MUNICIPAL AIRPORT LUNKEN FIELD, OH US","39.106","-84.41609","144.8","2018-05-21","  66.5","24","000000",,"999.9",,"  87.1"," ","  62.1"," ","  8.9",," 0.00","G","1018.4","24","999.9",,"000.9","24","  73.5","24"
"72429793812","CINCINNATI MUNICIPAL AIRPORT LUNKEN FIELD, OH US","39.106","-84.41609","144.8","2018-05-22","  69.0","24","010010",," 26.0",,"  87.1"," ","  64.0"," "," 17.1",," 1.41","G","1016.2","13","999.9",,"998.8","24","  72.5","24"
"72429793812","CINCINNATI MUNICIPAL AIRPORT LUNKEN FIELD, OH US","39.106","-84.41609","144.8","2018-05-23","  62.5","24","000000",,"999.9",,"  84.0"," ","  59.0"," ","  9.9",," 0.35","G","1018.7","19","999.9",,"001.1","24","  70.0","24"
"72429793812","CINCINNATI MUNICIPAL AIRPORT LUNKEN FIELD, OH US","39.106","-84.41609","144.8","2018-05-24","  59.5","24","100000",,"999.9",,"  82.9"," ","  55.0"," ","  9.9",," 0.00","G","1021.2","21","999.9",,"003.4","24","  68.7","24"
"72429793812","CINCINNATI MUNICIPAL AIRPORT LUNKEN FIELD, OH US","39.106","-84.41609","144.8","2018-05-25","  61.0","24","100000",,"999.9",,"  86.0"," ","  55.0"," ","  8.0",," 0.00","G","1015.8","24","999.9",,"998.1","24","  70.7","24"
"72429793812","CINCINNATI MUNICIPAL AIRPORT LUNKEN FIELD, OH US","39.106","-84.41609","144.8","2018-05-26","  67.7","24","010010",," 28.9",,"  86.0"," ","  55.9"," "," 22.0",," 0.00","G","1010.8","21","999.9",,"993.0","24","  72.8","24"
"72429793812","CINCINNATI MUNICIPAL AIRPORT LUNKEN FIELD, OH US","39.106","-84.41609","144.8","2018-05-27","  70.0","24","110000",,"999.9",,"  88.0"," ","  63.0"," ","  8.9",," 0.18","G","1012.0","19","999.9",,"994.3","24","  75.4","24"
"72429793812","CINCINNATI MUNICIPAL AIRPORT LUNKEN FIELD, OH US","39.106","-84.41609","144.8","2018-05-28","  69.6","24","100000",,"999.9",,"  90.0"," ","  64.0"," ","  9.9",," 0.13","G","1013.7","21","999.9",,"996.2","24","  77.3","24"
"72429793812","CINCINNATI MUNICIPAL AIRPORT LUNKEN FIELD, OH US","39.106","-84.41609","144.8","2018-05-29","  69.0","24","010000",," 18.1",,"  90.0"," ","  64.0"," "," 12.0",," 0.00","G","1012.6","24","999.9",,"995.1","24","  76.6","24"
"72429793812","CINCINNATI MUNICIPAL AIRPORT LUNKEN FIELD, OH US","39.106","-84.41609","144.8","2018-05-30","  71.4","24","010000",," 24.1",,"  87.1"," ","  66.0"," "," 15.9",," 0.03","G","1008.0","23","999.9",,"990.6","24","  78.1","24"
"72429793812","CINCINNATI MUNICIPAL AIRPORT LUNKEN FIELD, OH US","39.106","-84.41609","144.8","2018-05-31","  71.5","24","010010",," 54.0",,"  87.1"," ","  68.0"," "," 29.9",," 0.21","G","1009.1","17","999.9",,"991.7","24","  75.1","24"
"72429793812","CINCINNATI MUNICIPAL AIRPORT LUNKEN FIELD, OH US","39.106","-84.41609","144.8","2018-06-01","  68.5","24","010010",," 22.0",,"  87.1"," ","  64.9"," "," 13.0",," 0.40","G","1010.9","17","999.9",,"993.3","24","  71.9","24"
"72429793812","CINCINNATI MUNICIPAL AIRPORT LUNKEN FIELD, OH US","39.106","-84.41609","144.8","2018-06-02","  68.5","24","100000",,"999.9",,"  87.1"," ","  64.0"," ","  8.0",," 0.31","G","1011.5","17","999.9",,"994.0","24","  73.8","24"
"72429793812","CINCINNATI MUNICIPAL AIRPORT LUNKEN FIELD, OH US","39.106","-84.41609","144.8","2018-06-03","  65.1","24","100000",," 28.9",,"  87.1"," ","  64.0"," "," 15.9",," 0.00","G","1010.6","19","999.9",,"993.0","24","  74.3","24"
"72429793812","CINCINNATI MUNICIPAL AIRPORT LUNKEN FIELD, OH US","39.106","-84.41609","144.8","2018-06-04","  52.5","24","000000",," 21.0",,"  82.9"," ","  57.9"," "," 11.1",," 0.00","G","1014.0","24","999.9",,"996.3","24","  69.2","24"
"72429793812","CINCINNATI MUNICIPAL AIRPORT LUNKEN FIELD, OH US","39.106","-84.41609","144.8","2018-06-05","  54.2","24","000000",," 21.0",,"  84.0"," ","  51.1"," "," 15.0",," 0.00","G","1012.1","24","999.9",,"994.5","24","  68.0","24"
"72429793812","CINCINNATI MUNICIPAL AIRPORT LUNKEN FIELD, OH US","39.106","-84.41609","144.8","2018-06-06","  56.4","24","000000",,"999.9",,"  84.0"," ","  51.1"," ","  9.9",," 0.00","G","1012.8","24","999.9",,"995.2","24","  67.1","24"
"72429793812","CINCINNATI MUNICIPAL AIRPORT LUNKEN FIELD, OH US","39.106","-84.41609","144.8","2018-06-07","  59.5","24","000000",,"999.9",,"  84.9"," ","  55.0"," "," 11.1",," 0.00","G","1016.8","24","999.9",,"999.0","24","  68.2","24"
"72429793812","CINCINNATI MUNICIPAL AIRPORT LUNKEN FIELD, OH US","39.106","-84.41609","144.8","2018-06-08","  67.8","24","010010",," 28.9",,"  87.1"," ","  55.0"," "," 24.1",," 0.00","G","1019.3","22","999.9",,"001.7","24","  76.1","24"
"72429793812","CINCINNATI MUNICIPAL AIRPORT LUNKEN FIELD, OH US","39.106","-84.41609","144.8","2018-06-09","  66.9","24","110010",,"999.9",,"  90.0"," ","  62.1"," ","  8.0",," 0.33","G","1017.5","16","999.9",,"000.9","24","  73.2","24"
"72429793812","CINCINNATI MUNICIPAL AIRPORT LUNKEN FIELD, OH US","39.106","-84.41609","144.8","2018-06-10","  67.8","24","010000",," 22.9",,"  90.0"," ","  62.1"," "," 11.1",," 0.00","G","1013.5","24","999.9",,"995.9","24","  74.3","24"
"72429793812","CINCINNATI MUNICIPAL AIRPORT LUNKEN FIELD, OH US","39.106","-84.41609","144.8","2018-06-11","  68.1","24","010000",,"999.9",,"  82.9"," ","  66.0"," ","  8.0",," 0.00","G","1012.2","23","999.9",,"994.7","24","  71.7","24"
"72429793812","CINCINNATI MUNICIPAL AIRPORT LUNKEN FIELD, OH US","39.106","-84.41609","144.8","2018-06-12","  69.9","24","010000",,"999.9",,"  82.0"," ","  66.9"," "," 11.1",," 0.19","G","1014.0","19","999.9",,"996.6","24","  73.3","24"
"72429793812","CINCINNATI MUNICIPAL AIRPORT LUNKEN FIELD, OH US","39.106","-84.41609","144.8","2018-06-13","  71.0","24","010010",,"999.9",,"  87.1"," ","  66.9"," "," 11.1",," 0.59","G","1013.6","16","999.9",,"996.1","24","  76.0","24"
"72429793812","CINCINNATI MUNICIPAL AIRPORT LUNKEN FIELD, OH US","39.106","-84.41609","144.8","2018-06-14","  59.5","24","000000",,"999.9",,"  87.1"," ","  57.9"," ","  8.0",," 0.04","G","1016.6","24","999.9",,"999.0","24","  73.4","24"
"72429793812","CINCINNATI MUNICIPAL AIRPORT LUNKEN FIELD, OH US","39.106","-84.41609","144.8","2018-06-15","  61.5","24","000000",,"999.9",,"  88.0"," ","  57.9"," ","  7.0",," 0.00","G","1016.7","24","999.9",,"999.0","24","  73.2","24"
"72429793812","CINCINNATI MUNICIPAL AIRPORT LUNKEN FIELD, OH US","39.106","-84.41609","144.8","2018-06-16","  67.7","24","000000",,"999.9",,"  91.0"," ","  57.9"," ","  8.0",," 0.00","G","1016.4","24","999.9",,"998.8","24","  76.6","24"
"72429793812","CINCINNATI MUNICIPAL AIRPORT LUNKEN FIELD, OH US","39.106","-84.41609","144.8","2018-06-17","  72.4","24","100000",,"999.9",,"  93.0"," ","  63.0"," ","  7.0",," 0.00","G","1017.6","22","999.9",,"000.0","24","  80.7","24"
"72429793812","CINCINNATI MUNICIPAL AIRPORT LUNKEN FIELD, OH US","39.106","-84.41609","144.8","2018-06-18","  72.7","24","000000",," 14.0",,"  93.9"," ","  66.9"," "," 13.0",," 0.00","G","1017.1","21","999.9",,"999.8","24","  82.6","24"
"72429793812","CINCINNATI MUNICIPAL AIRPORT LUNKEN FIELD, OH US","39.106","-84.41609","144.8","2018-06-19","  73.8","24","000000",," 26.0",,"  93.9"," ","  70.0"," "," 17.1",," 0.00","G","1014.3","24","999.9",,"996.9","24","  84.2","24"
"72429793812","CINCINNATI MUNICIPAL AIRPORT LUNKEN FIELD, OH US","39.106","-84.41609","144.8","2018-06-20","  71.3","24","010010",," 17.1",,"  93.0"," ","  69.1"," "," 12.0",," 0.01","G","1011.2","22","999.9",,"994.1","24","  78.9","24"
"72429793812","CINCINNATI MUNICIPAL AIRPORT LUNKEN FIELD, OH US","39.106","-84.41609","144.8","2018-06-21","  72.1","24","010010",," 20.0",,"  90.0"," ","  69.1"," "," 15.0",," 0.34","G","1008.9","14","999.9",,"991.0","24","  75.6","24"
"72429793812","CINCINNATI MUNICIPAL AIRPORT LUNKEN FIELD, OH US","39.106","-84.41609","144.8","2018-06-22","  70.3","24","010010",," 18.1",,"  82.0"," ","  68.0"," "," 14.0",," 0.34","G","1005.9","16","999.9",,"988.4","24","  73.7","24"
"72429793812","CINCINNATI MUNICIPAL AIRPORT LUNKEN FIELD, OH US","39.106","-84.41609","144.8","2018-06-23","  67.5","24","010000",," 18.1",,"  82.0"," ","  66.0"," "," 12.0",," 0.63","G","1007.7","18","999.9",,"989.8","24","  71.1","24"
"72429793812","CINCINNATI MUNICIPAL AIRPORT LUNKEN FIELD, OH US","39.106","-84.41609","144.8","2018-06-24","  66.1","24","000000",,"999.9",,"  84.9"," ","  64.0"," ","  9.9",," 0.08","G","1012.3","24","999.9",,"994.8","24","  75.0","24"
"72429793812","CINCINNATI MUNICIPAL AIRPORT LUNKEN FIELD, OH US","39.106","-84.41609","144.8","2018-06-25","  67.5","24","010000",,"999.9",,"  84.9"," ","  64.0"," ","  8.9",," 0.00","G","1017.7","24","999.9",,"000.1","24","  71.5","24"
"72429793812","CINCINNATI MUNICIPAL AIRPORT LUNKEN FIELD, OH US","39.106","-84.41609","144.8","2018-06-26","  68.3","24","010010",," 25.1",,"  80.1"," ","  64.0"," "," 17.1",," 0.06","G","1017.6","19","999.9",,"999.9","24","  70.5","24"
"72429793812","CINCINNATI MUNICIPAL AIRPORT LUNKEN FIELD, OH US","39.106","-84.41609","144.8","2018-06-27","  69.3","24","010000",," 20.0",,"  84.0"," ","  64.0"," "," 15.9",," 1.26","G","1011.5","18","999.9",,"994.0","24","  74.1","24"
"72429793812","CINCINNATI MUNICIPAL AIRPORT LUNKEN FIELD, OH US","39.106","-84.41609","144.8","2018-06-28","  69.2","24","110000",," 18.1",,"  87.1","*","  64.4","*"," 14.0",," 0.01","G","1012.9","19","999.9",,"994.9","24","  76.5","24"
"72429793812","CINCINNATI MUNICIPAL AIRPORT LUNKEN FIELD, OH US","39.106","-84.41609","144.8","2018-06-29","  70.7","24","100000",,"999.9",,"  90.0"," ","  64.9"," ","  8.0",," 0.00","G","1016.3","21","999.9",,"998.7","24","  77.7","24"
"72429793812","CINCINNATI MUNICIPAL AIRPORT LUNKEN FIELD, OH US","39.106","-84.41609","144.8","2018-06-30","  71.9","24","100000",,"999.9",,"  91.9"," ","  66.0"," ","  6.0",," 0.00","G","1017.1","21","999.9",,"999.5","24","  79.8","24"
"72429793812","CINCINNATI MUNICIPAL AIRPORT LUNKEN FIELD, OH US","39.106","-84.41609","144.8","2018-07-01","  73.6","24","010010",," 25.1",,"  91.9"," ","  68.0"," "," 15.0",," 0.00","G","1015.7","23","999.9",,"998.1","24","  78.6","24"
"72429793812","CINCINNATI MUNICIPAL AIRPORT LUNKEN FIELD, OH US","39.106","-84.41609","144.8","2018-07-02","  73.5","24","010010",,"999.9",,"  91.9"," ","  70.0"," ","  7.0",," 0.10","G","1016.2","20","999.9",,"998.8","24","  77.9","24"
"72429793812","CINCINNATI MUNICIPAL AIRPORT LUNKEN FIELD, OH US","39.106","-84.41609","144.8","2018-07-03","  73.7","24","010010",," 35.9",,"  90.0"," ","  70.0"," "," 27.0",," 0.02","G","1020.1","21","999.9",,"002.5","24","  77.7","24"
"72429793812","CINCINNATI MUNICIPAL AIRPORT LUNKEN FIELD, OH US","39.106","-84.41609","144.8","2018-07-04","  74.1","24","000000",,"999.9",,"  96.1"," ","  70.0"," ","  7.0",," 0.26","G","1022.9","24","999.9",,"005.2","24","  81.6","24"
"72429793812","CINCINNATI MUNICIPAL AIRPORT LUNKEN FIELD, OH US","39.106","-84.41609","144.8","2018-07-05","  74.8","24","110010",," 22.0",,"  96.1"," ","  70.0"," "," 12.0",," 0.00","G","1023.4","19","999.9",,"005.8","24","  82.9","24"
"72429793812","CINCINNATI MUNICIPAL AIRPORT LUNKEN FIELD, OH US","39.106","-84.41609","144.8","2018-07-06","  69.0","24","010000",," 20.0",,"  95.0"," ","  73.0"," "," 14.0",," 0.19","G","1023.1","23","999.9",,"005.5","24","  78.7","24"
"72429793812","CINCINNATI MUNICIPAL AIRPORT LUNKEN FIELD, OH US","39.106","-84.41609","144.8","2018-07-07","  56.6","24","000000",," 15.9",,"  84.9"," ","  55.9"," ","  9.9",," 0.00","G","1024.9","24","999.9",,"007.1","24","  70.2","24"
"72429793812","CINCINNATI MUNICIPAL AIRPORT LUNKEN FIELD, OH US","39.106","-84.41609","144.8","2018-07-08","  61.7","24","000000",,"999.9",,"  89.1"," ","  55.9"," ","  7.0",," 0.00","G","1024.4","24","999.9",,"006.5","24","  72.2","24"
"72429793812","CINCINNATI MUNICIPAL AIRPORT LUNKEN FIELD, OH US","39.106","-84.41609","144.8","2018-07-09","  68.1","24","000000",,"999.9",,"  93.0"," ","  57.0"," ","  7.0",," 0.00","G","1023.1","24","999.9",,"005.4","24","  78.4","24"
"72429793812","CINCINNATI MUNICIPAL AIRPORT LUNKEN FIELD, OH US","39.106","-84.41609","144.8","2018-07-10","  69.6","24","100000",," 22.9",,"  93.0"," ","  64.9"," "," 14.0",," 0.00","G","1018.8","23","999.9",,"001.2","24","  79.6","24"
"72429793812","CINCINNATI MUNICIPAL AIRPORT LUNKEN FIELD, OH US","39.106","-84.41609","144.8","2018-07-11","  64.5","24","000000",,"999.9",,"  93.0"," ","  66.9"," "," 11.1",," 0.00","G","1017.7","23","999.9",,"000.1","24","  78.6","24"
"72429793812","CINCINNATI MUNICIPAL AIRPORT LUNKEN FIELD, OH US","39.106","-84.41609","144.8","2018-07-12","  59.2","24","000000",,"999.9",,"  87.1"," ","  57.0"," ","  9.9",," 0.00","G","1020.9","24","999.9",,"003.2","24","  73.6","24"
"72429793812","CINCINNATI MUNICIPAL AIRPORT LUNKEN FIELD, OH US","39.106","-84.41609","144.8","2018-07-13","  63.4","24","000000",,"999.9",,"  91.0"," ","  57.0"," ","  7.0",," 0.00","G","1020.3","24","999.9",,"002.6","24","  75.0","24"
"72429793812","CINCINNATI MUNICIPAL AIRPORT LUNKEN FIELD, OH US","39.106","-84.41609","144.8","2018-07-14","  67.8","24","000000",,"999.9",,"  91.9"," ","  61.0"," ","  6.0",," 0.00","G","1018.2","23","999.9",,"000.6","24","  78.1","24"
"72429793812","CINCINNATI MUNICIPAL AIRPORT LUNKEN FIELD, OH US","39.106","-84.41609","144.8","2018-07-15","  71.8","24","000000",,"999.9",,"  91.9"," ","  64.0"," ","  7.0",," 0.00","G","1016.2","24","999.9",,"998.6","24","  77.8","24"
"72429793812","CINCINNATI MUNICIPAL AIRPORT LUNKEN FIELD, OH US","39.106","-84.41609","144.8","2018-07-16","  73.2","24","110000",,"999.9",,"  88.0"," ","  69.1"," ","  9.9",," 0.00","G","1014.0","19","999.9",,"996.7","24","  78.8","24"
"72429793812","CINCINNATI MUNICIPAL AIRPORT LUNKEN FIELD, OH US","39.106","-84.41609","144.8","2018-07-17","  65.3","24","000000",," 18.1",,"  90.0"," ","  70.0"," "," 13.0",," 0.00","G","1014.0","24","999.9",,"996.6","24","  80.8","24"
"72429793812","CINCINNATI MUNICIPAL AIRPORT LUNKEN FIELD, OH US","39.106","-84.41609","144.8","2018-07-18","  59.8","24","000000",,"999.9",,"  90.0"," ","  60.1"," ","  8.0",," 0.00","G","1016.7","24","999.9",,"999.1","24","  75.3","24"
"72429793812","CINCINNATI MUNICIPAL AIRPORT LUNKEN FIELD, OH US","39.106","-84.41609","144.8","2018-07-19","  60.0","24","000000",,"999.9",,"  87.1"," ","  59.0"," ","  8.9",," 0.00","G","1016.3","24","999.9",,"998.6","24","  73.3","24"
"72429793812","CINCINNATI MUNICIPAL AIRPORT LUNKEN FIELD, OH US","39.106","-84.41609","144.8","2018-07-20","  65.4","24","010010",," 34.0",,"  86.0"," ","  59.0"," "," 26.0",," 0.45","G","1012.4","14","999.9",,"994.7","24","  68.6","24"
"72429793812","CINCINNATI MUNICIPAL AIRPORT LUNKEN FIELD, OH US","39.106","-84.41609","144.8","2018-07-21","  66.8","24","010010",," 19.0",,"  78.1"," ","  64.9"," "," 13.0",," 0.83","G","1008.0","15","999.9",,"990.4","24","  69.3","24"
"72429793812","CINCINNATI MUNICIPAL AIRPORT LUNKEN FIELD, OH US","39.106","-84.41609","144.8","2018-07-22","  69.6","24","010000",," 15.9",,"  81.0"," ","  64.9"," "," 11.1",," 0.80","G","1005.6","15","999.9",,"988.0","24","  72.8","24"
"72429793812","CINCINNATI MUNICIPAL AIRPORT LUNKEN FIELD, OH US","39.106","-84.41609","144.8","2018-07-23","  65.1","24","000000",,"999.9",,"  81.0"," ","  66.0"," ","  9.9",," 0.01","G","1010.8","24","999.9",,"993.2","24","  71.2","24"
"72429793812","CINCINNATI MUNICIPAL AIRPORT LUNKEN FIELD, OH US","39.106","-84.41609","144.8","2018-07-24","  66.5","24","100000",,"999.9",,"  82.0"," ","  62.1"," ","  8.9",," 0.01","G","1014.3","21","999.9",,"996.6","24","  72.0","24"
"72429793812","CINCINNATI MUNICIPAL AIRPORT LUNKEN FIELD, OH US","39.106","-84.41609","144.8","2018-07-25","  65.5","24","100000",," 15.0",,"  88.0"," ","  62.1"," ","  8.9",," 0.00","G","1014.5","23","999.9",,"996.9","24","  75.4","24"
"72429793812","CINCINNATI MUNICIPAL AIRPORT LUNKEN FIELD, OH US","39.106","-84.41609","144.8","2018-07-26","  66.3","24","000000",,"999.9",,"  88.0"," ","  63.0"," "," 13.0",," 0.00","G","1014.1","23","999.9",,"996.5","24","  75.1","24"
"72429793812","CINCINNATI MUNICIPAL AIRPORT LUNKEN FIELD, OH US","39.106","-84.41609","144.8","2018-07-27","  63.3","24","010000",," 19.0",,"  86.0"," ","  63.0"," "," 12.0",," 0.04","G","1015.8","24","999.9",,"998.2","24","  75.2","24"
"72429793812","CINCINNATI MUNICIPAL AIRPORT LUNKEN FIELD, OH US","39.106","-84.41609","144.8","2018-07-28","  60.4","24","010000",,"999.9",,"  82.9"," ","  59.0"," ","  5.1",," 0.00","G","1019.3","23","999.9",,"001.6","24","  70.5","24"
"72429793812","CINCINNATI MUNICIPAL AIRPORT LUNKEN FIELD, OH US","39.106","-84.41609","144.8","2018-07-29","  63.0","24","000000",,"999.9",,"  82.0"," ","  59.0"," ","  5.1",," 0.00","G","1019.4","24","999.9",,"001.7","24","  70.8","24"
"72429793812","CINCINNATI MUNICIPAL AIRPORT LUNKEN FIELD, OH US","39.106","-84.41609","144.8","2018-07-30","  66.2","24","010000",,"999.9",,"  82.0"," ","  59.0"," ","  7.0",," 0.00","G","1017.2","24","999.9",,"999.6","24","  73.1","24"
"72429793812","CINCINNATI MUNICIPAL AIRPORT LUNKEN FIELD, OH US","39.106","-84.41609","144.8","2018-07-31","  69.1","24","010000",,"999.9",,"  82.0"," ","  66.9"," "," 11.1",," 1.00","G","1013.9","17","999.9",,"996.2","24","  73.2","24"
"72429793812","CINCINNATI MUNICIPAL AIRPORT LUNKEN FIELD, OH US","39.106","-84.41609","144.8","2018-08-01","  67.4","24","000000",,"999.9",,"  82.0"," ","  64.9"," ","  8.9",," 0.61","G","1014.7","18","999.9",,"997.2","24","  71.8","24"
"72429793812","CINCINNATI MUNICIPAL AIRPORT LUNKEN FIELD, OH US","39.106","-84.41609","144.8","2018-08-02","  68.7","24","000000",,"999.9",,"  80.1"," ","  64.9"," ","  6.0",," 0.01","G","1017.4","21","999.9",,"999.7","24","  73.0","24"
"72429793812","CINCINNATI MUNICIPAL AIRPORT LUNKEN FIELD, OH US","39.106","-84.41609","144.8","2018-08-03","  68.0","24","100000",,"999.9",,"  87.1"," ","  64.0"," ","  9.9",," 0.00","G","1018.2","20","999.9",,"000.5","24","  74.5","24"
"72429793812","CINCINNATI MUNICIPAL AIRPORT LUNKEN FIELD, OH US","39.106","-84.41609","144.8","2018-08-04","  71.1","24","110010",," 66.0",,"  90.0"," ","  64.0"," "," 28.0",," 0.00","G","1019.8","17","999.9",,"002.1","24","  75.9","24"
"72429793812","CINCINNATI MUNICIPAL AIRPORT LUNKEN FIELD, OH US","39.106","-84.41609","144.8","2018-08-05","  70.8","24","100000",,"999.9",,"  91.0"," ","  66.9"," ","  7.0",," 3.15","G","1021.3","18","999.9",,"003.7","24","  76.4","24"
"72429793812","CINCINNATI MUNICIPAL AIRPORT LUNKEN FIELD, OH US","39.106","-84.41609","144.8","2018-08-06","  72.3","24","110010",," 17.1",,"  91.0"," ","  66.9"," ","  9.9",," 0.00","G","1019.4","17","999.9",,"002.0","24","  76.8","24"
"72429793812","CINCINNATI MUNICIPAL AIRPORT LUNKEN FIELD, OH US","39.106","-84.41609","144.8","2018-08-07","  73.2","24","010010",," 22.0",,"  88.0"," ","  66.9"," "," 15.9",," 0.56","G","1016.1","22","999.9",,"998.6","24","  76.4","24"
"72429793812","CINCINNATI MUNICIPAL AIRPORT LUNKEN FIELD, OH US","39.106","-84.41609","144.8","2018-08-08","  72.5","24","010000",,"999.9",,"  87.1"," ","  70.0"," ","  9.9",," 0.56","G","1014.2","17","999.9",,"996.7","24","  75.9","24"
"72429793812","CINCINNATI MUNICIPAL AIRPORT LUNKEN FIELD, OH US","39.106","-84.41609","144.8","2018-08-09","  69.7","24","110000",," 22.9",,"  86.0"," ","  66.0"," "," 15.0",," 0.14","G","1014.6","17","999.9",,"997.1","24","  75.1","24"
"72429793812","CINCINNATI MUNICIPAL AIRPORT LUNKEN FIELD, OH US","39.106","-84.41609","144.8","2018-08-10","  70.4","24","110010",,"999.9",,"  87.1"," ","  66.0"," ","  8.9",," 0.00","G","1014.5","19","999.9",,"996.8","24","  74.2","24"
"72429793812","CINCINNATI MUNICIPAL AIRPORT LUNKEN FIELD, OH US","39.106","-84.41609","144.8","2018-08-11","  70.1","24","010010",," 18.1",,"  87.1"," ","  66.0"," "," 12.0",," 0.64","G","1014.1","14","999.9",,"996.5","24","  73.2","24"
"72429793812","CINCINNATI MUNICIPAL AIRPORT LUNKEN FIELD, OH US","39.106","-84.41609","144.8","2018-08-12","  66.0","24","110010",,"999.9",,"  86.0"," ","  63.0"," ","  7.0",," 0.11","G","1017.5","15","999.9",,"999.8","24","  73.1","24"
"72429793812","CINCINNATI MUNICIPAL AIRPORT LUNKEN FIELD, OH US","39.106","-84.41609","144.8","2018-08-13","  65.8","24","100000",,"999.9",,"  84.9"," ","  62.1"," ","  5.1",," 0.01","G","1017.9","22","999.9",,"000.3","24","  72.5","24"
"72429793812","CINCINNATI MUNICIPAL AIRPORT LUNKEN FIELD, OH US","39.106","-84.41609","144.8","2018-08-14","  65.9","24","100000",,"999.9",,"  86.0"," ","  62.1"," ","  8.0",," 0.00","G","1016.3","21","999.9",,"998.7","24","  73.1","24"
"72429793812","CINCINNATI MUNICIPAL AIRPORT LUNKEN FIELD, OH US","39.106","-84.41609","144.8","2018-08-15","  69.9","24","010010",," 27.0",,"  86.0"," ","  62.1"," "," 18.1",," 0.00","G","1016.8","23","999.9",,"999.2","24","  73.2","24"
"72429793812","CINCINNATI MUNICIPAL AIRPORT LUNKEN FIELD, OH US","39.106","-84.41609","144.8","2018-08-16","  70.8","24","010010",," 19.0",,"  82.0"," ","  66.9"," "," 14.0",," 1.43","G","1016.9","16","999.9",,"999.4","24","  72.1","24"
"72429793812","CINCINNATI MUNICIPAL AIRPORT LUNKEN FIELD, OH US","39.106","-84.41609","144.8","2018-08-17","  73.6","24","110010",," 19.0",,"  82.0"," ","  68.0"," "," 15.0",," 2.78","G","1015.2","10","999.9",,"997.9","24","  76.0","24"
"72429793812","CINCINNATI MUNICIPAL AIRPORT LUNKEN FIELD, OH US","39.106","-84.41609","144.8","2018-08-18","  70.4","24","100000",,"999.9",,"  86.0"," ","  68.0"," ","  6.0",," 0.39","G","1013.8","17","999.9",,"996.5","24","  75.4","24"
"72429793812","CINCINNATI MUNICIPAL AIRPORT LUNKEN FIELD, OH US","39.106","-84.41609","144.8","2018-08-19","  67.9","24","000000",,"999.9",,"  87.1"," ","  66.0"," ","  8.0",," 0.00","G","1013.9","22","999.9",,"996.3","24","  75.2","24"
"72429793812","CINCINNATI MUNICIPAL AIRPORT LUNKEN FIELD, OH US","39.106","-84.41609","144.8","2018-08-20","  70.3","24","010010",," 32.1",,"  87.1"," ","  64.9"," "," 15.0",," 0.01","G","1014.1","21","999.9",,"996.3","24","  73.5","24"
"72429793812","CINCINNATI MUNICIPAL AIRPORT LUNKEN FIELD, OH US","39.106","-84.41609","144.8","2018-08-21","  70.4","24","000000",," 21.0",,"  86.0"," ","  64.9"," "," 15.0",," 0.23","G","1010.4","22","999.9",,"993.0","24","  75.9","24"
"72429793812","CINCINNATI MUNICIPAL AIRPORT LUNKEN FIELD, OH US","39.106","-84.41609","144.8","2018-08-22","  61.4","24","000000",," 21.0",,"  82.9"," ","  66.0"," "," 14.0",," 0.00","G","1016.1","23","999.9",,"998.4","24","  72.5","24"
"72429793812","CINCINNATI MUNICIPAL AIRPORT LUNKEN FIELD, OH US","39.106","-84.41609","144.8","2018-08-23","  56.1","24","100000",,"999.9",,"  79.0","*","  53.6","*","  5.1",," 0.00","G","1020.8","22","999.9",,"002.9","24","  66.2","24"
"72429793812","CINCINNATI MUNICIPAL AIRPORT LUNKEN FIELD, OH US","39.106","-84.41609","144.8","2018-08-24","  59.8","24","100000",," 14.0",,"  81.0"," ","  54.0"," "," 13.0",," 0.00","G","1019.8","23","999.9",,"002.0","24","  66.6","24"
"72429793812","CINCINNATI MUNICIPAL AIRPORT LUNKEN FIELD, OH US","39.106","-84.41609","144.8","2018-08-25","  67.3","24","010010",," 21.0",,"  81.0"," ","  54.0"," "," 14.0",," 0.00","G","1019.2","24","999.9",,"001.5","24","  72.6","24"
"72429793812","CINCINNATI MUNICIPAL AIRPORT LUNKEN FIELD, OH US","39.106","-84.41609","144.8","2018-08-26","  73.0","24","010010",,"999.9",,"  91.0"," ","  68.0"," "," 13.0",," 0.03","G","1019.3","22","999.9",,"001.6","24","  79.8","24"
"72429793812","CINCINNATI MUNICIPAL AIRPORT LUNKEN FIELD, OH US","39.106","-84.41609","144.8","2018-08-27","  73.0","24","100000",," 17.1",,"  91.0"," ","  69.1"," "," 12.0",," 0.00","G","1018.9","21","999.9",,"001.4","24","  79.8","24"
"72429793812","CINCINNATI MUNICIPAL AIRPORT LUNKEN FIELD, OH US","39.106","-84.41609","144.8","2018-08-28","  72.5","24","100000",," 19.0",,"  91.0"," ","  68.0"," "," 13.0",," 0.00","G","1018.1","22","999.9",,"000.5","24","  79.7","24"
"72429793812","CINCINNATI MUNICIPAL AIRPORT LUNKEN FIELD, OH US","39.106","-84.41609","144.8","2018-08-29","  73.4","24","010010",," 27.0",,"  91.0"," ","  68.0"," "," 17.1",," 0.00","G","1016.9","23","999.9",,"999.3","24","  77.8","24"
"72429793812","CINCINNATI MUNICIPAL AIRPORT LUNKEN FIELD, OH US","39.106","-84.41609","144.8","2018-08-30","  71.1","24","100000",,"999.9",,"  89.1"," ","  70.0"," ","  6.0",," 0.66","G","1019.5","17","999.9",,"001.7","24","  74.8","24"
"72429793812","CINCINNATI MUNICIPAL AIRPORT LUNKEN FIELD, OH US","39.106","-84.41609","144.8","2018-08-31","  69.9","24","100000",,"999.9",,"  90.0"," ","  63.0"," ","  5.1",," 0.00","G","1019.5","18","999.9",,"001.9","24","  74.6","24"
"72429793812","CINCINNATI MUNICIPAL AIRPORT LUNKEN FIELD, OH US","39.106","-84.41609","144.8","2018-09-01","  72.2","24","010010",,"999.9",,"  90.0"," ","  63.0"," "," 15.9",," 0.07","G","1020.2","20","999.9",,"002.6","24","  75.5","24"
"72429793812","CINCINNATI MUNICIPAL AIRPORT LUNKEN FIELD, OH US","39.106","-84.41609","144.8","2018-09-02","  72.4","24","100000",,"999.9",,"  90.0"," ","  69.1"," ","  8.9",," 0.07","G","1021.0","18","999.9",,"003.5","24","  77.8","24"
"72429793812","CINCINNATI MUNICIPAL AIRPORT LUNKEN FIELD, OH US","39.106","-84.41609","144.8","2018-09-03","  73.6","24","100000",,"999.9",,"  91.9"," ","  69.1"," ","  6.0",," 0.00","G","1022.9","21","999.9",,"005.2","24","  79.9","24"
"72429793812","CINCINNATI MUNICIPAL AIRPORT LUNKEN FIELD, OH US","39.106","-84.41609","144.8","2018-09-04","  73.8","24","100000",," 17.1",,"  93.0"," ","  70.0"," ","  9.9",," 0.00","G","1023.2","20","999.9",,"005.6","24","  80.4","24"
"72429793812","CINCINNATI MUNICIPAL AIRPORT LUNKEN FIELD, OH US","39.106","-84.41609","144.8","2018-09-05","  73.7","24","110010",,"999.9",,"  93.0"," ","  70.0"," ","  6.0",," 0.00","G","1021.6","15","999.9",,"003.8","24","  78.0","24"
"72429793812","CINCINNATI MUNICIPAL AIRPORT LUNKEN FIELD, OH US","39.106","-84.41609","144.8","2018-09-06","  72.6","24","010010",," 26.0",,"  91.0"," ","  70.0"," "," 20.0",," 0.08","G","1022.0","22","999.9",,"004.3","24","  76.0","24"
"72429793812","CINCINNATI MUNICIPAL AIRPORT LUNKEN FIELD, OH US","39.106","-84.41609","144.8","2018-09-07","  72.6","24","110010",,"999.9",,"  91.0"," ","  70.0"," "," 11.1",," 0.25","G","1020.6","15","999.9",,"002.9","24","  75.1","24"
"72429793812","CINCINNATI MUNICIPAL AIRPORT LUNKEN FIELD, OH US","39.106","-84.41609","144.8","2018-09-08","  67.0","23","110010",," 24.1",,"  72.0","*","  63.0","*"," 13.0",," 1.08","G","1016.6","21","999.9",,"999.0","24","  68.3","24"
"72429793812","CINCINNATI MUNICIPAL AIRPORT LUNKEN FIELD, OH US","39.106","-84.41609","144.8","2018-09-09","9999.9"," 0","010000",," 25.1",,"  72.0"," ","  57.9"," "," 14.0",," 3.12","G","1011.2","12","999.9",,"993.8","24","  61.0","24"
"72429793812","CINCINNATI MUNICIPAL AIRPORT LUNKEN FIELD, OH US","39.106","-84.41609","144.8","2018-09-10","  60.6","24","010000",,"999.9",,"  64.9"," ","  57.9"," ","  8.9",," 0.24","G","1014.2","17","999.9",,"995.5","24","  62.4","24"
"72429793812","CINCINNATI MUNICIPAL AIRPORT LUNKEN FIELD, OH US","39.106","-84.41609","144.8","2018-09-11","  62.5","24","000000",,"999.9",,"  71.1"," ","  60.1"," ","  4.1",," 0.00","G","1020.2","22","999.9",,"002.3","24","  65.2","24"
"72429793812","CINCINNATI MUNICIPAL AIRPORT LUNKEN FIELD, OH US","39.106","-84.41609","144.8","2018-09-12","  63.5","24","000000",,"999.9",,"  77.0"," ","  60.1"," ","  5.1",," 0.00","G","1021.5","24","999.9",,"003.7","24","  67.7","24"
"72429793812","CINCINNATI MUNICIPAL AIRPORT LUNKEN FIELD, OH US","39.106","-84.41609","144.8","2018-09-13","  66.8","24","000000",,"999.9",,"  86.0"," ","  60.1"," ","  5.1",," 0.00","G","1020.6","23","999.9",,"002.8","24","  71.6","24"
"72429793812","CINCINNATI MUNICIPAL AIRPORT LUNKEN FIELD, OH US","39.106","-84.41609","144.8","2018-09-14","  69.2","24","000000",,"999.9",,"  90.0"," ","  61.0"," ","  6.0",," 0.00","G","1018.8","23","999.9",,"001.2","24","  74.5","24"
"72429793812","CINCINNATI MUNICIPAL AIRPORT LUNKEN FIELD, OH US","39.106","-84.41609","144.8","2018-09-15","  72.3","24","000000",,"999.9",,"  90.0"," ","  63.0"," "," 11.1",," 0.00","G","1018.0","24","999.9",,"000.4","24","  78.2","24"
"72429793812","CINCINNATI MUNICIPAL AIRPORT LUNKEN FIELD, OH US","39.106","-84.41609","144.8","2018-09-16","  70.3","24","000000",,"999.9",,"  90.0"," ","  66.9"," ","  8.9",," 0.00","G","1017.6","24","999.9",,"000.0","24","  75.1","24"
"72429793812","CINCINNATI MUNICIPAL AIRPORT LUNKEN FIELD, OH US","39.106","-84.41609","144.8","2018-09-17","  71.7","24","010000",,"999.9",,"  79.0","*","  69.8","*","  8.0",," 0.12","G","1013.1","19","999.9",,"995.4","24","  73.9","24"
"72429793812","CINCINNATI MUNICIPAL AIRPORT LUNKEN FIELD, OH US","39.106","-84.41609","144.8","2018-09-18","  70.3","24","100000",,"999.9",,"  90.0"," ","  64.9"," ","  5.1",," 0.30","G","1013.2","20","999.9",,"995.7","24","  74.5","24"
"72429793812","CINCINNATI MUNICIPAL AIRPORT LUNKEN FIELD, OH US","39.106","-84.41609","144.8","2018-09-19","  70.7","24","100000",,"999.9",,"  90.0"," ","  64.9"," ","  5.1",," 0.00","G","1014.4","20","999.9",,"996.8","24","  75.1","24"
"72429793812","CINCINNATI MUNICIPAL AIRPORT LUNKEN FIELD, OH US","39.106","-84.41609","144.8","2018-09-20","  72.3","24","100000",," 15.0",,"  90.0"," ","  66.9"," ","  9.9",," 0.00","G","1016.6","16","999.9",,"999.2","24","  77.2","24"
"72429793812","CINCINNATI MUNICIPAL AIRPORT LUNKEN FIELD, OH US","39.106","-84.41609","144.8","2018-09-21","  72.0","24","000000",," 21.0",,"  90.0"," ","  66.9"," "," 15.9",," 0.00","G","1015.9","23","999.9",,"998.2","24","  76.8","24"
"72429793812","CINCINNATI MUNICIPAL AIRPORT LUNKEN FIELD, OH US","39.106","-84.41609","144.8","2018-09-22","  59.7","24","010000",," 20.0",,"  87.1"," ","  60.1"," "," 12.0",," 0.00","G","1021.6","22","999.9",,"003.8","24","  65.4","24"
"72429793812","CINCINNATI MUNICIPAL AIRPORT LUNKEN FIELD, OH US","39.106","-84.41609","144.8","2018-09-23","  58.6","24","010000",,"999.9",,"  73.0"," ","  57.0"," ","  8.9",," 0.15","G","1020.4","20","999.9",,"002.5","24","  62.2","24"
"72429793812","CINCINNATI MUNICIPAL AIRPORT LUNKEN FIELD, OH US","39.106","-84.41609","144.8","2018-09-24","  64.9","24","010000",," 22.9",,"  73.0"," ","  57.0"," "," 13.0",," 0.23","G","1019.2","15","999.9",,"001.2","24","  65.9","24"
"72429793812","CINCINNATI MUNICIPAL AIRPORT LUNKEN FIELD, OH US","39.106","-84.41609","144.8","2018-09-25","  70.8","24","010000",,"999.9",,"  80.1"," ","  63.0"," "," 12.0",," 1.19","G","1016.4","15","999.9",,"998.9","24","  72.1","24"
"72429793812","CINCINNATI MUNICIPAL AIRPORT LUNKEN FIELD, OH US","39.106","-84.41609","144.8","2018-09-26","  67.6","24","010000",," 17.1",,"  80.1"," ","  63.0"," "," 11.1",," 0.21","G","1016.4","17","999.9",,"998.0","24","  71.8","24"
"72429793812","CINCINNATI MUNICIPAL AIRPORT LUNKEN FIELD, OH US","39.106","-84.41609","144.8","2018-09-27","  54.7","24","010000",,"999.9",,"  73.9"," ","  54.0"," ","  6.0",," 0.11","G","1018.8","24","999.9",,"000.8","24","  58.4","24"
"72429793812","CINCINNATI MUNICIPAL AIRPORT LUNKEN FIELD, OH US","39.106","-84.41609","144.8","2018-09-28","  54.2","24","100000",,"999.9",,"  72.0"," ","  51.1"," ","  8.9",," 0.00","G","1019.8","19","999.9",,"001.7","24","  58.8","24"
"72429793812","CINCINNATI MUNICIPAL AIRPORT LUNKEN FIELD, OH US","39.106","-84.41609","144.8","2018-09-29","  54.2","24","000000",,"999.9",,"  73.0"," ","  51.1"," ","  7.0",," 0.00","G","1024.9","22","999.9",,"006.8","24","  60.5","24"
"72429793812","CINCINNATI MUNICIPAL AIRPORT LUNKEN FIELD, OH US","39.106","-84.41609","144.8","2018-09-30","  58.3","24","100000",,"999.9",,"  80.1"," ","  51.1"," ","  8.0",," 0.00","G","1023.9","20","999.9",,"006.0","24","  63.6","24"
"72429793812","CINCINNATI MUNICIPAL AIRPORT LUNKEN FIELD, OH US","39.106","-84.41609","144.8","2018-10-01","  64.1","24","110000",,"999.9",,"  84.9"," ","  52.0"," "," 11.1",," 0.00","G","1023.1","21","999.9",,"005.3","24","  68.3","24"
"72429793812","CINCINNATI MUNICIPAL AIRPORT LUNKEN FIELD, OH US","39.106","-84.41609","144.8","2018-10-02","  70.0","24","010000",,"999.9",,"  84.9"," ","  57.9"," "," 11.1",," 0.00","G","1019.8","21","999.9",,"002.1","24","  74.0","24"
"72429793812","CINCINNATI MUNICIPAL AIRPORT LUNKEN FIELD, OH US","39.106","-84.41609","144.8","2018-10-03","  69.4","24","100000",,"999.9",,"  86.0"," ","  64.9"," ","  9.9",," 0.00","G","1017.6","19","999.9",,"000.3","24","  73.7","24"
"72429793812","CINCINNATI MUNICIPAL AIRPORT LUNKEN FIELD, OH US","39.106","-84.41609","144.8","2018-10-04","  71.1","24","010000",,"999.9",,"  86.0"," ","  64.9"," ","  9.9",," 0.00","G","1015.9","21","999.9",,"998.4","24","  75.5","24"
"72429793812","CINCINNATI MUNICIPAL AIRPORT LUNKEN FIELD, OH US","39.106","-84.41609","144.8","2018-10-05","  67.6","24","000000",,"999.9",,"  84.9"," ","  64.0"," "," 11.1",," 0.14","G","1018.0","19","999.9",,"000.5","24","  71.0","24"
"72429793812","CINCINNATI MUNICIPAL AIRPORT LUNKEN FIELD, OH US","39.106","-84.41609","144.8","2018-10-06","  70.5","24","100000",,"999.9",,"  88.0"," ","  64.0"," "," 11.1",," 0.00","G","1017.5","18","999.9",,"999.7","24","  75.3","24"
"72429793812","CINCINNATI MUNICIPAL AIRPORT LUNKEN FIELD, OH US","39.106","-84.41609","144.8","2018-10-07","  70.1","24","100000",,"999.9",,"  88.0"," ","  64.0"," ","  6.0",," 0.00","G","1020.3","16","999.9",,"002.6","24","  74.6","24"
"72429793812","CINCINNATI MUNICIPAL AIRPORT LUNKEN FIELD, OH US","39.106","-84.41609","144.8","2018-10-08","  70.3","24","100000",,"999.9",,"  88.0"," ","  64.0"," ","  8.0",," 0.00","G","1021.0","14","999.9",,"003.5","24","  74.7","24"
"72429793812","CINCINNATI MUNICIPAL AIRPORT LUNKEN FIELD, OH US","39.106","-84.41609","144.8","2018-10-09","  68.4","24","100000",,"999.9",,"  84.0","*","  64.4","*"," 12.0",," 0.00","G","1019.4","18","999.9",,"002.0","24","  74.0","24"
"72429793812","CINCINNATI MUNICIPAL AIRPORT LUNKEN FIELD, OH US","39.106","-84.41609","144.8","2018-10-10","  67.6","24","010000",," 19.0",,"  84.9"," ","  64.9"," ","  8.9",," 0.00","G","1012.3","24","999.9",,"994.8","24","  70.6","24"
"72429793812","CINCINNATI MUNICIPAL AIRPORT LUNKEN FIELD, OH US","39.106","-84.41609","144.8","2018-10-11","  56.6","24","110000",," 21.0",,"  77.0"," ","  55.9"," "," 14.0",," 0.15","G","1010.3","21","999.9",,"992.5","24","  63.5","24"
"72429793812","CINCINNATI MUNICIPAL AIRPORT LUNKEN FIELD, OH US","39.106","-84.41609","144.8","2018-10-12","  37.9","24","010000",," 15.9",,"  70.0"," ","  39.9"," ","  8.0",," 0.00","G","1016.0","24","999.9",,"998.0","24","  49.2","24"
"72429793812","CINCINNATI MUNICIPAL AIRPORT LUNKEN FIELD, OH US","39.106","-84.41609","144.8","2018-10-13","  38.8","24","010000",," 15.9",,"  55.0"," ","  39.9"," ","  9.9",," 0.26","G","1017.7","23","999.9",,"999.5","24","  44.8","24"
"72429793812","CINCINNATI MUNICIPAL AIRPORT LUNKEN FIELD, OH US","39.106","-84.41609","144.8","2018-10-14","  47.4","24","010000",,"999.9",,"  54.0"," ","  42.1"," ","  6.0",," 0.06","G","1019.3","19","999.9",,"000.8","24","  48.9","24"
"72429793812","CINCINNATI MUNICIPAL AIRPORT LUNKEN FIELD, OH US","39.106","-84.41609","144.8","2018-10-15","  53.5","24","010000",," 17.1",,"  60.1"," ","  46.0"," "," 11.1",," 0.12","G","1018.4","12","999.9",,"000.0","24","  55.4","24"
"72429793812","CINCINNATI MUNICIPAL AIRPORT LUNKEN FIELD, OH US","39.106","-84.41609","144.8","2018-10-16","  39.0","24","100000",,"999.9",,"  60.1"," ","  37.9"," ","  8.9",," 0.02","G","1025.1","24","999.9",,"006.9","24","  45.4","24"
"72429793812","CINCINNATI MUNICIPAL AIRPORT LUNKEN FIELD, OH US","39.106","-84.41609","144.8","2018-10-17","  38.4","24","000000",," 19.0",,"  64.0"," ","  39.0"," "," 14.0",," 0.00","G","1024.0","24","999.9",,"005.8","24","  49.5","24"
"72429793812","CINCINNATI MUNICIPAL AIRPORT LUNKEN FIELD, OH US","39.106","-84.41609","144.8","2018-10-18","  34.2","24","100000",,"999.9",,"  64.0"," ","  32.0"," ","  7.0",," 0.00","G","1032.8","24","999.9",,"014.4","24","  44.7","24"
"72429793812","CINCINNATI MUNICIPAL AIRPORT LUNKEN FIELD, OH US","39.106","-84.41609","144.8","2018-10-19","  39.3","24","110000",," 22.0",,"  60.1"," ","  32.0"," "," 14.0",," 0.00","G","1024.6","21","999.9",,"006.8","24","  45.0","24"
"72429793812","CINCINNATI MUNICIPAL AIRPORT LUNKEN FIELD, OH US","39.106","-84.41609","144.8","2018-10-20","  44.9","24","010000",," 38.1",,"  63.0"," ","  34.0"," "," 19.0",," 0.04","G","1013.6","20","999.9",,"995.8","24","  54.7","24"
"72429793812","CINCINNATI MUNICIPAL AIRPORT LUNKEN FIELD, OH US","39.106","-84.41609","144.8","2018-10-21","  31.2","24","000000",," 26.0",,"  63.0"," ","  36.0"," "," 13.0",," 0.00","G","1026.3","24","999.9",,"008.0","24","  42.4","24"
"72429793812","CINCINNATI MUNICIPAL AIRPORT LUNKEN FIELD, OH US","39.106","-84.41609","144.8","2018-10-22","  34.1","24","000000",," 19.0",,"  64.0"," ","  30.9"," "," 15.9",," 0.00","G","1023.0","24","999.9",,"004.7","24","  44.6","24"
"72429793812","CINCINNATI MUNICIPAL AIRPORT LUNKEN FIELD, OH US","39.106","-84.41609","144.8","2018-10-23","  37.2","24","000000",," 15.9",,"  64.0"," ","  30.9"," "," 11.1",," 0.00","G","1022.0","24","999.9",,"003.8","24","  50.5","24"
"72429793812","CINCINNATI MUNICIPAL AIRPORT LUNKEN FIELD, OH US","39.106","-84.41609","144.8","2018-10-24","  36.1","24","000000",,"999.9",,"  64.0"," ","  32.0"," ","  9.9",," 0.00","G","1027.5","24","999.9",,"009.2","24","  45.2","24"
"72429793812","CINCINNATI MUNICIPAL AIRPORT LUNKEN FIELD, OH US","39.106","-84.41609","144.8","2018-10-25","  36.2","24","000000",,"999.9",,"  57.9"," ","  32.0"," ","  7.0",," 0.00","G","1023.4","24","999.9",,"005.1","24","  42.3","24"
"72429793812","CINCINNATI MUNICIPAL AIRPORT LUNKEN FIELD, OH US","39.106","-84.41609","144.8","2018-10-26","  44.8","24","010000",,"999.9",,"  57.9"," ","  32.0"," ","  8.0",," 0.01","G","1011.5","19","999.9",,"992.4","24","  46.9","24"
"72429793812","CINCINNATI MUNICIPAL AIRPORT LUNKEN FIELD, OH US","39.106","-84.41609","144.8","2018-10-27","  45.6","24","010000",," 14.0",,"  50.0"," ","  43.0"," ","  9.9",," 0.18","G","1007.6","21","999.9",,"989.4","24","  47.7","24"
"72429793812","CINCINNATI MUNICIPAL AIRPORT LUNKEN FIELD, OH US","39.106","-84.41609","144.8","2018-10-28","  44.1","24","010000",," 33.0",,"  64.0"," ","  39.9"," "," 24.1",," 0.04","G","1011.2","22","999.9",,"992.7","24","  51.2","24"
"72429793812","CINCINNATI MUNICIPAL AIRPORT LUNKEN FIELD, OH US","39.106","-84.41609","144.8","2018-10-29","  41.1","24","010000",," 28.0",,"  64.0"," ","  39.9"," "," 17.1",," 0.01","G","1017.4","23","999.9",,"999.3","24","  51.9","24"
"72429793812","CINCINNATI MUNICIPAL AIRPORT LUNKEN FIELD, OH US","39.106","-84.41609","144.8","2018-10-30","  40.6","24","100000",," 18.1",,"  68.0"," ","  34.0"," "," 12.0",," 0.00","G","1019.5","21","999.9",,"001.6","24","  47.4","24"
"72429793812","CINCINNATI MUNICIPAL AIRPORT LUNKEN FIELD, OH US","39.106","-84.41609","144.8","2018-10-31","  55.9","24","010000",," 26.0",,"  68.0","*","  51.1","*"," 17.1",," 0.00","G","1013.4","21","999.9",,"995.4","24","  61.7","24"
"72429793812","CINCINNATI MUNICIPAL AIRPORT LUNKEN FIELD, OH US","39.106","-84.41609","144.8","2018-11-01","  56.6","24","010000",," 20.0",,"  69.1"," ","  50.0"," "," 13.0",," 1.33","G","1005.2","15","999.9",,"988.5","24","  57.0","24"
"72429793812","CINCINNATI MUNICIPAL AIRPORT LUNKEN FIELD, OH US","39.106","-84.41609","144.8","2018-11-02","  43.4","24","010000",," 22.0",,"  64.9"," ","  44.1"," "," 15.0",," 0.89","G","1009.1","18","999.9",,"989.6","24","  46.4","24"
"72429793812","CINCINNATI MUNICIPAL AIRPORT LUNKEN FIELD, OH US","39.106","-84.41609","144.8","2018-11-03","  39.6","24","110000",,"999.9",,"  55.9"," ","  33.1"," ","  8.0",," 0.05","G","1019.3","21","999.9",,"000.6","24","  44.7","24"
"72429793812","CINCINNATI MUNICIPAL AIRPORT LUNKEN FIELD, OH US","39.106","-84.41609","144.8","2018-11-04","  41.5","24","010000",," 19.0",,"  64.0"," ","  33.1"," "," 12.0",," 0.00","G","1023.8","23","999.9",,"005.7","24","  48.0","24"
"72429793812","CINCINNATI MUNICIPAL AIRPORT LUNKEN FIELD, OH US","39.106","-84.41609","144.8","2018-11-05","  50.8","24","010000",," 15.9",,"  64.0"," ","  39.0"," "," 11.1",," 0.20","G","1016.5","17","999.9",,"998.8","24","  54.8","24"
"72429793812","CINCINNATI MUNICIPAL AIRPORT LUNKEN FIELD, OH US","39.106","-84.41609","144.8","2018-11-06","  50.1","24","010000",," 27.0",,"  61.0"," ","  48.9"," "," 19.0",," 0.89","G","1009.0","20","999.9",,"990.9","24","  57.0","24"
"72429793812","CINCINNATI MUNICIPAL AIRPORT LUNKEN FIELD, OH US","39.106","-84.41609","144.8","2018-11-07","  37.6","24","000000",,"999.9",,"  61.0"," ","  39.9"," "," 11.1",," 0.23","G","1020.1","24","999.9",,"002.0","24","  47.5","24"
"72429793812","CINCINNATI MUNICIPAL AIRPORT LUNKEN FIELD, OH US","39.106","-84.41609","144.8","2018-11-08","  32.4","24","000000",,"999.9",,"  55.0"," ","  30.0"," ","  8.9",," 0.00","G","1026.7","24","999.9",,"008.3","24","  38.5","24"
"72429793812","CINCINNATI MUNICIPAL AIRPORT LUNKEN FIELD, OH US","39.106","-84.41609","144.8","2018-11-09","  36.3","24","010000",," 24.1",,"  48.0"," ","  30.0"," "," 17.1",," 0.17","G","1019.9","18","999.9",,"001.3","24","  41.5","24"
"72429793812","CINCINNATI MUNICIPAL AIRPORT LUNKEN FIELD, OH US","39.106","-84.41609","144.8","2018-11-10","  19.1","24","001000",," 24.1",,"  48.0"," ","  24.1"," "," 15.0",," 0.03","G","1028.0","21","999.9",,"009.0","24","  32.1","24"
"72429793812","CINCINNATI MUNICIPAL AIRPORT LUNKEN FIELD, OH US","39.106","-84.41609","144.8","2018-11-11","  22.1","24","000000",,"999.9",,"  46.0"," ","  19.9"," ","  8.0",," 0.00","G","1029.2","24","999.9",,"010.5","24","  30.5","24"
"72429793812","CINCINNATI MUNICIPAL AIRPORT LUNKEN FIELD, OH US","39.106","-84.41609","144.8","2018-11-12","  28.6","24","000000",,"999.9",,"  46.0"," ","  19.9"," ","  6.0",," 0.00","G","1025.5","24","999.9",,"007.0","24","  34.2","24"
"72429793812","CINCINNATI MUNICIPAL AIRPORT LUNKEN FIELD, OH US","39.106","-84.41609","144.8","2018-11-13","  32.5","24","010000",,"999.9",,"  43.0"," ","  26.1"," "," 13.0",," 0.04","G","1025.1","18","999.9",,"006.7","24","  37.5","24"
"72429793812","CINCINNATI MUNICIPAL AIRPORT LUNKEN FIELD, OH US","39.106","-84.41609","144.8","2018-11-14","  20.6","24","000000",,"999.9",,"  39.0"," ","  24.1"," ","  9.9",," 0.02","G","1033.6","24","999.9",,"014.8","24","  29.3","24"
"72429793812","CINCINNATI MUNICIPAL AIRPORT LUNKEN FIELD, OH US","39.106","-84.41609","144.8","2018-11-15","  31.3","24","011000",," 22.0",,"  37.0"," ","  24.1"," "," 12.0",," 0.75","G","1021.3","16","999.9",,"002.9","24","  33.3","24"
"72429793812","CINCINNATI MUNICIPAL AIRPORT LUNKEN FIELD, OH US","39.106","-84.41609","144.8","2018-11-16","  31.1","24","011000",," 20.0",,"  41.0"," ","  30.9"," "," 14.0",," 0.26","G","1018.2","19","999.9",,"999.5","24","  35.0","24"
"72429793812","CINCINNATI MUNICIPAL AIRPORT LUNKEN FIELD, OH US","39.106","-84.41609","144.8","2018-11-17","  35.1","24","000000",,"999.9",,"  48.0"," ","  32.0"," ","  6.0",," 0.00","G","1024.5","24","999.9",,"006.1","24","  40.8","24"
"72429793812","CINCINNATI MUNICIPAL AIRPORT LUNKEN FIELD, OH US","39.106","-84.41609","144.8","2018-11-18","  37.8","24","100000",,"999.9",,"  55.9"," ","  32.0"," ","  9.9",," 0.00","G","1022.6","20","999.9",,"004.6","24","  42.1","24"
"72429793812","CINCINNATI MUNICIPAL AIRPORT LUNKEN FIELD, OH US","39.106","-84.41609","144.8","2018-11-19","  40.6","24","010000",,"999.9",,"  55.9"," ","  32.0"," ","  8.0",," 0.03","G","1019.1","14","999.9",,"000.8","24","  43.3","24"
"72429793812","CINCINNATI MUNICIPAL AIRPORT LUNKEN FIELD, OH US","39.106","-84.41609","144.8","2018-11-20","  34.3","24","010000",,"999.9",,"  45.0"," ","  37.0"," "," 11.1",," 0.19","G","1021.8","14","999.9",,"003.0","24","  39.5","24"
"72429793812","CINCINNATI MUNICIPAL AIRPORT LUNKEN FIELD, OH US","39.106","-84.41609","144.8","2018-11-21","  28.6","24","000000",,"999.9",,"  46.0"," ","  30.0"," ","  9.9",," 0.03","G","1026.2","22","999.9",,"007.6","24","  36.4","24"
"72429793812","CINCINNATI MUNICIPAL AIRPORT LUNKEN FIELD, OH US","39.106","-84.41609","144.8","2018-11-22","  31.2","24","100000",,"999.9",,"  46.9"," ","  26.1"," ","  9.9",," 0.00","G","1029.6","15","999.9",,"011.2","24","  35.0","24"
"72429793812","CINCINNATI MUNICIPAL AIRPORT LUNKEN FIELD, OH US","39.106","-84.41609","144.8","2018-11-23","  32.3","24","000000",,"999.9",,"  53.1"," ","  26.1"," ","  6.0",," 0.00","G","1023.3","18","999.9",,"005.6","24","  37.4","24"
"72429793812","CINCINNATI MUNICIPAL AIRPORT LUNKEN FIELD, OH US","39.106","-84.41609","144.8","2018-11-24","  45.1","24","010000",," 20.0",,"  55.4","*","  44.1","*"," 13.0",," 0.46","G","1008.0","21","999.9",,"989.9","24","  49.5","24"
"72429793812","CINCINNATI MUNICIPAL AIRPORT LUNKEN FIELD, OH US","39.106","-84.41609","144.8","2018-11-25","  40.4","24","100000",,"999.9",,"  57.0"," ","  32.0"," ","  8.0",," 0.01","G","1010.5","20","999.9",,"992.7","24","  42.7","24"
"72429793812","CINCINNATI MUNICIPAL AIRPORT LUNKEN FIELD, OH US","39.106","-84.41609","144.8","2018-11-26","  37.9","24","011000",," 34.0",,"  57.0"," ","  32.0"," "," 20.0",," 0.23","G","1001.5","18","999.9",,"985.2","24","  42.7","24"
"72429793812","CINCINNATI MUNICIPAL AIRPORT LUNKEN FIELD, OH US","39.106","-84.41609","144.8","2018-11-27","  22.4","24","001000",," 21.0",,"  32.0","*","  25.0","*"," 12.0",," 0.05","G","1015.4","17","999.9",,"997.0","24","  28.1","24"
"72429793812","CINCINNATI MUNICIPAL AIRPORT LUNKEN FIELD, OH US","39.106","-84.41609","144.8","2018-11-28","  17.1","24","000000",," 18.1",,"  30.9"," ","  21.0"," "," 12.0",," 0.00","G","1019.9","20","999.9",,"001.4","24","  25.1","24"
"72429793812","CINCINNATI MUNICIPAL AIRPORT LUNKEN FIELD, OH US","39.106","-84.41609","144.8","2018-11-29","  26.1","24","011000",,"999.9",,"  37.0"," ","  21.0"," ","  4.1",," 0.00","G","1018.2","24","999.9",,"999.7","24","  31.1","24"
"72429793812","CINCINNATI MUNICIPAL AIRPORT LUNKEN FIELD, OH US","39.106","-84.41609","144.8","2018-11-30","  41.2","24","010000",,"999.9",,"  48.9"," ","  28.0"," ","  5.1",," 0.04","G","1015.4","18","999.9",,"996.9","24","  42.5","24"
"72429793812","CINCINNATI MUNICIPAL AIRPORT LUNKEN FIELD, OH US","39.106","-84.41609","144.8","2018-12-01","  47.6","24","010000",," 24.1",,"  55.9"," ","  37.9"," "," 12.0",," 0.24","G","1011.9","15","999.9",,"992.7","24","  48.1","24"
"72429793812","CINCINNATI MUNICIPAL AIRPORT LUNKEN FIELD, OH US","39.106","-84.41609","144.8","2018-12-02","  49.0","24","010010",," 34.0",,"  66.0"," ","  44.1"," "," 24.1",," 1.53","G"," 999.6","21","999.9",,"981.9","24","  57.2","24"
"72429793812","CINCINNATI MUNICIPAL AIRPORT LUNKEN FIELD, OH US","39.106","-84.41609","144.8","2018-12-03","  34.1","24","010000",," 28.9",,"  48.9","*","  39.9","*"," 17.1",," 0.00","G","1011.2","20","999.9",,"993.5","24","  43.2","24"
"72429793812","CINCINNATI MUNICIPAL AIRPORT LUNKEN FIELD, OH US","39.106","-84.41609","144.8","2018-12-04","  30.6","24","011000",,"999.9",,"  44.1"," ","  33.1"," ","  8.9",," 0.00","G","1021.8","14","999.9",,"002.8","24","  36.1","24"
"72429793812","CINCINNATI MUNICIPAL AIRPORT LUNKEN FIELD, OH US","39.106","-84.41609","144.8","2018-12-05","  25.6","24","001000",," 17.1",,"  37.0"," ","  30.0"," "," 13.0",," 0.03","G","1023.1","20","999.9",,"004.1","24","  32.1","24"
"72429793812","CINCINNATI MUNICIPAL AIRPORT LUNKEN FIELD, OH US","39.106","-84.41609","144.8","2018-12-06","  24.4","24","000000",,"999.9",,"  43.0"," ","  25.0"," "," 13.0",," 0.00","A","1026.2","23","999.9",,"007.6","24","  32.5","24"
"72429793812","CINCINNATI MUNICIPAL AIRPORT LUNKEN FIELD, OH US","39.106","-84.41609","144.8","2018-12-07","  21.9","24","010000",,"999.9",,"  43.0"," ","  21.0"," ","  8.9",," 0.02","G","1032.4","22","999.9",,"013.1","24","  30.7","24"
"72429793812","CINCINNATI MUNICIPAL AIRPORT LUNKEN FIELD, OH US","39.106","-84.41609","144.8","2018-12-08","  16.6","24","000000",,"999.9",,"  39.0"," ","  21.0"," ","  8.9",," 0.00","G","1035.5","24","999.9",,"016.6","24","  25.3","24"
"72429793812","CINCINNATI MUNICIPAL AIRPORT LUNKEN FIELD, OH US","39.106","-84.41609","144.8","2018-12-09","  19.3","24","000000",,"999.9",,"  39.9"," ","  21.0"," ","  8.9",," 0.00","G","1027.8","24","999.9",,"009.1","24","  29.5","24"
"72429793812","CINCINNATI MUNICIPAL AIRPORT LUNKEN FIELD, OH US","39.106","-84.41609","144.8","2018-12-10","  19.4","24","000000",,"999.9",,"  39.9"," ","  16.0"," ","  8.0",," 0.00","G","1025.4","23","999.9",,"006.7","24","  25.4","24"
"72429793812","CINCINNATI MUNICIPAL AIRPORT LUNKEN FIELD, OH US","39.106","-84.41609","144.8","2018-12-11","  18.6","24","100000",,"999.9",,"  45.0"," ","  15.1"," "," 13.0",," 0.00","G","1023.8","19","999.9",,"005.5","24","  26.4","24"
"72429793812","CINCINNATI MUNICIPAL AIRPORT LUNKEN FIELD, OH US","39.106","-84.41609","144.8","2018-12-12","  25.4","24","000000",," 22.9",,"  50.0"," ","  15.1"," "," 15.9",," 0.00","G","1017.9","24","999.9",,"999.6","24","  37.5","24"
"72429793812","CINCINNATI MUNICIPAL AIRPORT LUNKEN FIELD, OH US","39.106","-84.41609","144.8","2018-12-13","  33.6","24","100000",,"999.9",,"  51.1"," ","  27.0"," ","  8.9",," 0.00","G","1019.7","23","999.9",,"001.4","24","  38.9","24"
"72429793812","CINCINNATI MUNICIPAL AIRPORT LUNKEN FIELD, OH US","39.106","-84.41609","144.8","2018-12-14","  37.6","24","010000",,"999.9",,"  55.9"," ","  28.0"," ","  8.9",," 0.00","G","1020.6","24","999.9",,"002.4","24","  44.4","24"
"72429793812","CINCINNATI MUNICIPAL AIRPORT LUNKEN FIELD, OH US","39.106","-84.41609","144.8","2018-12-15","  46.5","24","010000",,"999.9",,"  55.9"," ","  35.1"," ","  9.9",," 0.19","G","1014.3","17","999.9",,"996.4","24","  48.7","24"
"72429793812","CINCINNATI MUNICIPAL AIRPORT LUNKEN FIELD, OH US","39.106","-84.41609","144.8","2018-12-16","  40.8","24","000000",,"999.9",,"  51.1"," ","  39.9"," ","  8.9",," 0.90","G","1016.6","20","999.9",,"998.7","24","  43.9","24"
"72429793812","CINCINNATI MUNICIPAL AIRPORT LUNKEN FIELD, OH US","39.106","-84.41609","144.8","2018-12-17","  31.8","24","100000",," 15.0",,"  50.0"," ","  27.0"," ","  8.0",," 0.00","G","1020.9","16","999.9",,"002.4","24","  38.7","24"
"72429793812","CINCINNATI MUNICIPAL AIRPORT LUNKEN FIELD, OH US","39.106","-84.41609","144.8","2018-12-18","  27.8","24","100000",,"999.9",,"  50.0"," ","  25.0"," ","  7.0",," 0.00","G","1023.8","21","999.9",,"005.4","24","  34.0","24"
"72429793812","CINCINNATI MUNICIPAL AIRPORT LUNKEN FIELD, OH US","39.106","-84.41609","144.8","2018-12-19","  28.7","24","100000",,"999.9",,"  53.1","*","  24.8","*","  6.0",," 0.00","G","1017.8","18","999.9",,"999.9","24","  35.2","24"
"72429793812","CINCINNATI MUNICIPAL AIRPORT LUNKEN FIELD, OH US","39.106","-84.41609","144.8","2018-12-20","  39.7","24","010000",,"999.9",,"  53.1"," ","  25.0"," ","  8.9",," 0.09","G","1009.4","21","999.9",,"990.8","24","  42.5","24"
"72429793812","CINCINNATI MUNICIPAL AIRPORT LUNKEN FIELD, OH US","39.106","-84.41609","144.8","2018-12-21","  40.2","24","010000",," 21.0",,"  48.9"," ","  37.0"," "," 12.0",," 0.57","G"," 998.0","15","999.9",,"979.9","24","  43.8","24"
"72429793812","CINCINNATI MUNICIPAL AIRPORT LUNKEN FIELD, OH US","39.106","-84.41609","144.8","2018-12-22","  29.7","24","010000",," 22.9",,"  45.0"," ","  32.0"," "," 13.0",," 0.04","G","1013.3","21","999.9",,"995.3","24","  35.5","24"
"72429793812","CINCINNATI MUNICIPAL AIRPORT LUNKEN FIELD, OH US","39.106","-84.41609","144.8","2018-12-23","  29.3","24","100000",,"999.9",,"  41.0"," ","  26.1"," ","  8.9",," 0.00","G","1019.9","14","999.9",,"001.4","24","  32.2","24"
"72429793812","CINCINNATI MUNICIPAL AIRPORT LUNKEN FIELD, OH US","39.106","-84.41609","144.8","2018-12-24","  27.0","24","000000",,"999.9",,"  44.1"," ","  26.1"," ","  8.9",," 0.00","G","1025.7","21","999.9",,"007.0","24","  34.7","24"
"72429793812","CINCINNATI MUNICIPAL AIRPORT LUNKEN FIELD, OH US","39.106","-84.41609","144.8","2018-12-25","  28.4","24","000000",,"999.9",,"  48.0"," ","  28.0"," ","  9.9",," 0.00","G","1027.2","24","999.9",,"008.6","24","  34.6","24"
"72429793812","CINCINNATI MUNICIPAL AIRPORT LUNKEN FIELD, OH US","39.106","-84.41609","144.8","2018-12-26","  27.8","24","100000",,"999.9",,"  50.0"," ","  24.1"," ","  6.0",," 0.00","G","1031.4","20","999.9",,"012.8","24","  33.8","24"
"72429793812","CINCINNATI MUNICIPAL AIRPORT LUNKEN FIELD, OH US","39.106","-84.41609","144.8","2018-12-27","  34.0","24","010000",,"999.9",,"  50.0"," ","  24.1"," ","  6.0",," 0.00","G","1023.8","23","999.9",,"005.1","24","  39.1","24"
"72429793812","CINCINNATI MUNICIPAL AIRPORT LUNKEN FIELD, OH US","39.106","-84.41609","144.8","2018-12-28","  49.5","24","010000",," 25.1",,"  59.0","*","  46.9","*"," 20.0",," 0.24","G","1011.5","19","999.9",,"993.5","24","  54.5","24"
"72429793812","CINCINNATI MUNICIPAL AIRPORT LUNKEN FIELD, OH US","39.106","-84.41609","144.8","2018-12-29","  27.0","24","000000",,"999.9",,"  42.1","*","  35.1","*"," 13.0",," 0.03","G","1024.7","20","999.9",,"006.5","24","  36.9","24"
"72429793812","CINCINNATI MUNICIPAL AIRPORT LUNKEN FIELD, OH US","39.106","-84.41609","144.8","2018-12-30","  27.9","24","000000",,"999.9",,"  43.0"," ","  28.0"," ","  7.0",," 0.00","G","1023.6","21","999.9",,"005.3","24","  35.5","24"
"72429793812","CINCINNATI MUNICIPAL AIRPORT LUNKEN FIELD, OH US","39.106","-84.41609","144.8","2018-12-31","  41.9","24","010000",," 19.0",,"  63.0"," ","  28.0"," "," 15.0",," 0.30","G","1017.3","13","999.9",,"995.2","24","  44.4","24"
"72429793812","CINCINNATI MUNICIPAL AIRPORT LUNKEN FIELD, OH US","39.106","-84.41609","144.8","2019-01-01","  40.2","24","000000",," 33.0",,"  63.0"," ","  34.0"," "," 21.0",," 1.01","G","1018.4","24","999.9",,"000.3","24","  47.8","24"
"72429793812","CINCINNATI MUNICIPAL AIRPORT LUNKEN FIELD, OH US","39.106","-84.41609","144.8","2019-01-02","  37.1","24","000000",,"999.9",,"  53.1"," ","  39.0"," "," 12.0",," 0.00","G","1023.3","21","999.9",,"004.9","24","  41.4","24"
"72429793812","CINCINNATI MUNICIPAL AIRPORT LUNKEN FIELD, OH US","39.106","-84.41609","144.8","2019-01-03","  30.8","24","000000",," 17.1",,"  44.1"," ","  34.0"," "," 12.0",," 0.00","G","1019.9","22","999.9",,"001.5","24","  38.4","24"
"72429793812","CINCINNATI MUNICIPAL AIRPORT LUNKEN FIELD, OH US","39.106","-84.41609","144.8","2019-01-04","  31.3","24","010000",,"999.9",,"  53.1"," ","  28.9"," "," 12.0",," 0.00","G","1012.3","19","999.9",,"994.2","24","  37.4","24"
"72429793812","CINCINNATI MUNICIPAL AIRPORT LUNKEN FIELD, OH US","39.106","-84.41609","144.8","2019-01-05","  36.4","24","010000",," 17.1",,"  53.1"," ","  28.9"," "," 11.1",," 0.26","G","1010.5","22","999.9",,"992.0","24","  42.3","24"
"72429793812","CINCINNATI MUNICIPAL AIRPORT LUNKEN FIELD, OH US","39.106","-84.41609","144.8","2019-01-06","  35.6","24","100000",,"999.9",,"  53.1"," ","  30.0"," ","  7.0",," 0.00","G","1021.4","21","999.9",,"003.1","24","  40.2","24"
"72429793812","CINCINNATI MUNICIPAL AIRPORT LUNKEN FIELD, OH US","39.106","-84.41609","144.8","2019-01-07","  38.4","24","010000",," 25.1",,"  61.0"," ","  30.0"," "," 19.0",," 0.00","G","1018.7","24","999.9",,"000.5","24","  48.8","24"
"72429793812","CINCINNATI MUNICIPAL AIRPORT LUNKEN FIELD, OH US","39.106","-84.41609","144.8","2019-01-08","  44.1","24","000000",," 41.0",,"  64.9"," ","  43.0"," "," 21.0",," 0.00","G","1012.4","18","999.9",,"994.4","24","  56.5","24"
"72429793812","CINCINNATI MUNICIPAL AIRPORT LUNKEN FIELD, OH US","39.106","-84.41609","144.8","2019-01-09","  18.5","24","001000",," 31.1",,"  46.9","*","  25.0","*"," 18.1",," 0.00","G","1020.6","24","999.9",,"002.3","24","  34.1","24"
"72429793812","CINCINNATI MUNICIPAL AIRPORT LUNKEN FIELD, OH US","39.106","-84.41609","144.8","2019-01-10","  13.6","24","001000",," 17.1",,"  43.0"," ","  23.0"," "," 11.1",," 0.00","G","1028.5","23","999.9",,"009.6","24","  25.2","24"
"72429793812","CINCINNATI MUNICIPAL AIRPORT LUNKEN FIELD, OH US","39.106","-84.41609","144.8","2019-01-11","  18.2","24","000000",,"999.9",,"  35.1"," ","  23.0"," ","  6.0",," 0.00","G","1029.9","23","999.9",,"011.2","24","  29.5","24"
"72429793812","CINCINNATI MUNICIPAL AIRPORT LUNKEN FIELD, OH US","39.106","-84.41609","144.8","2019-01-12","  25.8","24","011000",,"999.9",,"  35.1"," ","  27.0"," ","  6.0",," 0.12","G","1027.9","14","999.9",,"008.9","24","  31.4","24"
"72429793812","CINCINNATI MUNICIPAL AIRPORT LUNKEN FIELD, OH US","39.106","-84.41609","144.8","2019-01-13","  29.0","24","011000",,"999.9",,"  34.0"," ","  28.9"," "," 12.0",," 0.49","G","1023.3","16","999.9",,"004.6","24","  32.5","24"
"72429793812","CINCINNATI MUNICIPAL AIRPORT LUNKEN FIELD, OH US","39.106","-84.41609","144.8","2019-01-14","  24.8","24","000000",,"999.9",,"  34.0"," ","  26.1"," ","  8.0",," 0.04","G","1027.7","20","999.9",,"009.1","24","  30.3","24"
"72429793812","CINCINNATI MUNICIPAL AIRPORT LUNKEN FIELD, OH US","39.106","-84.41609","144.8","2019-01-15","  20.2","24","100000",,"999.9",,"  32.0"," ","  15.1"," ","  8.9",," 0.00","G","1027.2","16","999.9",,"008.2","24","  23.3","24"
"72429793812","CINCINNATI MUNICIPAL AIRPORT LUNKEN FIELD, OH US","39.106","-84.41609","144.8","2019-01-16","  29.4","24","010000",," 15.9",,"  36.0","*","  32.0","*"," 11.1",," 0.00","G","1024.3","21","999.9",,"005.8","24","  34.1","24"
"72429793812","CINCINNATI MUNICIPAL AIRPORT LUNKEN FIELD, OH US","39.106","-84.41609","144.8","2019-01-17","  32.5","24","010000",,"999.9",,"  39.9"," ","  33.1"," ","  6.0",," 0.01","G","1023.5","16","999.9",,"003.5","24","  35.8","24"
"72429793812","CINCINNATI MUNICIPAL AIRPORT LUNKEN FIELD, OH US","39.106","-84.41609","144.8","2019-01-18","  32.8","24","000000",,"999.9",,"  41.0"," ","  33.1"," ","  8.9",," 0.16","G","1020.7","19","999.9",,"002.0","24","  37.3","24"
"72429793812","CINCINNATI MUNICIPAL AIRPORT LUNKEN FIELD, OH US","39.106","-84.41609","144.8","2019-01-19","  33.1","24","010000",," 21.0",,"  41.0"," ","  35.1"," "," 15.0",," 0.00","G","1014.4","14","999.9",,"993.2","24","  37.1","24"
"72429793812","CINCINNATI MUNICIPAL AIRPORT LUNKEN FIELD, OH US","39.106","-84.41609","144.8","2019-01-20","   9.6","24","111000",," 33.0",,"  41.0"," ","  10.9"," "," 21.0",," 1.08","G","1021.3","17","999.9",,"998.2","24","  18.9","24"
"72429793812","CINCINNATI MUNICIPAL AIRPORT LUNKEN FIELD, OH US","39.106","-84.41609","144.8","2019-01-21","  -0.8","24","000000",,"999.9",,"  23.0"," ","   1.0"," ","  7.0",," 0.04","G","1034.5","24","999.9",,"015.2","24","  10.2","24"
"72429793812","CINCINNATI MUNICIPAL AIRPORT LUNKEN FIELD, OH US","39.106","-84.41609","144.8","2019-01-22","   7.7","24","000000",,"999.9",,"  41.0"," ","   1.0"," ","  9.9",," 0.00","G","1031.4","24","999.9",,"012.3","24","  22.8","24"
"72429793812","CINCINNATI MUNICIPAL AIRPORT LUNKEN FIELD, OH US","39.106","-84.41609","144.8","2019-01-23","  39.9","24","010000",," 22.9",,"  52.0","*","  43.0","*"," 15.0",," 0.04","G","1014.9","19","999.9",,"995.0","24","  46.7","24"
"72429793812","CINCINNATI MUNICIPAL AIRPORT LUNKEN FIELD, OH US","39.106","-84.41609","144.8","2019-01-24","  25.1","24","011000",," 18.1",,"  52.0"," ","  26.1"," "," 13.0",," 0.80","G","1013.0","16","999.9",,"993.3","24","  30.3","24"
"72429793812","CINCINNATI MUNICIPAL AIRPORT LUNKEN FIELD, OH US","39.106","-84.41609","144.8","2019-01-25","   9.2","24","000000",," 22.9",,"  33.1"," ","  12.9"," "," 15.9",," 0.03","G","1024.1","20","999.9",,"004.6","24","  22.1","24"
"72429793812","CINCINNATI MUNICIPAL AIRPORT LUNKEN FIELD, OH US","39.106","-84.41609","144.8","2019-01-26","  16.1","24","000000",," 18.1",,"  36.0"," ","  12.9"," "," 15.0",," 0.00","G","1022.5","24","999.9",,"003.8","24","  27.8","24"
"72429793812","CINCINNATI MUNICIPAL AIRPORT LUNKEN FIELD, OH US","39.106","-84.41609","144.8","2019-01-27","  20.2","24","011000",," 25.1",,"  39.0"," ","  24.1"," "," 17.1",," 0.00","G","1018.3","21","999.9",,"999.8","24","  32.2","24"
"72429793812","CINCINNATI MUNICIPAL AIRPORT LUNKEN FIELD, OH US","39.106","-84.41609","144.8","2019-01-28","  22.2","24","010000",," 29.9",,"  50.0"," ","  21.0"," "," 22.0",," 0.00","G","1012.7","24","999.9",,"994.3","24","  33.0","24"
"72429793812","CINCINNATI MUNICIPAL AIRPORT LUNKEN FIELD, OH US","39.106","-84.41609","144.8","2019-01-29","  11.4","24","011000",," 27.0",,"  50.0"," ","  17.1"," "," 20.0",," 0.06","G","1015.6","18","999.9",,"997.2","24","  22.5","24"
"72429793812","CINCINNATI MUNICIPAL AIRPORT LUNKEN FIELD, OH US","39.106","-84.41609","144.8","2019-01-30","  -4.9","24","001000",," 28.0",,"  25.0"," ","  -0.9"," "," 19.0",," 0.00","G","1024.7","19","999.9",,"004.6","24","   7.9","24"
"72429793812","CINCINNATI MUNICIPAL AIRPORT LUNKEN FIELD, OH US","39.106","-84.41609","144.8","2019-01-31","  -6.6","24","000000",,"999.9",,"  17.1"," ","  -2.0"," "," 11.1",," 0.00","G","1032.4","24","999.9",,"013.0","24","   5.7","24"
"72429793812","CINCINNATI MUNICIPAL AIRPORT LUNKEN FIELD, OH US","39.106","-84.41609","144.8","2019-02-01","  14.5","24","001000",,"999.9",,"  30.9","*","  17.1","*","  8.0",," 0.01","G","1027.4","21","999.9",,"008.4","24","  22.0","24"
"72429793812","CINCINNATI MUNICIPAL AIRPORT LUNKEN FIELD, OH US","39.106","-84.41609","144.8","2019-02-02","  26.4","24","100000",,"999.9",,"  46.9"," ","  17.1"," ","  7.0",," 0.00","I","1025.8","17","999.9",,"007.3","24","  30.3","24"
"72429793812","CINCINNATI MUNICIPAL AIRPORT LUNKEN FIELD, OH US","39.106","-84.41609","144.8","2019-02-03","  33.6","24","100000",,"999.9",,"  66.0"," ","  19.9"," "," 13.0",," 0.00","G","1018.2","21","999.9",,"000.1","24","  40.7","24"
"72429793812","CINCINNATI MUNICIPAL AIRPORT LUNKEN FIELD, OH US","39.106","-84.41609","144.8","2019-02-04","  39.6","24","010000",,"999.9",,"  66.0"," ","  28.9"," "," 13.0",," 0.00","G","1014.6","21","999.9",,"996.1","24","  43.3","24"
"72429793812","CINCINNATI MUNICIPAL AIRPORT LUNKEN FIELD, OH US","39.106","-84.41609","144.8","2019-02-05","  48.1","24","110000",," 14.0",,"  55.0","*","  46.0","*","  9.9",," 0.07","G","1016.3","18","999.9",,"998.4","24","  50.3","24"
"72429793812","CINCINNATI MUNICIPAL AIRPORT LUNKEN FIELD, OH US","39.106","-84.41609","144.8","2019-02-06","  49.8","24","010010",," 20.0",,"  62.1"," ","  44.1"," "," 14.0",," 0.88","G","1014.1","14","999.9",,"995.9","24","  51.6","24"
"72429793812","CINCINNATI MUNICIPAL AIRPORT LUNKEN FIELD, OH US","39.106","-84.41609","144.8","2019-02-07","  53.3","24","110010",," 22.0",,"  66.0"," ","  44.1"," "," 15.0",," 0.80","G","1011.4"," 8","999.9",,"993.8","24","  54.7","24"
"72429793812","CINCINNATI MUNICIPAL AIRPORT LUNKEN FIELD, OH US","39.106","-84.41609","144.8","2019-02-08","  21.0","24","010000",," 40.0",,"  61.0","*","  23.0","*"," 20.0",," 1.12","G","1028.7","19","999.9",,"008.1","24","  32.1","24"
"72429793812","CINCINNATI MUNICIPAL AIRPORT LUNKEN FIELD, OH US","39.106","-84.41609","144.8","2019-02-09","   9.2","24","000000",," 15.9",,"  39.0"," ","  15.1"," ","  9.9",," 0.00","G","1043.8","22","999.9",,"024.8","24","  22.0","24"
"72429793812","CINCINNATI MUNICIPAL AIRPORT LUNKEN FIELD, OH US","39.106","-84.41609","144.8","2019-02-10","  20.9","24","011000",,"999.9",,"  34.0"," ","  15.1"," ","  7.0",," 0.00","G","1035.2","20","999.9",,"015.2","24","  27.1","24"
"72429793812","CINCINNATI MUNICIPAL AIRPORT LUNKEN FIELD, OH US","39.106","-84.41609","144.8","2019-02-11","  36.3","24","010000",,"999.9",,"  43.0","*","  35.1","*","  6.0",," 0.26","G","1021.5","11","999.9",,"003.1","24","  37.9","24"
"72429793812","CINCINNATI MUNICIPAL AIRPORT LUNKEN FIELD, OH US","39.106","-84.41609","144.8","2019-02-12","  42.9","24","010000",," 34.0",,"  55.9"," ","  35.1"," "," 21.0",," 1.54","G","1009.5","14","999.9",,"989.3","24","  45.1","24"
"72429793812","CINCINNATI MUNICIPAL AIRPORT LUNKEN FIELD, OH US","39.106","-84.41609","144.8","2019-02-13","  21.0","24","001000",," 32.1",,"  37.0","*","  27.0","*"," 21.0",," 0.38","G","1016.4","21","999.9",,"997.6","24","  32.6","24"
"72429793812","CINCINNATI MUNICIPAL AIRPORT LUNKEN FIELD, OH US","39.106","-84.41609","144.8","2019-02-14","  26.6","24","000000",," 22.9",,"  55.9"," ","  27.0"," "," 17.1",," 0.00","G","1013.4","24","999.9",,"995.1","24","  40.6","24"
"72429793812","CINCINNATI MUNICIPAL AIRPORT LUNKEN FIELD, OH US","39.106","-84.41609","144.8","2019-02-15","  28.3","24","010000",," 27.0",,"  55.9"," ","  30.9"," "," 15.9",," 0.00","G","1009.1","19","999.9",,"990.8","24","  44.8","24"
"72429793812","CINCINNATI MUNICIPAL AIRPORT LUNKEN FIELD, OH US","39.106","-84.41609","144.8","2019-02-16","  18.7","24","000000",,"999.9",,"  35.1","*","  25.0","*"," 13.0",," 0.00","G","1017.0","22","999.9",,"998.7","24","  30.4","24"
"72429793812","CINCINNATI MUNICIPAL AIRPORT LUNKEN FIELD, OH US","39.106","-84.41609","144.8","2019-02-17","  23.1","24","010000",,"999.9",,"  36.0"," ","  25.0"," ","  8.9",," 0.00","G","1013.4","21","999.9",,"994.4","24","  29.7","24"
"72429793812","CINCINNATI MUNICIPAL AIRPORT LUNKEN FIELD, OH US","39.106","-84.41609","144.8","2019-02-18","  25.5","24","001000",," 22.0",,"  39.0"," ","  25.0"," "," 17.1",," 0.01","G","1021.1","17","999.9",,"002.1","24","  34.0","24"
"72429793812","CINCINNATI MUNICIPAL AIRPORT LUNKEN FIELD, OH US","39.106","-84.41609","144.8","2019-02-19","  19.7","24","000000",,"999.9",,"  39.0"," ","  21.0"," ","  8.9",," 0.00","G","1035.8","24","999.9",,"017.1","24","  29.7","24"
"72429793812","CINCINNATI MUNICIPAL AIRPORT LUNKEN FIELD, OH US","39.106","-84.41609","144.8","2019-02-20","  33.8","24","110000",,"999.9",,"  48.0"," ","  21.0"," ","  9.9",," 0.97","G","1025.1"," 9","999.9",,"000.8","24","  38.6","24"
"72429793812","CINCINNATI MUNICIPAL AIRPORT LUNKEN FIELD, OH US","39.106","-84.41609","144.8","2019-02-21","  32.6","24","010000",," 22.0",,"  51.1"," ","  32.0"," "," 17.1",," 0.42","G","1020.7","22","999.9",,"001.4","24","  43.7","24"
"72429793812","CINCINNATI MUNICIPAL AIRPORT LUNKEN FIELD, OH US","39.106","-84.41609","144.8","2019-02-22","  29.4","24","000000",,"999.9",,"  50.0"," ","  32.0"," ","  8.9",," 0.00","G","1027.9","24","999.9",,"009.5","24","  40.5","24"
"72429793812","CINCINNATI MUNICIPAL AIRPORT LUNKEN FIELD, OH US","39.106","-84.41609","144.8","2019-02-23","  35.9","24","010000",,"999.9",,"  53.1"," ","  35.1"," ","  7.0",," 0.00","G","1020.6","19","999.9",,"001.5","24","  43.9","24"
"72429793812","CINCINNATI MUNICIPAL AIRPORT LUNKEN FIELD, OH US","39.106","-84.41609","144.8","2019-02-24","  40.7","24","010000",," 38.1",,"  59.0"," ","  39.0"," "," 24.1",," 0.45","G","1006.6","21","999.9",,"987.9","24","  50.4","24"
"72429793812","CINCINNATI MUNICIPAL AIRPORT LUNKEN FIELD, OH US","39.106","-84.41609","144.8","2019-02-25","   9.7","24","000000",," 33.0",,"  41.0","*","  25.0","*"," 22.0",," 0.01","G","1027.4","24","999.9",,"008.9","24","  33.2","24"
"72429793812","CINCINNATI MUNICIPAL AIRPORT LUNKEN FIELD, OH US","39.106","-84.41609","144.8","2019-02-26","  19.8","24","000000",,"999.9",,"  51.1"," ","  25.0"," ","  8.9",," 0.00","G","1030.0","24","999.9",,"011.3","24","  35.9","24"
"72429793812","CINCINNATI MUNICIPAL AIRPORT LUNKEN FIELD, OH US","39.106","-84.41609","144.8","2019-02-27","  27.0","24","000000",,"999.9",,"  62.1"," ","  25.0"," "," 14.0",," 0.00","G","1021.3","24","999.9",,"002.9","24","  41.5","24"
"72429793812","CINCINNATI MUNICIPAL AIRPORT LUNKEN FIELD, OH US","39.106","-84.41609","144.8","2019-02-28","  25.2","24","010000",,"999.9",,"  46.9","*","  33.1","*"," 12.0",," 0.00","G","1021.4","21","999.9",,"003.1","24","  36.4","24"
"72429793812","CINCINNATI MUNICIPAL AIRPORT LUNKEN FIELD, OH US","39.106","-84.41609","144.8","2019-03-01","  27.9","24","001000",,"999.9",,"  42.1"," ","  30.9"," ","  8.9",," 0.05","G","1020.2","21","999.9",,"001.8","24","  35.1","24"
"72429793812","CINCINNATI MUNICIPAL AIRPORT LUNKEN FIELD, OH US","39.106","-84.41609","144.8","2019-03-02","  29.6","24","000000",,"999.9",,"  44.1"," ","  30.9"," ","  8.9",," 0.00","G","1021.1","24","999.9",,"002.7","24","  40.4","24"
"72429793812","CINCINNATI MUNICIPAL AIRPORT LUNKEN FIELD, OH US","39.106","-84.41609","144.8","2019-03-03","  29.5","24","111000",," 20.0",,"  44.1"," ","  28.9"," "," 15.0",," 0.03","G","1019.8","12","999.9",,"001.2","24","  34.1","24"
"72429793812","CINCINNATI MUNICIPAL AIRPORT LUNKEN FIELD, OH US","39.106","-84.41609","144.8","2019-03-04","  11.4","24","001000",," 19.0",,"  36.0"," ","  17.1"," "," 15.0",," 0.09","G","1022.7","18","999.9",,"003.7","24","  22.5","24"
"72429793812","CINCINNATI MUNICIPAL AIRPORT LUNKEN FIELD, OH US","39.106","-84.41609","144.8","2019-03-05","   5.9","24","001000",," 24.1",,"  28.0"," ","  10.0"," "," 15.9",," 0.00","G","1024.2","22","999.9",,"005.4","24","  17.2","24"
"72429793812","CINCINNATI MUNICIPAL AIRPORT LUNKEN FIELD, OH US","39.106","-84.41609","144.8","2019-03-06","   7.6","24","001000",," 21.0",,"  30.9"," ","  10.0"," "," 15.9",," 0.00","G","1029.2","22","999.9",,"010.2","24","  20.9","24"
"72429793812","CINCINNATI MUNICIPAL AIRPORT LUNKEN FIELD, OH US","39.106","-84.41609","144.8","2019-03-07","  14.3","24","000000",,"999.9",,"  39.9"," ","  15.1"," ","  8.9",," 0.00","G","1028.6","24","999.9",,"009.9","24","  30.3","24"
"72429793812","CINCINNATI MUNICIPAL AIRPORT LUNKEN FIELD, OH US","39.106","-84.41609","144.8","2019-03-08","  28.6","24","011000",,"999.9",,"  39.9"," ","  23.0"," ","  7.0",," 0.01","G","1023.8","12","999.9",,"005.0","24","  33.8","24"
"72429793812","CINCINNATI MUNICIPAL AIRPORT LUNKEN FIELD, OH US","39.106","-84.41609","144.8","2019-03-09","  35.4","24","010010",," 20.0",,"  52.0"," ","  30.9"," "," 13.0",," 0.02","G","1018.4","18","999.9",,"998.4","24","  39.8","24"
"72429793812","CINCINNATI MUNICIPAL AIRPORT LUNKEN FIELD, OH US","39.106","-84.41609","144.8","2019-03-10","  40.8","24","010000",," 31.1",,"  60.1"," ","  35.1"," "," 19.0",," 0.00","G","1012.5","22","999.9",,"993.6","24","  52.5","24"
"72429793812","CINCINNATI MUNICIPAL AIRPORT LUNKEN FIELD, OH US","39.106","-84.41609","144.8","2019-03-11","  26.5","24","000000",," 17.1",,"  60.1"," ","  33.1"," "," 12.0",," 0.00","G","1026.9","24","999.9",,"008.6","24","  44.4","24"
"72429793812","CINCINNATI MUNICIPAL AIRPORT LUNKEN FIELD, OH US","39.106","-84.41609","144.8","2019-03-12","  24.3","24","000000",,"999.9",,"  53.1"," ","  26.1"," ","  7.0",," 0.00","G","1029.3","24","999.9",,"010.8","24","  38.6","24"
"72429793812","CINCINNATI MUNICIPAL AIRPORT LUNKEN FIELD, OH US","39.106","-84.41609","144.8","2019-03-13","  33.8","24","010000",," 15.9",,"  73.9"," ","  26.1"," "," 13.0",," 0.00","G","1019.8","24","999.9",,"001.6","24","  49.8","24"
"72429793812","CINCINNATI MUNICIPAL AIRPORT LUNKEN FIELD, OH US","39.106","-84.41609","144.8","2019-03-14","  48.5","24","110010",," 55.0",,"  73.9"," ","  37.0"," "," 33.0",," 0.17","G","1009.3","21","999.9",,"990.9","24","  61.8","24"
"72429793812","CINCINNATI MUNICIPAL AIRPORT LUNKEN FIELD, OH US","39.106","-84.41609","144.8","2019-03-15","  39.0","24","010000",," 28.0",,"  73.9"," ","  39.0"," "," 21.0",," 1.11","G","1016.6","12","999.9",,"997.0","16","  49.0","24"
"72429793812","CINCINNATI MUNICIPAL AIRPORT LUNKEN FIELD, OH US","39.106","-84.41609","144.8","2019-03-16","  24.7","22","000000",," 19.0",,"  48.0"," ","  32.0"," "," 18.1",," 0.00","G","1027.0","15","999.9",,"008.1","18","  39.4","22"
"72429793812","CINCINNATI MUNICIPAL AIRPORT LUNKEN FIELD, OH US","39.106","-84.41609","144.8","2019-03-17","  25.9","24","000000",," 28.0",,"  52.0"," ","  26.1"," "," 11.1",," 0.00","G","1025.7","24","999.9",,"007.2","24","  37.1","24"
"72429793812","CINCINNATI MUNICIPAL AIRPORT LUNKEN FIELD, OH US","39.106","-84.41609","144.8","2019-03-18","  25.5","24","100000",," 15.9",,"  52.0"," ","  26.1"," "," 11.1",," 0.00","G","1027.7","19","999.9",,"009.3","24","  38.5","24"
"72429793812","CINCINNATI MUNICIPAL AIRPORT LUNKEN FIELD, OH US","39.106","-84.41609","144.8","2019-03-19","  23.9","24","000000",,"999.9",,"  53.1"," ","  26.1"," ","  6.0",," 0.00","G","1030.4","24","999.9",,"011.8","24","  38.8","24"
"72429793812","CINCINNATI MUNICIPAL AIRPORT LUNKEN FIELD, OH US","39.106","-84.41609","144.8","2019-03-20","  26.8","24","000000",," 22.0",,"  59.0"," ","  25.0"," "," 15.0",," 0.00","G","1023.7","24","999.9",,"005.3","24","  42.5","24"
"72429793812","CINCINNATI MUNICIPAL AIRPORT LUNKEN FIELD, OH US","39.106","-84.41609","144.8","2019-03-21","  39.7","24","010000",," 20.0",,"  53.1","*","  44.1","*"," 15.0",," 0.03","G","1014.2","15","999.9",,"996.0","24","  47.3","24"
"72429793812","CINCINNATI MUNICIPAL AIRPORT LUNKEN FIELD, OH US","39.106","-84.41609","144.8","2019-03-22","  31.8","24","000000",," 28.9",,"  53.1"," ","  37.0"," "," 17.1",," 0.22","G","1015.6","22","999.9",,"997.4","24","  45.1","24"
"72429793812","CINCINNATI MUNICIPAL AIRPORT LUNKEN FIELD, OH US","39.106","-84.41609","144.8","2019-03-23","  23.1","24","000000",,"999.9",,"  57.9"," ","  27.0"," ","  7.0",," 0.00","G","1025.5","24","999.9",,"007.1","24","  41.5","24"
"72429793812","CINCINNATI MUNICIPAL AIRPORT LUNKEN FIELD, OH US","39.106","-84.41609","144.8","2019-03-24","  32.1","24","010000",," 20.0",,"  62.1"," ","  27.0"," ","  8.9",," 0.00","G","1022.9","24","999.9",,"004.6","24","  45.5","24"
"72429793812","CINCINNATI MUNICIPAL AIRPORT LUNKEN FIELD, OH US","39.106","-84.41609","144.8","2019-03-25","  43.8","24","110000",," 18.1",,"  62.1"," ","  35.1"," "," 14.0",," 0.69","G","1017.5","18","999.9",,"999.3","24","  46.8","24"
"72429793812","CINCINNATI MUNICIPAL AIRPORT LUNKEN FIELD, OH US","39.106","-84.41609","144.8","2019-03-26","  18.0","24","000000",," 17.1",,"  50.0"," ","  28.0"," "," 12.0",," 0.22","G","1027.7","24","999.9",,"009.2","24","  38.4","24"
"72429793812","CINCINNATI MUNICIPAL AIRPORT LUNKEN FIELD, OH US","39.106","-84.41609","144.8","2019-03-27","  23.7","24","000000",,"999.9",,"  60.1"," ","  26.1"," ","  8.0",," 0.00","G","1028.8","24","999.9",,"010.3","24","  41.5","24"
"72429793812","CINCINNATI MUNICIPAL AIRPORT LUNKEN FIELD, OH US","39.106","-84.41609","144.8","2019-03-28","  35.2","24","000000",," 28.9",,"  71.1"," ","  26.1"," "," 18.1",," 0.00","G","1022.7","24","999.9",,"004.5","24","  49.7","24"
"72429793812","CINCINNATI MUNICIPAL AIRPORT LUNKEN FIELD, OH US","39.106","-84.41609","144.8","2019-03-29","  48.3","24","010000",," 20.0",,"  64.0","*","  52.0","*"," 12.0",," 0.09","G","1018.7","23","999.9",,"000.8","24","  57.5","24"
"72429793812","CINCINNATI MUNICIPAL AIRPORT LUNKEN FIELD, OH US","39.106","-84.41609","144.8","2019-03-30","  51.8","24","010000",," 22.9",,"  63.0"," ","  48.9"," "," 15.9",," 0.03","G","1010.6","22","999.9",,"992.2","24","  57.6","24"
"72429793812","CINCINNATI MUNICIPAL AIRPORT LUNKEN FIELD, OH US","39.106","-84.41609","144.8","2019-03-31","  24.2","24","010000",," 29.9",,"  46.0","*","  30.9","*"," 15.0",," 1.77","G","1021.7","21","999.9",,"002.3","24","  36.1","24"
"72429793812","CINCINNATI MUNICIPAL AIRPORT LUNKEN FIELD, OH US","39.106","-84.41609","144.8","2019-04-01","  19.3","24","000000",,"999.9",,"  46.9"," ","  23.0"," ","  8.0",," 0.00","G","1029.2","24","999.9",,"010.6","24","  34.7","24"
"72429793812","CINCINNATI MUNICIPAL AIRPORT LUNKEN FIELD, OH US","39.106","-84.41609","144.8","2019-04-02","  26.1","24","000000",," 19.0",,"  60.1"," ","  23.0"," "," 11.1",," 0.00","G","1021.6","24","999.9",,"003.3","24","  41.9","24"
"72429793812","CINCINNATI MUNICIPAL AIRPORT LUNKEN FIELD, OH US","39.106","-84.41609","144.8","2019-04-03","  32.2","24","000000",,"999.9",,"  63.0"," ","  28.9"," ","  8.0",," 0.00","G","1023.8","24","999.9",,"005.5","24","  48.3","24"
"72429793812","CINCINNATI MUNICIPAL AIRPORT LUNKEN FIELD, OH US","39.106","-84.41609","144.8","2019-04-04","  36.6","24","000000",," 18.1",,"  69.1"," ","  34.0"," "," 15.0",," 0.00","G","1025.6","24","999.9",,"007.4","24","  54.1","24"
"72429793812","CINCINNATI MUNICIPAL AIRPORT LUNKEN FIELD, OH US","39.106","-84.41609","144.8","2019-04-05","  45.4","24","010000",,"999.9",,"  69.1"," ","  42.1"," ","  8.9",," 0.07","G","1019.6","21","999.9",,"001.5","24","  53.7","24"
"72429793812","CINCINNATI MUNICIPAL AIRPORT LUNKEN FIELD, OH US","39.106","-84.41609","144.8","2019-04-06","  48.8","24","000000",,"999.9",,"  70.0"," ","  48.0"," ","  8.0",," 0.00","I","1020.9","24","999.9",,"002.9","24","  58.4","24"
"72429793812","CINCINNATI MUNICIPAL AIRPORT LUNKEN FIELD, OH US","39.106","-84.41609","144.8","2019-04-07","  51.3","24","010000",," 22.9",,"  72.0"," ","  44.1"," "," 19.0",," 0.00","G","1017.1","21","999.9",,"999.1","24","  56.1","24"
"72429793812","CINCINNATI MUNICIPAL AIRPORT LUNKEN FIELD, OH US","39.106","-84.41609","144.8","2019-04-08","  57.8","24","010000",," 20.0",,"  73.0"," ","  44.1"," ","  9.9",," 0.01","G","1012.5","20","999.9",,"994.8","24","  64.4","24"
"72429793812","CINCINNATI MUNICIPAL AIRPORT LUNKEN FIELD, OH US","39.106","-84.41609","144.8","2019-04-09","  44.6","24","100000",," 19.0",,"  73.0"," ","  46.9"," "," 12.0",," 0.00","G","1010.0","19","999.9",,"992.0","24","  61.3","24"
"72429793812","CINCINNATI MUNICIPAL AIRPORT LUNKEN FIELD, OH US","39.106","-84.41609","144.8","2019-04-10","  39.8","24","000000",,"999.9",,"  71.1"," ","  39.9"," ","  8.9",," 0.00","G","1012.1","24","999.9",,"994.2","24","  54.3","24"
"72429793812","CINCINNATI MUNICIPAL AIRPORT LUNKEN FIELD, OH US","39.106","-84.41609","144.8","2019-04-11","  44.3","24","000000",," 26.0",,"  82.0"," ","  39.9"," "," 21.0",," 0.00","G","1009.7","24","999.9",,"991.9","24","  62.0","24"
"72429793812","CINCINNATI MUNICIPAL AIRPORT LUNKEN FIELD, OH US","39.106","-84.41609","144.8","2019-04-12","  48.6","24","110010",," 45.1",,"  82.0"," ","  46.0"," "," 28.9",," 0.00","G","1009.2","23","999.9",,"991.7","24","  68.2","24"
"72429793812","CINCINNATI MUNICIPAL AIRPORT LUNKEN FIELD, OH US","39.106","-84.41609","144.8","2019-04-13","  39.2","24","000000",,"999.9",,"  75.0"," ","  39.9"," ","  7.0",," 0.24","G","1018.4","24","999.9",,"000.4","24","  54.5","24"
"72429793812","CINCINNATI MUNICIPAL AIRPORT LUNKEN FIELD, OH US","39.106","-84.41609","144.8","2019-04-14","  49.3","24","010000",," 41.0",,"  80.1"," ","  39.9"," "," 24.1",," 0.62","G","1003.7","19","999.9",,"985.4","24","  59.1","24"
"72429793812","CINCINNATI MUNICIPAL AIRPORT LUNKEN FIELD, OH US","39.106","-84.41609","144.8","2019-04-15","  32.8","24","010000",," 36.9",,"  54.0","*","  37.9","*"," 26.0",," 0.79","G","1014.3","22","999.9",,"995.6","24","  44.2","24"
"72429793812","CINCINNATI MUNICIPAL AIRPORT LUNKEN FIELD, OH US","39.106","-84.41609","144.8","2019-04-16","  39.7","24","000000",," 22.9",,"  75.9"," ","  36.0"," "," 17.1",," 0.00","G","1019.5","24","999.9",,"001.4","24","  53.6","24"
"72429793812","CINCINNATI MUNICIPAL AIRPORT LUNKEN FIELD, OH US","39.106","-84.41609","144.8","2019-04-17","  50.6","24","000000",," 22.9",,"  75.9"," ","  36.0"," "," 14.0",," 0.00","G","1015.2","24","999.9",,"997.3","24","  61.7","24"
"72429793812","CINCINNATI MUNICIPAL AIRPORT LUNKEN FIELD, OH US","39.106","-84.41609","144.8","2019-04-18","  52.4","24","010000",," 29.9",,"  78.1"," ","  48.9"," "," 20.0",," 0.00","G","1007.1","24","999.9",,"989.5","24","  69.7","24"
"72429793812","CINCINNATI MUNICIPAL AIRPORT LUNKEN FIELD, OH US","39.106","-84.41609","144.8","2019-04-19","  49.2","24","010000",," 24.1",,"  78.1"," ","  46.9"," "," 15.0",," 0.38","G","1001.5","13","999.9",,"983.3","24","  53.9","24"
"72429793812","CINCINNATI MUNICIPAL AIRPORT LUNKEN FIELD, OH US","39.106","-84.41609","144.8","2019-04-20","  41.3","24","010000",," 25.1",,"  61.0"," ","  42.1"," "," 18.1",," 1.98","G","1003.1","11","999.9",,"984.0","24","  45.1","24"
"72429793812","CINCINNATI MUNICIPAL AIRPORT LUNKEN FIELD, OH US","39.106","-84.41609","144.8","2019-04-21","  41.1","24","000000",,"999.9",,"  66.9"," ","  39.9"," ","  6.0",," 0.03","G","1016.6","22","999.9",,"998.5","24","  50.8","24"
"72429793812","CINCINNATI MUNICIPAL AIRPORT LUNKEN FIELD, OH US","39.106","-84.41609","144.8","2019-04-22","  46.3","24","100000",,"999.9",,"  75.9"," ","  39.9"," ","  7.0",," 0.00","G","1021.8","19","999.9",,"003.9","24","  57.3","24"
"72429793812","CINCINNATI MUNICIPAL AIRPORT LUNKEN FIELD, OH US","39.106","-84.41609","144.8","2019-04-23","  52.7","24","000000",," 22.9",,"  79.0"," ","  41.0"," "," 15.0",," 0.00","G","1015.5","24","999.9",,"997.7","24","  62.6","24"
"72429793812","CINCINNATI MUNICIPAL AIRPORT LUNKEN FIELD, OH US","39.106","-84.41609","144.8","2019-04-24","  46.3","24","000000",," 18.1",,"  79.0"," ","  48.0"," ","  8.9",," 0.00","G","1015.5","23","999.9",,"997.6","24","  58.3","24"
"72429793812","CINCINNATI MUNICIPAL AIRPORT LUNKEN FIELD, OH US","39.106","-84.41609","144.8","2019-04-25","  58.8","24","010000",,"999.9",,"  72.0"," ","  50.0"," ","  6.0",," 0.30","G","1009.2","22","999.9",,"991.6","24","  62.5","24"
"72429793812","CINCINNATI MUNICIPAL AIRPORT LUNKEN FIELD, OH US","39.106","-84.41609","144.8","2019-04-26","  50.8","24","010010",," 35.0",,"  72.0"," ","  50.0"," "," 17.1",," 0.98","G","1005.6","16","999.9",,"986.7","24","  59.4","24"
"72429793812","CINCINNATI MUNICIPAL AIRPORT LUNKEN FIELD, OH US","39.106","-84.41609","144.8","2019-04-27","  38.7","24","010000",," 34.0",,"  64.9"," ","  37.9"," "," 15.9",," 0.19","G","1013.1","24","999.9",,"995.2","24","  52.4","24"
"72429793812","CINCINNATI MUNICIPAL AIRPORT LUNKEN FIELD, OH US","39.106","-84.41609","144.8","2019-04-28","  43.6","24","010000",," 18.1",,"  64.9"," ","  37.9"," "," 12.0",," 0.12","G","1014.0","22","999.9",,"996.5","24","  51.4","24"
"72429793812","CINCINNATI MUNICIPAL AIRPORT LUNKEN FIELD, OH US","39.106","-84.41609","144.8","2019-04-29","  46.6","24","000000",," 34.0",,"  78.1"," ","  42.1"," "," 17.1",," 0.03","G","1020.0","24","999.9",,"001.9","24","  56.1","24"
"72429793812","CINCINNATI MUNICIPAL AIRPORT LUNKEN FIELD, OH US","39.106","-84.41609","144.8","2019-04-30","  55.6","24","000000",,"999.9",,"  78.1"," ","  42.1"," ","  8.9",," 0.00","G","1020.7","23","999.9",,"002.9","24","  64.2","24"
"72429793812","CINCINNATI MUNICIPAL AIRPORT LUNKEN FIELD, OH US","39.106","-84.41609","144.8","2019-05-01","  59.2","24","110010",," 36.9",,"  81.0"," ","  55.0"," "," 26.0",," 0.00","G","1017.3","18","999.9",,"999.6","24","  68.4","24"
"72429793812","CINCINNATI MUNICIPAL AIRPORT LUNKEN FIELD, OH US","39.106","-84.41609","144.8","2019-05-02","  63.7","24","110010",," 32.1",,"  81.0"," ","  55.0"," "," 19.0",," 0.37","G","1018.3"," 9","999.9",,"001.4","24","  67.5","24"
"72429793812","CINCINNATI MUNICIPAL AIRPORT LUNKEN FIELD, OH US","39.106","-84.41609","144.8","2019-05-03","  62.0","24","110000",,"999.9",,"  79.0"," ","  60.1"," ","  6.0",," 0.31","G","1015.2","13","999.9",,"997.6","24","  65.7","24"
"72429793812","CINCINNATI MUNICIPAL AIRPORT LUNKEN FIELD, OH US","39.106","-84.41609","144.8","2019-05-04","  56.5","24","010000",,"999.9",,"  72.0"," ","  57.0"," ","  9.9",," 0.41","G","1013.2","19","999.9",,"995.5","24","  60.3","24"
"72429793812","CINCINNATI MUNICIPAL AIRPORT LUNKEN FIELD, OH US","39.106","-84.41609","144.8","2019-05-05","  50.2","24","000000",,"999.9",,"  71.1"," ","  54.0"," ","  8.9",," 0.08","G","1010.8","20","999.9",,"993.1","24","  60.3","24"
"72429793812","CINCINNATI MUNICIPAL AIRPORT LUNKEN FIELD, OH US","39.106","-84.41609","144.8","2019-05-06","  49.5","24","100000",,"999.9",,"  75.0","*","  44.6","*","  6.0",," 0.00","G","1016.4","21","999.9",,"998.6","24","  60.1","24"
"72429793812","CINCINNATI MUNICIPAL AIRPORT LUNKEN FIELD, OH US","39.106","-84.41609","144.8","2019-05-07","  54.1","24","100000",,"999.9",,"  80.1"," ","  45.0"," ","  5.1",," 0.00","G","1019.2","22","999.9",,"001.3","24","  64.1","24"
"72429793812","CINCINNATI MUNICIPAL AIRPORT LUNKEN FIELD, OH US","39.106","-84.41609","144.8","2019-05-08","  55.3","24","000000",," 15.0",,"  82.9"," ","  48.9"," ","  9.9",," 0.00","G","1018.1","24","999.9",,"000.3","24","  67.5","24"
"72429793812","CINCINNATI MUNICIPAL AIRPORT LUNKEN FIELD, OH US","39.106","-84.41609","144.8","2019-05-09","  62.7","24","010000",," 35.0",,"  82.9"," ","  53.1"," "," 24.1",," 0.00","G","1011.7","23","999.9",,"994.1","24","  68.7","24"
"72429793812","CINCINNATI MUNICIPAL AIRPORT LUNKEN FIELD, OH US","39.106","-84.41609","144.8","2019-05-10","  56.1","24","110000",,"999.9",,"  79.0"," ","  55.9"," ","  9.9",," 0.38","G","1016.8","15","999.9",,"998.4","24","  61.1","24"
"72429793812","CINCINNATI MUNICIPAL AIRPORT LUNKEN FIELD, OH US","39.106","-84.41609","144.8","2019-05-11","  47.3","24","000000",,"999.9",,"  69.1"," ","  44.1"," ","  9.9",," 0.08","G","1017.0","23","999.9",,"999.1","24","  56.4","24"
"72429793812","CINCINNATI MUNICIPAL AIRPORT LUNKEN FIELD, OH US","39.106","-84.41609","144.8","2019-05-12","  49.8","24","010000",," 18.1",,"  69.1"," ","  44.1"," "," 13.0",," 0.41","G","1007.7","14","999.9",,"990.1","24","  52.8","24"
"72429793812","CINCINNATI MUNICIPAL AIRPORT LUNKEN FIELD, OH US","39.106","-84.41609","144.8","2019-05-13","  45.9","24","010000",," 20.0",,"  55.9"," ","  48.0"," "," 13.0",," 0.08","G","1010.8","19","999.9",,"993.0","24","  52.2","24"
"72429793812","CINCINNATI MUNICIPAL AIRPORT LUNKEN FIELD, OH US","39.106","-84.41609","144.8","2019-05-14","  43.0","24","100000",,"999.9",,"  68.0"," ","  41.0"," ","  7.0",," 0.00","G","1017.0","19","999.9",,"999.0","24","  55.1","24"
"72429793812","CINCINNATI MUNICIPAL AIRPORT LUNKEN FIELD, OH US","39.106","-84.41609","144.8","2019-05-15","  47.2","24","000000",," 17.1",,"  71.1"," ","  41.0"," ","  8.0",," 0.00","G","1016.4","23","999.9",,"998.5","24","  57.8","24"
"72429793812","CINCINNATI MUNICIPAL AIRPORT LUNKEN FIELD, OH US","39.106","-84.41609","144.8","2019-05-16","  52.9","24","110000",," 22.9",,"  77.0"," ","  44.1"," "," 13.0",," 0.00","G","1014.6","19","999.9",,"997.1","24","  61.1","24"
"72429793812","CINCINNATI MUNICIPAL AIRPORT LUNKEN FIELD, OH US","39.106","-84.41609","144.8","2019-05-17","  63.0","24","010010",," 22.0",,"  84.9","*","  62.1","*"," 12.0",," 0.22","G","1010.5","22","999.9",,"992.9","24","  71.0","24"
"72429793812","CINCINNATI MUNICIPAL AIRPORT LUNKEN FIELD, OH US","39.106","-84.41609","144.8","2019-05-18","  63.7","24","100000",," 24.1",,"  87.1"," ","  60.1"," "," 15.9",," 0.00","G","1012.8","17","999.9",,"995.3","24","  73.1","24"
"72429793812","CINCINNATI MUNICIPAL AIRPORT LUNKEN FIELD, OH US","39.106","-84.41609","144.8","2019-05-19","  63.0","24","010000",," 32.1",,"  87.1"," ","  60.1"," "," 18.1",," 0.00","G","1010.7","24","999.9",,"993.1","24","  71.8","24"
"72429793812","CINCINNATI MUNICIPAL AIRPORT LUNKEN FIELD, OH US","39.106","-84.41609","144.8","2019-05-20","  55.9","24","010000",," 21.0",,"  81.0"," ","  60.1"," "," 15.0",," 0.62","G","1014.6","21","999.9",,"996.7","24","  66.3","24"
"72429793812","CINCINNATI MUNICIPAL AIRPORT LUNKEN FIELD, OH US","39.106","-84.41609","144.8","2019-05-21","  47.0","24","000000",,"999.9",,"  73.0"," ","  48.9"," "," 13.0",," 0.00","G","1018.7","24","999.9",,"000.8","24","  58.5","24"
"72429793812","CINCINNATI MUNICIPAL AIRPORT LUNKEN FIELD, OH US","39.106","-84.41609","144.8","2019-05-22","  57.0","24","010000",," 24.1",,"  84.0"," ","  48.9"," "," 13.0",," 0.00","G","1015.8","24","999.9",,"998.1","24","  68.2","24"
"72429793812","CINCINNATI MUNICIPAL AIRPORT LUNKEN FIELD, OH US","39.106","-84.41609","144.8","2019-05-23","  66.5","24","110010",," 40.0",,"  84.9"," ","  54.0"," "," 28.0",," 0.00","G","1018.5","13","999.9",,"000.6","24","  70.3","24"
"72429793812","CINCINNATI MUNICIPAL AIRPORT LUNKEN FIELD, OH US","39.106","-84.41609","144.8","2019-05-24","  67.9","24","110000",," 22.0",,"  88.0"," ","  62.1"," "," 14.0",," 1.25","G","1018.8","17","999.9",,"001.2","24","  74.7","24"
"72429793812","CINCINNATI MUNICIPAL AIRPORT LUNKEN FIELD, OH US","39.106","-84.41609","144.8","2019-05-25","  65.7","24","110000",," 25.1",,"  87.1","*","  62.6","*"," 15.0",," 0.00","G","1017.0","18","999.9",,"999.4","24","  73.8","24"
"72429793812","CINCINNATI MUNICIPAL AIRPORT LUNKEN FIELD, OH US","39.106","-84.41609","144.8","2019-05-26","  67.5","24","110010",," 32.1",,"  87.1"," ","  63.0"," "," 22.0",," 0.11","G","1016.9","14","999.9",,"999.2","24","  73.2","24"
"72429793812","CINCINNATI MUNICIPAL AIRPORT LUNKEN FIELD, OH US","39.106","-84.41609","144.8","2019-05-27","  66.2","24","100000",,"999.9",,"  86.0"," ","  63.0"," ","  9.9",," 0.29","G","1015.7","21","999.9",,"998.2","24","  71.9","24"
"72429793812","CINCINNATI MUNICIPAL AIRPORT LUNKEN FIELD, OH US","39.106","-84.41609","144.8","2019-05-28","  66.9","24","000000",," 27.0",,"  87.1"," ","  63.0"," "," 21.0",," 0.00","G","1009.0","24","999.9",,"991.6","24","  79.0","24"
"72429793812","CINCINNATI MUNICIPAL AIRPORT LUNKEN FIELD, OH US","39.106","-84.41609","144.8","2019-05-29","  66.5","24","010010",," 28.0",,"  87.1"," ","  70.0"," "," 18.1",," 0.00","G","1007.9","23","999.9",,"990.5","24","  73.6","24"
"72429793812","CINCINNATI MUNICIPAL AIRPORT LUNKEN FIELD, OH US","39.106","-84.41609","144.8","2019-05-30","  65.9","24","010000",," 21.0",,"  78.1"," ","  66.0"," "," 12.0",," 0.25","G","1009.3","23","999.9",,"991.8","24","  70.2","24"
"72429793812","CINCINNATI MUNICIPAL AIRPORT LUNKEN FIELD, OH US","39.106","-84.41609","144.8","2019-05-31","  61.4","24","010000",," 15.0",,"  78.1"," ","  59.0"," ","  9.9",," 0.07","G","1011.3","21","999.9",,"993.6","24","  67.4","24"
"72429793812","CINCINNATI MUNICIPAL AIRPORT LUNKEN FIELD, OH US","39.106","-84.41609","144.8","2019-06-01","  61.9","24","100000",," 22.9",,"  82.0"," ","  59.0"," "," 11.1",," 0.21","G","1011.6","18","999.9",,"994.3","24","  69.2","24"
"72429793812","CINCINNATI MUNICIPAL AIRPORT LUNKEN FIELD, OH US","39.106","-84.41609","144.8","2019-06-02","  59.9","24","000000",," 20.0",,"  82.0"," ","  59.0"," "," 12.0",," 0.00","G","1009.4","24","999.9",,"991.9","24","  71.3","24"
"72429793812","CINCINNATI MUNICIPAL AIRPORT LUNKEN FIELD, OH US","39.106","-84.41609","144.8","2019-06-03","  45.3","24","000000",," 19.0",,"  81.0"," ","  46.0"," "," 13.0",," 0.00","G","1018.1","24","999.9",,"000.3","24","  63.7","24"
"72429793812","CINCINNATI MUNICIPAL AIRPORT LUNKEN FIELD, OH US","39.106","-84.41609","144.8","2019-06-04","  55.1","24","000000",,"999.9",,"  80.1"," ","  46.0"," "," 12.0",," 0.00","G","1018.6","24","999.9",,"000.7","24","  65.7","24"
"72429793812","CINCINNATI MUNICIPAL AIRPORT LUNKEN FIELD, OH US","39.106","-84.41609","144.8","2019-06-05","  64.8","24","010010",," 35.9",,"  84.9"," ","  53.1"," "," 19.0",," 0.04","G","1010.9","19","999.9",,"992.9","24","  70.8","24"
"72429793812","CINCINNATI MUNICIPAL AIRPORT LUNKEN FIELD, OH US","39.106","-84.41609","144.8","2019-06-06","  66.6","24","100000",,"999.9",,"  86.0"," ","  62.1"," ","  8.9",," 0.59","G","1009.9","22","999.9",,"992.3","24","  73.0","24"
"72429793812","CINCINNATI MUNICIPAL AIRPORT LUNKEN FIELD, OH US","39.106","-84.41609","144.8","2019-06-07","  64.8","24","010000",," 18.1",,"  86.0"," ","  62.1"," "," 13.0",," 0.00","G","1010.6","23","999.9",,"993.2","24","  73.2","24"
"72429793812","CINCINNATI MUNICIPAL AIRPORT LUNKEN FIELD, OH US","39.106","-84.41609","144.8","2019-06-08","  64.3","24","010000",," 19.0",,"  78.1"," ","  68.0"," "," 13.0",," 0.02","G","1011.8","22","999.9",,"994.3","24","  72.7","24"
"72429793812","CINCINNATI MUNICIPAL AIRPORT LUNKEN FIELD, OH US","39.106","-84.41609","144.8","2019-06-09","  66.5","24","010000",," 15.9",,"  80.1"," ","  66.9"," ","  8.9",," 0.09","G","1013.1","19","999.9",,"995.6","24","  71.7","24"
"72429793812","CINCINNATI MUNICIPAL AIRPORT LUNKEN FIELD, OH US","39.106","-84.41609","144.8","2019-06-10","  65.5","24","010000",," 26.0",,"  80.1"," ","  66.9"," "," 15.9",," 0.14","G","1014.2","18","999.9",,"996.2","24","  72.3","24"
"72429793812","CINCINNATI MUNICIPAL AIRPORT LUNKEN FIELD, OH US","39.106","-84.41609","144.8","2019-06-11","  48.1","24","000000",," 22.0",,"  80.1"," ","  48.0"," "," 14.0",," 0.05","G","1022.2","23","999.9",,"004.3","24","  64.0","24"
"72429793812","CINCINNATI MUNICIPAL AIRPORT LUNKEN FIELD, OH US","39.106","-84.41609","144.8","2019-06-12","  55.5","24","010000",,"999.9",,"  78.1"," ","  48.0"," ","  9.9",," 0.00","G","1016.1","23","999.9",,"998.0","24","  64.0","24"
"72429793812","CINCINNATI MUNICIPAL AIRPORT LUNKEN FIELD, OH US","39.106","-84.41609","144.8","2019-06-13","  54.5","24","010000",," 35.0",,"  75.9"," ","  52.0"," "," 22.9",," 0.23","G","1010.3","20","999.9",,"992.3","24","  62.6","24"
"72429793812","CINCINNATI MUNICIPAL AIRPORT LUNKEN FIELD, OH US","39.106","-84.41609","144.8","2019-06-14","  46.9","24","100000",," 21.0",,"  75.9"," ","  45.0"," "," 14.0",," 0.08","G","1019.8","23","999.9",,"001.8","24","  61.1","24"
"72429793812","CINCINNATI MUNICIPAL AIRPORT LUNKEN FIELD, OH US","39.106","-84.41609","144.8","2019-06-15","  58.8","24","010000",," 18.1",,"  75.0","*","  60.1","*"," 13.0",," 0.00","G","1015.4","24","999.9",,"997.7","24","  67.0","24"
"72429793812","CINCINNATI MUNICIPAL AIRPORT LUNKEN FIELD, OH US","39.106","-84.41609","144.8","2019-06-16","  67.8","24","010010",," 22.9",,"  82.0"," ","  60.1"," "," 19.0",," 3.49","G","1011.1","10","999.9",,"993.4","24","  71.4","24"
"72429793812","CINCINNATI MUNICIPAL AIRPORT LUNKEN FIELD, OH US","39.106","-84.41609","144.8","2019-06-17","  68.2","24","010010",," 19.0",,"  82.9"," ","  66.0"," ","  8.9",," 0.63","G","1013.8","16","999.9",,"996.2","24","  72.6","24"
"72429793812","CINCINNATI MUNICIPAL AIRPORT LUNKEN FIELD, OH US","39.106","-84.41609","144.8","2019-06-18","  68.2","24","110010",," 35.9",,"  82.9"," ","  66.0"," "," 24.1",," 0.64","G","1013.1","15","999.9",,"995.9","24","  71.4","24"
"72429793812","CINCINNATI MUNICIPAL AIRPORT LUNKEN FIELD, OH US","39.106","-84.41609","144.8","2019-06-19","  70.2","24","110010",," 22.0",,"  82.9"," ","  66.9"," "," 18.1",," 0.49","G","1007.9","13","999.9",,"990.7","24","  73.4","24"
"72429793812","CINCINNATI MUNICIPAL AIRPORT LUNKEN FIELD, OH US","39.106","-84.41609","144.8","2019-06-20","  66.5","24","010000",," 31.1",,"  82.9"," ","  68.0"," "," 21.0",," 1.18","G","1003.3","16","999.9",,"986.2","24","  70.4","24"
"72429793812","CINCINNATI MUNICIPAL AIRPORT LUNKEN FIELD, OH US","39.106","-84.41609","144.8","2019-06-21","  60.7","24","000000",,"999.9",,"  81.0"," ","  64.9"," ","  8.0",," 0.00","G","1013.7","23","999.9",,"996.2","24","  71.4","24"
"72429793812","CINCINNATI MUNICIPAL AIRPORT LUNKEN FIELD, OH US","39.106","-84.41609","144.8","2019-06-22","  62.9","24","010000",," 21.0",,"  81.0"," ","  64.0"," ","  9.9",," 0.01","G","1016.2","23","999.9",,"998.6","24","  69.9","24"
"72429793812","CINCINNATI MUNICIPAL AIRPORT LUNKEN FIELD, OH US","39.106","-84.41609","144.8","2019-06-23","  63.2","24","010010",," 46.0",,"  84.0"," ","  59.0"," "," 20.0",," 0.03","G","1016.3","22","999.9",,"998.6","24","  69.7","24"
"72429793812","CINCINNATI MUNICIPAL AIRPORT LUNKEN FIELD, OH US","39.106","-84.41609","144.8","2019-06-24","  67.6","24","110000",," 19.0",,"  84.0"," ","  59.0"," "," 14.0",," 0.16","G","1009.0","18","999.9",,"991.3","24","  71.7","24"
"72429793812","CINCINNATI MUNICIPAL AIRPORT LUNKEN FIELD, OH US","39.106","-84.41609","144.8","2019-06-25","  63.7","24","000000",," 21.0",,"  82.9"," ","  63.0"," "," 13.0",," 0.81","G","1013.7","24","999.9",,"996.1","24","  73.4","24"
"72429793812","CINCINNATI MUNICIPAL AIRPORT LUNKEN FIELD, OH US","39.106","-84.41609","144.8","2019-06-26","  65.1","24","000000",," 19.0",,"  89.1"," ","  63.0"," "," 12.0",," 0.00","G","1018.7","24","999.9",,"001.0","24","  75.5","24"
"72429793812","CINCINNATI MUNICIPAL AIRPORT LUNKEN FIELD, OH US","39.106","-84.41609","144.8","2019-06-27","  68.7","24","000000",,"999.9",,"  89.1"," ","  63.0"," ","  8.9",," 0.00","G","1021.0","24","999.9",,"003.4","24","  77.3","24"
"72429793812","CINCINNATI MUNICIPAL AIRPORT LUNKEN FIELD, OH US","39.106","-84.41609","144.8","2019-06-28","  69.8","24","000000",,"999.9",,"  91.0"," ","  66.0"," ","  7.0",," 0.00","G","1021.5","24","999.9",,"003.9","24","  78.3","24"
"72429793812","CINCINNATI MUNICIPAL AIRPORT LUNKEN FIELD, OH US","39.106","-84.41609","144.8","2019-06-29","  69.3","24","000000",,"999.9",,"  91.0"," ","  66.0"," ","  9.9",," 0.00","G","1019.8","23","999.9",,"002.3","24","  79.2","24"
"72429793812","CINCINNATI MUNICIPAL AIRPORT LUNKEN FIELD, OH US","39.106","-84.41609","144.8","2019-06-30","  69.1","24","000000",," 15.9",,"  91.9"," ","  66.9"," ","  9.9",," 0.00","G","1016.3","24","999.9",,"998.8","24","  80.8","24"
"72429793812","CINCINNATI MUNICIPAL AIRPORT LUNKEN FIELD, OH US","39.106","-84.41609","144.8","2019-07-01","  68.0","24","100000",," 15.9",,"  91.9"," ","  66.0"," ","  8.0",," 0.00","G","1015.4","22","999.9",,"998.0","24","  77.9","24"
"72429793812","CINCINNATI MUNICIPAL AIRPORT LUNKEN FIELD, OH US","39.106","-84.41609","144.8","2019-07-02","  70.9","24","010010",,"999.9",,"  91.9"," ","  66.0"," "," 11.1",," 0.00","G","1014.2","23","999.9",,"996.7","24","  79.6","24"
"72429793812","CINCINNATI MUNICIPAL AIRPORT LUNKEN FIELD, OH US","39.106","-84.41609","144.8","2019-07-03","  70.2","24","010000",,"999.9",,"  91.9"," ","  69.1"," ","  7.0",," 0.39","G","1013.5","24","999.9",,"996.0","24","  76.6","24"
"72429793812","CINCINNATI MUNICIPAL AIRPORT LUNKEN FIELD, OH US","39.106","-84.41609","144.8","2019-07-04","  70.6","24","010010",," 27.0",,"  88.0"," ","  69.1"," "," 19.0",," 0.05","G","1015.5","20","999.9",,"997.9","24","  76.3","24"
"72429793812","CINCINNATI MUNICIPAL AIRPORT LUNKEN FIELD, OH US","39.106","-84.41609","144.8","2019-07-05","  72.8","24","110010",,"999.9",,"  89.1"," ","  69.1"," ","  8.9",," 0.17","G","1016.9","18","999.9",,"999.5","24","  78.0","24"
"72429793812","CINCINNATI MUNICIPAL AIRPORT LUNKEN FIELD, OH US","39.106","-84.41609","144.8","2019-07-06","  73.0","24","100000",,"999.9",,"  89.1"," ","  69.1"," "," 11.1",," 0.06","G","1015.1","20","999.9",,"997.7","24","  79.9","24"
"72429793812","CINCINNATI MUNICIPAL AIRPORT LUNKEN FIELD, OH US","39.106","-84.41609","144.8","2019-07-07","  71.8","24","000000",,"999.9",,"  91.0"," ","  70.0"," ","  9.9",," 0.00","G","1013.0","23","999.9",,"995.6","24","  80.2","24"
"72429793812","CINCINNATI MUNICIPAL AIRPORT LUNKEN FIELD, OH US","39.106","-84.41609","144.8","2019-07-08","  66.7","24","000000",,"999.9",,"  91.0"," ","  68.0"," "," 11.1",," 0.00","G","1014.4","24","999.9",,"996.9","24","  77.4","24"
"72429793812","CINCINNATI MUNICIPAL AIRPORT LUNKEN FIELD, OH US","39.106","-84.41609","144.8","2019-07-09","  66.1","24","000000",,"999.9",,"  90.0"," ","  64.0"," ","  7.0",," 0.00","G","1015.8","24","999.9",,"998.3","24","  77.1","24"
"72429793812","CINCINNATI MUNICIPAL AIRPORT LUNKEN FIELD, OH US","39.106","-84.41609","144.8","2019-07-10","  70.9","24","000000",,"999.9",,"  91.0"," ","  64.0"," ","  6.0",," 0.00","G","1015.1","22","999.9",,"997.6","24","  79.3","24"
"72429793812","CINCINNATI MUNICIPAL AIRPORT LUNKEN FIELD, OH US","39.106","-84.41609","144.8","2019-07-11","  70.8","24","000000",,"999.9",,"  91.0"," ","  69.1"," "," 12.0",," 0.00","G","1011.5","23","999.9",,"994.0","24","  79.8","24"
"72429793812","CINCINNATI MUNICIPAL AIRPORT LUNKEN FIELD, OH US","39.106","-84.41609","144.8","2019-07-12","  62.6","24","000000",,"999.9",,"  91.0"," ","  66.9"," ","  8.9",," 0.00","G","1012.7","24","999.9",,"995.2","24","  77.3","24"
"72429793812","CINCINNATI MUNICIPAL AIRPORT LUNKEN FIELD, OH US","39.106","-84.41609","144.8","2019-07-13","  59.9","24","000000",,"999.9",,"  91.0"," ","  60.1"," ","  7.0",," 0.00","G","1016.1","24","999.9",,"998.6","24","  75.4","24"
"72429793812","CINCINNATI MUNICIPAL AIRPORT LUNKEN FIELD, OH US","39.106","-84.41609","144.8","2019-07-14","  65.1","24","000000",,"999.9",,"  91.9"," ","  60.1"," ","  8.9",," 0.00","G","1018.7","24","999.9",,"001.1","24","  77.3","24"
"72429793812","CINCINNATI MUNICIPAL AIRPORT LUNKEN FIELD, OH US","39.106","-84.41609","144.8","2019-07-15","  69.1","24","010010",," 25.1",,"  91.9"," ","  62.1"," "," 18.1",," 0.00","G","1019.4","22","999.9",,"001.8","24","  75.6","24"
"72429793812","CINCINNATI MUNICIPAL AIRPORT LUNKEN FIELD, OH US","39.106","-84.41609","144.8","2019-07-16","  71.5","24","010000",," 22.0",,"  90.0"," ","  66.0"," "," 15.9",," 0.36","G","1016.8","24","999.9",,"999.2","24","  78.0","24"
"72429793812","CINCINNATI MUNICIPAL AIRPORT LUNKEN FIELD, OH US","39.106","-84.41609","144.8","2019-07-17","  73.0","24","010010",," 29.9",,"  89.1"," ","  71.1"," "," 14.0",," 0.38","G","1013.4","13","999.9",,"995.8","24","  76.9","24"
"72429793812","CINCINNATI MUNICIPAL AIRPORT LUNKEN FIELD, OH US","39.106","-84.41609","144.8","2019-07-18","  73.9","24","110010",," 28.9",,"  90.0"," ","  69.1"," "," 22.0",," 1.68","G","1013.9","16","999.9",,"996.4","24","  77.9","24"
"72429793812","CINCINNATI MUNICIPAL AIRPORT LUNKEN FIELD, OH US","39.106","-84.41609","144.8","2019-07-19","  74.9","24","000000",," 18.1",,"  93.0"," ","  69.1"," "," 12.0",," 0.68","G","1014.2","20","999.9",,"996.8","24","  81.3","24"
"72429793812","CINCINNATI MUNICIPAL AIRPORT LUNKEN FIELD, OH US","39.106","-84.41609","144.8","2019-07-20","  74.8","24","100000",," 20.0",,"  93.9"," ","  72.0"," "," 14.0",," 0.00","G","1014.4","22","999.9",,"997.1","24","  83.3","24"
"72429793812","CINCINNATI MUNICIPAL AIRPORT LUNKEN FIELD, OH US","39.106","-84.41609","144.8","2019-07-21","  74.3","24","000000",,"999.9",,"  93.9"," ","  72.0"," "," 14.0",," 0.00","G","1013.4","24","999.9",,"996.0","24","  80.9","24"
"72429793812","CINCINNATI MUNICIPAL AIRPORT LUNKEN FIELD, OH US","39.106","-84.41609","144.8","2019-07-22","  70.9","24","010000",,"999.9",,"  79.0","*","  69.8","*"," 13.0",," 0.08","G","1012.6","15","999.9",,"995.0","24","  74.3","24"
"72429793812","CINCINNATI MUNICIPAL AIRPORT LUNKEN FIELD, OH US","39.106","-84.41609","144.8","2019-07-23","  57.9","24","000000",," 19.0",,"  81.0"," ","  60.1"," "," 13.0",," 0.72","G","1016.4","24","999.9",,"998.7","24","  70.3","24"
"72429793812","CINCINNATI MUNICIPAL AIRPORT LUNKEN FIELD, OH US","39.106","-84.41609","144.8","2019-07-24","  57.2","24","000000",," 19.0",,"  81.0"," ","  55.9"," ","  8.9",," 0.00","G","1018.5","24","999.9",,"000.8","22","  68.6","24"
"72429793812","CINCINNATI MUNICIPAL AIRPORT LUNKEN FIELD, OH US","39.106","-84.41609","144.8","2019-07-25","  57.3","24","000000",,"999.9",,"  82.9"," ","  55.9"," ","  7.0",," 0.00","G","1021.7","24","999.9",,"004.0","22","  69.8","24"
"72429793812","CINCINNATI MUNICIPAL AIRPORT LUNKEN FIELD, OH US","39.106","-84.41609","144.8","2019-07-26","  60.5","24","000000",,"999.9",,"  84.9"," ","  55.9"," ","  7.0",," 0.00","G","1023.7","24","999.9",,"005.9","24","  71.8","24"
"72429793812","CINCINNATI MUNICIPAL AIRPORT LUNKEN FIELD, OH US","39.106","-84.41609","144.8","2019-07-27","  64.4","24","000000",," 14.0",,"  88.0"," ","  59.0"," ","  9.9",," 0.00","G","1023.2","23","999.9",,"005.5","24","  74.9","24"
"72429793812","CINCINNATI MUNICIPAL AIRPORT LUNKEN FIELD, OH US","39.106","-84.41609","144.8","2019-07-28","  66.5","24","100000",," 17.1",,"  88.0"," ","  62.1"," ","  9.9",," 0.00","G","1020.9","22","999.9",,"003.3","24","  76.7","24"
"72429793812","CINCINNATI MUNICIPAL AIRPORT LUNKEN FIELD, OH US","39.106","-84.41609","144.8","2019-07-29","  67.0","24","010000",," 22.0",,"  89.1"," ","  64.9"," "," 15.9",," 0.00","G","1016.4","20","999.9",,"998.9","22","  77.1","24"
"72429793812","CINCINNATI MUNICIPAL AIRPORT LUNKEN FIELD, OH US","39.106","-84.41609","144.8","2019-07-30","  68.4","24","010010",," 32.1",,"  89.1"," ","  66.0"," "," 24.1",," 0.03","G","1015.2","16","999.9",,"997.7","24","  73.6","24"
"72429793812","CINCINNATI MUNICIPAL AIRPORT LUNKEN FIELD, OH US","39.106","-84.41609","144.8","2019-07-31","  66.6","24","100000",,"999.9",,"  87.1","*","  62.6","*","  8.0",," 0.81","G","1017.5","19","999.9",,"000.0","24","  73.8","24"
"72429793812","CINCINNATI MUNICIPAL AIRPORT LUNKEN FIELD, OH US","39.106","-84.41609","144.8","2019-08-01","  65.3","24","000000",,"999.9",,"  89.1"," ","  63.0"," ","  8.0",," 0.00","G","1018.5","24","999.9",,"000.9","24","  76.0","24"
"72429793812","CINCINNATI MUNICIPAL AIRPORT LUNKEN FIELD, OH US","39.106","-84.41609","144.8","2019-08-02","  65.1","24","000000",,"999.9",,"  89.1"," ","  64.0"," ","  8.9",," 0.00","G","1018.4","23","999.9",,"000.8","24","  75.3","24"
"72429793812","CINCINNATI MUNICIPAL AIRPORT LUNKEN FIELD, OH US","39.106","-84.41609","144.8","2019-08-03","  61.5","24","000000",,"999.9",,"  88.0"," ","  59.0"," ","  6.0",," 0.00","G","1017.2","22","999.9",,"999.6","24","  74.0","24"
"72429793812","CINCINNATI MUNICIPAL AIRPORT LUNKEN FIELD, OH US","39.106","-84.41609","144.8","2019-08-04","  60.9","24","000000",,"999.9",,"  89.1"," ","  57.9"," ","  7.0",," 0.00","G","1016.3","24","999.9",,"998.6","24","  73.2","24"
"72429793812","CINCINNATI MUNICIPAL AIRPORT LUNKEN FIELD, OH US","39.106","-84.41609","144.8","2019-08-05","  65.4","24","100000",,"999.9",,"  89.1"," ","  57.9"," ","  8.9",," 0.00","G","1014.8","23","999.9",,"997.3","24","  75.9","24"
"72429793812","CINCINNATI MUNICIPAL AIRPORT LUNKEN FIELD, OH US","39.106","-84.41609","144.8","2019-08-06","  67.5","24","110010",," 21.0",,"  89.1"," ","  63.0"," "," 15.9",," 0.00","G","1011.4","20","999.9",,"993.8","24","  74.4","24"
"72429793812","CINCINNATI MUNICIPAL AIRPORT LUNKEN FIELD, OH US","39.106","-84.41609","144.8","2019-08-07","  65.8","24","010010",," 41.0",,"  88.0"," ","  64.0"," "," 32.1",," 1.13","G","1010.1","18","999.9",,"992.5","24","  75.2","24"
"72429793812","CINCINNATI MUNICIPAL AIRPORT LUNKEN FIELD, OH US","39.106","-84.41609","144.8","2019-08-08","  65.5","24","000000",," 20.0",,"  89.1"," ","  63.0"," "," 11.1",," 0.01","G","1011.0","24","999.9",,"993.5","24","  74.8","24"
"72429793812","CINCINNATI MUNICIPAL AIRPORT LUNKEN FIELD, OH US","39.106","-84.41609","144.8","2019-08-09","  63.4","24","000000",,"999.9",,"  89.1"," ","  63.0"," "," 11.1",," 0.00","G","1012.5","24","999.9",,"995.0","24","  77.1","24"
"72429793812","CINCINNATI MUNICIPAL AIRPORT LUNKEN FIELD, OH US","39.106","-84.41609","144.8","2019-08-10","  58.4","24","000000",,"999.9",,"  88.0"," ","  57.9"," ","  8.9",," 0.00","G","1015.0","23","999.9",,"997.4","24","  71.6","24"
"72429793812","CINCINNATI MUNICIPAL AIRPORT LUNKEN FIELD, OH US","39.106","-84.41609","144.8","2019-08-11","  60.0","24","000000",,"999.9",,"  86.0"," ","  57.9"," ","  8.0",," 0.00","G","1017.2","24","999.9",,"999.6","24","  70.9","24"
"72429793812","CINCINNATI MUNICIPAL AIRPORT LUNKEN FIELD, OH US","39.106","-84.41609","144.8","2019-08-12","  65.7","24","000000",,"999.9",,"  84.9"," ","  57.9"," ","  8.0",," 0.00","G","1014.4","24","999.9",,"996.8","24","  72.5","24"
"72429793812","CINCINNATI MUNICIPAL AIRPORT LUNKEN FIELD, OH US","39.106","-84.41609","144.8","2019-08-13","  71.6","24","010010",,"999.9",,"  89.1"," ","  62.1"," "," 11.1",," 0.24","G","1009.6","19","999.9",,"992.0","24","  78.1","24"
"72429793812","CINCINNATI MUNICIPAL AIRPORT LUNKEN FIELD, OH US","39.106","-84.41609","144.8","2019-08-14","  69.9","24","100000",,"999.9",,"  90.0"," ","  66.9"," "," 19.0",," 0.05","G","1011.9","14","999.9",,"994.6","24","  77.1","24"
"72429793812","CINCINNATI MUNICIPAL AIRPORT LUNKEN FIELD, OH US","39.106","-84.41609","144.8","2019-08-15","  65.5","24","000000",,"999.9",,"  90.0"," ","  63.0"," ","  8.0",," 0.00","G","1013.5","23","999.9",,"996.0","24","  75.5","24"
"72429793812","CINCINNATI MUNICIPAL AIRPORT LUNKEN FIELD, OH US","39.106","-84.41609","144.8","2019-08-16","  64.2","24","100000",,"999.9",,"  87.1"," ","  62.1"," ","  8.9",," 0.00","G","1015.0","22","999.9",,"997.5","24","  73.9","24"
"72429793812","CINCINNATI MUNICIPAL AIRPORT LUNKEN FIELD, OH US","39.106","-84.41609","144.8","2019-08-17","  68.9","24","110010",," 20.0",,"  87.1"," ","  62.1"," "," 14.0",," 0.00","G","1014.6","21","999.9",,"997.1","24","  75.2","24"
"72429793812","CINCINNATI MUNICIPAL AIRPORT LUNKEN FIELD, OH US","39.106","-84.41609","144.8","2019-08-18","  70.8","24","100000",,"999.9",,"  91.9"," ","  64.9"," ","  9.9",," 0.01","G","1013.7","21","999.9",,"996.2","24","  79.3","24"
"72429793812","CINCINNATI MUNICIPAL AIRPORT LUNKEN FIELD, OH US","39.106","-84.41609","144.8","2019-08-19","  69.1","24","000000",," 24.1",,"  93.0"," ","  68.0"," "," 15.9",," 0.00","G","1015.5","24","999.9",,"998.0","24","  80.6","24"
"72429793812","CINCINNATI MUNICIPAL AIRPORT LUNKEN FIELD, OH US","39.106","-84.41609","144.8","2019-08-20","  72.5","24","010110",," 27.0",,"  93.0"," ","  69.1"," "," 15.0",," 0.00","G","1016.8","20","999.9",,"999.2","24","  77.8","24"
"72429793812","CINCINNATI MUNICIPAL AIRPORT LUNKEN FIELD, OH US","39.106","-84.41609","144.8","2019-08-21","  68.3","24","100000",,"999.9",,"  90.0"," ","  66.9"," "," 12.0",," 0.47","G","1015.3","21","999.9",,"997.8","24","  75.5","24"
"72429793812","CINCINNATI MUNICIPAL AIRPORT LUNKEN FIELD, OH US","39.106","-84.41609","144.8","2019-08-22","  69.5","24","010010",," 22.9",,"  89.1"," ","  68.0"," "," 15.0",," 0.17","G","1014.7","20","999.9",,"997.1","24","  74.2","24"
"72429793812","CINCINNATI MUNICIPAL AIRPORT LUNKEN FIELD, OH US","39.106","-84.41609","144.8","2019-08-23","  64.3","24","010000",,"999.9",,"  81.0"," ","  66.0"," "," 11.1",," 0.20","G","1018.0","21","999.9",,"000.1","24","  71.3","24"
"72429793812","CINCINNATI MUNICIPAL AIRPORT LUNKEN FIELD, OH US","39.106","-84.41609","144.8","2019-08-24","  55.0","24","000000",," 20.0",,"  79.0"," ","  54.0"," "," 12.0",," 0.18","G","1021.8","24","999.9",,"004.0","24","  66.0","24"
"72429793812","CINCINNATI MUNICIPAL AIRPORT LUNKEN FIELD, OH US","39.106","-84.41609","144.8","2019-08-25","  57.4","24","100000",," 15.9",,"  81.0"," ","  51.1"," ","  9.9",," 0.00","G","1019.2","22","999.9",,"001.5","24","  67.2","24"
"72429793812","CINCINNATI MUNICIPAL AIRPORT LUNKEN FIELD, OH US","39.106","-84.41609","144.8","2019-08-26","  65.4","24","010000",,"999.9",,"  72.0","*","  68.0","*","  8.9",," 0.01","G","1015.2","13","999.9",,"997.0","24","  70.0","24"
"72429793812","CINCINNATI MUNICIPAL AIRPORT LUNKEN FIELD, OH US","39.106","-84.41609","144.8","2019-08-27","  70.1","24","010010",," 18.1",,"  81.0"," ","  68.0"," "," 15.0",," 0.61","G","1011.9","16","999.9",,"994.2","24","  72.8","24"
"72429793812","CINCINNATI MUNICIPAL AIRPORT LUNKEN FIELD, OH US","39.106","-84.41609","144.8","2019-08-28","  59.7","24","100000",," 22.9",,"  81.0"," ","  59.0"," "," 13.0",," 0.49","G","1015.1","17","999.9",,"997.1","24","  70.8","24"
"72429793812","CINCINNATI MUNICIPAL AIRPORT LUNKEN FIELD, OH US","39.106","-84.41609","144.8","2019-08-29","  58.0","24","100000",,"999.9",,"  82.9"," ","  53.1"," ","  9.9",," 0.00","G","1017.6","21","999.9",,"999.9","24","  67.6","24"
"72429793812","CINCINNATI MUNICIPAL AIRPORT LUNKEN FIELD, OH US","39.106","-84.41609","144.8","2019-08-30","  64.9","24","110010",," 40.0",,"  87.1"," ","  53.1"," "," 28.0",," 0.00","G","1017.6","22","999.9",,"000.0","24","  72.6","24"
"72429793812","CINCINNATI MUNICIPAL AIRPORT LUNKEN FIELD, OH US","39.106","-84.41609","144.8","2019-08-31","  65.2","24","000000",,"999.9",,"  87.1"," ","  64.0"," "," 11.1",," 0.87","G","1021.9","24","999.9",,"004.1","24","  70.4","24"
"72429793812","CINCINNATI MUNICIPAL AIRPORT LUNKEN FIELD, OH US","39.106","-84.41609","144.8","2019-09-01","  65.3","24","110010",," 15.0",,"  87.1"," ","  62.1"," "," 12.0",," 0.00","G","1020.1","21","999.9",,"002.0","23","  71.0","24"
"72429793812","CINCINNATI MUNICIPAL AIRPORT LUNKEN FIELD, OH US","39.106","-84.41609","144.8","2019-09-02","  66.7","24","010010",," 26.0",,"  87.1"," ","  62.1"," "," 18.1",," 0.36","G","1018.0","21","999.9",,"000.5","24","  73.7","24"
"72429793812","CINCINNATI MUNICIPAL AIRPORT LUNKEN FIELD, OH US","39.106","-84.41609","144.8","2019-09-03","  65.3","24","100000",,"999.9",,"  84.9"," ","  60.1"," ","  9.9",," 0.00","A","1016.8","17","999.9",,"999.5","24","  71.5","24"
"72429793812","CINCINNATI MUNICIPAL AIRPORT LUNKEN FIELD, OH US","39.106","-84.41609","144.8","2019-09-04","  66.1","24","000000",,"999.9",,"  87.1"," ","  60.1"," ","  9.9",," 0.00","G","1015.2","21","999.9",,"997.6","24","  76.9","24"
"72429793812","CINCINNATI MUNICIPAL AIRPORT LUNKEN FIELD, OH US","39.106","-84.41609","144.8","2019-09-05","  58.6","24","000000",,"999.9",,"  87.1"," ","  55.9"," ","  8.9",," 0.00","G","1018.5","23","999.9",,"000.8","24","  69.1","24"
"72429793812","CINCINNATI MUNICIPAL AIRPORT LUNKEN FIELD, OH US","39.106","-84.41609","144.8","2019-09-06","  59.7","24","100000",," 19.0",,"  82.0"," ","  53.1"," "," 13.0",," 0.00","G","1014.4","20","999.9",,"996.9","24","  66.6","24"
"72429793812","CINCINNATI MUNICIPAL AIRPORT LUNKEN FIELD, OH US","39.106","-84.41609","144.8","2019-09-07","  62.4","24","010000",,"999.9",,"  82.0"," ","  53.1"," "," 11.1",," 0.00","G","1015.3","21","999.9",,"997.8","24","  69.5","24"
"72429793812","CINCINNATI MUNICIPAL AIRPORT LUNKEN FIELD, OH US","39.106","-84.41609","144.8","2019-09-08","  59.6","24","100000",,"999.9",,"  79.0"," ","  55.0"," ","  6.0",," 0.00","G","1018.3","19","999.9",,"000.4","24","  66.5","24"
"72429793812","CINCINNATI MUNICIPAL AIRPORT LUNKEN FIELD, OH US","39.106","-84.41609","144.8","2019-09-09","  62.8","24","100000",,"999.9",,"  84.9"," ","  55.0"," ","  5.1",," 0.00","G","1021.4","21","999.9",,"003.5","24","  70.1","24"
"72429793812","CINCINNATI MUNICIPAL AIRPORT LUNKEN FIELD, OH US","39.106","-84.41609","144.8","2019-09-10","  66.1","24","100000",,"999.9",,"  93.0"," ","  57.0"," ","  7.0",," 0.00","G","1021.6","17","999.9",,"004.1","24","  74.2","24"
"72429793812","CINCINNATI MUNICIPAL AIRPORT LUNKEN FIELD, OH US","39.106","-84.41609","144.8","2019-09-11","  70.3","24","000000",,"999.9",,"  93.0"," ","  59.0"," ","  8.9",," 0.00","G","1021.4","23","999.9",,"003.9","24","  77.7","24"
"72429793812","CINCINNATI MUNICIPAL AIRPORT LUNKEN FIELD, OH US","39.106","-84.41609","144.8","2019-09-12","  69.2","24","100000",," 18.1",,"  93.9"," ","  64.9"," ","  8.0",," 0.00","G","1019.7","22","999.9",,"002.1","24","  78.1","24"
"72429793812","CINCINNATI MUNICIPAL AIRPORT LUNKEN FIELD, OH US","39.106","-84.41609","144.8","2019-09-13","  69.7","24","100000",," 17.1",,"  93.9"," ","  64.9"," "," 13.0",," 0.00","G","1019.1","21","999.9",,"001.6","24","  79.0","24"
"72429793812","CINCINNATI MUNICIPAL AIRPORT LUNKEN FIELD, OH US","39.106","-84.41609","144.8","2019-09-14","  58.8","24","000000",,"999.9",,"  93.0"," ","  64.9"," ","  8.9",," 0.00","G","1022.6","24","999.9",,"005.0","24","  75.0","24"
"72429793812","CINCINNATI MUNICIPAL AIRPORT LUNKEN FIELD, OH US","39.106","-84.41609","144.8","2019-09-15","  58.8","24","100000",,"999.9",,"  87.1"," ","  55.9"," ","  4.1",," 0.00","G","1021.8","21","999.9",,"004.1","24","  68.9","24"
"72429793812","CINCINNATI MUNICIPAL AIRPORT LUNKEN FIELD, OH US","39.106","-84.41609","144.8","2019-09-16","  63.9","24","000000",,"999.9",,"  91.0"," ","  55.9"," ","  9.9",," 0.00","G","1017.7","24","999.9",,"000.0","24","  74.6","24"
"72429793812","CINCINNATI MUNICIPAL AIRPORT LUNKEN FIELD, OH US","39.106","-84.41609","144.8","2019-09-17","  63.0","24","000000",,"999.9",,"  86.0"," ","  61.0"," ","  9.9",," 0.00","G","1018.3","23","999.9",,"000.7","24","  72.9","24"
"72429793812","CINCINNATI MUNICIPAL AIRPORT LUNKEN FIELD, OH US","39.106","-84.41609","144.8","2019-09-18","  60.2","24","100000",,"999.9",,"  86.0","*","  57.2","*","  9.9",," 0.00","G","1018.7","19","999.9",,"001.1","24","  71.0","24"
"72429793812","CINCINNATI MUNICIPAL AIRPORT LUNKEN FIELD, OH US","39.106","-84.41609","144.8","2019-09-19","  61.5","24","000000",,"999.9",,"  86.0"," ","  55.9"," ","  7.0",," 0.00","G","1018.9","23","999.9",,"001.2","24","  70.4","24"
"72429793812","CINCINNATI MUNICIPAL AIRPORT LUNKEN FIELD, OH US","39.106","-84.41609","144.8","2019-09-20","  65.8","24","000000",," 18.1",,"  87.1"," ","  55.9"," "," 11.1",," 0.00","G","1020.4","24","999.9",,"002.8","24","  74.7","24"
"72429793812","CINCINNATI MUNICIPAL AIRPORT LUNKEN FIELD, OH US","39.106","-84.41609","144.8","2019-09-21","  65.6","24","100000",," 17.1",,"  90.0"," ","  63.0"," ","  9.9",," 0.00","G","1022.2","22","999.9",,"004.6","24","  75.8","24"
"72429793812","CINCINNATI MUNICIPAL AIRPORT LUNKEN FIELD, OH US","39.106","-84.41609","144.8","2019-09-22","  61.6","24","100000",," 28.0",,"  90.0"," ","  60.1"," "," 18.1",," 0.00","G","1018.9","21","999.9",,"001.5","24","  73.6","24"
"72429793812","CINCINNATI MUNICIPAL AIRPORT LUNKEN FIELD, OH US","39.106","-84.41609","144.8","2019-09-23","  61.6","24","010000",," 18.1",,"  89.1"," ","  60.1"," "," 13.0",," 0.07","G","1014.5","21","999.9",,"997.0","24","  75.9","24"
"72429793812","CINCINNATI MUNICIPAL AIRPORT LUNKEN FIELD, OH US","39.106","-84.41609","144.8","2019-09-24","  51.9","24","000000",,"999.9",,"  86.0"," ","  48.0"," ","  7.0",," 0.00","I","1016.4","22","999.9",,"998.8","24","  64.9","24"
"72429793812","CINCINNATI MUNICIPAL AIRPORT LUNKEN FIELD, OH US","39.106","-84.41609","144.8","2019-09-25","  54.0","24","000000",," 18.1",,"  84.9"," ","  48.0"," "," 11.1",," 0.00","G","1012.0","21","999.9",,"994.5","24","  65.9","24"
"72429793812","CINCINNATI MUNICIPAL AIRPORT LUNKEN FIELD, OH US","39.106","-84.41609","144.8","2019-09-26","  54.6","24","000000",," 17.1",,"  84.9"," ","  51.1"," "," 11.1",," 0.00","G","1011.9","24","999.9",,"994.3","24","  72.2","24"
"72429793812","CINCINNATI MUNICIPAL AIRPORT LUNKEN FIELD, OH US","39.106","-84.41609","144.8","2019-09-27","  53.4","24","000000",," 18.1",,"  91.0"," ","  48.9"," "," 13.0",," 0.00","G","1014.6","24","999.9",,"996.9","24","  65.9","24"
"72429793812","CINCINNATI MUNICIPAL AIRPORT LUNKEN FIELD, OH US","39.106","-84.41609","144.8","2019-09-28","  65.6","24","000000",," 22.9",,"  91.9","*","  68.0","*"," 13.0",," 0.00","G","1015.0","24","999.9",,"997.5","24","  77.1","24"
"72429793812","CINCINNATI MUNICIPAL AIRPORT LUNKEN FIELD, OH US","39.106","-84.41609","144.8","2019-09-29","  65.9","24","100000",,"999.9",,"  91.9"," ","  60.1"," "," 12.0",," 0.00","G","1020.9","22","999.9",,"003.4","24","  75.0","24"
"72429793812","CINCINNATI MUNICIPAL AIRPORT LUNKEN FIELD, OH US","39.106","-84.41609","144.8","2019-09-30","  67.0","24","100000",," 17.1",,"  95.0"," ","  60.1"," ","  9.9",," 0.00","G","1019.6","20","999.9",,"002.0","24","  76.8","24"
"72429793812","CINCINNATI MUNICIPAL AIRPORT LUNKEN FIELD, OH US","39.106","-84.41609","144.8","2019-10-01","  66.7","24","100000",,"999.9",,"  95.0"," ","  64.0"," "," 12.0",," 0.00","G","1017.1","19","999.9",,"999.8","24","  77.9","24"
"72429793812","CINCINNATI MUNICIPAL AIRPORT LUNKEN FIELD, OH US","39.106","-84.41609","144.8","2019-10-02","  64.8","24","100000",," 22.0",,"  95.0"," ","  64.0"," "," 14.0",," 0.00","G","1014.3","22","999.9",,"996.8","24","  77.9","24"
"72429793812","CINCINNATI MUNICIPAL AIRPORT LUNKEN FIELD, OH US","39.106","-84.41609","144.8","2019-10-03","  65.6","24","100000",," 21.0",,"  95.0"," ","  61.0"," "," 13.0",," 0.00","G","1014.5","22","999.9",,"997.0","24","  76.9","24"
"72429793812","CINCINNATI MUNICIPAL AIRPORT LUNKEN FIELD, OH US","39.106","-84.41609","144.8","2019-10-04","  49.0","24","000000",," 19.0",,"  77.0","*","  54.0","*"," 13.0",," 0.00","G","1023.2","22","999.9",,"005.3","24","  65.3","24"
"72429793812","CINCINNATI MUNICIPAL AIRPORT LUNKEN FIELD, OH US","39.106","-84.41609","144.8","2019-10-05","  47.2","24","000000",,"999.9",,"  79.0"," ","  44.1"," ","  8.9",," 0.00","G","1021.3","24","999.9",,"003.3","24","  60.3","24"
"72429793812","CINCINNATI MUNICIPAL AIRPORT LUNKEN FIELD, OH US","39.106","-84.41609","144.8","2019-10-06","  59.4","24","010000",," 17.1",,"  79.0"," ","  44.1"," "," 11.1",," 0.03","G","1017.7","21","999.9",,"999.9","24","  65.3","24"
"72429793812","CINCINNATI MUNICIPAL AIRPORT LUNKEN FIELD, OH US","39.106","-84.41609","144.8","2019-10-07","  55.9","24","010000",,"999.9",,"  77.0"," ","  55.9"," ","  6.0",," 0.66","G","1021.8","22","999.9",,"003.9","24","  59.1","24"
"72429793812","CINCINNATI MUNICIPAL AIRPORT LUNKEN FIELD, OH US","39.106","-84.41609","144.8","2019-10-08","  48.0","24","100000",," 18.1",,"  73.0"," ","  48.9"," "," 12.0",," 0.22","G","1023.1","20","999.9",,"005.2","23","  57.9","24"
"72429793812","CINCINNATI MUNICIPAL AIRPORT LUNKEN FIELD, OH US","39.106","-84.41609","144.8","2019-10-09","  50.1","24","000000",,"999.9",,"  75.9"," ","  45.0"," ","  7.0",," 0.00","G","1021.3","23","999.9",,"003.2","24","  57.5","24"
"72429793812","CINCINNATI MUNICIPAL AIRPORT LUNKEN FIELD, OH US","39.106","-84.41609","144.8","2019-10-10","  56.6","24","100000",,"999.9",,"  80.1"," ","  45.0"," ","  6.0",," 0.00","G","1020.1","18","999.9",,"002.3","24","  62.3","24"
"72429793812","CINCINNATI MUNICIPAL AIRPORT LUNKEN FIELD, OH US","39.106","-84.41609","144.8","2019-10-11","  60.2","24","010000",," 28.0",,"  80.1"," ","  51.1"," "," 19.0",," 0.00","G","1016.6","24","999.9",,"998.9","24","  65.7","24"
"72429793812","CINCINNATI MUNICIPAL AIRPORT LUNKEN FIELD, OH US","39.106","-84.41609","144.8","2019-10-12","  37.5","24","010000",," 28.9",,"  77.0"," ","  39.0"," "," 17.1",," 0.14","G","1020.4","19","999.9",,"002.1","24","  49.7","24"
"72429793812","CINCINNATI MUNICIPAL AIRPORT LUNKEN FIELD, OH US","39.106","-84.41609","144.8","2019-10-13","  36.0","24","000000",," 18.1",,"  69.1"," ","  32.0"," "," 13.0",," 0.03","G","1017.0","22","999.9",,"999.0","24","  47.4","24"
"72429793812","CINCINNATI MUNICIPAL AIRPORT LUNKEN FIELD, OH US","39.106","-84.41609","144.8","2019-10-14","  39.1","24","000000",," 17.1",,"  69.1"," ","  32.0"," ","  8.9",," 0.00","G","1017.5","24","999.9",,"999.5","24","  53.6","24"
"72429793812","CINCINNATI MUNICIPAL AIRPORT LUNKEN FIELD, OH US","39.106","-84.41609","144.8","2019-10-15","  43.7","24","100000",," 21.0",,"  75.9"," ","  37.0"," "," 14.0",," 0.00","G","1016.4","18","999.9",,"999.2","24","  52.9","24"
"72429793812","CINCINNATI MUNICIPAL AIRPORT LUNKEN FIELD, OH US","39.106","-84.41609","144.8","2019-10-16","  46.3","24","010000",," 31.1",,"  75.9"," ","  37.0"," "," 24.1",," 0.29","G","1010.8","20","999.9",,"992.6","24","  54.2","24"
"72429793812","CINCINNATI MUNICIPAL AIRPORT LUNKEN FIELD, OH US","39.106","-84.41609","144.8","2019-10-17","  36.4","24","000000",," 20.0",,"  63.0"," ","  43.0"," "," 12.0",," 0.26","G","1015.7","24","999.9",,"997.7","24","  51.0","24"
"72429793812","CINCINNATI MUNICIPAL AIRPORT LUNKEN FIELD, OH US","39.106","-84.41609","144.8","2019-10-18","  38.2","24","100000",,"999.9",,"  63.0"," ","  33.1"," ","  6.0",," 0.00","G","1018.2","22","999.9",,"000.2","24","  46.7","24"
"72429793812","CINCINNATI MUNICIPAL AIRPORT LUNKEN FIELD, OH US","39.106","-84.41609","144.8","2019-10-19","  41.3","24","100000",," 15.0",,"  72.0"," ","  33.1"," ","  6.0",," 0.00","G","1014.0","19","999.9",,"996.4","24","  49.1","24"
"72429793812","CINCINNATI MUNICIPAL AIRPORT LUNKEN FIELD, OH US","39.106","-84.41609","144.8","2019-10-20","  52.2","24","000000",,"999.9",,"  75.0","*","  50.0","*","  6.0",," 0.00","G","1011.3","23","999.9",,"993.7","19","  59.4","24"
"72429793812","CINCINNATI MUNICIPAL AIRPORT LUNKEN FIELD, OH US","39.106","-84.41609","144.8","2019-10-21","  56.6","24","110000",," 25.1",,"  75.0","*","  48.2","*"," 17.1",," 0.00","G","1010.2","17","999.9",,"993.1","24","  62.0","24"
"72429793812","CINCINNATI MUNICIPAL AIRPORT LUNKEN FIELD, OH US","39.106","-84.41609","144.8","2019-10-22","  49.1","24","000000",," 24.1",,"  75.9"," ","  48.9"," "," 19.0",," 0.06","G","1009.2","23","999.9",,"991.5","24","  59.7","24"
"72429793812","CINCINNATI MUNICIPAL AIRPORT LUNKEN FIELD, OH US","39.106","-84.41609","144.8","2019-10-23","  36.0","24","000000",,"999.9",,"  66.0"," ","  39.0"," "," 15.9",," 0.00","G","1018.1","24","999.9",,"000.1","22","  52.6","24"
"72429793812","CINCINNATI MUNICIPAL AIRPORT LUNKEN FIELD, OH US","39.106","-84.41609","144.8","2019-10-24","  39.0","24","000000",,"999.9",,"  71.1"," ","  37.9"," ","  8.0",," 0.00","G","1023.1","24","999.9",,"005.1","23","  53.3","24"
"72429793812","CINCINNATI MUNICIPAL AIRPORT LUNKEN FIELD, OH US","39.106","-84.41609","144.8","2019-10-25","  47.2","24","000000",,"999.9",,"  71.1"," ","  37.9"," ","  4.1",," 0.00","G","1025.0","24","999.9",,"006.8","23","  53.6","24"
"72429793812","CINCINNATI MUNICIPAL AIRPORT LUNKEN FIELD, OH US","39.106","-84.41609","144.8","2019-10-26","  52.6","23","010000",,"999.9",,"  64.0"," ","  46.9"," ","  8.9",," 0.06","G","1015.1","19","999.9",,"995.8","19","  55.0","23"
"72429793812","CINCINNATI MUNICIPAL AIRPORT LUNKEN FIELD, OH US","39.106","-84.41609","144.8","2019-10-27","  52.0","24","010000",," 27.0",,"  66.0"," ","  50.0"," "," 18.1",," 0.66","G","1010.9","22","999.9",,"994.0","21","  59.6","24"
"72429793812","CINCINNATI MUNICIPAL AIRPORT LUNKEN FIELD, OH US","39.106","-84.41609","144.8","2019-10-28","  46.4","24","100000",,"999.9",,"  70.0"," ","  39.9"," ","  8.9",," 0.00","G","1018.9","19","999.9",,"001.0","23","  51.3","24"
"72429793812","CINCINNATI MUNICIPAL AIRPORT LUNKEN FIELD, OH US","39.106","-84.41609","144.8","2019-10-29","  49.4","24","100000",,"999.9",,"  70.0"," ","  39.9"," ","  8.0",," 0.00","G","1020.5","18","999.9",,"002.8","20","  52.9","24"
"72429793812","CINCINNATI MUNICIPAL AIRPORT LUNKEN FIELD, OH US","39.106","-84.41609","144.8","2019-10-30","  51.4","24","110000",,"999.9",,"  61.0"," ","  44.1"," ","  7.0",," 0.00","G","1019.6","17","999.9",,"001.2","24","  52.7","24"
"72429793812","CINCINNATI MUNICIPAL AIRPORT LUNKEN FIELD, OH US","39.106","-84.41609","144.8","2019-10-31","  49.1","24","010000",," 36.9",,"  60.1"," ","  37.0"," "," 22.9",," 1.22","G","1009.4","14","999.9",,"991.1","24","  51.9","24"
"72429793812","CINCINNATI MUNICIPAL AIRPORT LUNKEN FIELD, OH US","39.106","-84.41609","144.8","2019-11-01","  27.3","24","000000",," 27.0",,"  60.1"," ","  28.9"," "," 17.1",," 0.51","G","1026.3","23","999.9",,"007.9","24","  37.7","24"
"72429793812","CINCINNATI MUNICIPAL AIRPORT LUNKEN FIELD, OH US","39.106","-84.41609","144.8","2019-11-02","  30.6","24","100000",," 18.1",,"  53.1"," ","  26.1"," "," 14.0",," 0.00","G","1023.4","16","999.9",,"005.2","24","  38.1","24"
"72429793812","CINCINNATI MUNICIPAL AIRPORT LUNKEN FIELD, OH US","39.106","-84.41609","144.8","2019-11-03","  29.7","24","000000",," 17.1",,"  54.0"," ","  26.1"," ","  9.9",," 0.00","G","1024.4","24","999.9",,"006.0","24","  42.8","24"
"72429793812","CINCINNATI MUNICIPAL AIRPORT LUNKEN FIELD, OH US","39.106","-84.41609","144.8","2019-11-04","  33.0","24","000000",," 21.0",,"  62.1"," ","  28.9"," "," 15.0",," 0.00","G","1020.8","24","999.9",,"002.6","24","  45.5","24"
"72429793812","CINCINNATI MUNICIPAL AIRPORT LUNKEN FIELD, OH US","39.106","-84.41609","144.8","2019-11-05","  37.6","24","010000",," 15.0",,"  62.1"," ","  32.0"," ","  7.0",," 0.03","G","1023.9","24","999.9",,"005.7","24","  48.2","24"
"72429793812","CINCINNATI MUNICIPAL AIRPORT LUNKEN FIELD, OH US","39.106","-84.41609","144.8","2019-11-06","  34.2","24","110000",,"999.9",,"  55.9"," ","  30.0"," ","  7.0",," 0.12","G","1029.3","21","999.9",,"011.0","24","  40.8","24"
"72429793812","CINCINNATI MUNICIPAL AIRPORT LUNKEN FIELD, OH US","39.106","-84.41609","144.8","2019-11-07","  40.6","24","010000",,"999.9",,"  55.9"," ","  30.0"," "," 12.0",," 0.28","G","1025.2","14","999.9",,"006.6","24","  44.0","24"
"72429793812","CINCINNATI MUNICIPAL AIRPORT LUNKEN FIELD, OH US","39.106","-84.41609","144.8","2019-11-08","  19.0","24","000000",,"999.9",,"  50.0"," ","  21.0"," ","  9.9",," 0.30","G","1031.1","24","999.9",,"012.4","24","  30.5","24"
"72429793812","CINCINNATI MUNICIPAL AIRPORT LUNKEN FIELD, OH US","39.106","-84.41609","144.8","2019-11-09","  23.2","24","000000",,"999.9",,"  48.0"," ","  21.0"," "," 13.0",," 0.00","G","1024.1","24","999.9",,"005.6","24","  32.1","24"
"72429793812","CINCINNATI MUNICIPAL AIRPORT LUNKEN FIELD, OH US","39.106","-84.41609","144.8","2019-11-10","  33.0","24","000000",," 20.0",,"  64.9"," ","  21.9"," "," 15.0",," 0.00","G","1017.1","24","999.9",,"998.9","24","  46.8","24"
"72429793812","CINCINNATI MUNICIPAL AIRPORT LUNKEN FIELD, OH US","39.106","-84.41609","144.8","2019-11-11","  40.7","24","011000",," 24.1",,"  64.9"," ","  33.1"," "," 15.9",," 0.00","G","1016.2","22","999.9",,"998.1","24","  46.2","24"
"72429793812","CINCINNATI MUNICIPAL AIRPORT LUNKEN FIELD, OH US","39.106","-84.41609","144.8","2019-11-12","  19.7","24","001000",," 21.0",,"  33.1","*","  19.9","*"," 15.0",," 0.14","G","1028.6","14","999.9",,"008.0","24","  25.8","24"
"72429793812","CINCINNATI MUNICIPAL AIRPORT LUNKEN FIELD, OH US","39.106","-84.41609","144.8","2019-11-13","  13.2","24","000000",," 15.9",,"  30.0"," ","  12.0"," ","  8.0",," 0.00","G","1030.7","24","999.9",,"011.7","24","  20.3","24"
"72429793812","CINCINNATI MUNICIPAL AIRPORT LUNKEN FIELD, OH US","39.106","-84.41609","144.8","2019-11-14","  23.4","24","000000",,"999.9",,"  43.0"," ","  12.0"," ","  9.9",," 0.00","G","1024.8","24","999.9",,"006.1","24","  31.6","24"
"72429793812","CINCINNATI MUNICIPAL AIRPORT LUNKEN FIELD, OH US","39.106","-84.41609","144.8","2019-11-15","  24.5","24","000000",,"999.9",,"  45.0"," ","  21.0"," ","  8.9",," 0.00","G","1028.2","24","999.9",,"009.6","24","  31.0","24"
"72429793812","CINCINNATI MUNICIPAL AIRPORT LUNKEN FIELD, OH US","39.106","-84.41609","144.8","2019-11-16","  26.5","24","000000",," 20.0",,"  46.9"," ","  21.0"," "," 13.0",," 0.00","G","1028.0","23","999.9",,"009.4","24","  34.3","24"
"72429793812","CINCINNATI MUNICIPAL AIRPORT LUNKEN FIELD, OH US","39.106","-84.41609","144.8","2019-11-17","  26.5","24","100000",,"999.9",,"  50.0"," ","  21.0"," ","  4.1",," 0.00","G","1019.9","22","999.9",,"001.7","24","  33.5","24"
"72429793812","CINCINNATI MUNICIPAL AIRPORT LUNKEN FIELD, OH US","39.106","-84.41609","144.8","2019-11-18","  33.1","24","000000",,"999.9",,"  50.0"," ","  21.0"," ","  8.9",," 0.00","G","1010.5","23","999.9",,"992.3","24","  38.1","24"
"72429793812","CINCINNATI MUNICIPAL AIRPORT LUNKEN FIELD, OH US","39.106","-84.41609","144.8","2019-11-19","  37.4","24","010000",,"999.9",,"  53.1"," ","  28.9"," ","  9.9",," 0.00","G","1010.4","23","999.9",,"992.3","24","  42.5","24"
"72429793812","CINCINNATI MUNICIPAL AIRPORT LUNKEN FIELD, OH US","39.106","-84.41609","144.8","2019-11-20","  42.3","24","010000",,"999.9",,"  53.1"," ","  33.1"," ","  9.9",," 0.02","G","1019.2","15","999.9",,"002.2","24","  46.3","24"
"72429793812","CINCINNATI MUNICIPAL AIRPORT LUNKEN FIELD, OH US","39.106","-84.41609","144.8","2019-11-21","  40.1","24","010000",," 24.1",,"  59.0"," ","  34.0"," "," 15.0",," 0.01","G","1020.6","22","999.9",,"002.3","24","  45.5","24"
"72429793812","CINCINNATI MUNICIPAL AIRPORT LUNKEN FIELD, OH US","39.106","-84.41609","144.8","2019-11-22","  40.6","24","010000",," 21.0",,"  59.0"," ","  34.0"," "," 12.0",," 0.27","G","1017.9","22","999.9",,"999.9","23","  47.4","24"
"72429793812","CINCINNATI MUNICIPAL AIRPORT LUNKEN FIELD, OH US","39.106","-84.41609","144.8","2019-11-23","  32.4","24","010000",," 21.0",,"  55.0"," ","  27.0"," "," 15.9",," 0.02","G","1014.8","15","999.9",,"994.2","24","  34.9","24"
"72429793812","CINCINNATI MUNICIPAL AIRPORT LUNKEN FIELD, OH US","39.106","-84.41609","144.8","2019-11-24","  34.0","24","010000",," 19.0",,"  50.0"," ","  27.0"," "," 13.0",," 0.20","G","1009.6","15","999.9",,"991.6","24","  39.1","24"
"72429793812","CINCINNATI MUNICIPAL AIRPORT LUNKEN FIELD, OH US","39.106","-84.41609","144.8","2019-11-25","  35.6","24","100000",,"999.9",,"  59.0"," ","  28.9"," "," 13.0",," 0.02","G","1009.3","22","999.9",,"991.2","24","  41.6","24"
"72429793812","CINCINNATI MUNICIPAL AIRPORT LUNKEN FIELD, OH US","39.106","-84.41609","144.8","2019-11-26","  37.1","24","100000",,"999.9",,"  59.0"," ","  28.0"," ","  8.0",," 0.00","G","1012.0","18","999.9",,"993.9","24","  43.4","24"
"72429793812","CINCINNATI MUNICIPAL AIRPORT LUNKEN FIELD, OH US","39.106","-84.41609","144.8","2019-11-27","  41.7","24","010000",," 38.1",,"  57.9","*","  45.0","*"," 26.0",," 0.43","G","1009.4","20","999.9",,"990.7","23","  51.7","24"
"72429793812","CINCINNATI MUNICIPAL AIRPORT LUNKEN FIELD, OH US","39.106","-84.41609","144.8","2019-11-28","  27.8","24","000000",," 29.9",,"  57.9"," ","  37.0"," "," 17.1",," 0.05","G","1028.5","23","999.9",,"010.1","24","  39.9","24"
"72429793812","CINCINNATI MUNICIPAL AIRPORT LUNKEN FIELD, OH US","39.106","-84.41609","144.8","2019-11-29","  31.6","24","010000",,"999.9",,"  42.8","*","  36.0","*","  5.1",," 0.00","G","1029.0","23","999.9",,"010.3","24","  39.3","24"
"72429793812","CINCINNATI MUNICIPAL AIRPORT LUNKEN FIELD, OH US","39.106","-84.41609","144.8","2019-11-30","  36.8","24","010000",,"999.9",,"  43.0"," ","  34.0"," "," 12.0",," 0.46","G","1017.1","20","999.9",,"997.8","24","  40.4","24"
"72429793812","CINCINNATI MUNICIPAL AIRPORT LUNKEN FIELD, OH US","39.106","-84.41609","144.8","2019-12-01","  41.4","24","010000",," 27.0",,"  60.1"," ","  37.9"," "," 18.1",," 0.45","G"," 999.7","20","999.9",,"981.5","24","  47.4","24"
"72429793812","CINCINNATI MUNICIPAL AIRPORT LUNKEN FIELD, OH US","39.106","-84.41609","144.8","2019-12-02","  33.8","24","010000",," 20.0",,"  39.0","*","  35.1","*"," 12.0",," 0.09","G","1009.2","16","999.9",,"991.6","24","  37.3","24"
"72429793812","CINCINNATI MUNICIPAL AIRPORT LUNKEN FIELD, OH US","39.106","-84.41609","144.8","2019-12-03","  29.8","24","011000",,"999.9",,"  39.9"," ","  33.1"," "," 11.1",," 0.13","G","1014.8","21","999.9",,"996.8","24","  34.9","24"
"72429793812","CINCINNATI MUNICIPAL AIRPORT LUNKEN FIELD, OH US","39.106","-84.41609","144.8","2019-12-04","  28.3","24","000000",," 25.1",,"  51.1"," ","  27.0"," "," 15.9",," 0.00","G","1006.9","24","999.9",,"988.6","14","  38.4","24"
"72429793812","CINCINNATI MUNICIPAL AIRPORT LUNKEN FIELD, OH US","39.106","-84.41609","144.8","2019-12-05","  28.4","24","000000",," 18.1",,"  51.1"," ","  24.1"," ","  8.9",," 0.00","G","1017.3","24","999.9",,"999.0","24","  39.7","24"
"72429793812","CINCINNATI MUNICIPAL AIRPORT LUNKEN FIELD, OH US","39.106","-84.41609","144.8","2019-12-06","  35.1","24","010000",,"999.9",,"  50.0"," ","  24.1"," "," 14.0",," 0.00","G","1020.0","23","999.9",,"001.8","24","  39.3","24"
"72429793812","CINCINNATI MUNICIPAL AIRPORT LUNKEN FIELD, OH US","39.106","-84.41609","144.8","2019-12-07","  25.2","24","100000",,"999.9",,"  48.9"," ","  18.0"," ","  8.9",," 0.04","G","1029.5","19","999.9",,"010.8","24","  31.7","24"
"72429793812","CINCINNATI MUNICIPAL AIRPORT LUNKEN FIELD, OH US","39.106","-84.41609","144.8","2019-12-08","  30.0","24","000000",,"999.9",,"  57.0"," ","  18.0"," ","  9.9",," 0.00","G","1023.1","24","999.9",,"004.6","24","  35.3","24"
"72429793812","CINCINNATI MUNICIPAL AIRPORT LUNKEN FIELD, OH US","39.106","-84.41609","144.8","2019-12-09","  47.7","24","010000",," 24.1",,"  57.9","*","  48.9","*"," 17.1",," 0.09","G","1009.1","23","999.9",,"990.9","24","  53.6","24"
"72429793812","CINCINNATI MUNICIPAL AIRPORT LUNKEN FIELD, OH US","39.106","-84.41609","144.8","2019-12-10","  30.4","24","010000",," 22.0",,"  59.0"," ","  28.0"," "," 15.9",," 0.20","G","1017.2","21","999.9",,"998.1","24","  39.4","24"
"72429793812","CINCINNATI MUNICIPAL AIRPORT LUNKEN FIELD, OH US","39.106","-84.41609","144.8","2019-12-11","  15.0","24","000000",," 17.1",,"  37.9","*","  18.0","*"," 13.0",," 0.00","G","1031.8","24","999.9",,"013.0","24","  27.2","24"
"72429793812","CINCINNATI MUNICIPAL AIRPORT LUNKEN FIELD, OH US","39.106","-84.41609","144.8","2019-12-12","  21.5","24","000000",,"999.9",,"  44.1"," ","  18.0"," ","  7.0",," 0.00","G","1033.9","24","999.9",,"015.1","24","  29.5","24"
"72429793812","CINCINNATI MUNICIPAL AIRPORT LUNKEN FIELD, OH US","39.106","-84.41609","144.8","2019-12-13","  32.7","24","010000",,"999.9",,"  50.0"," ","  19.0"," ","  6.0",," 0.00","G","1019.6","24","999.9",,"000.6","22","  37.1","24"
"72429793812","CINCINNATI MUNICIPAL AIRPORT LUNKEN FIELD, OH US","39.106","-84.41609","144.8","2019-12-14","  38.6","24","010000",," 15.0",,"  45.0","*","  39.0","*"," 11.1",," 0.30","G","1006.7","18","999.9",,"988.4","18","  41.7","24"
"72429793812","CINCINNATI MUNICIPAL AIRPORT LUNKEN FIELD, OH US","39.106","-84.41609","144.8","2019-12-15","  27.2","24","101000",," 18.1",,"  46.0"," ","  32.0"," "," 11.1",," 0.03","G","1016.9","21","999.9",,"998.4","24","  36.4","24"
"72429793812","CINCINNATI MUNICIPAL AIRPORT LUNKEN FIELD, OH US","39.106","-84.41609","144.8","2019-12-16","  32.1","24","111000",,"999.9",,"  39.0"," ","  32.0"," ","  8.9",," 0.34","G","1018.6","13","999.9",,"000.1","24","  33.3","24"
"72429793812","CINCINNATI MUNICIPAL AIRPORT LUNKEN FIELD, OH US","39.106","-84.41609","144.8","2019-12-17","  28.8","24","011000",," 20.0",,"  37.0","*","  30.2","*"," 14.0",," 0.91","G","1016.6","15","999.9",,"997.4","24","  33.8","24"
"72429793812","CINCINNATI MUNICIPAL AIRPORT LUNKEN FIELD, OH US","39.106","-84.41609","144.8","2019-12-18","  19.1","24","000000",," 20.0",,"  37.9"," ","  24.1"," "," 14.0",," 0.01","G","1023.7","23","999.9",,"005.2","24","  27.1","24"
"72429793812","CINCINNATI MUNICIPAL AIRPORT LUNKEN FIELD, OH US","39.106","-84.41609","144.8","2019-12-19","  13.8","24","000000",,"999.9",,"  39.9"," ","  15.1"," ","  8.9",," 0.00","G","1031.8","24","999.9",,"012.9","24","  24.8","24"
"72429793812","CINCINNATI MUNICIPAL AIRPORT LUNKEN FIELD, OH US","39.106","-84.41609","144.8","2019-12-20","  24.2","24","000000",,"999.9",,"  46.9"," ","  15.1"," ","  6.0",," 0.00","G","1033.1","23","999.9",,"014.3","24","  31.7","24"
"72429793812","CINCINNATI MUNICIPAL AIRPORT LUNKEN FIELD, OH US","39.106","-84.41609","144.8","2019-12-21","  28.3","24","000000",,"999.9",,"  54.0"," ","  21.0"," ","  7.0",," 0.00","G","1031.4","24","999.9",,"012.7","24","  35.3","24"
"72429793812","CINCINNATI MUNICIPAL AIRPORT LUNKEN FIELD, OH US","39.106","-84.41609","144.8","2019-12-22","  28.4","24","101000",,"999.9",,"  54.0"," ","  21.9"," ","  4.3",," 0.00","G","1028.6","21","999.9",,"010.1","24","  34.1","24"
"72429793812","CINCINNATI MUNICIPAL AIRPORT LUNKEN FIELD, OH US","39.106","-84.41609","144.8","2019-12-23","  31.7","24","100000",,"999.9",,"  62.1"," ","  21.9"," ","  7.0",," 0.00","G","1022.0","20","999.9",,"003.7","24","  37.6","24"
"72429793812","CINCINNATI MUNICIPAL AIRPORT LUNKEN FIELD, OH US","39.106","-84.41609","144.8","2019-12-24","  32.6","24","100000",,"999.9",,"  62.1"," ","  24.1"," ","  5.1",," 0.00","G","1020.2","16","999.9",,"002.0","24","  36.9","24"
"72429793812","CINCINNATI MUNICIPAL AIRPORT LUNKEN FIELD, OH US","39.106","-84.41609","144.8","2019-12-25","  33.6","24","100000",,"999.9",,"  64.9"," ","  24.1"," ","  7.0",," 0.00","G","1018.1","15","999.9",,"000.0","24","  38.7","24"
"72429793812","CINCINNATI MUNICIPAL AIRPORT LUNKEN FIELD, OH US","39.106","-84.41609","144.8","2019-12-26","  40.8","24","000000",,"999.9",,"  64.9"," ","  24.1"," ","  8.0",," 0.00","G","1019.6","21","999.9",,"001.3","24","  45.0","24"
"72429793812","CINCINNATI MUNICIPAL AIRPORT LUNKEN FIELD, OH US","39.106","-84.41609","144.8","2019-12-27","  49.2","24","000000",,"999.9",,"  62.1","*","  48.9","*","  8.0",," 0.00","G","1022.2","22","999.9",,"004.2","24","  55.7","24"
"72429793812","CINCINNATI MUNICIPAL AIRPORT LUNKEN FIELD, OH US","39.106","-84.41609","144.8","2019-12-28","  46.3","24","110000",,"999.9",,"  63.0"," ","  43.0"," ","  8.9",," 0.00","G","1022.1","14","999.9",,"005.2","24","  50.9","24"
"72429793812","CINCINNATI MUNICIPAL AIRPORT LUNKEN FIELD, OH US","39.106","-84.41609","144.8","2019-12-29","  54.5","24","010000",,"999.9",,"  62.1"," ","  44.1"," ","  7.0",," 0.20","G","1012.4","19","999.9",,"994.0","24","  56.6","24"
"72429793812","CINCINNATI MUNICIPAL AIRPORT LUNKEN FIELD, OH US","39.106","-84.41609","144.8","2019-12-30","  40.9","24","010000",," 33.0",,"  62.1"," ","  39.9"," "," 21.0",," 0.84","G","1003.4","18","999.9",,"985.7","24","  47.9","24"
"72429793812","CINCINNATI MUNICIPAL AIRPORT LUNKEN FIELD, OH US","39.106","-84.41609","144.8","2019-12-31","  28.0","24","000000",," 29.9",,"  39.9","*","  37.0","*"," 21.0",," 0.04","G","1009.9","21","999.9",,"991.7","24","  37.9","24"
"72429793812","CINCINNATI MUNICIPAL AIRPORT LUNKEN FIELD, OH US","39.106","-84.41609","144.8","2020-01-01","  27.9","24","000000",," 24.1",,"  48.9"," ","  36.0"," "," 15.0",," 0.00","G","1013.7","21","999.9",,"995.6","24","  39.1","24"
"72429793812","CINCINNATI MUNICIPAL AIRPORT LUNKEN FIELD, OH US","39.106","-84.41609","144.8","2020-01-02","  30.8","24","010000",," 17.1",,"  51.1"," ","  27.0"," "," 13.0",," 0.00","G","1010.4","21","999.9",,"992.1","24","  40.3","24"
"72429793812","CINCINNATI MUNICIPAL AIRPORT LUNKEN FIELD, OH US","39.106","-84.41609","144.8","2020-01-03","  49.5","24","010000",,"999.9",,"  54.0","*","  46.4","*","  7.0",," 0.64","G","1008.2","14","999.9",,"989.9","24","  50.2","24"
"72429793812","CINCINNATI MUNICIPAL AIRPORT LUNKEN FIELD, OH US","39.106","-84.41609","144.8","2020-01-04","  40.9","24","011000",," 21.0",,"  51.1","*","  35.6","*"," 13.0",," 0.53","G","1012.0","11","999.9",,"993.0","24","  43.6","24"
"72429793812","CINCINNATI MUNICIPAL AIRPORT LUNKEN FIELD, OH US","39.106","-84.41609","144.8","2020-01-05","  27.5","24","000000",," 24.1",,"  48.0"," ","  30.0"," "," 15.9",," 0.08","G","1020.6","19","999.9",,"003.1","24","  37.3","24"
"72429793812","CINCINNATI MUNICIPAL AIRPORT LUNKEN FIELD, OH US","39.106","-84.41609","144.8","2020-01-06","  27.2","24","000000",," 22.0",,"  48.0"," ","  28.0"," "," 13.0",," 0.00","G","1021.3","23","999.9",,"002.9","24","  39.2","24"
"72429793812","CINCINNATI MUNICIPAL AIRPORT LUNKEN FIELD, OH US","39.106","-84.41609","144.8","2020-01-07","  24.4","24","000000",," 22.0",,"  50.0"," ","  26.1"," "," 17.1",," 0.00","G","1018.1","24","999.9",,"999.8","24","  35.7","24"
"72429793812","CINCINNATI MUNICIPAL AIRPORT LUNKEN FIELD, OH US","39.106","-84.41609","144.8","2020-01-08","  19.2","24","000000",," 21.0",,"  50.0"," ","  27.0"," "," 14.0",," 0.00","G","1024.8","24","999.9",,"006.4","24","  37.7","24"
"72429793812","CINCINNATI MUNICIPAL AIRPORT LUNKEN FIELD, OH US","39.106","-84.41609","144.8","2020-01-09","  22.3","24","000000",," 20.0",,"  60.1"," ","  21.9"," "," 15.9",," 0.00","G","1030.1","24","999.9",,"011.5","24","  36.1","24"
"72429793812","CINCINNATI MUNICIPAL AIRPORT LUNKEN FIELD, OH US","39.106","-84.41609","144.8","2020-01-10","  43.3","24","010000",," 24.1",,"  62.1","*","  48.9","*"," 15.0",," 0.01","G","1023.5","24","999.9",,"005.3","24","  54.5","24"
"72429793812","CINCINNATI MUNICIPAL AIRPORT LUNKEN FIELD, OH US","39.106","-84.41609","144.8","2020-01-11","  55.6","24","010000",," 28.9",,"  68.0"," ","  48.0"," "," 22.9",," 0.45","G","1011.8","22","999.9",,"993.5","24","  60.5","24"
"72429793812","CINCINNATI MUNICIPAL AIRPORT LUNKEN FIELD, OH US","39.106","-84.41609","144.8","2020-01-12","  39.4","24","010000",," 35.9",,"  68.0"," ","  39.0"," "," 25.1",," 0.57","G","1021.7","22","999.9",,"002.4","24","  44.4","24"
"72429793812","CINCINNATI MUNICIPAL AIRPORT LUNKEN FIELD, OH US","39.106","-84.41609","144.8","2020-01-13","  37.2","24","000000",,"999.9",,"  51.1"," ","  37.0"," ","  7.0",," 0.00","G","1026.7","20","999.9",,"008.4","24","  43.1","24"
"72429793812","CINCINNATI MUNICIPAL AIRPORT LUNKEN FIELD, OH US","39.106","-84.41609","144.8","2020-01-14","  38.9","24","000000",,"999.9",,"  55.0"," ","  35.1"," "," 12.0",," 0.00","G","1023.2","18","999.9",,"004.3","24","  42.6","24"
"72429793812","CINCINNATI MUNICIPAL AIRPORT LUNKEN FIELD, OH US","39.106","-84.41609","144.8","2020-01-15","  39.3","24","110000",," 21.0",,"  57.9"," ","  28.9"," "," 14.0",," 0.00","G","1020.2","14","999.9",,"002.3","24","  40.9","24"
"72429793812","CINCINNATI MUNICIPAL AIRPORT LUNKEN FIELD, OH US","39.106","-84.41609","144.8","2020-01-16","  31.9","24","000000",," 21.0",,"  57.9"," ","  28.9"," "," 15.9",," 0.00","G","1030.2","21","999.9",,"010.4","24","  43.1","24"
"72429793812","CINCINNATI MUNICIPAL AIRPORT LUNKEN FIELD, OH US","39.106","-84.41609","144.8","2020-01-17","  16.9","24","000000",,"999.9",,"  48.0"," ","  24.1"," "," 11.1",," 0.00","G","1040.6","22","999.9",,"021.8","24","  29.1","24"
"72429793812","CINCINNATI MUNICIPAL AIRPORT LUNKEN FIELD, OH US","39.106","-84.41609","144.8","2020-01-18","  32.2","24","010000",," 28.0",,"  53.6","*","  33.1","*"," 20.0",," 0.22","G","1022.0","17","999.9",,"000.8","24","  40.2","24"
"72429793812","CINCINNATI MUNICIPAL AIRPORT LUNKEN FIELD, OH US","39.106","-84.41609","144.8","2020-01-19","  14.7","24","001000",," 28.9",,"  53.1"," ","  17.1"," "," 22.9",," 0.50","G","1023.1","14","999.9",,"003.9","24","  24.7","24"
"72429793812","CINCINNATI MUNICIPAL AIRPORT LUNKEN FIELD, OH US","39.106","-84.41609","144.8","2020-01-20","  10.9","24","001000",,"999.9",,"  32.0"," ","  16.0"," ","  9.9",," 0.00","G","1034.8","22","999.9",,"015.7","24","  20.8","24"
"72429793812","CINCINNATI MUNICIPAL AIRPORT LUNKEN FIELD, OH US","39.106","-84.41609","144.8","2020-01-21","  13.7","24","000000",,"999.9",,"  33.1"," ","  16.0"," ","  8.0",," 0.00","G","1037.2","24","999.9",,"018.2","24","  25.8","24"
"72429793812","CINCINNATI MUNICIPAL AIRPORT LUNKEN FIELD, OH US","39.106","-84.41609","144.8","2020-01-22","  15.6","24","000000",,"999.9",,"  41.0"," ","  14.0"," ","  6.0",," 0.00","G","1031.3","24","999.9",,"012.5","24","  24.7","24"
"72429793812","CINCINNATI MUNICIPAL AIRPORT LUNKEN FIELD, OH US","39.106","-84.41609","144.8","2020-01-23","  23.2","24","010000",,"999.9",,"  48.9"," ","  14.0"," ","  4.1",," 0.00","G","1023.7","24","999.9",,"005.1","24","  34.5","24"
"72429793812","CINCINNATI MUNICIPAL AIRPORT LUNKEN FIELD, OH US","39.106","-84.41609","144.8","2020-01-24","  40.2","24","010000",,"999.9",,"  50.0"," ","  26.1"," ","  8.9",," 0.31","G","1014.8","19","999.9",,"995.9","24","  42.1","24"
"72429793812","CINCINNATI MUNICIPAL AIRPORT LUNKEN FIELD, OH US","39.106","-84.41609","144.8","2020-01-25","  35.8","24","010000",," 21.0",,"  43.0","*","  35.6","*"," 14.0",," 0.31","G","1013.8","14","999.9",,"995.7","24","  38.5","24"
"72429793812","CINCINNATI MUNICIPAL AIRPORT LUNKEN FIELD, OH US","39.106","-84.41609","144.8","2020-01-26","  29.7","24","000000",," 18.1",,"  44.1"," ","  32.0"," "," 13.0",," 0.01","G","1016.4","22","999.9",,"998.1","24","  35.6","24"
"72429793812","CINCINNATI MUNICIPAL AIRPORT LUNKEN FIELD, OH US","39.106","-84.41609","144.8","2020-01-27","  28.3","24","100000",,"999.9",,"  39.0","*","  24.1","*","  8.0",," 0.00","G","1014.4","19","999.9",,"995.7","24","  31.8","24"
"72429793812","CINCINNATI MUNICIPAL AIRPORT LUNKEN FIELD, OH US","39.106","-84.41609","144.8","2020-01-28","  28.6","24","000000",,"999.9",,"  39.9"," ","  24.1"," ","  7.0",," 0.00","G","1019.1","23","999.9",,"000.7","24","  34.9","24"
"72429793812","CINCINNATI MUNICIPAL AIRPORT LUNKEN FIELD, OH US","39.106","-84.41609","144.8","2020-01-29","  27.6","24","000000",,"999.9",,"  36.0"," ","  33.1"," ","  7.0",," 0.00","G","1021.2","20","999.9",,"002.8","24","  34.8","24"
"72429793812","CINCINNATI MUNICIPAL AIRPORT LUNKEN FIELD, OH US","39.106","-84.41609","144.8","2020-01-30","  26.2","24","000000",,"999.9",,"  39.9"," ","  33.1"," ","  5.1",," 0.00","G","1022.9","24","999.9",,"004.4","24","  35.2","24"
"72429793812","CINCINNATI MUNICIPAL AIRPORT LUNKEN FIELD, OH US","39.106","-84.41609","144.8","2020-01-31","  29.3","24","011000",,"999.9",,"  39.9"," ","  33.1"," ","  5.1",," 0.00","G","1022.5","20","999.9",,"004.0","24","  35.3","24"
"72429793812","CINCINNATI MUNICIPAL AIRPORT LUNKEN FIELD, OH US","39.106","-84.41609","144.8","2020-02-01","  34.6","24","010000",,"999.9",,"  44.1"," ","  33.1"," ","  8.9",," 0.08","G","1016.6","19","999.9",,"998.7","24","  38.4","24"
"72429793812","CINCINNATI MUNICIPAL AIRPORT LUNKEN FIELD, OH US","39.106","-84.41609","144.8","2020-02-02","  32.1","24","000000",," 25.1",,"  64.9"," ","  33.1"," "," 19.0",," 0.00","G","1007.9","22","999.9",,"990.3","24","  45.7","24"
"72429793812","CINCINNATI MUNICIPAL AIRPORT LUNKEN FIELD, OH US","39.106","-84.41609","144.8","2020-02-03","  36.5","24","000000",,"999.9",,"  64.9"," ","  32.0"," "," 12.0",," 0.00","G","1010.0","24","999.9",,"992.1","24","  49.5","24"
"72429793812","CINCINNATI MUNICIPAL AIRPORT LUNKEN FIELD, OH US","39.106","-84.41609","144.8","2020-02-04","  47.2","24","010000",," 25.1",,"  66.0"," ","  32.0"," "," 20.0",," 0.01","G","1009.4","19","999.9",,"991.7","24","  57.7","24"
"72429793812","CINCINNATI MUNICIPAL AIRPORT LUNKEN FIELD, OH US","39.106","-84.41609","144.8","2020-02-05","  30.1","24","010000",," 22.0",,"  39.9","*","  33.1","*"," 15.9",," 0.37","G","1015.0","19","999.9",,"996.8","24","  36.2","24"
"72429793812","CINCINNATI MUNICIPAL AIRPORT LUNKEN FIELD, OH US","39.106","-84.41609","144.8","2020-02-06","  32.8","24","010000",,"999.9",,"  39.0"," ","  32.0"," ","  9.9",," 0.37","G","1000.9","19","999.9",,"983.8","24","  34.7","24"
"72429793812","CINCINNATI MUNICIPAL AIRPORT LUNKEN FIELD, OH US","39.106","-84.41609","144.8","2020-02-07","  25.0","24","001000",," 18.1",,"  36.0"," ","  28.0"," "," 12.0",," 0.00","G","1006.3","10","999.9",,"985.2","24","  30.8","24"
"72429793812","CINCINNATI MUNICIPAL AIRPORT LUNKEN FIELD, OH US","39.106","-84.41609","144.8","2020-02-08","  27.0","24","001000",,"999.9",,"  37.4","*","  28.0","*","  8.9",," 0.03","G","1020.4","20","999.9",,"002.0","24","  31.6","24"
"72429793812","CINCINNATI MUNICIPAL AIRPORT LUNKEN FIELD, OH US","39.106","-84.41609","144.8","2020-02-09","  27.9","24","001000",,"999.9",,"  42.1"," ","  23.0"," ","  8.9",," 0.04","G","1027.4","20","999.9",,"008.7","24","  32.6","24"
"72429793812","CINCINNATI MUNICIPAL AIRPORT LUNKEN FIELD, OH US","39.106","-84.41609","144.8","2020-02-10","  41.7","24","010000",," 21.0",,"  50.0","*","  41.0","*"," 15.0",," 0.15","G","1017.6","19","999.9",,"999.5","24","  45.3","24"
"72429793812","CINCINNATI MUNICIPAL AIRPORT LUNKEN FIELD, OH US","39.106","-84.41609","144.8","2020-02-11","  33.4","24","010000",,"999.9",,"  50.0"," ","  34.0"," ","  9.9",," 0.12","G","1019.6","17","999.9",,"001.3","24","  38.2","24"
"72429793812","CINCINNATI MUNICIPAL AIRPORT LUNKEN FIELD, OH US","39.106","-84.41609","144.8","2020-02-12","  29.7","24","010000",,"999.9",,"  43.0"," ","  28.0"," "," 11.1",," 0.01","G","1021.7","21","999.9",,"002.2","24","  34.4","24"
"72429793812","CINCINNATI MUNICIPAL AIRPORT LUNKEN FIELD, OH US","39.106","-84.41609","144.8","2020-02-13","  32.6","24","011000",," 22.0",,"  39.9"," ","  28.0"," "," 15.9",," 1.12","G","1013.0","15","999.9",,"993.2","24","  36.0","24"
"72429793812","CINCINNATI MUNICIPAL AIRPORT LUNKEN FIELD, OH US","39.106","-84.41609","144.8","2020-02-14","   9.7","24","001000",," 21.0",,"  39.9"," ","  14.0"," "," 14.0",," 0.01","G","1033.0","22","999.9",,"014.0","24","  20.7","24"
"72429793812","CINCINNATI MUNICIPAL AIRPORT LUNKEN FIELD, OH US","39.106","-84.41609","144.8","2020-02-15","  13.0","24","000000",,"999.9",,"  46.9"," ","  12.9"," "," 17.1",," 0.00","G","1031.2","24","999.9",,"012.3","24","  25.9","24"
"72429793812","CINCINNATI MUNICIPAL AIRPORT LUNKEN FIELD, OH US","39.106","-84.41609","144.8","2020-02-16","  26.8","24","000000",,"999.9",,"  48.9","*","  35.1","*","  5.1",," 0.00","G","1021.0","24","999.9",,"002.6","24","  40.2","24"
"72429793812","CINCINNATI MUNICIPAL AIRPORT LUNKEN FIELD, OH US","39.106","-84.41609","144.8","2020-02-17","  29.8","24","100000",,"999.9",,"  53.1"," ","  26.1"," ","  9.9",," 0.00","G","1020.6","22","999.9",,"002.2","24","  37.1","24"
"72429793812","CINCINNATI MUNICIPAL AIRPORT LUNKEN FIELD, OH US","39.106","-84.41609","144.8","2020-02-18","  42.4","24","010000",,"999.9",,"  55.0","*","  42.1","*"," 12.0",," 0.00","G","1016.1","21","999.9",,"998.3","24","  49.2","24"
"72429793812","CINCINNATI MUNICIPAL AIRPORT LUNKEN FIELD, OH US","39.106","-84.41609","144.8","2020-02-19","  25.2","24","100000",,"999.9",,"  55.9"," ","  26.1"," ","  8.9",," 0.12","G","1031.0","21","999.9",,"012.6","24","  36.1","24"
"72429793812","CINCINNATI MUNICIPAL AIRPORT LUNKEN FIELD, OH US","39.106","-84.41609","144.8","2020-02-20","  18.9","24","000000",," 17.1",,"  46.0"," ","  26.1"," "," 14.0",," 0.00","G","1034.6","24","999.9",,"015.8","24","  31.3","24"
"72429793812","CINCINNATI MUNICIPAL AIRPORT LUNKEN FIELD, OH US","39.106","-84.41609","144.8","2020-02-21","  11.3","24","000000",,"999.9",,"  39.0"," ","  17.1"," "," 13.0",," 0.00","G","1037.9","24","999.9",,"019.0","24","  25.9","24"
"72429793812","CINCINNATI MUNICIPAL AIRPORT LUNKEN FIELD, OH US","39.106","-84.41609","144.8","2020-02-22","  15.9","24","000000",,"999.9",,"  51.1"," ","  17.1"," "," 11.1",," 0.00","G","1031.0","24","999.9",,"012.3","24","  31.9","24"
"72429793812","CINCINNATI MUNICIPAL AIRPORT LUNKEN FIELD, OH US","39.106","-84.41609","144.8","2020-02-23","  22.3","24","000000",,"999.9",,"  55.0"," ","  18.0"," "," 11.1",," 0.00","G","1022.7","24","999.9",,"004.2","24","  35.6","24"
"72429793812","CINCINNATI MUNICIPAL AIRPORT LUNKEN FIELD, OH US","39.106","-84.41609","144.8","2020-02-24","  33.7","24","010000",,"999.9",,"  55.0"," ","  21.9"," ","  8.0",," 0.00","G","1015.6","19","999.9",,"997.2","24","  38.5","24"
"72429793812","CINCINNATI MUNICIPAL AIRPORT LUNKEN FIELD, OH US","39.106","-84.41609","144.8","2020-02-25","  43.6","24","010000",,"999.9",,"  48.0"," ","  28.9"," ","  6.0",," 0.59","G","1006.8","15","999.9",,"989.2","24","  44.9","24"
"72429793812","CINCINNATI MUNICIPAL AIRPORT LUNKEN FIELD, OH US","39.106","-84.41609","144.8","2020-02-26","  37.9","24","011000",," 28.0",,"  48.0"," ","  33.1"," "," 17.1",," 0.08","G","1011.5","14","999.9",,"993.5","24","  39.7","24"
"72429793812","CINCINNATI MUNICIPAL AIRPORT LUNKEN FIELD, OH US","39.106","-84.41609","144.8","2020-02-27","  19.0","24","001000",," 25.1",,"  42.1"," ","  26.1"," "," 15.9",," 0.21","G","1019.2","23","999.9",,"000.7","24","  30.8","24"
"72429793812","CINCINNATI MUNICIPAL AIRPORT LUNKEN FIELD, OH US","39.106","-84.41609","144.8","2020-02-28","  22.6","24","001000",," 22.0",,"  39.0"," ","  26.1"," "," 15.0",," 0.00","G","1017.9","20","999.9",,"999.3","24","  33.0","24"
"72429793812","CINCINNATI MUNICIPAL AIRPORT LUNKEN FIELD, OH US","39.106","-84.41609","144.8","2020-02-29","  15.9","24","001000",," 15.0",,"  39.0"," ","  21.0"," "," 12.0",," 0.00","G","1023.1","22","999.9",,"004.0","24","  29.2","24"
"72429793812","CINCINNATI MUNICIPAL AIRPORT LUNKEN FIELD, OH US","39.106","-84.41609","144.8","2020-03-01","  23.0","24","000000",,"999.9",,"  64.9"," ","  19.0"," "," 15.0",," 0.00","G","1021.4","24","999.9",,"002.9","24","  36.6","24"
"72429793812","CINCINNATI MUNICIPAL AIRPORT LUNKEN FIELD, OH US","39.106","-84.41609","144.8","2020-03-02","  42.8","24","010000",," 21.0",,"  57.9","*","  50.0","*"," 15.0",," 0.00","G","1011.1","20","999.9",,"992.7","24","  54.1","24"
"72429793812","CINCINNATI MUNICIPAL AIRPORT LUNKEN FIELD, OH US","39.106","-84.41609","144.8","2020-03-03","  46.4","24","110000",," 33.0",,"  60.1"," ","  48.9"," "," 21.0",," 0.42","G","1005.2","14","999.9",,"986.9","24","  53.2","24"
"72429793812","CINCINNATI MUNICIPAL AIRPORT LUNKEN FIELD, OH US","39.106","-84.41609","144.8","2020-03-04","  29.8","24","000000",," 26.0",,"  64.9"," ","  30.0"," "," 17.1",," 0.02","G","1013.0","24","999.9",,"995.0","24","  47.8","24"
"72429793812","CINCINNATI MUNICIPAL AIRPORT LUNKEN FIELD, OH US","39.106","-84.41609","144.8","2020-03-05","  26.4","24","000000",," 18.1",,"  64.9"," ","  25.0"," "," 11.1",," 0.00","G","1018.8","24","999.9",,"000.6","24","  43.0","24"
"72429793812","CINCINNATI MUNICIPAL AIRPORT LUNKEN FIELD, OH US","39.106","-84.41609","144.8","2020-03-06","  29.0","24","010000",," 31.1",,"  60.1"," ","  25.0"," "," 15.0",," 0.00","G","1019.0","23","999.9",,"001.2","24","  41.8","24"
"72429793812","CINCINNATI MUNICIPAL AIRPORT LUNKEN FIELD, OH US","39.106","-84.41609","144.8","2020-03-07","  22.3","24","000000",," 20.0",,"  51.1"," ","  32.0"," "," 14.0",," 0.01","G","1033.4","23","999.9",,"014.8","24","  39.6","24"
"72429793812","CINCINNATI MUNICIPAL AIRPORT LUNKEN FIELD, OH US","39.106","-84.41609","144.8","2020-03-08","  25.6","24","000000",,"999.9",,"  66.9"," ","  25.0"," "," 14.0",," 0.00","G","1031.2","24","999.9",,"012.7","24","  43.0","24"
"72429793812","CINCINNATI MUNICIPAL AIRPORT LUNKEN FIELD, OH US","39.106","-84.41609","144.8","2020-03-09","  33.1","24","000000",," 22.9",,"  68.0"," ","  25.0"," "," 17.1",," 0.00","G","1026.8","24","999.9",,"008.6","24","  51.8","24"
"72429793812","CINCINNATI MUNICIPAL AIRPORT LUNKEN FIELD, OH US","39.106","-84.41609","144.8","2020-03-10","  48.4","24","010000",," 26.0",,"  62.1","*","  50.0","*"," 18.1",," 0.27","G","1019.9","20","999.9",,"001.6","24","  56.8","24"
"72429793812","CINCINNATI MUNICIPAL AIRPORT LUNKEN FIELD, OH US","39.106","-84.41609","144.8","2020-03-11","  42.2","24","000000",,"999.9",,"  61.0"," ","  44.1"," ","  9.9",," 0.08","G","1019.9","18","999.9",,"001.9","24","  47.8","24"
"72429793812","CINCINNATI MUNICIPAL AIRPORT LUNKEN FIELD, OH US","39.106","-84.41609","144.8","2020-03-12","  44.7","24","110000",,"999.9",,"  66.0"," ","  34.0"," ","  8.9",," 0.00","G","1013.1","22","999.9",,"995.3","24","  50.5","24"
"72429793812","CINCINNATI MUNICIPAL AIRPORT LUNKEN FIELD, OH US","39.106","-84.41609","144.8","2020-03-13","  40.1","24","010000",," 26.0",,"  62.1","*","  46.0","*"," 19.0",," 0.32","G","1020.0","17","999.9",,"998.6","24","  54.0","24"
"72429793812","CINCINNATI MUNICIPAL AIRPORT LUNKEN FIELD, OH US","39.106","-84.41609","144.8","2020-03-14","  31.3","24","010000",,"999.9",,"  48.0","*","  35.1","*"," 13.0",," 0.02","G","1030.1","23","999.9",,"011.6","24","  39.6","24"
"72429793812","CINCINNATI MUNICIPAL AIRPORT LUNKEN FIELD, OH US","39.106","-84.41609","144.8","2020-03-15","  31.7","24","000000",," 17.1",,"  46.9"," ","  33.1"," "," 13.0",," 0.29","G","1032.7","21","999.9",,"013.8","24","  38.5","24"
"72429793812","CINCINNATI MUNICIPAL AIRPORT LUNKEN FIELD, OH US","39.106","-84.41609","144.8","2020-03-16","  33.4","24","000000",,"999.9",,"  50.0"," ","  35.1"," ","  8.0",," 0.00","G","1028.5","23","999.9",,"009.9","24","  43.2","24"
"72429793812","CINCINNATI MUNICIPAL AIRPORT LUNKEN FIELD, OH US","39.106","-84.41609","144.8","2020-03-17","  37.9","24","010000",,"999.9",,"  54.0"," ","  39.0"," ","  8.9",," 0.00","G","1024.2","21","999.9",,"005.7","24","  46.3","24"
"72429793812","CINCINNATI MUNICIPAL AIRPORT LUNKEN FIELD, OH US","39.106","-84.41609","144.8","2020-03-18","  40.5","24","110010",,"999.9",,"  59.0"," ","  30.9"," ","  8.0",," 0.00","G","1025.9","16","999.9",,"005.3","24","  42.7","24"
"72429793812","CINCINNATI MUNICIPAL AIRPORT LUNKEN FIELD, OH US","39.106","-84.41609","144.8","2020-03-19","  57.8","24","010000",," 15.9",,"  66.2","*","  53.6","*"," 11.1",," 0.99","G","1018.7"," 9","999.9",,"000.5","24","  59.7","24"
"72429793812","CINCINNATI MUNICIPAL AIRPORT LUNKEN FIELD, OH US","39.106","-84.41609","144.8","2020-03-20","  58.3","24","010000",," 27.0",,"  75.0"," ","  46.9"," "," 22.0",," 1.17","G","1015.4","21","999.9",,"997.5","24","  65.5","24"
"72429793812","CINCINNATI MUNICIPAL AIRPORT LUNKEN FIELD, OH US","39.106","-84.41609","144.8","2020-03-21","  28.3","24","000000",," 20.0",,"  45.0","*","  35.1","*"," 15.9",," 0.09","G","1030.5","20","999.9",,"012.3","24","  38.4","24"
"72429793812","CINCINNATI MUNICIPAL AIRPORT LUNKEN FIELD, OH US","39.106","-84.41609","144.8","2020-03-22","  27.7","24","010000",,"999.9",,"  45.0"," ","  28.9"," ","  9.9",," 0.00","G","1031.3","24","999.9",,"012.7","24","  37.0","24"
"72429793812","CINCINNATI MUNICIPAL AIRPORT LUNKEN FIELD, OH US","39.106","-84.41609","144.8","2020-03-23","  39.4","24","010000",,"999.9",,"  57.0"," ","  28.9"," ","  8.9",," 0.04","G","1021.4","15","999.9",,"002.4","24","  46.8","24"
"72429793812","CINCINNATI MUNICIPAL AIRPORT LUNKEN FIELD, OH US","39.106","-84.41609","144.8","2020-03-24","  37.7","24","010000",,"999.9",,"  57.0"," ","  33.1"," ","  9.9",," 0.03","A","1019.1","20","999.9",,"001.3","24","  44.5","24"
"72429793812","CINCINNATI MUNICIPAL AIRPORT LUNKEN FIELD, OH US","39.106","-84.41609","144.8","2020-03-25","  39.9","24","010000",,"999.9",,"  66.0"," ","  33.1"," ","  8.9",," 0.12","G","1013.9","23","999.9",,"995.9","24","  50.4","24"
"72429793812","CINCINNATI MUNICIPAL AIRPORT LUNKEN FIELD, OH US","39.106","-84.41609","144.8","2020-03-26","  46.0","24","110000",," 20.0",,"  70.0"," ","  37.0"," "," 15.0",," 0.00","G","1012.1","23","999.9",,"994.2","24","  53.2","24"
"72429793812","CINCINNATI MUNICIPAL AIRPORT LUNKEN FIELD, OH US","39.106","-84.41609","144.8","2020-03-27","  55.9","24","010000",,"999.9",,"  72.0","*","  54.0","*","  9.9",," 0.06","G","1009.3","20","999.9",,"991.8","24","  61.0","24"
"72429793812","CINCINNATI MUNICIPAL AIRPORT LUNKEN FIELD, OH US","39.106","-84.41609","144.8","2020-03-28","  60.3","24","100000",," 20.0",,"  81.0"," ","  53.1"," "," 14.0",," 0.11","G","1008.4","17","999.9",,"990.6","24","  66.5","24"
"72429793812","CINCINNATI MUNICIPAL AIRPORT LUNKEN FIELD, OH US","39.106","-84.41609","144.8","2020-03-29","  52.0","24","010010",," 33.0",,"  81.0"," ","  53.1"," "," 25.1",," 0.45","G","1008.0","22","999.9",,"990.5","24","  67.0","24"
"72429793812","CINCINNATI MUNICIPAL AIRPORT LUNKEN FIELD, OH US","39.106","-84.41609","144.8","2020-03-30","  33.6","24","000000",," 29.9",,"  68.0"," ","  48.9"," "," 22.0",," 0.00","G","1018.2","24","999.9",,"000.2","24","  55.9","24"
"72429793812","CINCINNATI MUNICIPAL AIRPORT LUNKEN FIELD, OH US","39.106","-84.41609","144.8","2020-03-31","  35.4","24","000000",,"999.9",,"  61.0"," ","  41.0"," ","  8.0",," 0.00","G","1015.6","23","999.9",,"997.5","24","  45.1","24"
"72429793812","CINCINNATI MUNICIPAL AIRPORT LUNKEN FIELD, OH US","39.106","-84.41609","144.8","2020-04-01","  37.7","24","000000",,"999.9",,"  54.0"," ","  41.0"," ","  9.9",," 0.00","G","1015.4","17","999.9",,"997.0","24","  46.8","24"
"72429793812","CINCINNATI MUNICIPAL AIRPORT LUNKEN FIELD, OH US","39.106","-84.41609","144.8","2020-04-02","  37.4","24","100000",,"999.9",,"  61.0","*","  33.8","*","  7.0",," 0.00","G","1020.5","22","999.9",,"002.3","24","  48.8","24"
"72429793812","CINCINNATI MUNICIPAL AIRPORT LUNKEN FIELD, OH US","39.106","-84.41609","144.8","2020-04-03","  37.8","24","000000",,"999.9",,"  69.1"," ","  34.0"," ","  6.0",," 0.00","G","1019.0","23","999.9",,"000.9","24","  51.0","24"
"72429793812","CINCINNATI MUNICIPAL AIRPORT LUNKEN FIELD, OH US","39.106","-84.41609","144.8","2020-04-04","  43.6","24","000000",,"999.9",,"  73.0"," ","  34.0"," ","  8.9",," 0.00","G","1016.6","23","999.9",,"998.6","24","  54.8","24"
"72429793812","CINCINNATI MUNICIPAL AIRPORT LUNKEN FIELD, OH US","39.106","-84.41609","144.8","2020-04-05","  48.4","24","010000",,"999.9",,"  73.0"," ","  39.9"," ","  8.9",," 0.02","G","1018.3","21","999.9",,"000.4","24","  55.7","24"
"72429793812","CINCINNATI MUNICIPAL AIRPORT LUNKEN FIELD, OH US","39.106","-84.41609","144.8","2020-04-06","  47.1","24","000000",,"999.9",,"  69.1"," ","  45.0"," ","  8.0",," 0.05","G","1019.5","21","999.9",,"001.5","24","  55.3","24"
"72429793812","CINCINNATI MUNICIPAL AIRPORT LUNKEN FIELD, OH US","39.106","-84.41609","144.8","2020-04-07","  54.1","24","100000",," 21.0",,"  79.0"," ","  45.0"," "," 14.0",," 0.00","G","1012.2","22","999.9",,"994.5","24","  62.0","24"
"72429793812","CINCINNATI MUNICIPAL AIRPORT LUNKEN FIELD, OH US","39.106","-84.41609","144.8","2020-04-08","  57.8","24","000000",," 24.1",,"  81.0","*","  68.0","*"," 13.0",," 0.00","G","1004.8","22","999.9",,"987.4","24","  73.2","24"
"72429793812","CINCINNATI MUNICIPAL AIRPORT LUNKEN FIELD, OH US","39.106","-84.41609","144.8","2020-04-09","  35.2","20","010010",," 46.0",,"  82.0"," ","  46.9"," "," 22.9",," 0.57","G","1006.1","18","999.9",,"987.6","24","  55.2","24"
"72429793812","CINCINNATI MUNICIPAL AIRPORT LUNKEN FIELD, OH US","39.106","-84.41609","144.8","2020-04-10","  28.3","24","011000",," 35.9",,"  57.9"," ","  35.1"," "," 21.0",," 0.06","G","1015.5","22","999.9",,"997.1","24","  42.0","24"
"72429793812","CINCINNATI MUNICIPAL AIRPORT LUNKEN FIELD, OH US","39.106","-84.41609","144.8","2020-04-11","  31.4","24","000000",," 17.1",,"  64.0"," ","  33.1"," "," 12.0",," 0.00","G","1016.8","24","999.9",,"998.6","24","  46.9","24"
"72429793812","CINCINNATI MUNICIPAL AIRPORT LUNKEN FIELD, OH US","39.106","-84.41609","144.8","2020-04-12","  43.6","24","010000",," 21.0",,"  64.0"," ","  33.1"," "," 15.0",," 0.03","G","1010.7","23","999.9",,"992.6","24","  53.9","24"
"72429793812","CINCINNATI MUNICIPAL AIRPORT LUNKEN FIELD, OH US","39.106","-84.41609","144.8","2020-04-13","  46.7","24","010010",," 34.0",,"  60.1"," ","  43.0"," "," 24.1",," 0.87","G","1007.7","16","999.9",,"986.3","24","  52.3","24"
"72429793812","CINCINNATI MUNICIPAL AIRPORT LUNKEN FIELD, OH US","39.106","-84.41609","144.8","2020-04-14","  23.3","24","000000",," 19.0",,"  60.1"," ","  37.0"," "," 11.1",," 0.36","G","1022.9","24","999.9",,"004.6","24","  42.6","24"
"72429793812","CINCINNATI MUNICIPAL AIRPORT LUNKEN FIELD, OH US","39.106","-84.41609","144.8","2020-04-15","  25.0","24","000000",," 31.1",,"  55.9"," ","  26.1"," "," 18.1",," 0.00","G","1019.8","24","999.9",,"001.5","24","  39.2","24"
"72429793812","CINCINNATI MUNICIPAL AIRPORT LUNKEN FIELD, OH US","39.106","-84.41609","144.8","2020-04-16","  23.8","24","000000",," 24.1",,"  55.9"," ","  25.0"," "," 15.0",," 0.00","G","1025.6","24","999.9",,"007.2","24","  39.8","24"
"72429793812","CINCINNATI MUNICIPAL AIRPORT LUNKEN FIELD, OH US","39.106","-84.41609","144.8","2020-04-17","  36.4","24","010000",," 22.9",,"  54.0","*","  43.0","*"," 15.0",," 0.00","G","1020.5","22","999.9",,"001.7","24","  47.4","24"
"72429793812","CINCINNATI MUNICIPAL AIRPORT LUNKEN FIELD, OH US","39.106","-84.41609","144.8","2020-04-18","  33.7","24","010000",," 22.0",,"  55.0"," ","  37.0"," "," 14.0",," 0.28","G","1017.5","21","999.9",,"999.2","24","  45.1","24"
"72429793812","CINCINNATI MUNICIPAL AIRPORT LUNKEN FIELD, OH US","39.106","-84.41609","144.8","2020-04-19","  37.1","24","010000",,"999.9",,"  60.1"," ","  33.1"," ","  8.0",," 0.00","G","1012.4","24","999.9",,"994.3","24","  46.5","24"
"72429793812","CINCINNATI MUNICIPAL AIRPORT LUNKEN FIELD, OH US","39.106","-84.41609","144.8","2020-04-20","  36.0","24","100000",," 17.1",,"  66.0"," ","  33.1"," "," 14.0",," 0.00","G","1008.0","20","999.9",,"990.0","24","  50.3","24"
"72429793812","CINCINNATI MUNICIPAL AIRPORT LUNKEN FIELD, OH US","39.106","-84.41609","144.8","2020-04-21","  32.0","24","010000",," 28.9",,"  57.9","*","  51.1","*"," 18.1",," 0.00","G","1008.6","24","999.9",,"990.8","24","  54.5","24"
"72429793812","CINCINNATI MUNICIPAL AIRPORT LUNKEN FIELD, OH US","39.106","-84.41609","144.8","2020-04-22","  30.7","24","000000",," 19.0",,"  70.0"," ","  28.9"," "," 14.0",," 0.00","G","1017.0","24","999.9",,"999.0","24","  48.4","24"
"72429793812","CINCINNATI MUNICIPAL AIRPORT LUNKEN FIELD, OH US","39.106","-84.41609","144.8","2020-04-23","  48.5","24","010000",,"999.9",,"  59.0","*","  48.9","*","  6.0",," 0.00","G","1009.9","19","999.9",,"991.3","24","  53.2","24"
"72429793812","CINCINNATI MUNICIPAL AIRPORT LUNKEN FIELD, OH US","39.106","-84.41609","144.8","2020-04-24","  50.7","24","010000",,"999.9",,"  68.0"," ","  48.0"," "," 11.1",," 0.51","G","1008.5","14","999.9",,"989.3","24","  58.0","24"
"72429793812","CINCINNATI MUNICIPAL AIRPORT LUNKEN FIELD, OH US","39.106","-84.41609","144.8","2020-04-25","  48.9","24","110000",," 20.0",,"  66.9","*","  42.8","*"," 14.0",," 0.05","G","1010.0","17","999.9",,"992.8","24","  54.6","24"
"72429793812","CINCINNATI MUNICIPAL AIRPORT LUNKEN FIELD, OH US","39.106","-84.41609","144.8","2020-04-26","  47.6","24","010000",," 25.1",,"  68.0"," ","  43.0"," "," 15.9",," 0.41","G","1009.3","19","999.9",,"991.4","24","  51.2","24"
"72429793812","CINCINNATI MUNICIPAL AIRPORT LUNKEN FIELD, OH US","39.106","-84.41609","144.8","2020-04-27","  38.7","24","100000",," 17.1",,"  66.0"," ","  37.0"," "," 12.0",," 0.18","G","1021.7","22","999.9",,"003.6","24","  49.4","24"
"72429793812","CINCINNATI MUNICIPAL AIRPORT LUNKEN FIELD, OH US","39.106","-84.41609","144.8","2020-04-28","  47.3","24","010000",," 21.0",,"  75.9","*","  53.1","*"," 14.0",," 0.01","G","1015.9","24","999.9",,"998.0","24","  62.5","24"
"72429793812","CINCINNATI MUNICIPAL AIRPORT LUNKEN FIELD, OH US","39.106","-84.41609","144.8","2020-04-29","  51.0","24","010000",," 28.0",,"  77.0"," ","  53.1"," "," 15.9",," 0.00","G","1005.3","21","999.9",,"987.7","24","  62.3","24"
"72429793812","CINCINNATI MUNICIPAL AIRPORT LUNKEN FIELD, OH US","39.106","-84.41609","144.8","2020-04-30","  45.1","24","010000",," 22.0",,"  54.0","*","  46.0","*"," 15.0",," 0.32","G","1005.8","17","999.9",,"987.7","24","  50.5","24"
"72429793812","CINCINNATI MUNICIPAL AIRPORT LUNKEN FIELD, OH US","39.106","-84.41609","144.8","2020-05-01","  41.2","24","010000",," 14.0",,"  69.1"," ","  46.0"," "," 12.0",," 0.02","G","1014.3","23","999.9",,"996.5","24","  54.1","24"
"72429793812","CINCINNATI MUNICIPAL AIRPORT LUNKEN FIELD, OH US","39.106","-84.41609","144.8","2020-05-02","  50.7","24","010000",," 22.0",,"  82.9"," ","  46.9"," "," 15.9",," 0.00","G","1016.4","24","999.9",,"998.5","24","  63.7","24"
"72429793812","CINCINNATI MUNICIPAL AIRPORT LUNKEN FIELD, OH US","39.106","-84.41609","144.8","2020-05-03","  60.7","24","010010",,"999.9",,"  82.9"," ","  48.9"," ","  8.9",," 0.13","G","1012.1","16","999.9",,"994.6","24","  64.8","24"
"72429793812","CINCINNATI MUNICIPAL AIRPORT LUNKEN FIELD, OH US","39.106","-84.41609","144.8","2020-05-04","  46.5","24","110010",," 15.9",,"  71.1"," ","  43.0"," "," 11.1",," 0.49","G","1015.9","20","999.9",,"997.8","24","  57.3","24"
"72429793812","CINCINNATI MUNICIPAL AIRPORT LUNKEN FIELD, OH US","39.106","-84.41609","144.8","2020-05-05","  40.2","24","010000",," 20.0",,"  71.1"," ","  43.0"," "," 15.0",," 0.14","G","1012.3","22","999.9",,"994.3","24","  52.1","24"
"72429793812","CINCINNATI MUNICIPAL AIRPORT LUNKEN FIELD, OH US","39.106","-84.41609","144.8","2020-05-06","  33.6","24","010000",," 20.0",,"  62.1"," ","  42.1"," "," 14.0",," 0.02","G","1015.3","21","999.9",,"997.1","24","  50.2","24"
"72429793812","CINCINNATI MUNICIPAL AIRPORT LUNKEN FIELD, OH US","39.106","-84.41609","144.8","2020-05-07","  35.3","24","000000",," 22.9",,"  69.1"," ","  35.1"," "," 15.9",," 0.00","G","1016.9","24","999.9",,"998.8","24","  52.5","24"
"72429793812","CINCINNATI MUNICIPAL AIRPORT LUNKEN FIELD, OH US","39.106","-84.41609","144.8","2020-05-08","  41.6","24","010000",," 22.9",,"  69.1"," ","  35.1"," "," 15.0",," 0.03","G","1012.3","21","999.9",,"994.1","24","  52.4","24"
"72429793812","CINCINNATI MUNICIPAL AIRPORT LUNKEN FIELD, OH US","39.106","-84.41609","144.8","2020-05-09","  21.1","24","000000",," 21.0",,"  57.0"," ","  27.0"," "," 15.0",," 0.42","G","1022.8","24","999.9",,"004.4","24","  42.6","24"
"72429793812","CINCINNATI MUNICIPAL AIRPORT LUNKEN FIELD, OH US","39.106","-84.41609","144.8","2020-05-10","  36.7","24","010010",," 36.9",,"  66.0"," ","  27.0"," "," 28.0",," 0.00","G","1020.5","22","999.9",,"001.8","24","  48.4","24"
"72429793812","CINCINNATI MUNICIPAL AIRPORT LUNKEN FIELD, OH US","39.106","-84.41609","144.8","2020-05-11","  32.2","24","000000",," 28.0",,"  66.0"," ","  36.0"," "," 17.1",," 0.02","G","1021.6","21","999.9",,"003.5","24","  45.5","24"
"72429793812","CINCINNATI MUNICIPAL AIRPORT LUNKEN FIELD, OH US","39.106","-84.41609","144.8","2020-05-12","  35.3","24","000000",,"999.9",,"  62.1"," ","  35.1"," "," 11.1",," 0.00","G","1024.5","23","999.9",,"006.3","24","  49.0","24"
"72429793812","CINCINNATI MUNICIPAL AIRPORT LUNKEN FIELD, OH US","39.106","-84.41609","144.8","2020-05-13","  40.2","24","000000",," 15.9",,"  62.1"," ","  35.1"," ","  8.9",," 0.00","G","1025.5","23","999.9",,"007.1","24","  48.7","24"
"72429793812","CINCINNATI MUNICIPAL AIRPORT LUNKEN FIELD, OH US","39.106","-84.41609","144.8","2020-05-14","  54.5","24","010000",," 28.9",,"  81.0","*","  53.1","*"," 15.9",," 0.00","G","1019.6","21","999.9",,"001.7","24","  63.8","24"
"72429793812","CINCINNATI MUNICIPAL AIRPORT LUNKEN FIELD, OH US","39.106","-84.41609","144.8","2020-05-15","  58.7","24","010000",," 28.0",,"  81.0"," ","  53.1"," "," 21.0",," 0.01","G","1014.6","24","999.9",,"997.0","24","  68.0","24"
"72429793812","CINCINNATI MUNICIPAL AIRPORT LUNKEN FIELD, OH US","39.106","-84.41609","144.8","2020-05-16","  62.4","24","110000",,"999.9",,"  81.0"," ","  55.9"," "," 11.1",," 0.08","G","1016.5","15","999.9",,"998.7","24","  67.2","24"
"72429793812","CINCINNATI MUNICIPAL AIRPORT LUNKEN FIELD, OH US","39.106","-84.41609","144.8","2020-05-17","  63.5","24","110000",," 20.0",,"  82.0"," ","  55.9"," "," 12.0",," 0.07","G","1013.7","21","999.9",,"996.0","24","  69.7","24"
"72429793812","CINCINNATI MUNICIPAL AIRPORT LUNKEN FIELD, OH US","39.106","-84.41609","144.8","2020-05-18","  64.2","24","110010",," 22.0",,"  82.0"," ","  57.9"," "," 15.0",," 0.11","G","1008.0","14","999.9",,"990.7","24","  65.9","24"
"72429793812","CINCINNATI MUNICIPAL AIRPORT LUNKEN FIELD, OH US","39.106","-84.41609","144.8","2020-05-19","  60.7","24","010000",," 17.1",,"  72.0"," ","  59.0"," "," 15.0",," 1.95","G","1009.8"," 7","999.9",,"990.9","24","  61.9","24"
"72429793812","CINCINNATI MUNICIPAL AIRPORT LUNKEN FIELD, OH US","39.106","-84.41609","144.8","2020-05-20","  50.8","24","010000",," 18.1",,"  66.0"," ","  52.0"," "," 12.0",," 0.72","G","1017.3","20","999.9",,"999.4","24","  55.9","24"
"72429793812","CINCINNATI MUNICIPAL AIRPORT LUNKEN FIELD, OH US","39.106","-84.41609","144.8","2020-05-21","  54.0","24","010000",,"999.9",,"  63.0"," ","  52.0"," ","  8.0",," 0.08","G","1018.8","19","999.9",,"000.8","24","  58.1","24"
"72429793812","CINCINNATI MUNICIPAL AIRPORT LUNKEN FIELD, OH US","39.106","-84.41609","144.8","2020-05-22","  58.0","24","100000",,"999.9",,"  78.1"," ","  54.0"," ","  6.0",," 0.16","G","1016.6","16","999.9",,"999.1","24","  64.4","24"
"72429793812","CINCINNATI MUNICIPAL AIRPORT LUNKEN FIELD, OH US","39.106","-84.41609","144.8","2020-05-23","  62.6","24","010010",," 28.0",,"  82.9"," ","  54.0"," "," 12.0",," 0.00","G","1015.7","22","999.9",,"997.9","24","  67.9","24"
"72429793812","CINCINNATI MUNICIPAL AIRPORT LUNKEN FIELD, OH US","39.106","-84.41609","144.8","2020-05-24","  66.2","24","110010",," 24.1",,"  87.1"," ","  57.0"," "," 18.1",," 1.56","G","1015.9","17","999.9",,"998.3","24","  71.6","24"
"72429793812","CINCINNATI MUNICIPAL AIRPORT LUNKEN FIELD, OH US","39.106","-84.41609","144.8","2020-05-25","  66.5","24","110010",,"999.9",,"  84.9","*","  60.8","*","  9.9",," 0.11","G","1016.8","16","999.9",,"999.1","24","  71.4","24"
"72429793812","CINCINNATI MUNICIPAL AIRPORT LUNKEN FIELD, OH US","39.106","-84.41609","144.8","2020-05-26","  67.1","24","100000",,"999.9",,"  88.0"," ","  61.0"," ","  6.0",," 0.05","G","1016.4","17","999.9",,"999.2","24","  73.9","24"
"72429793812","CINCINNATI MUNICIPAL AIRPORT LUNKEN FIELD, OH US","39.106","-84.41609","144.8","2020-05-27","  67.6","24","010010",,"999.9",,"  88.0"," ","  64.0"," ","  8.0",," 0.02","G","1015.4","22","999.9",,"997.9","24","  74.4","24"
"72429793812","CINCINNATI MUNICIPAL AIRPORT LUNKEN FIELD, OH US","39.106","-84.41609","144.8","2020-05-28","  66.5","24","010000",," 19.0",,"  84.0"," ","  68.0"," "," 13.0",," 0.42","G","1013.6","20","999.9",,"996.0","24","  73.9","24"
"72429793812","CINCINNATI MUNICIPAL AIRPORT LUNKEN FIELD, OH US","39.106","-84.41609","144.8","2020-05-29","  63.7","24","010010",," 31.1",,"  82.9"," ","  64.0"," "," 17.1",," 0.03","G","1013.6","23","999.9",,"996.0","24","  71.3","24"
"72429793812","CINCINNATI MUNICIPAL AIRPORT LUNKEN FIELD, OH US","39.106","-84.41609","144.8","2020-05-30","  53.7","24","100000",," 15.0",,"  80.1"," ","  54.0"," "," 11.1",," 0.42","G","1018.8","20","999.9",,"000.9","24","  65.0","24"
"72429793812","CINCINNATI MUNICIPAL AIRPORT LUNKEN FIELD, OH US","39.106","-84.41609","144.8","2020-05-31","  46.5","24","000000",," 15.9",,"  75.0"," ","  48.0"," "," 12.0",," 0.00","G","1023.8","24","999.9",,"005.8","24","  62.0","24"
"72429793812","CINCINNATI MUNICIPAL AIRPORT LUNKEN FIELD, OH US","39.106","-84.41609","144.8","2020-06-01","  46.1","24","000000",,"999.9",,"  75.9"," ","  45.0"," ","  7.0",," 0.00","G","1025.5","24","999.9",,"007.5","24","  60.6","24"
"72429793812","CINCINNATI MUNICIPAL AIRPORT LUNKEN FIELD, OH US","39.106","-84.41609","144.8","2020-06-02","  54.9","24","010000",," 21.0",,"  88.0"," ","  45.0"," "," 15.9",," 0.00","G","1017.9","24","999.9",,"000.1","24","  71.7","24"
"72429793812","CINCINNATI MUNICIPAL AIRPORT LUNKEN FIELD, OH US","39.106","-84.41609","144.8","2020-06-03","  61.7","24","000000",," 20.0",,"  88.0"," ","  54.0"," "," 15.9",," 0.00","G","1012.0","24","999.9",,"994.6","24","  78.4","24"
"72429793812","CINCINNATI MUNICIPAL AIRPORT LUNKEN FIELD, OH US","39.106","-84.41609","144.8","2020-06-04","  67.2","24","000000",," 34.0",,"  88.0"," ","  64.9"," "," 22.9",," 0.00","G","1009.8","22","999.9",,"992.3","24","  75.2","24"
"72429793812","CINCINNATI MUNICIPAL AIRPORT LUNKEN FIELD, OH US","39.106","-84.41609","144.8","2020-06-05","  68.3","24","010000",,"999.9",,"  89.1"," ","  66.0"," ","  7.0",," 0.06","G","1011.2","15","999.9",,"993.6","24","  76.6","24"
"72429793812","CINCINNATI MUNICIPAL AIRPORT LUNKEN FIELD, OH US","39.106","-84.41609","144.8","2020-06-06","  67.0","24","100000",," 14.0",,"  91.9"," ","  66.0"," ","  7.0",," 0.01","G","1013.7","23","999.9",,"996.2","24","  79.5","24"
"72429793812","CINCINNATI MUNICIPAL AIRPORT LUNKEN FIELD, OH US","39.106","-84.41609","144.8","2020-06-07","  54.1","24","000000",," 18.1",,"  91.9"," ","  59.0"," "," 11.1",," 0.00","G","1016.3","24","999.9",,"998.8","24","  74.9","24"
"72429793812","CINCINNATI MUNICIPAL AIRPORT LUNKEN FIELD, OH US","39.106","-84.41609","144.8","2020-06-08","  55.8","24","000000",," 15.9",,"  88.0"," ","  55.9"," ","  8.9",," 0.00","G","1015.7","24","999.9",,"998.1","24","  71.4","24"
"72429793812","CINCINNATI MUNICIPAL AIRPORT LUNKEN FIELD, OH US","39.106","-84.41609","144.8","2020-06-09","  66.3","24","010000",," 31.1",,"  88.0"," ","  55.9"," "," 22.0",," 0.00","G","1010.9","23","999.9",,"993.3","24","  74.2","24"
"72429793812","CINCINNATI MUNICIPAL AIRPORT LUNKEN FIELD, OH US","39.106","-84.41609","144.8","2020-06-10","  71.0","24","010000",," 34.0",,"  90.0"," ","  61.0"," "," 22.9",," 0.16","G","1006.5","24","999.9",,"989.1","24","  81.2","24"
"72429793812","CINCINNATI MUNICIPAL AIRPORT LUNKEN FIELD, OH US","39.106","-84.41609","144.8","2020-06-11","  54.5","24","000000",," 28.0",,"  90.0"," ","  62.1"," "," 15.9",," 0.10","G","1017.2","24","999.9",,"999.6","24","  73.5","24"
"72429793812","CINCINNATI MUNICIPAL AIRPORT LUNKEN FIELD, OH US","39.106","-84.41609","144.8","2020-06-12","  52.0","24","000000",,"999.9",,"  86.0"," ","  54.0"," "," 12.0",," 0.00","G","1023.3","24","999.9",,"005.5","24","  70.1","24"
"72429793812","CINCINNATI MUNICIPAL AIRPORT LUNKEN FIELD, OH US","39.106","-84.41609","144.8","2020-06-13","  55.2","24","000000",," 20.0",,"  86.0"," ","  53.1"," "," 14.0",," 0.00","G","1022.0","24","999.9",,"004.2","24","  65.1","24"
"72429793812","CINCINNATI MUNICIPAL AIRPORT LUNKEN FIELD, OH US","39.106","-84.41609","144.8","2020-06-14","  50.8","24","010000",," 17.1",,"  77.0"," ","  53.1"," "," 11.1",," 0.00","G","1023.8","24","999.9",,"005.9","24","  63.0","24"
"72429793812","CINCINNATI MUNICIPAL AIRPORT LUNKEN FIELD, OH US","39.106","-84.41609","144.8","2020-06-15","  52.4","24","000000",," 15.0",,"  79.0"," ","  50.0"," ","  8.9",," 0.13","G","1025.2","24","999.9",,"007.2","24","  63.9","24"
"72429793812","CINCINNATI MUNICIPAL AIRPORT LUNKEN FIELD, OH US","39.106","-84.41609","144.8","2020-06-16","  55.3","24","000000",,"999.9",,"  81.0"," ","  50.0"," "," 11.1",," 0.00","G","1025.5","22","999.9",,"007.7","24","  67.9","24"
"72429793812","CINCINNATI MUNICIPAL AIRPORT LUNKEN FIELD, OH US","39.106","-84.41609","144.8","2020-06-17","  55.8","24","000000",,"999.9",,"  82.9"," ","  54.0"," "," 13.0",," 0.00","G","1021.5","24","999.9",,"003.7","24","  70.0","24"
"72429793812","CINCINNATI MUNICIPAL AIRPORT LUNKEN FIELD, OH US","39.106","-84.41609","144.8","2020-06-18","  59.6","24","010010",," 17.1",,"  82.9"," ","  55.9"," "," 11.1",," 0.00","G","1017.9","22","999.9",,"000.1","24","  68.0","24"
"72429793812","CINCINNATI MUNICIPAL AIRPORT LUNKEN FIELD, OH US","39.106","-84.41609","144.8","2020-06-19","  63.0","24","100000",,"999.9",,"  89.1"," ","  57.0"," ","  7.0",," 0.31","G","1016.7","19","999.9",,"999.1","24","  73.7","24"
"72429793812","CINCINNATI MUNICIPAL AIRPORT LUNKEN FIELD, OH US","39.106","-84.41609","144.8","2020-06-20","  63.7","24","000000",,"999.9",,"  91.0"," ","  61.0"," ","  8.9",," 0.00","G","1015.9","22","999.9",,"998.5","24","  76.3","24"
"72429793812","CINCINNATI MUNICIPAL AIRPORT LUNKEN FIELD, OH US","39.106","-84.41609","144.8","2020-06-21","  66.2","24","110000",," 29.9",,"  91.0"," ","  61.0"," "," 17.1",," 0.00","G","1013.5","22","999.9",,"996.0","24","  74.7","24"
"72429793812","CINCINNATI MUNICIPAL AIRPORT LUNKEN FIELD, OH US","39.106","-84.41609","144.8","2020-06-22","  67.8","24","010000",,"999.9",,"  90.0"," ","  64.0"," ","  8.9",," 0.61","G","1012.2","15","999.9",,"995.1","24","  75.1","24"
"72429793812","CINCINNATI MUNICIPAL AIRPORT LUNKEN FIELD, OH US","39.106","-84.41609","144.8","2020-06-23","  65.3","24","010000",," 22.0",,"  80.1","*","  69.8","*"," 15.9",," 0.60","G","1007.4","20","999.9",,"990.1","24","  74.7","24"
"72429793812","CINCINNATI MUNICIPAL AIRPORT LUNKEN FIELD, OH US","39.106","-84.41609","144.8","2020-06-24","  56.5","24","000000",," 17.1",,"  82.0"," ","  60.1"," "," 12.0",," 0.10","G","1011.4","24","999.9",,"993.8","24","  70.7","24"
"72429793812","CINCINNATI MUNICIPAL AIRPORT LUNKEN FIELD, OH US","39.106","-84.41609","144.8","2020-06-25","  57.5","24","100000",," 15.9",,"  84.9"," ","  57.0"," "," 11.1",," 0.00","G","1015.0","21","999.9",,"997.3","24","  70.7","24"
"72429793812","CINCINNATI MUNICIPAL AIRPORT LUNKEN FIELD, OH US","39.106","-84.41609","144.8","2020-06-26","  63.7","24","010000",," 19.0",,"  84.9"," ","  57.0"," "," 15.0",," 0.00","G","1017.3","21","999.9",,"999.7","24","  72.0","24"
"72429793812","CINCINNATI MUNICIPAL AIRPORT LUNKEN FIELD, OH US","39.106","-84.41609","144.8","2020-06-27","  68.3","24","010000",,"999.9",,"  84.9"," ","  59.0"," "," 13.0",," 0.67","G","1013.1","22","999.9",,"995.5","24","  76.0","24"
"72429793812","CINCINNATI MUNICIPAL AIRPORT LUNKEN FIELD, OH US","39.106","-84.41609","144.8","2020-06-28","  69.1","24","110000",,"999.9",,"  82.9"," ","  66.9"," ","  9.9",," 1.41","G","1010.5","14","999.9",,"993.2","24","  74.2","24"
"72429793812","CINCINNATI MUNICIPAL AIRPORT LUNKEN FIELD, OH US","39.106","-84.41609","144.8","2020-06-29","  71.5","24","100000",,"999.9",,"  88.0"," ","  66.9"," ","  5.1",," 0.11","G","1012.6","13","999.9",,"995.5","24","  76.9","24"
"72429793812","CINCINNATI MUNICIPAL AIRPORT LUNKEN FIELD, OH US","39.106","-84.41609","144.8","2020-06-30","  70.6","24","010010",,"999.9",,"  88.0"," ","  68.0"," ","  9.9",," 0.48","G","1013.6","21","999.9",,"996.1","24","  76.2","24"
"72429793812","CINCINNATI MUNICIPAL AIRPORT LUNKEN FIELD, OH US","39.106","-84.41609","144.8","2020-07-01","  69.5","24","100000",,"999.9",,"  91.0"," ","  68.0"," ","  8.0",," 0.25","G","1012.2","20","999.9",,"994.8","24","  77.9","24"
"72429793812","CINCINNATI MUNICIPAL AIRPORT LUNKEN FIELD, OH US","39.106","-84.41609","144.8","2020-07-02","  65.9","24","000000",,"999.9",,"  91.0"," ","  64.9"," ","  8.0",," 0.00","G","1014.5","23","999.9",,"997.0","24","  77.8","24"
"72429793812","CINCINNATI MUNICIPAL AIRPORT LUNKEN FIELD, OH US","39.106","-84.41609","144.8","2020-07-03","  65.4","24","000000",,"999.9",,"  91.9"," ","  63.0"," ","  5.1",," 0.00","G","1015.5","23","999.9",,"998.0","24","  77.5","24"
"72429793812","CINCINNATI MUNICIPAL AIRPORT LUNKEN FIELD, OH US","39.106","-84.41609","144.8","2020-07-04","  67.6","24","100000",,"999.9",,"  93.0"," ","  63.0"," ","  8.0",," 0.00","G","1014.4","22","999.9",,"996.9","24","  78.8","24"
"72429793812","CINCINNATI MUNICIPAL AIRPORT LUNKEN FIELD, OH US","39.106","-84.41609","144.8","2020-07-05","  68.0","24","100000",,"999.9",,"  93.9"," ","  64.0"," ","  5.1",," 0.00","G","1014.0","22","999.9",,"996.6","24","  79.7","24"
"72429793812","CINCINNATI MUNICIPAL AIRPORT LUNKEN FIELD, OH US","39.106","-84.41609","144.8","2020-07-06","  70.1","24","110010",," 32.1",,"  93.9"," ","  64.9"," "," 20.0",," 0.00","G","1015.0","20","999.9",,"997.6","24","  78.4","24"
"72429793812","CINCINNATI MUNICIPAL AIRPORT LUNKEN FIELD, OH US","39.106","-84.41609","144.8","2020-07-07","  69.9","24","010010",,"999.9",,"  91.9"," ","  68.0"," "," 12.0",," 2.32","G","1015.7","19","999.9",,"998.0","24","  77.3","24"
"72429793812","CINCINNATI MUNICIPAL AIRPORT LUNKEN FIELD, OH US","39.106","-84.41609","144.8","2020-07-08","  70.2","24","000000",,"999.9",,"  93.0"," ","  68.0"," ","  6.0",," 0.00","G","1014.0","23","999.9",,"996.4","24","  79.8","24"
"72429793812","CINCINNATI MUNICIPAL AIRPORT LUNKEN FIELD, OH US","39.106","-84.41609","144.8","2020-07-09","  71.9","24","010010",,"999.9",,"  93.0"," ","  69.1"," "," 11.1",," 0.00","G","1012.4","18","999.9",,"995.0","24","  79.2","24"
"72429793812","CINCINNATI MUNICIPAL AIRPORT LUNKEN FIELD, OH US","39.106","-84.41609","144.8","2020-07-10","  70.5","24","110010",," 24.1",,"  93.0"," ","  70.0"," "," 19.0",," 0.00","G","1010.4","20","999.9",,"993.0","24","  78.4","24"
"72429793812","CINCINNATI MUNICIPAL AIRPORT LUNKEN FIELD, OH US","39.106","-84.41609","144.8","2020-07-11","  63.4","24","010010",," 32.1",,"  89.1"," ","  68.0"," "," 20.0",," 0.20","G","1011.5","22","999.9",,"994.1","24","  79.6","24"
"72429793812","CINCINNATI MUNICIPAL AIRPORT LUNKEN FIELD, OH US","39.106","-84.41609","144.8","2020-07-12","  63.8","24","000000",," 27.0",,"  88.0"," ","  64.9"," "," 14.0",," 0.11","G","1010.1","22","999.9",,"992.6","24","  72.5","24"
"72429793812","CINCINNATI MUNICIPAL AIRPORT LUNKEN FIELD, OH US","39.106","-84.41609","144.8","2020-07-13","  62.3","24","100000",,"999.9",,"  86.0"," ","  61.0"," ","  8.9",," 0.00","G","1013.0","23","999.9",,"995.4","24","  72.5","24"
"72429793812","CINCINNATI MUNICIPAL AIRPORT LUNKEN FIELD, OH US","39.106","-84.41609","144.8","2020-07-14","  63.4","24","000000",,"999.9",,"  89.1"," ","  61.0"," ","  7.0",," 0.00","G","1016.3","24","999.9",,"998.7","24","  75.3","24"
"72429793812","CINCINNATI MUNICIPAL AIRPORT LUNKEN FIELD, OH US","39.106","-84.41609","144.8","2020-07-15","  65.2","24","100000",,"999.9",,"  89.1"," ","  62.1"," ","  7.0",," 0.00","G","1017.3","22","999.9",,"999.8","24","  76.8","24"
"72429793812","CINCINNATI MUNICIPAL AIRPORT LUNKEN FIELD, OH US","39.106","-84.41609","144.8","2020-07-16","  69.6","24","000000",," 20.0",,"  89.1"," ","  62.1"," "," 15.0",," 0.00","G","1015.2","22","999.9",,"997.7","24","  79.6","24"
"72429793812","CINCINNATI MUNICIPAL AIRPORT LUNKEN FIELD, OH US","39.106","-84.41609","144.8","2020-07-17","  67.2","24","100000",,"999.9",,"  88.0"," ","  66.0"," ","  7.0",," 0.00","G","1020.3","21","999.9",,"002.7","24","  77.5","24"
"72429793812","CINCINNATI MUNICIPAL AIRPORT LUNKEN FIELD, OH US","39.106","-84.41609","144.8","2020-07-18","  70.1","24","000000",,"999.9",,"  91.9"," ","  66.0"," ","  9.9",," 0.00","G","1018.6","22","999.9",,"001.0","24","  79.3","24"
"72429793812","CINCINNATI MUNICIPAL AIRPORT LUNKEN FIELD, OH US","39.106","-84.41609","144.8","2020-07-19","  71.9","24","110010",," 44.1",,"  93.9"," ","  66.9"," "," 32.1",," 0.00","G","1015.1","21","999.9",,"997.6","24","  81.6","24"
"72429793812","CINCINNATI MUNICIPAL AIRPORT LUNKEN FIELD, OH US","39.106","-84.41609","144.8","2020-07-20","  69.9","24","000000",,"999.9",,"  93.9"," ","  71.1"," ","  7.0",," 1.22","G","1015.2","24","999.9",,"997.8","24","  80.0","24"
"72429793812","CINCINNATI MUNICIPAL AIRPORT LUNKEN FIELD, OH US","39.106","-84.41609","144.8","2020-07-21","  70.8","24","000000",,"999.9",,"  91.0"," ","  71.1"," ","  8.0",," 0.00","G","1016.1","24","999.9",,"998.6","24","  79.7","24"
"72429793812","CINCINNATI MUNICIPAL AIRPORT LUNKEN FIELD, OH US","39.106","-84.41609","144.8","2020-07-22","  70.9","24","110010",," 31.1",,"  91.0"," ","  69.1"," "," 18.1",," 0.24","G","1016.5","16","999.9",,"999.3","24","  74.9","24"
"72429793812","CINCINNATI MUNICIPAL AIRPORT LUNKEN FIELD, OH US","39.106","-84.41609","144.8","2020-07-23","  71.8","24","010010",," 24.1",,"  84.0"," ","  69.1"," "," 18.1",," 1.05","G","1017.5","19","999.9",,"000.1","24","  76.7","24"
"72429793812","CINCINNATI MUNICIPAL AIRPORT LUNKEN FIELD, OH US","39.106","-84.41609","144.8","2020-07-24","  69.0","24","110010",," 24.1",,"  88.0"," ","  69.1"," "," 15.0",," 1.50","G","1019.3","16","999.9",,"001.6","24","  77.2","24"
"72429793812","CINCINNATI MUNICIPAL AIRPORT LUNKEN FIELD, OH US","39.106","-84.41609","144.8","2020-07-25","  66.9","24","100000",,"999.9",,"  91.0"," ","  66.0"," ","  8.9",," 0.00","G","1019.4","21","999.9",,"001.8","24","  76.9","24"
"72429793812","CINCINNATI MUNICIPAL AIRPORT LUNKEN FIELD, OH US","39.106","-84.41609","144.8","2020-07-26","  69.1","24","000000",,"999.9",,"  93.0"," ","  66.0"," ","  7.0",," 0.00","G","1018.7","24","999.9",,"001.1","24","  79.0","24"
"72429793812","CINCINNATI MUNICIPAL AIRPORT LUNKEN FIELD, OH US","39.106","-84.41609","144.8","2020-07-27","  72.4","24","010010",," 42.0",,"  93.0"," ","  66.9"," "," 29.9",," 0.00","G","1015.3","22","999.9",,"997.7","24","  79.9","24"
"72429793812","CINCINNATI MUNICIPAL AIRPORT LUNKEN FIELD, OH US","39.106","-84.41609","144.8","2020-07-28","  66.6","24","000000",," 14.0",,"  90.0"," ","  71.1"," ","  8.0",," 0.01","G","1014.3","21","999.9",,"996.8","24","  78.6","24"
"72429793812","CINCINNATI MUNICIPAL AIRPORT LUNKEN FIELD, OH US","39.106","-84.41609","144.8","2020-07-29","  65.4","24","000000",,"999.9",,"  91.0"," ","  64.0"," ","  7.0",," 0.00","G","1014.5","24","999.9",,"997.0","24","  76.2","24"
"72429793812","CINCINNATI MUNICIPAL AIRPORT LUNKEN FIELD, OH US","39.106","-84.41609","144.8","2020-07-30","  68.8","23","010000",,"999.9",,"  91.0"," ","  64.0"," "," 11.1",," 0.00","G","1012.3","21","999.9",,"995.3","15","  72.6","23"
"72429793812","CINCINNATI MUNICIPAL AIRPORT LUNKEN FIELD, OH US","39.106","-84.41609","144.8","2020-07-31","  68.1","24","010000",,"999.9",,"  82.9"," ","  69.1"," ","  8.0",," 1.67","G","1010.3","19","999.9",,"993.0","19","  74.4","24"
"72429793812","CINCINNATI MUNICIPAL AIRPORT LUNKEN FIELD, OH US","39.106","-84.41609","144.8","2020-08-01","  70.4","24","010000",," 22.0",,"  86.0"," ","  70.0"," "," 15.0",," 0.01","G","1009.8","17","999.9",,"992.3","24","  75.9","24"
"72429793812","CINCINNATI MUNICIPAL AIRPORT LUNKEN FIELD, OH US","39.106","-84.41609","144.8","2020-08-02","  66.0","24","010000",," 22.0",,"  86.0"," ","  66.0"," "," 15.0",," 0.64","G","1011.8","17","999.9",,"993.5","24","  73.0","24"
"72429793812","CINCINNATI MUNICIPAL AIRPORT LUNKEN FIELD, OH US","39.106","-84.41609","144.8","2020-08-03","  65.2","24","010010",," 20.0",,"  84.9"," ","  64.9"," "," 15.0",," 0.01","G","1015.1","21","999.9",,"997.4","24","  72.9","24"
"72429793812","CINCINNATI MUNICIPAL AIRPORT LUNKEN FIELD, OH US","39.106","-84.41609","144.8","2020-08-04","  62.9","24","010000",," 15.9",,"  84.9"," ","  63.0"," ","  8.9",," 0.07","G","1014.4","20","999.9",,"996.7","24","  69.8","24"
"72429793812","CINCINNATI MUNICIPAL AIRPORT LUNKEN FIELD, OH US","39.106","-84.41609","144.8","2020-08-05","  56.4","24","000000",,"999.9",,"  80.1"," ","  55.0"," ","  6.0",," 0.00","G","1018.9","23","999.9",,"001.1","24","  67.4","24"
"72429793812","CINCINNATI MUNICIPAL AIRPORT LUNKEN FIELD, OH US","39.106","-84.41609","144.8","2020-08-06","  58.4","24","000000",,"999.9",,"  81.0"," ","  55.0"," ","  6.0",," 0.00","G","1019.0","24","999.9",,"001.2","24","  67.7","24"
"72429793812","CINCINNATI MUNICIPAL AIRPORT LUNKEN FIELD, OH US","39.106","-84.41609","144.8","2020-08-07","  60.3","24","000000",,"999.9",,"  82.9"," ","  57.0"," ","  8.9",," 0.00","G","1019.6","24","999.9",,"001.8","24","  70.5","24"
"72429793812","CINCINNATI MUNICIPAL AIRPORT LUNKEN FIELD, OH US","39.106","-84.41609","144.8","2020-08-08","  60.6","24","000000",,"999.9",,"  84.9"," ","  59.0"," ","  6.0",," 0.00","G","1021.2","23","999.9",,"003.5","24","  71.4","24"
"72429793812","CINCINNATI MUNICIPAL AIRPORT LUNKEN FIELD, OH US","39.106","-84.41609","144.8","2020-08-09","  65.1","24","100000",,"999.9",,"  89.1"," ","  59.0"," ","  6.0",," 0.00","G","1020.2","22","999.9",,"002.5","24","  74.1","24"
"72429793812","CINCINNATI MUNICIPAL AIRPORT LUNKEN FIELD, OH US","39.106","-84.41609","144.8","2020-08-10","  68.7","24","110000",,"999.9",,"  89.1"," ","  62.1"," ","  8.9",," 0.00","G","1016.9","21","999.9",,"999.4","24","  74.7","24"
"72429793812","CINCINNATI MUNICIPAL AIRPORT LUNKEN FIELD, OH US","39.106","-84.41609","144.8","2020-08-11","  68.5","24","010010",," 29.9",,"  84.9"," ","  64.0"," "," 19.0",," 0.52","G","1014.6","16","999.9",,"997.3","24","  75.3","24"
"72429793812","CINCINNATI MUNICIPAL AIRPORT LUNKEN FIELD, OH US","39.106","-84.41609","144.8","2020-08-12","  69.7","24","100000",,"999.9",,"  88.0"," ","  66.9"," ","  5.1",," 0.01","G","1016.8","18","999.9",,"999.2","24","  76.3","24"
"72429793812","CINCINNATI MUNICIPAL AIRPORT LUNKEN FIELD, OH US","39.106","-84.41609","144.8","2020-08-13","  69.0","24","000000",,"999.9",,"  89.1"," ","  66.9"," ","  7.0",," 0.00","G","1016.9","24","999.9",,"999.4","24","  77.8","24"
"72429793812","CINCINNATI MUNICIPAL AIRPORT LUNKEN FIELD, OH US","39.106","-84.41609","144.8","2020-08-14","  69.3","24","010000",,"999.9",,"  89.1"," ","  66.9"," ","  4.1",," 0.00","G","1014.7","24","999.9",,"997.1","24","  74.8","24"
"72429793812","CINCINNATI MUNICIPAL AIRPORT LUNKEN FIELD, OH US","39.106","-84.41609","144.8","2020-08-15","  67.6","24","010010",," 17.1",,"  88.0"," ","  66.0"," ","  8.9",," 0.02","G","1013.0","22","999.9",,"995.4","24","  76.2","24"
"72429793812","CINCINNATI MUNICIPAL AIRPORT LUNKEN FIELD, OH US","39.106","-84.41609","144.8","2020-08-16","  67.3","24","110000",," 19.0",,"  88.0"," ","  66.0"," "," 13.0",," 0.06","G","1013.5","15","999.9",,"996.0","24","  75.4","24"
"72429793812","CINCINNATI MUNICIPAL AIRPORT LUNKEN FIELD, OH US","39.106","-84.41609","144.8","2020-08-17","  61.0","24","000000",," 15.9",,"  87.1"," ","  60.1"," ","  9.9",," 0.00","G","1015.8","24","999.9",,"998.1","24","  73.2","24"
"72429793812","CINCINNATI MUNICIPAL AIRPORT LUNKEN FIELD, OH US","39.106","-84.41609","144.8","2020-08-18","  64.1","24","010010",,"999.9",,"  87.1"," ","  60.1"," ","  8.9",," 0.00","G","1014.8","20","999.9",,"997.2","24","  69.0","24"
"72429793812","CINCINNATI MUNICIPAL AIRPORT LUNKEN FIELD, OH US","39.106","-84.41609","144.8","2020-08-19","  58.1","24","100000",," 15.9",,"  79.0"," ","  55.9"," "," 11.1",," 0.29","G","1016.5","22","999.9",,"998.7","24","  68.6","24"
"72429793812","CINCINNATI MUNICIPAL AIRPORT LUNKEN FIELD, OH US","39.106","-84.41609","144.8","2020-08-20","  56.3","24","100000",,"999.9",,"  82.0"," ","  53.1"," ","  9.9",," 0.00","G","1016.6","21","999.9",,"998.9","24","  67.4","24"
"72429793812","CINCINNATI MUNICIPAL AIRPORT LUNKEN FIELD, OH US","39.106","-84.41609","144.8","2020-08-21","  61.6","24","000000",,"999.9",,"  84.0"," ","  53.1"," ","  6.0",," 0.00","G","1014.3","24","999.9",,"996.7","24","  70.0","24"
"72429793812","CINCINNATI MUNICIPAL AIRPORT LUNKEN FIELD, OH US","39.106","-84.41609","144.8","2020-08-22","  67.8","24","010000",,"999.9",,"  84.0"," ","  60.1"," ","  5.1",," 0.00","G","1014.0","22","999.9",,"996.5","24","  73.2","24"
"72429793812","CINCINNATI MUNICIPAL AIRPORT LUNKEN FIELD, OH US","39.106","-84.41609","144.8","2020-08-23","  67.1","24","010000",,"999.9",,"  86.0"," ","  64.0"," "," 11.1",," 0.00","G","1016.5","18","999.9",,"998.8","24","  73.7","24"
"72429793812","CINCINNATI MUNICIPAL AIRPORT LUNKEN FIELD, OH US","39.106","-84.41609","144.8","2020-08-24","  67.7","24","100000",," 18.1",,"  88.0"," ","  64.0"," "," 12.0",," 0.02","G","1017.9","18","999.9",,"000.4","24","  76.1","24"
"72429793812","CINCINNATI MUNICIPAL AIRPORT LUNKEN FIELD, OH US","39.106","-84.41609","144.8","2020-08-25","  70.1","24","010010",," 27.0",,"  93.0"," ","  64.0"," "," 12.0",," 0.00","G","1017.5","21","999.9",,"999.9","24","  78.3","24"
"72429793812","CINCINNATI MUNICIPAL AIRPORT LUNKEN FIELD, OH US","39.106","-84.41609","144.8","2020-08-26","  71.0","24","100000",,"999.9",,"  93.0"," ","  66.9"," ","  8.9",," 0.21","G","1017.4","18","999.9",,"000.0","24","  77.9","24"
"72429793812","CINCINNATI MUNICIPAL AIRPORT LUNKEN FIELD, OH US","39.106","-84.41609","144.8","2020-08-27","  71.8","24","010010",," 26.0",,"  90.0"," ","  69.1"," "," 18.1",," 0.00","G","1015.1","23","999.9",,"997.6","24","  78.3","24"
"72429793812","CINCINNATI MUNICIPAL AIRPORT LUNKEN FIELD, OH US","39.106","-84.41609","144.8","2020-08-28","  73.2","24","010010",," 26.0",,"  87.1"," ","  72.0"," "," 18.1",," 0.00","G","1012.1","19","999.9",,"994.4","24","  78.1","24"
"72429793812","CINCINNATI MUNICIPAL AIRPORT LUNKEN FIELD, OH US","39.106","-84.41609","144.8","2020-08-29","  67.7","24","010000",," 17.1",,"  86.0","*","  69.8","*"," 11.1",," 0.22","G","1006.7","20","999.9",,"989.2","24","  76.3","24"
"72429793812","CINCINNATI MUNICIPAL AIRPORT LUNKEN FIELD, OH US","39.106","-84.41609","144.8","2020-08-30","  56.6","24","000000",,"999.9",,"  88.0"," ","  55.0"," ","  9.9",," 0.00","G","1011.7","23","999.9",,"994.2","24","  70.7","24"
"72429793812","CINCINNATI MUNICIPAL AIRPORT LUNKEN FIELD, OH US","39.106","-84.41609","144.8","2020-08-31","  63.4","24","010000",,"999.9",,"  81.0"," ","  55.0"," ","  8.0",," 0.00","G","1011.3","18","999.9",,"993.6","24","  69.7","24"
"72429793812","CINCINNATI MUNICIPAL AIRPORT LUNKEN FIELD, OH US","39.106","-84.41609","144.8","2020-09-01","  69.8","24","100000",,"999.9",,"  84.9"," ","  63.0"," ","  9.9",," 0.00","G","1012.5","16","999.9",,"995.3","24","  74.6","24"
"72429793812","CINCINNATI MUNICIPAL AIRPORT LUNKEN FIELD, OH US","39.106","-84.41609","144.8","2020-09-02","  71.0","24","010000",,"999.9",,"  84.9"," ","  66.0"," "," 11.1",," 0.75","G","1010.8","19","999.9",,"993.2","24","  76.7","24"
"72429793812","CINCINNATI MUNICIPAL AIRPORT LUNKEN FIELD, OH US","39.106","-84.41609","144.8","2020-09-03","  70.2","24","010000",," 21.0",,"  86.0"," ","  71.1"," "," 15.0",," 0.39","G","1010.4","19","999.9",,"992.9","24","  76.1","24"
"72429793812","CINCINNATI MUNICIPAL AIRPORT LUNKEN FIELD, OH US","39.106","-84.41609","144.8","2020-09-04","  59.0","24","000000",," 15.0",,"  86.0"," ","  64.9"," ","  9.9",," 0.15","G","1016.4","24","999.9",,"998.9","24","  74.5","24"
"72429793812","CINCINNATI MUNICIPAL AIRPORT LUNKEN FIELD, OH US","39.106","-84.41609","144.8","2020-09-05","  52.7","24","000000",,"999.9",,"  81.0"," ","  52.0"," ","  8.9",," 0.00","G","1024.6","24","999.9",,"006.8","24","  66.5","24"
"72429793812","CINCINNATI MUNICIPAL AIRPORT LUNKEN FIELD, OH US","39.106","-84.41609","144.8","2020-09-06","  59.6","24","000000",,"999.9",,"  82.0"," ","  52.0"," ","  8.9",," 0.00","G","1021.9","23","999.9",,"004.0","24","  67.7","24"
"72429793812","CINCINNATI MUNICIPAL AIRPORT LUNKEN FIELD, OH US","39.106","-84.41609","144.8","2020-09-07","  62.6","24","100000",," 21.0",,"  86.0"," ","  55.9"," "," 14.0",," 0.00","G","1014.2","22","999.9",,"996.6","24","  71.4","24"
"72429793812","CINCINNATI MUNICIPAL AIRPORT LUNKEN FIELD, OH US","39.106","-84.41609","144.8","2020-09-08","  65.6","24","100000",,"999.9",,"  87.1"," ","  57.0"," ","  8.0",," 0.00","G","1016.4","21","999.9",,"998.7","24","  74.0","24"
"72429793812","CINCINNATI MUNICIPAL AIRPORT LUNKEN FIELD, OH US","39.106","-84.41609","144.8","2020-09-09","  65.4","24","100000",,"999.9",,"  87.1","*","  60.8","*","  5.1",," 0.00","G","1020.8","18","999.9",,"002.9","24","  72.7","24"
"72429793812","CINCINNATI MUNICIPAL AIRPORT LUNKEN FIELD, OH US","39.106","-84.41609","144.8","2020-09-10","  66.5","24","000000",,"999.9",,"  90.0"," ","  61.0"," ","  8.9",," 0.00","G","1022.5","22","999.9",,"004.8","24","  75.0","24"
"72429793812","CINCINNATI MUNICIPAL AIRPORT LUNKEN FIELD, OH US","39.106","-84.41609","144.8","2020-09-11","  64.8","24","000000",,"999.9",,"  90.0"," ","  64.0"," "," 11.1",," 0.00","G","1023.1","23","999.9",,"005.4","24","  71.2","24"
"72429793812","CINCINNATI MUNICIPAL AIRPORT LUNKEN FIELD, OH US","39.106","-84.41609","144.8","2020-09-12","  64.5","24","000000",,"999.9",,"  84.0"," ","  60.1"," ","  7.0",," 0.00","G","1018.0","16","999.9",,"000.4","24","  70.0","24"
"72429793812","CINCINNATI MUNICIPAL AIRPORT LUNKEN FIELD, OH US","39.106","-84.41609","144.8","2020-09-13","  69.0","24","010000",," 17.1",,"  84.0"," ","  60.1"," ","  8.9",," 0.11","G","1016.1","18","999.9",,"998.4","24","  75.3","24"
"72429793812","CINCINNATI MUNICIPAL AIRPORT LUNKEN FIELD, OH US","39.106","-84.41609","144.8","2020-09-14","  60.3","24","100000",," 15.0",,"  82.0"," ","  57.9"," ","  9.9",," 0.00","G","1023.9","19","999.9",,"005.9","24","  68.1","24"
"72429793812","CINCINNATI MUNICIPAL AIRPORT LUNKEN FIELD, OH US","39.106","-84.41609","144.8","2020-09-15","  52.1","24","000000",,"999.9",,"  79.0"," ","  48.0"," ","  7.0",," 0.00","G","1025.4","23","999.9",,"007.5","24","  61.7","24"
"72429793812","CINCINNATI MUNICIPAL AIRPORT LUNKEN FIELD, OH US","39.106","-84.41609","144.8","2020-09-16","  54.0","24","100000",,"999.9",,"  80.1"," ","  48.0"," ","  5.1",," 0.00","G","1019.2","16","999.9",,"001.8","24","  60.6","24"
"72429793812","CINCINNATI MUNICIPAL AIRPORT LUNKEN FIELD, OH US","39.106","-84.41609","144.8","2020-09-17","  56.2","24","100000",,"999.9",,"  81.0"," ","  48.0"," "," 11.1",," 0.00","G","1016.0","19","999.9",,"998.4","24","  65.2","24"
"72429793812","CINCINNATI MUNICIPAL AIRPORT LUNKEN FIELD, OH US","39.106","-84.41609","144.8","2020-09-18","  47.1","24","000000",," 22.0",,"  81.0"," ","  54.0"," "," 14.0",," 0.00","G","1020.6","24","999.9",,"002.8","24","  62.6","24"
"72429793812","CINCINNATI MUNICIPAL AIRPORT LUNKEN FIELD, OH US","39.106","-84.41609","144.8","2020-09-19","  39.2","24","000000",," 17.1",,"  70.0"," ","  42.1"," "," 12.0",," 0.00","G","1026.7","24","999.9",,"008.5","24","  55.2","24"
"72429793812","CINCINNATI MUNICIPAL AIRPORT LUNKEN FIELD, OH US","39.106","-84.41609","144.8","2020-09-20","  39.8","24","000000",," 17.1",,"  73.0"," ","  39.0"," ","  9.9",," 0.00","G","1028.7","24","999.9",,"010.5","24","  54.7","24"
"72429793812","CINCINNATI MUNICIPAL AIRPORT LUNKEN FIELD, OH US","39.106","-84.41609","144.8","2020-09-21","  43.4","24","000000",,"999.9",,"  73.9"," ","  39.0"," ","  8.9",," 0.00","G","1029.6","23","999.9",,"011.4","24","  55.3","24"
"72429793812","CINCINNATI MUNICIPAL AIRPORT LUNKEN FIELD, OH US","39.106","-84.41609","144.8","2020-09-22","  46.9","24","100000",,"999.9",,"  75.0"," ","  41.0"," ","  4.1",," 0.00","G","1024.4","17","999.9",,"006.8","24","  56.2","24"
"72429793812","CINCINNATI MUNICIPAL AIRPORT LUNKEN FIELD, OH US","39.106","-84.41609","144.8","2020-09-23","  52.9","24","100000",,"999.9",,"  77.0"," ","  42.1"," ","  6.0",," 0.00","G","1019.4","20","999.9",,"001.6","24","  59.9","24"
"72429793812","CINCINNATI MUNICIPAL AIRPORT LUNKEN FIELD, OH US","39.106","-84.41609","144.8","2020-09-24","  57.0","24","000000",,"999.9",,"  77.0"," ","  48.9"," ","  5.1",," 0.00","G","1016.8","21","999.9",,"999.0","24","  64.6","24"
"72429793812","CINCINNATI MUNICIPAL AIRPORT LUNKEN FIELD, OH US","39.106","-84.41609","144.8","2020-09-25","  56.5","24","100000",,"999.9",,"  80.1"," ","  50.0"," ","  7.0",," 0.00","G","1015.7","18","999.9",,"997.9","24","  63.9","24"
"72429793812","CINCINNATI MUNICIPAL AIRPORT LUNKEN FIELD, OH US","39.106","-84.41609","144.8","2020-09-26","  61.6","24","100000",,"999.9",,"  80.1"," ","  50.0"," ","  9.9",," 0.00","G","1014.9","19","999.9",,"997.5","24","  67.1","24"
"72429793812","CINCINNATI MUNICIPAL AIRPORT LUNKEN FIELD, OH US","39.106","-84.41609","144.8","2020-09-27","  59.3","24","100000",," 18.1",,"  79.0"," ","  54.0"," "," 12.0",," 0.00","G","1011.6","16","999.9",,"994.4","24","  65.8","24"
"72429793812","CINCINNATI MUNICIPAL AIRPORT LUNKEN FIELD, OH US","39.106","-84.41609","144.8","2020-09-28","  59.7","24","110000",," 29.9",,"  79.0"," ","  54.0"," "," 19.0",," 0.00","G","1008.0","14","999.9",,"990.3","24","  63.3","24"
"72429793812","CINCINNATI MUNICIPAL AIRPORT LUNKEN FIELD, OH US","39.106","-84.41609","144.8","2020-09-29","  50.6","24","110010",," 15.0",,"  75.9"," ","  45.0"," "," 11.1",," 0.27","G","1012.6","18","999.9",,"994.8","24","  54.9","24"
"72429793812","CINCINNATI MUNICIPAL AIRPORT LUNKEN FIELD, OH US","39.106","-84.41609","144.8","2020-09-30","  47.4","24","000000",," 25.1",,"  75.9"," ","  44.1"," "," 19.0",," 0.06","G","1009.6","24","999.9",,"991.8","24","  58.2","24"
"72429793812","CINCINNATI MUNICIPAL AIRPORT LUNKEN FIELD, OH US","39.106","-84.41609","144.8","2020-10-01","  40.8","24","010000",," 22.9",,"  75.9"," ","  41.0"," "," 15.9",," 0.00","G","1015.2","21","999.9",,"997.4","24","  56.9","24"
"72429793812","CINCINNATI MUNICIPAL AIRPORT LUNKEN FIELD, OH US","39.106","-84.41609","144.8","2020-10-02","  40.4","24","000000",,"999.9",,"  70.0"," ","  39.0"," ","  8.0",," 0.00","G","1020.7","24","999.9",,"002.6","24","  52.9","24"
"72429793812","CINCINNATI MUNICIPAL AIRPORT LUNKEN FIELD, OH US","39.106","-84.41609","144.8","2020-10-03","  44.5","24","000000",,"999.9",,"  66.9"," ","  39.0"," ","  9.9",," 0.00","G","1022.6","23","999.9",,"004.5","24","  54.0","24"
"72429793812","CINCINNATI MUNICIPAL AIRPORT LUNKEN FIELD, OH US","39.106","-84.41609","144.8","2020-10-04","  49.2","24","010000",," 25.1",,"  69.1"," ","  42.1"," "," 13.0",," 0.00","G","1020.5","22","999.9",,"002.3","24","  55.3","24"
"72429793812","CINCINNATI MUNICIPAL AIRPORT LUNKEN FIELD, OH US","39.106","-84.41609","144.8","2020-10-05","  40.6","24","000000",,"999.9",,"  69.1"," ","  36.0"," ","  8.0",," 0.08","G","1024.5","21","999.9",,"006.3","24","  49.7","24"
"72429793812","CINCINNATI MUNICIPAL AIRPORT LUNKEN FIELD, OH US","39.106","-84.41609","144.8","2020-10-06","  42.2","24","100000",," 17.1",,"  73.0"," ","  36.0"," "," 13.0",," 0.01","G","1019.0","19","999.9",,"001.3","24","  52.2","24"
"72429793812","CINCINNATI MUNICIPAL AIRPORT LUNKEN FIELD, OH US","39.106","-84.41609","144.8","2020-10-07","  48.9","24","000000",," 21.0",,"  84.9"," ","  37.9"," "," 14.0",," 0.00","G","1014.3","24","999.9",,"996.5","24","  62.9","24"
"72429793812","CINCINNATI MUNICIPAL AIRPORT LUNKEN FIELD, OH US","39.106","-84.41609","144.8","2020-10-08","  46.7","24","000000",,"999.9",,"  84.9"," ","  44.1"," ","  5.1",," 0.00","G","1019.7","22","999.9",,"001.8","24","  59.4","24"
"72429793812","CINCINNATI MUNICIPAL AIRPORT LUNKEN FIELD, OH US","39.106","-84.41609","144.8","2020-10-09","  49.0","24","100000",,"999.9",,"  80.1"," ","  44.1"," ","  8.0",," 0.00","G","1019.8","24","999.9",,"001.8","24","  59.7","24"
"72429793812","CINCINNATI MUNICIPAL AIRPORT LUNKEN FIELD, OH US","39.106","-84.41609","144.8","2020-10-10","  61.0","24","000000",,"999.9",,"  80.1"," ","  44.1"," ","  8.9",," 0.00","G","1015.9","18","999.9",,"998.0","24","  66.6","24"
"72429793812","CINCINNATI MUNICIPAL AIRPORT LUNKEN FIELD, OH US","39.106","-84.41609","144.8","2020-10-11","  62.1","24","110000",,"999.9",,"  73.9"," ","  57.9"," "," 11.1",," 0.01","G","1013.2","20","999.9",,"995.6","24","  65.9","24"
"72429793812","CINCINNATI MUNICIPAL AIRPORT LUNKEN FIELD, OH US","39.106","-84.41609","144.8","2020-10-12","  62.5","24","000000",,"999.9",,"  75.9"," ","  59.0"," "," 12.0",," 0.01","G","1009.9","15","999.9",,"993.0","24","  68.5","24"
"72429793812","CINCINNATI MUNICIPAL AIRPORT LUNKEN FIELD, OH US","39.106","-84.41609","144.8","2020-10-13","  44.8","24","110000",," 28.9",,"  75.9"," ","  39.0"," "," 18.1",," 0.16","G","1018.9","17","999.9",,"000.3","24","  57.2","24"
"72429793812","CINCINNATI MUNICIPAL AIRPORT LUNKEN FIELD, OH US","39.106","-84.41609","144.8","2020-10-14","  44.0","24","100000",,"999.9",,"  78.1"," ","  39.0"," "," 13.0",," 0.00","G","1016.6","21","999.9",,"998.9","24","  56.0","24"
"72429793812","CINCINNATI MUNICIPAL AIRPORT LUNKEN FIELD, OH US","39.106","-84.41609","144.8","2020-10-15","  48.8","24","010000",," 20.0",,"  78.1"," ","  39.9"," "," 15.0",," 0.00","G","1012.5","24","999.9",,"994.7","24","  59.6","24"
"72429793812","CINCINNATI MUNICIPAL AIRPORT LUNKEN FIELD, OH US","39.106","-84.41609","144.8","2020-10-16","  32.7","24","000000",,"999.9",,"  64.9"," ","  36.0"," ","  8.0",," 0.07","G","1023.2","24","999.9",,"005.1","24","  49.6","24"
"72429793812","CINCINNATI MUNICIPAL AIRPORT LUNKEN FIELD, OH US","39.106","-84.41609","144.8","2020-10-17","  30.0","24","000000",,"999.9",,"  64.0"," ","  28.9"," ","  9.9",," 0.00","G","1025.9","24","999.9",,"007.6","24","  44.6","24"
"72429793812","CINCINNATI MUNICIPAL AIRPORT LUNKEN FIELD, OH US","39.106","-84.41609","144.8","2020-10-18","  39.7","24","010000",,"999.9",,"  64.0"," ","  28.9"," "," 11.1",," 0.00","G","1022.8","23","999.9",,"004.6","24","  50.0","24"
"72429793812","CINCINNATI MUNICIPAL AIRPORT LUNKEN FIELD, OH US","39.106","-84.41609","144.8","2020-10-19","  53.7","24","010000",,"999.9",,"  59.0","*","  53.1","*","  6.0",," 0.62","G","1021.9","12","999.9",,"003.2","24","  55.8","24"
"72429793812","CINCINNATI MUNICIPAL AIRPORT LUNKEN FIELD, OH US","39.106","-84.41609","144.8","2020-10-20","  51.9","24","010000",,"999.9",,"  59.0"," ","  50.0"," ","  8.0",," 1.00","G","1021.0","16","999.9",,"002.9","24","  53.5","24"
"72429793812","CINCINNATI MUNICIPAL AIRPORT LUNKEN FIELD, OH US","39.106","-84.41609","144.8","2020-10-21","  58.9","24","100000",,"999.9",,"  72.0"," ","  50.0"," ","  8.9",," 0.04","G","1021.4","18","999.9",,"003.1","24","  61.6","24"
"72429793812","CINCINNATI MUNICIPAL AIRPORT LUNKEN FIELD, OH US","39.106","-84.41609","144.8","2020-10-22","  58.7","24","100000",,"999.9",,"  82.0"," ","  53.1"," "," 12.0",," 0.04","G","1020.9","23","999.9",,"003.0","24","  63.8","24"
"72429793812","CINCINNATI MUNICIPAL AIRPORT LUNKEN FIELD, OH US","39.106","-84.41609","144.8","2020-10-23","  59.6","24","110010",," 18.1",,"  82.0"," ","  51.1"," "," 15.9",," 0.00","G","1016.5","17","999.9",,"999.0","24","  64.0","24"
"72429793812","CINCINNATI MUNICIPAL AIRPORT LUNKEN FIELD, OH US","39.106","-84.41609","144.8","2020-10-24","  42.0","24","010000",," 20.0",,"  79.0"," ","  44.1"," "," 15.0",," 0.08","G","1020.9","18","999.9",,"002.7","24","  51.1","24"
"72429793812","CINCINNATI MUNICIPAL AIRPORT LUNKEN FIELD, OH US","39.106","-84.41609","144.8","2020-10-25","  39.8","24","010000",,"999.9",,"  55.0"," ","  44.1"," ","  9.9",," 0.03","G","1019.5","20","999.9",,"001.4","24","  48.9","24"
"72429793812","CINCINNATI MUNICIPAL AIRPORT LUNKEN FIELD, OH US","39.106","-84.41609","144.8","2020-10-26","  45.4","24","000000",,"999.9",,"  55.0"," ","  45.0"," ","  8.0",," 0.01","G","1020.1","24","999.9",,"002.0","24","  50.8","24"
"72429793812","CINCINNATI MUNICIPAL AIRPORT LUNKEN FIELD, OH US","39.106","-84.41609","144.8","2020-10-27","  44.4","24","010000",,"999.9",,"  54.0"," ","  46.0"," ","  8.0",," 0.02","G","1024.0","19","999.9",,"006.0","24","  49.2","24"
"72429793812","CINCINNATI MUNICIPAL AIRPORT LUNKEN FIELD, OH US","39.106","-84.41609","144.8","2020-10-28","  48.0","24","000000",,"999.9",,"  55.9"," ","  46.0"," ","  6.0",," 0.01","G","1019.0","16","999.9",,"001.4","24","  51.7","24"
"72429793812","CINCINNATI MUNICIPAL AIRPORT LUNKEN FIELD, OH US","39.106","-84.41609","144.8","2020-10-29","  49.9","24","010000",," 15.9",,"  55.9"," ","  48.0"," "," 13.0",," 1.10","G","1007.7","12","999.9",,"989.3","24","  51.5","24"
"72429793812","CINCINNATI MUNICIPAL AIRPORT LUNKEN FIELD, OH US","39.106","-84.41609","144.8","2020-10-30","  37.6","24","010000",,"999.9",,"  54.0"," ","  44.1"," ","  9.9",," 0.97","G","1021.1","20","999.9",,"001.2","23","  46.7","24"
"72429793812","CINCINNATI MUNICIPAL AIRPORT LUNKEN FIELD, OH US","39.106","-84.41609","144.8","2020-10-31","  34.2","24","100000",,"999.9",,"  57.9"," ","  28.0"," ","  8.9",," 0.00","G","1027.2","16","999.9",,"009.5","24","  41.4","24"
"72429793812","CINCINNATI MUNICIPAL AIRPORT LUNKEN FIELD, OH US","39.106","-84.41609","144.8","2020-11-01","  33.8","24","000000",," 35.0",,"  57.9"," ","  28.0"," "," 26.0",," 0.00","G","1019.2","24","999.9",,"001.1","24","  48.6","24"
"72429793812","CINCINNATI MUNICIPAL AIRPORT LUNKEN FIELD, OH US","39.106","-84.41609","144.8","2020-11-02","  19.5","24","000000",," 15.9",,"  55.0"," ","  28.0"," ","  9.9",," 0.00","G","1028.8","24","999.9",,"010.3","24","  38.9","24"
"72429793812","CINCINNATI MUNICIPAL AIRPORT LUNKEN FIELD, OH US","39.106","-84.41609","144.8","2020-11-03","  26.4","24","000000",,"999.9",,"  64.9"," ","  28.0"," ","  9.9",," 0.00","G","1024.0","24","999.9",,"005.7","24","  46.6","24"
"72429793812","CINCINNATI MUNICIPAL AIRPORT LUNKEN FIELD, OH US","39.106","-84.41609","144.8","2020-11-04","  37.6","24","100000",,"999.9",,"  72.0"," ","  32.0"," "," 13.0",," 0.00","G","1025.9","24","999.9",,"007.7","24","  49.4","24"
"72429793812","CINCINNATI MUNICIPAL AIRPORT LUNKEN FIELD, OH US","39.106","-84.41609","144.8","2020-11-05","  42.0","24","100000",,"999.9",,"  72.0"," ","  33.1"," ","  9.9",," 0.00","G","1026.5","23","999.9",,"008.3","24","  51.8","24"
"72429793812","CINCINNATI MUNICIPAL AIRPORT LUNKEN FIELD, OH US","39.106","-84.41609","144.8","2020-11-06","  42.6","24","100000",,"999.9",,"  71.1"," ","  36.0"," ","  8.0",," 0.00","G","1026.1","17","999.9",,"007.9","24","  51.0","24"
"72429793812","CINCINNATI MUNICIPAL AIRPORT LUNKEN FIELD, OH US","39.106","-84.41609","144.8","2020-11-07","  41.4","24","100000",,"999.9",,"  75.0","*","  33.8","*","  5.1",," 0.00","G","1025.1","14","999.9",,"007.3","24","  50.4","24"
"72429793812","CINCINNATI MUNICIPAL AIRPORT LUNKEN FIELD, OH US","39.106","-84.41609","144.8","2020-11-08","  45.9","24","000000",,"999.9",,"  82.0"," ","  34.0"," ","  6.0",," 0.00","G","1025.6","22","999.9",,"007.5","24","  55.9","24"
"72429793812","CINCINNATI MUNICIPAL AIRPORT LUNKEN FIELD, OH US","39.106","-84.41609","144.8","2020-11-09","  49.3","24","100000",,"999.9",,"  82.0"," ","  39.9"," ","  6.0",," 0.00","G","1023.4","20","999.9",,"005.6","24","  57.7","24"
"72429793812","CINCINNATI MUNICIPAL AIRPORT LUNKEN FIELD, OH US","39.106","-84.41609","144.8","2020-11-10","  53.7","24","000000",," 19.0",,"  80.1"," ","  42.1"," "," 15.0",," 0.00","G","1016.7","22","999.9",,"999.0","24","  62.6","24"
"72429793812","CINCINNATI MUNICIPAL AIRPORT LUNKEN FIELD, OH US","39.106","-84.41609","144.8","2020-11-11","  52.2","24","010000",," 24.1",,"  80.1"," ","  48.0"," "," 19.0",," 0.74","G","1014.6","19","999.9",,"996.2","24","  61.0","24"
"72429793812","CINCINNATI MUNICIPAL AIRPORT LUNKEN FIELD, OH US","39.106","-84.41609","144.8","2020-11-12","  33.6","24","000000",,"999.9",,"  68.0"," ","  32.0"," ","  9.9",," 0.45","G","1020.7","24","999.9",,"002.5","24","  43.0","24"
"72429793812","CINCINNATI MUNICIPAL AIRPORT LUNKEN FIELD, OH US","39.106","-84.41609","144.8","2020-11-13","  34.9","24","000000",," 19.0",,"  60.1"," ","  32.0"," "," 12.0",," 0.00","G","1019.5","24","999.9",,"001.3","24","  43.8","24"
"72429793812","CINCINNATI MUNICIPAL AIRPORT LUNKEN FIELD, OH US","39.106","-84.41609","144.8","2020-11-14","  32.2","24","000000",,"999.9",,"  55.9","*","  28.4","*","  6.0",," 0.00","G","1021.8","23","999.9",,"003.5","24","  40.1","24"
"72429793812","CINCINNATI MUNICIPAL AIRPORT LUNKEN FIELD, OH US","39.106","-84.41609","144.8","2020-11-15","  40.7","24","010000",," 42.0",,"  63.0","*","  48.9","*"," 26.0",," 0.16","G","1009.2","22","999.9",,"991.0","24","  55.7","24"
"72429793812","CINCINNATI MUNICIPAL AIRPORT LUNKEN FIELD, OH US","39.106","-84.41609","144.8","2020-11-16","  27.5","24","000000",," 24.1",,"  64.9"," ","  35.1"," "," 19.0",," 0.09","G","1021.3","24","999.9",,"003.1","24","  45.6","24"
"72429793812","CINCINNATI MUNICIPAL AIRPORT LUNKEN FIELD, OH US","39.106","-84.41609","144.8","2020-11-17","  26.8","24","000000",," 22.0",,"  55.0"," ","  35.1"," "," 12.0",," 0.00","G","1025.8","24","999.9",,"007.4","24","  43.1","24"
"72429793812","CINCINNATI MUNICIPAL AIRPORT LUNKEN FIELD, OH US","39.106","-84.41609","144.8","2020-11-18","  24.1","24","000000",,"999.9",,"  48.9"," ","  26.1"," ","  9.9",," 0.00","G","1035.9","24","999.9",,"017.2","24","  37.0","24"
"72429793812","CINCINNATI MUNICIPAL AIRPORT LUNKEN FIELD, OH US","39.106","-84.41609","144.8","2020-11-19","  25.0","24","000000",," 26.0",,"  66.0"," ","  26.1"," "," 15.0",," 0.00","G","1028.6","24","999.9",,"010.2","24","  47.7","24"
"72429793812","CINCINNATI MUNICIPAL AIRPORT LUNKEN FIELD, OH US","39.106","-84.41609","144.8","2020-11-20","  34.3","24","000000",,"999.9",,"  66.0"," ","  35.1"," "," 13.0",," 0.00","G","1027.0","24","999.9",,"008.9","24","  55.2","24"
"72429793812","CINCINNATI MUNICIPAL AIRPORT LUNKEN FIELD, OH US","39.106","-84.41609","144.8","2020-11-21","  47.7","24","110000",,"999.9",,"  63.0"," ","  43.0"," "," 11.1",," 0.05","G","1030.0","15","999.9",,"012.0","24","  51.7","24"
"72429793812","CINCINNATI MUNICIPAL AIRPORT LUNKEN FIELD, OH US","39.106","-84.41609","144.8","2020-11-22","  44.4","24","010000",," 20.0",,"  55.9"," ","  42.1"," "," 13.0",," 0.05","G","1022.9","18","999.9",,"003.6","24","  47.7","24"
"72429793812","CINCINNATI MUNICIPAL AIRPORT LUNKEN FIELD, OH US","39.106","-84.41609","144.8","2020-11-23","  34.5","24","000000",," 18.1",,"  55.9"," ","  36.0"," ","  9.9",," 0.19","G","1026.1","18","999.9",,"007.7","24","  42.5","24"
"72429793812","CINCINNATI MUNICIPAL AIRPORT LUNKEN FIELD, OH US","39.106","-84.41609","144.8","2020-11-24","  34.7","24","010000",,"999.9",,"  51.1"," ","  34.0"," ","  8.9",," 0.00","G","1025.8","24","999.9",,"007.4","24","  41.4","24"
"72429793812","CINCINNATI MUNICIPAL AIRPORT LUNKEN FIELD, OH US","39.106","-84.41609","144.8","2020-11-25","  44.0","24","010000",,"999.9",,"  60.1"," ","  34.0"," "," 12.0",," 0.39","G","1015.6","22","999.9",,"997.1","24","  47.7","24"
"72429793812","CINCINNATI MUNICIPAL AIRPORT LUNKEN FIELD, OH US","39.106","-84.41609","144.8","2020-11-26","  47.9","24","010000",," 19.0",,"  60.1"," ","  39.0"," "," 13.0",," 0.71","G","1015.4","18","999.9",,"997.8","24","  53.4","24"
"72429793812","CINCINNATI MUNICIPAL AIRPORT LUNKEN FIELD, OH US","39.106","-84.41609","144.8","2020-11-27","  41.6","24","000000",,"999.9",,"  57.0"," ","  46.9"," ","  7.0",," 0.01","G","1019.9","23","999.9",,"001.9","24","  50.5","24"
"72429793812","CINCINNATI MUNICIPAL AIRPORT LUNKEN FIELD, OH US","39.106","-84.41609","144.8","2020-11-28","  34.2","24","000000",,"999.9",,"  57.0"," ","  34.0"," ","  9.9",," 0.00","G","1022.1","22","999.9",,"003.7","24","  43.1","24"
"72429793812","CINCINNATI MUNICIPAL AIRPORT LUNKEN FIELD, OH US","39.106","-84.41609","144.8","2020-11-29","  31.0","24","100000",,"999.9",,"  55.0","*","  24.8","*","  6.0",," 0.00","G","1019.3","20","999.9",,"001.3","24","  37.6","24"
"72429793812","CINCINNATI MUNICIPAL AIRPORT LUNKEN FIELD, OH US","39.106","-84.41609","144.8","2020-11-30","  35.8","24","011000",," 19.0",,"  55.0"," ","  25.0"," "," 12.0",," 0.64","G","1008.5","19","999.9",,"990.4","24","  39.4","24"
"72429793812","CINCINNATI MUNICIPAL AIRPORT LUNKEN FIELD, OH US","39.106","-84.41609","144.8","2020-12-01","  27.4","24","001000",," 24.1",,"  34.0","*","  30.0","*"," 15.9",," 0.45","G","1015.5","15","999.9",,"996.0","24","  32.1","24"
"72429793812","CINCINNATI MUNICIPAL AIRPORT LUNKEN FIELD, OH US","39.106","-84.41609","144.8","2020-12-02","  23.9","24","000000",,"999.9",,"  43.0"," ","  23.0"," "," 15.0",," 0.01","G","1026.5","23","999.9",,"007.7","24","  32.2","24"
"72429793812","CINCINNATI MUNICIPAL AIRPORT LUNKEN FIELD, OH US","39.106","-84.41609","144.8","2020-12-03","  27.1","24","100000",,"999.9",,"  43.0"," ","  23.0"," ","  6.0",," 0.00","G","1026.1","19","999.9",,"007.9","24","  31.7","24"
"72429793812","CINCINNATI MUNICIPAL AIRPORT LUNKEN FIELD, OH US","39.106","-84.41609","144.8","2020-12-04","  34.9","24","000000",,"999.9",,"  46.9"," ","  23.0"," ","  8.0",," 0.00","G","1018.1","22","999.9",,"999.7","24","  41.4","24"
"72429793812","CINCINNATI MUNICIPAL AIRPORT LUNKEN FIELD, OH US","39.106","-84.41609","144.8","2020-12-05","  30.9","24","000000",,"999.9",,"  46.9"," ","  28.0"," ","  9.9",," 0.00","G","1018.6","24","999.9",,"000.3","24","  38.2","24"
"72429793812","CINCINNATI MUNICIPAL AIRPORT LUNKEN FIELD, OH US","39.106","-84.41609","144.8","2020-12-06","  26.3","24","000000",,"999.9",,"  46.9"," ","  21.9"," ","  8.0",," 0.00","G","1018.5","24","999.9",,"000.1","24","  31.2","24"
"72429793812","CINCINNATI MUNICIPAL AIRPORT LUNKEN FIELD, OH US","39.106","-84.41609","144.8","2020-12-07","  23.6","24","000000",,"999.9",,"  41.0"," ","  21.9"," ","  9.9",," 0.00","G","1016.1","23","999.9",,"997.7","24","  34.5","24"
"72429793812","CINCINNATI MUNICIPAL AIRPORT LUNKEN FIELD, OH US","39.106","-84.41609","144.8","2020-12-08","  21.6","24","000000",,"999.9",,"  37.9"," ","  32.0"," ","  8.9",," 0.00","G","1020.9","24","999.9",,"002.4","24","  33.5","24"
"72429793812","CINCINNATI MUNICIPAL AIRPORT LUNKEN FIELD, OH US","39.106","-84.41609","144.8","2020-12-09","  29.3","24","000000",,"999.9",,"  55.9"," ","  28.9"," "," 11.1",," 0.00","G","1015.2","24","999.9",,"996.9","24","  39.8","24"
"72429793812","CINCINNATI MUNICIPAL AIRPORT LUNKEN FIELD, OH US","39.106","-84.41609","144.8","2020-12-10","  31.4","24","100000",,"999.9",,"  60.1"," ","  24.1"," ","  6.0",," 0.00","G","1017.7","17","999.9",,"999.8","24","  37.4","24"
"72429793812","CINCINNATI MUNICIPAL AIRPORT LUNKEN FIELD, OH US","39.106","-84.41609","144.8","2020-12-11","  34.1","24","100000",,"999.9",,"  66.9"," ","  24.1"," "," 12.0",," 0.00","G","1016.3","19","999.9",,"998.3","24","  43.1","24"
"72429793812","CINCINNATI MUNICIPAL AIRPORT LUNKEN FIELD, OH US","39.106","-84.41609","144.8","2020-12-12","  44.3","24","010000",," 24.1",,"  62.1","*","  45.0","*"," 15.9",," 0.00","G","1010.8","22","999.9",,"992.7","24","  53.3","24"
"72429793812","CINCINNATI MUNICIPAL AIRPORT LUNKEN FIELD, OH US","39.106","-84.41609","144.8","2020-12-13","  34.9","24","010000",," 20.0",,"  46.9","*","  42.1","*"," 11.1",," 0.09","G","1019.0","18","999.9",,"000.8","24","  43.7","24"
"72429793812","CINCINNATI MUNICIPAL AIRPORT LUNKEN FIELD, OH US","39.106","-84.41609","144.8","2020-12-14","  29.5","24","000000",," 19.0",,"  45.0"," ","  32.0"," "," 13.0",," 0.00","G","1021.2","20","999.9",,"002.4","24","  37.4","24"
"72429793812","CINCINNATI MUNICIPAL AIRPORT LUNKEN FIELD, OH US","39.106","-84.41609","144.8","2020-12-15","  20.9","24","000000",,"999.9",,"  41.0"," ","  21.0"," ","  8.9",," 0.00","G","1027.3","24","999.9",,"008.6","24","  29.5","24"
"72429793812","CINCINNATI MUNICIPAL AIRPORT LUNKEN FIELD, OH US","39.106","-84.41609","144.8","2020-12-16","  26.9","24","011000",,"999.9",,"  37.9"," ","  21.0"," ","  7.0",," 0.01","G","1016.5","21","999.9",,"997.9","24","  33.0","24"
"72429793812","CINCINNATI MUNICIPAL AIRPORT LUNKEN FIELD, OH US","39.106","-84.41609","144.8","2020-12-17","  27.5","24","001000",,"999.9",,"  37.0"," ","  30.9"," ","  9.9",," 0.15","G","1019.2","21","999.9",,"000.3","24","  32.6","24"
"72429793812","CINCINNATI MUNICIPAL AIRPORT LUNKEN FIELD, OH US","39.106","-84.41609","144.8","2020-12-18","  27.0","24","000000",,"999.9",,"  41.0"," ","  30.9"," ","  8.9",," 0.00","G","1028.7","20","999.9",,"010.3","24","  34.6","24"
"72429793812","CINCINNATI MUNICIPAL AIRPORT LUNKEN FIELD, OH US","39.106","-84.41609","144.8","2020-12-19","  26.6","24","010000",,"999.9",,"  44.1"," ","  28.0"," ","  8.9",," 0.00","G","1024.9","24","999.9",,"006.4","24","  35.2","24"
"72429793812","CINCINNATI MUNICIPAL AIRPORT LUNKEN FIELD, OH US","39.106","-84.41609","144.8","2020-12-20","  36.8","24","010000",,"999.9",,"  46.9"," ","  28.0"," "," 11.1",," 0.27","G","1016.4","19","999.9",,"998.5","24","  40.7","24"
"72429793812","CINCINNATI MUNICIPAL AIRPORT LUNKEN FIELD, OH US","39.106","-84.41609","144.8","2020-12-21","  32.9","24","110000",," 18.1",,"  46.9"," ","  25.0"," "," 13.0",," 0.11","G","1011.4","21","999.9",,"993.2","24","  36.4","24"
"72429793812","CINCINNATI MUNICIPAL AIRPORT LUNKEN FIELD, OH US","39.106","-84.41609","144.8","2020-12-22","  27.9","24","000000",," 27.0",,"  46.9"," ","  25.0"," "," 18.1",," 0.00","G","1019.7","24","999.9",,"001.4","24","  41.8","24"
"72429793812","CINCINNATI MUNICIPAL AIRPORT LUNKEN FIELD, OH US","39.106","-84.41609","144.8","2020-12-23","  26.6","24","010000",," 24.1",,"  57.9"," ","  25.0"," "," 15.9",," 0.00","G","1019.1","24","999.9",,"000.7","24","  39.0","24"
"72429793812","CINCINNATI MUNICIPAL AIRPORT LUNKEN FIELD, OH US","39.106","-84.41609","144.8","2020-12-24","  30.4","24","011000",," 31.1",,"  57.9"," ","  25.0"," "," 17.1",," 0.25","G","1008.3","18","999.9",,"990.2","24","  39.3","24"
"72429793812","CINCINNATI MUNICIPAL AIRPORT LUNKEN FIELD, OH US","39.106","-84.41609","144.8","2020-12-25","   8.6","24","001000",," 22.0",,"  23.0","*","  14.0","*"," 15.0",," 0.19","G","1014.8","20","999.9",,"996.1","24","  18.1","24"
"72429793812","CINCINNATI MUNICIPAL AIRPORT LUNKEN FIELD, OH US","39.106","-84.41609","144.8","2020-12-26","  10.6","24","000000",," 21.0",,"  37.9"," ","  12.9"," "," 14.0",," 0.00","G","1019.2","23","999.9",,"000.5","24","  22.0","24"
"72429793812","CINCINNATI MUNICIPAL AIRPORT LUNKEN FIELD, OH US","39.106","-84.41609","144.8","2020-12-27","  24.0","24","000000",," 17.1",,"  55.0"," ","  12.9"," "," 13.0",," 0.00","G","1017.2","24","999.9",,"998.7","24","  32.3","24"
"72429793812","CINCINNATI MUNICIPAL AIRPORT LUNKEN FIELD, OH US","39.106","-84.41609","144.8","2020-12-28","  29.1","24","010000",," 24.1",,"  52.0","*","  35.1","*"," 15.0",," 0.00","G","1020.4","22","999.9",,"002.2","24","  43.1","24"
"72429793812","CINCINNATI MUNICIPAL AIRPORT LUNKEN FIELD, OH US","39.106","-84.41609","144.8","2020-12-29","  20.0","24","000000",," 15.0",,"  53.1"," ","  23.0"," ","  9.9",," 0.00","G","1033.9","24","999.9",,"015.1","24","  32.1","24"
"72429793812","CINCINNATI MUNICIPAL AIRPORT LUNKEN FIELD, OH US","39.106","-84.41609","144.8","2020-12-30","  32.4","24","010000",," 29.9",,"  57.9"," ","  23.0"," "," 22.9",," 0.00","G","1021.1","21","999.9",,"002.0","24","  42.5","24"
"72429793812","CINCINNATI MUNICIPAL AIRPORT LUNKEN FIELD, OH US","39.106","-84.41609","144.8","2020-12-31","  29.3","24","010000",," 25.1",,"  57.9"," ","  30.0"," "," 15.9",," 0.93","G","1024.2","18","999.9",,"004.9","24","  34.1","24"
"72429793812","CINCINNATI MUNICIPAL AIRPORT LUNKEN FIELD, OH US","39.106","-84.41609","144.8","2021-01-01","  33.8","24","010000",,"999.9",,"  53.1"," ","  30.0"," "," 11.1",," 0.10","G","1020.0","17","999.9",,"000.5","24","  38.0","24"
"72429793812","CINCINNATI MUNICIPAL AIRPORT LUNKEN FIELD, OH US","39.106","-84.41609","144.8","2021-01-02","  36.5","24","010000",," 28.9",,"  53.1"," ","  32.0"," "," 19.0",," 1.09","G","1015.8","21","999.9",,"997.2","24","  43.2","24"
"72429793812","CINCINNATI MUNICIPAL AIRPORT LUNKEN FIELD, OH US","39.106","-84.41609","144.8","2021-01-03","  34.0","24","010000",,"999.9",,"  46.9"," ","  37.0"," "," 13.0",," 0.02","G","1016.1","14","999.9",,"997.7","24","  38.8","24"
"72429793812","CINCINNATI MUNICIPAL AIRPORT LUNKEN FIELD, OH US","39.106","-84.41609","144.8","2021-01-04","  31.1","24","000000",,"999.9",,"  45.0"," ","  30.9"," ","  6.0",," 0.01","G","1018.2","21","999.9",,"000.0","24","  36.7","24"
"72429793812","CINCINNATI MUNICIPAL AIRPORT LUNKEN FIELD, OH US","39.106","-84.41609","144.8","2021-01-05","  29.9","24","110000",," 17.1",,"  45.0"," ","  28.0"," ","  8.9",," 0.00","G","1017.1","18","999.9",,"998.6","24","  33.6","24"
"72429793812","CINCINNATI MUNICIPAL AIRPORT LUNKEN FIELD, OH US","39.106","-84.41609","144.8","2021-01-06","  27.5","24","010000",,"999.9",,"  39.0"," ","  30.0"," ","  8.0",," 0.01","G","1026.0","23","999.9",,"007.6","24","  37.0","24"
"72429793812","CINCINNATI MUNICIPAL AIRPORT LUNKEN FIELD, OH US","39.106","-84.41609","144.8","2021-01-07","  27.1","24","000000",,"999.9",,"  39.9"," ","  33.1"," "," 15.0",," 0.00","G","1025.9","24","999.9",,"007.4","24","  36.4","24"
"72429793812","CINCINNATI MUNICIPAL AIRPORT LUNKEN FIELD, OH US","39.106","-84.41609","144.8","2021-01-08","  24.6","24","000000",," 19.0",,"  39.9"," ","  30.9"," "," 15.0",," 0.00","G","1021.3","23","999.9",,"002.8","24","  33.8","24"
"72429793812","CINCINNATI MUNICIPAL AIRPORT LUNKEN FIELD, OH US","39.106","-84.41609","144.8","2021-01-09","  21.9","24","000000",,"999.9",,"  36.0"," ","  26.1"," "," 11.1",," 0.00","G","1023.9","23","999.9",,"005.5","24","  31.9","24"
"72429793812","CINCINNATI MUNICIPAL AIRPORT LUNKEN FIELD, OH US","39.106","-84.41609","144.8","2021-01-10","  20.7","24","000000",,"999.9",,"  37.9"," ","  19.0"," ","  4.1",," 0.00","G","1028.6","21","999.9",,"009.9","24","  26.5","24"
"72429793812","CINCINNATI MUNICIPAL AIRPORT LUNKEN FIELD, OH US","39.106","-84.41609","144.8","2021-01-11","  22.1","24","000000",,"999.9",,"  37.9"," ","  19.0"," ","  8.9",," 0.00","G","1027.4","23","999.9",,"008.8","24","  30.0","24"
"72429793812","CINCINNATI MUNICIPAL AIRPORT LUNKEN FIELD, OH US","39.106","-84.41609","144.8","2021-01-12","  21.0","24","000000",,"999.9",,"  35.1"," ","  21.0"," "," 12.0",," 0.00","G","1025.5","20","999.9",,"006.9","24","  27.4","24"
"72429793812","CINCINNATI MUNICIPAL AIRPORT LUNKEN FIELD, OH US","39.106","-84.41609","144.8","2021-01-13","  24.6","24","000000",,"999.9",,"  48.9"," ","  21.9"," "," 13.0",," 0.00","G","1018.9","24","999.9",,"000.4","24","  32.9","24"
"72429793812","CINCINNATI MUNICIPAL AIRPORT LUNKEN FIELD, OH US","39.106","-84.41609","144.8","2021-01-14","  29.0","24","000000",,"999.9",,"  50.0"," ","  21.9"," ","  8.9",," 0.00","G","1009.0","24","999.9",,"990.8","24","  38.4","24"
"72429793812","CINCINNATI MUNICIPAL AIRPORT LUNKEN FIELD, OH US","39.106","-84.41609","144.8","2021-01-15","  30.3","24","010000",," 22.0",,"  50.0"," ","  28.0"," "," 15.9",," 0.07","G","1002.6","19","999.9",,"984.7","24","  41.7","24"
"72429793812","CINCINNATI MUNICIPAL AIRPORT LUNKEN FIELD, OH US","39.106","-84.41609","144.8","2021-01-16","  27.5","24","001000",,"999.9",,"  46.9"," ","  28.0"," "," 12.0",," 0.03","G","1005.2","17","999.9",,"986.9","24","  33.1","24"
"72429793812","CINCINNATI MUNICIPAL AIRPORT LUNKEN FIELD, OH US","39.106","-84.41609","144.8","2021-01-17","  31.1","24","011000",,"999.9",,"  37.4","*","  33.8","*"," 12.0",," 0.04","G","1009.0","18","999.9",,"990.7","24","  35.5","24"
"72429793812","CINCINNATI MUNICIPAL AIRPORT LUNKEN FIELD, OH US","39.106","-84.41609","144.8","2021-01-18","  26.2","24","001000",,"999.9",,"  37.0"," ","  30.9"," ","  9.9",," 0.04","G","1013.8","21","999.9",,"995.2","24","  32.4","24"
"72429793812","CINCINNATI MUNICIPAL AIRPORT LUNKEN FIELD, OH US","39.106","-84.41609","144.8","2021-01-19","  25.7","24","000000",,"999.9",,"  46.9"," ","  30.9"," ","  8.0",," 0.01","G","1022.5","22","999.9",,"003.9","24","  37.4","24"
"72429793812","CINCINNATI MUNICIPAL AIRPORT LUNKEN FIELD, OH US","39.106","-84.41609","144.8","2021-01-20","  20.4","24","000000",," 27.0",,"  46.9"," ","  28.9"," "," 20.0",," 0.00","G","1023.1","23","999.9",,"004.8","24","  35.4","24"
"72429793812","CINCINNATI MUNICIPAL AIRPORT LUNKEN FIELD, OH US","39.106","-84.41609","144.8","2021-01-21","  23.4","24","000000",," 21.0",,"  53.1"," ","  24.1"," "," 13.0",," 0.00","G","1013.2","24","999.9",,"995.0","24","  39.0","24"
"72429793812","CINCINNATI MUNICIPAL AIRPORT LUNKEN FIELD, OH US","39.106","-84.41609","144.8","2021-01-22","  20.3","24","000000",," 21.0",,"  53.1"," ","  30.9"," "," 11.1",," 0.00","G","1015.5","24","999.9",,"997.3","24","  36.3","24"
"72429793812","CINCINNATI MUNICIPAL AIRPORT LUNKEN FIELD, OH US","39.106","-84.41609","144.8","2021-01-23","  10.8","24","000000",,"999.9",,"  39.9"," ","  14.0"," ","  9.9",," 0.00","G","1028.2","24","999.9",,"009.4","24","  24.9","24"
"72429793812","CINCINNATI MUNICIPAL AIRPORT LUNKEN FIELD, OH US","39.106","-84.41609","144.8","2021-01-24","  19.0","24","011000",,"999.9",,"  35.1"," ","  14.0"," ","  7.0",," 0.00","G","1024.7","18","999.9",,"005.0","24","  29.8","24"
"72429793812","CINCINNATI MUNICIPAL AIRPORT LUNKEN FIELD, OH US","39.106","-84.41609","144.8","2021-01-25","  30.7","24","110000",,"999.9",,"  35.1"," ","  26.1"," ","  9.9",," 0.03","G","1016.2","16","999.9",,"998.0","24","  33.1","24"
"72429793812","CINCINNATI MUNICIPAL AIRPORT LUNKEN FIELD, OH US","39.106","-84.41609","144.8","2021-01-26","  36.1","24","010000",," 17.1",,"  48.0"," ","  32.0"," "," 13.0",," 0.44","G","1007.5","14","999.9",,"989.9","24","  40.0","24"
"72429793812","CINCINNATI MUNICIPAL AIRPORT LUNKEN FIELD, OH US","39.106","-84.41609","144.8","2021-01-27","  27.2","24","001000",," 18.1",,"  41.0","*","  30.2","*"," 12.0",," 0.01","G","1021.8","19","999.9",,"003.2","24","  34.8","24"
"72429793812","CINCINNATI MUNICIPAL AIRPORT LUNKEN FIELD, OH US","39.106","-84.41609","144.8","2021-01-28","  17.2","24","001000",," 15.9",,"  36.0"," ","  19.9"," "," 12.0",," 0.00","G","1034.3","19","999.9",,"014.5","24","  26.4","24"
"72429793812","CINCINNATI MUNICIPAL AIRPORT LUNKEN FIELD, OH US","39.106","-84.41609","144.8","2021-01-29","  16.3","24","000000",,"999.9",,"  34.0"," ","  16.0"," ","  5.1",," 0.00","G","1033.0","24","999.9",,"014.1","24","  25.5","24"
"72429793812","CINCINNATI MUNICIPAL AIRPORT LUNKEN FIELD, OH US","39.106","-84.41609","144.8","2021-01-30","  17.6","24","001000",," 19.0",,"  37.0"," ","  16.0"," "," 11.1",," 0.00","G","1026.2","23","999.9",,"007.2","24","  26.7","24"
"72429793812","CINCINNATI MUNICIPAL AIRPORT LUNKEN FIELD, OH US","39.106","-84.41609","144.8","2021-01-31","  33.8","24","111000",," 15.9",,"  41.0"," ","  17.1"," "," 11.1",," 0.56","G","1009.6","13","999.9",,"992.1","24","  35.9","24"
"72429793812","CINCINNATI MUNICIPAL AIRPORT LUNKEN FIELD, OH US","39.106","-84.41609","144.8","2021-02-01","  26.2","24","011000",," 19.0",,"  41.0"," ","  28.9"," "," 13.0",," 0.49","G","1015.5","18","999.9",,"996.2","24","  31.0","24"
"72429793812","CINCINNATI MUNICIPAL AIRPORT LUNKEN FIELD, OH US","39.106","-84.41609","144.8","2021-02-02","  18.4","24","001000",," 22.0",,"  36.0"," ","  21.0"," "," 11.1",," 0.01","G","1020.0","23","999.9",,"001.4","24","  28.5","24"
"72429793812","CINCINNATI MUNICIPAL AIRPORT LUNKEN FIELD, OH US","39.106","-84.41609","144.8","2021-02-03","  20.9","24","000000",," 15.9",,"  39.0"," ","  21.0"," ","  8.0",," 0.00","G","1020.5","24","999.9",,"002.0","24","  30.1","24"
"72429793812","CINCINNATI MUNICIPAL AIRPORT LUNKEN FIELD, OH US","39.106","-84.41609","144.8","2021-02-04","  22.7","24","010000",,"999.9",,"  39.0"," ","  19.9"," ","  8.0",," 0.00","G","1014.8","24","999.9",,"996.4","24","  28.4","24"
"72429793812","CINCINNATI MUNICIPAL AIRPORT LUNKEN FIELD, OH US","39.106","-84.41609","144.8","2021-02-05","  23.3","24","010000",," 28.0",,"  39.9"," ","  19.9"," "," 19.0",," 0.12","G","1007.7","19","999.9",,"989.1","24","  34.3","24"
"72429793812","CINCINNATI MUNICIPAL AIRPORT LUNKEN FIELD, OH US","39.106","-84.41609","144.8","2021-02-06","  15.3","24","001000",," 22.0",,"  39.0"," ","  23.0"," "," 14.0",," 0.00","G","1017.5","24","999.9",,"999.1","24","  31.7","24"
"72429793812","CINCINNATI MUNICIPAL AIRPORT LUNKEN FIELD, OH US","39.106","-84.41609","144.8","2021-02-07","   8.4","24","001000",," 19.0",,"  39.0"," ","  15.1"," "," 13.0",," 0.00","G","1021.4","21","999.9",,"002.5","24","  23.4","24"
"72429793812","CINCINNATI MUNICIPAL AIRPORT LUNKEN FIELD, OH US","39.106","-84.41609","144.8","2021-02-08","   7.8","24","000000",,"999.9",,"  37.9"," ","  14.0"," ","  8.0",," 0.00","G","1026.4","24","999.9",,"007.6","24","  24.3","24"
"72429793812","CINCINNATI MUNICIPAL AIRPORT LUNKEN FIELD, OH US","39.106","-84.41609","144.8","2021-02-09","  23.5","24","101000",,"999.9",,"  37.9"," ","  14.0"," ","  8.9",," 0.01","G","1025.2","13","999.9",,"006.1","24","  28.0","24"
"72429793812","CINCINNATI MUNICIPAL AIRPORT LUNKEN FIELD, OH US","39.106","-84.41609","144.8","2021-02-10","  16.5","24","101000",,"999.9",,"  27.0","*","  19.4","*","  9.9",," 0.00","G","1027.4","20","999.9",,"008.3","24","  23.0","24"
"72429793812","CINCINNATI MUNICIPAL AIRPORT LUNKEN FIELD, OH US","39.106","-84.41609","144.8","2021-02-11","  15.0","24","001000",,"999.9",,"  26.1","*","  19.9","*"," 15.0",,"99.99"," ","1026.0","15","999.9",,"007.3","24","  22.6","24"
"72429793812","CINCINNATI MUNICIPAL AIRPORT LUNKEN FIELD, OH US","39.106","-84.41609","144.8","2021-02-12","  15.6","24","001000",,"999.9",,"  34.0","*","  21.0","*"," 13.0",," 0.00","G","1024.9","20","999.9",,"006.0","24","  25.5","24"
"72429793812","CINCINNATI MUNICIPAL AIRPORT LUNKEN FIELD, OH US","39.106","-84.41609","144.8","2021-02-13","  18.3","24","000000",,"999.9",,"  28.9"," ","  26.1"," ","  8.9",," 0.00","G","1023.0","23","999.9",,"004.4","24","  26.8","24"
"72429793812","CINCINNATI MUNICIPAL AIRPORT LUNKEN FIELD, OH US","39.106","-84.41609","144.8","2021-02-14","  16.8","24","000000",," 15.0",,"  28.9"," ","  24.1"," ","  9.9",," 0.00","G","1026.2","23","999.9",,"007.5","24","  25.6","24"
"72429793812","CINCINNATI MUNICIPAL AIRPORT LUNKEN FIELD, OH US","39.106","-84.41609","144.8","2021-02-15","  14.9","24","001000",," 21.0",,"  28.9"," ","  19.0"," "," 14.0",," 0.00","G","1023.3","14","999.9",,"003.6","24","  21.5","24"
"72429793812","CINCINNATI MUNICIPAL AIRPORT LUNKEN FIELD, OH US","39.106","-84.41609","144.8","2021-02-16","  11.7","24","101000",," 22.0",,"  24.1"," ","  15.1"," "," 15.9",," 0.00","G","1016.0","13","999.9",,"995.7","24","  18.4","24"
"72429793812","CINCINNATI MUNICIPAL AIRPORT LUNKEN FIELD, OH US","39.106","-84.41609","144.8","2021-02-17","   7.1","24","000000",,"999.9",,"  24.1"," ","   3.0"," "," 11.1",," 0.00","I","1028.8","24","999.9",,"009.7","24","  14.5","24"
"72429793812","CINCINNATI MUNICIPAL AIRPORT LUNKEN FIELD, OH US","39.106","-84.41609","144.8","2021-02-18","  18.6","24","001000",,"999.9",,"  30.2","*","  21.0","*","  8.0",," 0.07","D","1025.2","13","999.9",,"006.3","24","  24.7","24"
"72429793812","CINCINNATI MUNICIPAL AIRPORT LUNKEN FIELD, OH US","39.106","-84.41609","144.8","2021-02-19","  15.4","24","000000",,"999.9",,"  30.0"," ","  21.0"," "," 11.1",," 0.00","A","1027.0","22","999.9",,"008.2","24","  24.9","24"
"72429793812","CINCINNATI MUNICIPAL AIRPORT LUNKEN FIELD, OH US","39.106","-84.41609","144.8","2021-02-20","   9.7","24","000000",,"999.9",,"  32.0","*","   7.0","*","  8.9",," 0.00","I","1030.7","24","999.9",,"011.8","24","  21.6","24"
"72429793812","CINCINNATI MUNICIPAL AIRPORT LUNKEN FIELD, OH US","39.106","-84.41609","144.8","2021-02-21","  14.4","24","000000",,"999.9",,"  42.1","*","   7.0","*"," 11.1",," 0.00","G","1030.2","24","999.9",,"011.2","24","  23.5","24"
"72429793812","CINCINNATI MUNICIPAL AIRPORT LUNKEN FIELD, OH US","39.106","-84.41609","144.8","2021-02-22","  31.1","24","010000",," 38.1",,"  46.0","*","  36.0","*"," 22.9",," 0.01","G","1014.9","19","999.9",,"996.3","24","  40.2","24"
"72429793812","CINCINNATI MUNICIPAL AIRPORT LUNKEN FIELD, OH US","39.106","-84.41609","144.8","2021-02-23","  28.6","24","000000",," 25.1",,"  54.0"," ","  30.9"," "," 15.9",," 0.04","G","1012.4","24","999.9",,"994.2","24","  42.4","24"
"72429793812","CINCINNATI MUNICIPAL AIRPORT LUNKEN FIELD, OH US","39.106","-84.41609","144.8","2021-02-24","  32.0","24","010000",," 25.1",,"  66.9"," ","  28.0"," "," 20.0",," 0.00","G","1013.9","24","999.9",,"995.7","24","  43.2","24"
"72429793812","CINCINNATI MUNICIPAL AIRPORT LUNKEN FIELD, OH US","39.106","-84.41609","144.8","2021-02-25","  27.8","24","000000",," 26.0",,"  51.1","*","  28.0","*"," 13.0",," 0.01","G","1025.5","23","999.9",,"007.1","24","  40.7","24"
"72429793812","CINCINNATI MUNICIPAL AIRPORT LUNKEN FIELD, OH US","39.106","-84.41609","144.8","2021-02-26","  26.0","24","010000",," 15.0",,"  50.0"," ","  25.0"," ","  8.0",," 0.00","G","1025.6","23","999.9",,"006.8","24","  36.8","24"
"72429793812","CINCINNATI MUNICIPAL AIRPORT LUNKEN FIELD, OH US","39.106","-84.41609","144.8","2021-02-27","  41.8","24","010000",,"999.9",,"  61.0","*","  41.0","*","  6.0",," 0.04","G","1018.1","17","999.9",,"999.2","24","  48.8","24"
"72429793812","CINCINNATI MUNICIPAL AIRPORT LUNKEN FIELD, OH US","39.106","-84.41609","144.8","2021-02-28","  50.4","24","010000",," 20.0",,"  62.1"," ","  43.0"," "," 15.0",," 0.36","G","1015.1","11","999.9",,"996.0","24","  54.3","24"
"72429793812","CINCINNATI MUNICIPAL AIRPORT LUNKEN FIELD, OH US","39.106","-84.41609","144.8","2021-03-01","  34.4","24","010000",," 22.9",,"  62.1"," ","  37.9"," "," 14.0",," 1.38","G","1018.3","19","999.9",,"999.1","24","  46.3","24"
"72429793812","CINCINNATI MUNICIPAL AIRPORT LUNKEN FIELD, OH US","39.106","-84.41609","144.8","2021-03-02","  16.8","24","000000",," 19.0",,"  53.1"," ","  24.1"," "," 14.0",," 0.00","G","1027.6","24","999.9",,"009.1","24","  33.8","24"
"72429793812","CINCINNATI MUNICIPAL AIRPORT LUNKEN FIELD, OH US","39.106","-84.41609","144.8","2021-03-03","  26.2","24","000000",,"999.9",,"  63.0"," ","  24.1"," "," 13.0",," 0.00","G","1018.4","24","999.9",,"000.1","24","  41.1","24"
"72429793812","CINCINNATI MUNICIPAL AIRPORT LUNKEN FIELD, OH US","39.106","-84.41609","144.8","2021-03-04","  28.0","24","000000",," 24.1",,"  63.0"," ","  24.1"," "," 15.0",," 0.00","G","1020.9","24","999.9",,"002.6","24","  44.0","24"
"72429793812","CINCINNATI MUNICIPAL AIRPORT LUNKEN FIELD, OH US","39.106","-84.41609","144.8","2021-03-05","  18.9","24","000000",," 18.1",,"  54.0"," ","  25.0"," ","  9.9",," 0.00","G","1026.6","24","999.9",,"008.1","24","  35.2","24"
"72429793812","CINCINNATI MUNICIPAL AIRPORT LUNKEN FIELD, OH US","39.106","-84.41609","144.8","2021-03-06","  18.5","24","000000",," 15.0",,"  48.9"," ","  25.0"," "," 11.1",," 0.00","G","1026.8","24","999.9",,"008.3","24","  37.9","24"
"72429793812","CINCINNATI MUNICIPAL AIRPORT LUNKEN FIELD, OH US","39.106","-84.41609","144.8","2021-03-07","  17.3","24","000000",," 15.9",,"  51.1"," ","  27.0"," "," 12.0",," 0.00","G","1029.5","24","999.9",,"010.9","24","  37.6","24"
"72429793812","CINCINNATI MUNICIPAL AIRPORT LUNKEN FIELD, OH US","39.106","-84.41609","144.8","2021-03-08","  25.3","24","000000",," 19.0",,"  66.9"," ","  24.1"," "," 14.0",," 0.00","G","1031.8","24","999.9",,"013.3","24","  42.3","24"
"72429793812","CINCINNATI MUNICIPAL AIRPORT LUNKEN FIELD, OH US","39.106","-84.41609","144.8","2021-03-09","  31.3","24","000000",," 18.1",,"  70.0"," ","  24.1"," "," 12.0",," 0.00","G","1029.5","24","999.9",,"011.1","24","  48.7","24"
"72429793812","CINCINNATI MUNICIPAL AIRPORT LUNKEN FIELD, OH US","39.106","-84.41609","144.8","2021-03-10","  35.3","24","000000",," 26.0",,"  73.0"," ","  32.0"," "," 20.0",," 0.11","G","1024.9","24","999.9",,"006.6","24","  51.8","24"
"72429793812","CINCINNATI MUNICIPAL AIRPORT LUNKEN FIELD, OH US","39.106","-84.41609","144.8","2021-03-11","  45.1","24","010000",," 28.0",,"  64.9","*","  57.0","*"," 21.0",," 0.00","G","1020.9","22","999.9",,"002.9","24","  61.8","24"
"72429793812","CINCINNATI MUNICIPAL AIRPORT LUNKEN FIELD, OH US","39.106","-84.41609","144.8","2021-03-12","  42.7","24","010000",,"999.9",,"  66.0"," ","  46.9"," ","  8.9",," 0.60","G","1027.0","21","999.9",,"008.0","24","  54.9","24"
"72429793812","CINCINNATI MUNICIPAL AIRPORT LUNKEN FIELD, OH US","39.106","-84.41609","144.8","2021-03-13","  22.2","24","000000",,"999.9",,"  62.1"," ","  39.0"," "," 11.1",," 0.06","G","1030.3","24","999.9",,"012.0","24","  47.7","24"
"72429793812","CINCINNATI MUNICIPAL AIRPORT LUNKEN FIELD, OH US","39.106","-84.41609","144.8","2021-03-14","  30.0","24","000000",,"999.9",,"  55.9"," ","  28.9"," ","  6.0",," 0.00","G","1026.6","24","999.9",,"008.1","24","  41.4","24"
"72429793812","CINCINNATI MUNICIPAL AIRPORT LUNKEN FIELD, OH US","39.106","-84.41609","144.8","2021-03-15","  19.1","24","010000",," 25.1",,"  55.9"," ","  28.9"," "," 15.0",," 0.00","G","1025.2","23","999.9",,"006.5","24","  38.3","24"
"72429793812","CINCINNATI MUNICIPAL AIRPORT LUNKEN FIELD, OH US","39.106","-84.41609","144.8","2021-03-16","  40.7","24","000000",,"999.9",,"  57.9"," ","  35.1"," ","  8.9",," 0.33","G","1015.1","13","999.9",,"996.7","24","  45.1","24"
"72429793812","CINCINNATI MUNICIPAL AIRPORT LUNKEN FIELD, OH US","39.106","-84.41609","144.8","2021-03-17","  43.4","24","110000",,"999.9",,"  63.0"," ","  35.1"," ","  8.0",," 0.00","G","1015.0","16","999.9",,"997.9","24","  48.2","24"
"72429793812","CINCINNATI MUNICIPAL AIRPORT LUNKEN FIELD, OH US","39.106","-84.41609","144.8","2021-03-18","  50.1","24","010000",," 26.0",,"  63.0"," ","  36.0"," "," 15.9",," 0.14","G","1005.3","17","999.9",,"987.2","24","  52.9","24"
"72429793812","CINCINNATI MUNICIPAL AIRPORT LUNKEN FIELD, OH US","39.106","-84.41609","144.8","2021-03-19","  25.6","24","010000",," 28.0",,"  55.9"," ","  33.1"," "," 21.0",," 0.26","G","1023.6","24","999.9",,"005.3","24","  42.4","24"
"72429793812","CINCINNATI MUNICIPAL AIRPORT LUNKEN FIELD, OH US","39.106","-84.41609","144.8","2021-03-20","  23.0","24","000000",,"999.9",,"  62.1"," ","  25.0"," ","  8.9",," 0.00","G","1032.9","24","999.9",,"014.4","24","  42.7","24"
"72429793812","CINCINNATI MUNICIPAL AIRPORT LUNKEN FIELD, OH US","39.106","-84.41609","144.8","2021-03-21","  27.1","24","000000",,"999.9",,"  68.0"," ","  25.0"," ","  8.0",," 0.00","G","1029.3","24","999.9",,"010.9","24","  46.1","24"
"72429793812","CINCINNATI MUNICIPAL AIRPORT LUNKEN FIELD, OH US","39.106","-84.41609","144.8","2021-03-22","  36.7","24","000000",,"999.9",,"  71.1"," ","  28.0"," "," 12.0",," 0.00","G","1023.0","24","999.9",,"004.8","24","  51.9","24"
"72429793812","CINCINNATI MUNICIPAL AIRPORT LUNKEN FIELD, OH US","39.106","-84.41609","144.8","2021-03-23","  39.4","24","000000",," 19.0",,"  72.0"," ","  35.1"," "," 14.0",," 0.00","G","1016.4","24","999.9",,"998.4","24","  54.4","24"
"72429793812","CINCINNATI MUNICIPAL AIRPORT LUNKEN FIELD, OH US","39.106","-84.41609","144.8","2021-03-24","  47.8","24","010000",," 28.0",,"  75.0","*","  55.9","*"," 19.0",," 0.00","G","1010.6","24","999.9",,"993.0","24","  65.0","24"
"72429793812","CINCINNATI MUNICIPAL AIRPORT LUNKEN FIELD, OH US","39.106","-84.41609","144.8","2021-03-25","  48.6","24","010000",,"999.9",,"  75.0"," ","  42.1"," ","  8.9",," 0.00","G","1011.7","23","999.9",,"993.9","24","  55.0","24"
"72429793812","CINCINNATI MUNICIPAL AIRPORT LUNKEN FIELD, OH US","39.106","-84.41609","144.8","2021-03-26","  49.4","24","010000",," 41.0",,"  66.9"," ","  42.1"," "," 25.1",," 0.16","G","1012.1","17","999.9",,"993.7","24","  58.9","24"
"72429793812","CINCINNATI MUNICIPAL AIRPORT LUNKEN FIELD, OH US","39.106","-84.41609","144.8","2021-03-27","  43.8","24","100000",,"999.9",,"  73.0"," ","  34.0"," ","  9.9",," 0.00","G","1017.5","18","999.9",,"000.1","24","  51.7","24"
"72429793812","CINCINNATI MUNICIPAL AIRPORT LUNKEN FIELD, OH US","39.106","-84.41609","144.8","2021-03-28","  45.8","24","110010",," 38.1",,"  73.0"," ","  34.0"," "," 22.0",," 0.54","G","1013.6","13","999.9",,"992.8","24","  54.8","24"
"72429793812","CINCINNATI MUNICIPAL AIRPORT LUNKEN FIELD, OH US","39.106","-84.41609","144.8","2021-03-29","  26.5","24","000000",," 20.0",,"  61.0"," ","  28.9"," "," 12.0",," 0.00","I","1023.8","24","999.9",,"005.5","24","  44.3","24"
"72429793812","CINCINNATI MUNICIPAL AIRPORT LUNKEN FIELD, OH US","39.106","-84.41609","144.8","2021-03-30","  34.8","24","000000",," 28.9",,"  75.0"," ","  28.9"," "," 20.0",," 0.00","G","1018.0","24","999.9",,"000.0","24","  52.8","24"
"72429793812","CINCINNATI MUNICIPAL AIRPORT LUNKEN FIELD, OH US","39.106","-84.41609","144.8","2021-03-31","  37.6","24","010000",," 25.1",,"  71.1","*","  46.9","*"," 15.0",," 0.25","G","1018.3","20","999.9",,"999.8","24","  53.6","24"
"72429793812","CINCINNATI MUNICIPAL AIRPORT LUNKEN FIELD, OH US","39.106","-84.41609","144.8","2021-04-01","  19.2","24","101000",," 26.0",,"  59.0"," ","  30.0"," "," 15.0",," 0.19","G","1027.5","23","999.9",,"009.1","24","  37.2","24"
"72429793812","CINCINNATI MUNICIPAL AIRPORT LUNKEN FIELD, OH US","39.106","-84.41609","144.8","2021-04-02","  18.0","24","000000",," 14.0",,"  50.0"," ","  25.0"," ","  8.9",," 0.00","G","1033.6","24","999.9",,"014.9","24","  36.4","24"
"72429793812","CINCINNATI MUNICIPAL AIRPORT LUNKEN FIELD, OH US","39.106","-84.41609","144.8","2021-04-03","  24.2","24","000000",," 20.0",,"  64.0"," ","  25.0"," "," 12.0",," 0.00","G","1029.4","24","999.9",,"010.9","24","  42.2","24"
"72429793812","CINCINNATI MUNICIPAL AIRPORT LUNKEN FIELD, OH US","39.106","-84.41609","144.8","2021-04-04","  34.3","24","000000",,"999.9",,"  73.9"," ","  26.1"," ","  8.9",," 0.00","G","1023.5","24","999.9",,"005.4","24","  53.7","24"
"72429793812","CINCINNATI MUNICIPAL AIRPORT LUNKEN FIELD, OH US","39.106","-84.41609","144.8","2021-04-05","  42.3","24","000000",," 18.1",,"  77.0"," ","  36.0"," "," 13.0",," 0.00","G","1019.2","24","999.9",,"001.2","24","  57.1","24"
"72429793812","CINCINNATI MUNICIPAL AIRPORT LUNKEN FIELD, OH US","39.106","-84.41609","144.8","2021-04-06","  46.8","24","000000",,"999.9",,"  77.0"," ","  39.9"," "," 12.0",," 0.00","G","1016.3","23","999.9",,"998.4","24","  59.4","24"
"72429793812","CINCINNATI MUNICIPAL AIRPORT LUNKEN FIELD, OH US","39.106","-84.41609","144.8","2021-04-07","  51.4","24","000000",,"999.9",,"  82.0"," ","  43.0"," "," 11.1",," 0.00","G","1014.3","24","999.9",,"996.5","24","  63.9","24"
"72429793812","CINCINNATI MUNICIPAL AIRPORT LUNKEN FIELD, OH US","39.106","-84.41609","144.8","2021-04-08","  55.5","24","010000",," 20.0",,"  82.0"," ","  48.9"," "," 12.0",," 0.00","G","1007.7","23","999.9",,"990.0","24","  63.4","24"
"72429793812","CINCINNATI MUNICIPAL AIRPORT LUNKEN FIELD, OH US","39.106","-84.41609","144.8","2021-04-09","  49.8","24","100000",," 25.1",,"  80.1"," ","  48.0"," "," 18.1",," 0.10","G","1009.2","20","999.9",,"991.1","24","  62.2","24"
"72429793812","CINCINNATI MUNICIPAL AIRPORT LUNKEN FIELD, OH US","39.106","-84.41609","144.8","2021-04-10","  53.4","24","010000",," 22.0",,"  80.1"," ","  48.0"," "," 18.1",," 0.00","G","1005.8","23","999.9",,"988.4","24","  60.8","24"
"72429793812","CINCINNATI MUNICIPAL AIRPORT LUNKEN FIELD, OH US","39.106","-84.41609","144.8","2021-04-11","  47.1","24","010000",," 22.0",,"  71.1"," ","  48.9"," "," 14.0",," 0.58","G"," 998.5","23","999.9",,"980.9","24","  53.1","24"
"72429793812","CINCINNATI MUNICIPAL AIRPORT LUNKEN FIELD, OH US","39.106","-84.41609","144.8","2021-04-12","  46.4","24","010000",," 21.0",,"  66.9"," ","  48.9"," "," 13.0",," 0.10","G","1007.2","22","999.9",,"988.5","24","  54.5","24"
"72429793812","CINCINNATI MUNICIPAL AIRPORT LUNKEN FIELD, OH US","39.106","-84.41609","144.8","2021-04-13","  41.3","24","100000",,"999.9",,"  68.0"," ","  39.0"," ","  9.9",," 0.00","G","1018.7","19","999.9",,"000.4","24","  52.9","24"
"72429793812","CINCINNATI MUNICIPAL AIRPORT LUNKEN FIELD, OH US","39.106","-84.41609","144.8","2021-04-14","  41.5","24","000000",,"999.9",,"  68.0"," ","  39.0"," ","  9.9",," 0.00","G","1019.0","24","999.9",,"001.0","24","  54.4","24"
"72429793812","CINCINNATI MUNICIPAL AIRPORT LUNKEN FIELD, OH US","39.106","-84.41609","144.8","2021-04-15","  33.3","24","000000",," 18.1",,"  63.0"," ","  42.1"," "," 11.1",," 0.00","G","1015.6","24","999.9",,"997.5","24","  48.7","24"
"72429793812","CINCINNATI MUNICIPAL AIRPORT LUNKEN FIELD, OH US","39.106","-84.41609","144.8","2021-04-16","  34.6","24","100000",," 15.0",,"  62.1"," ","  32.0"," ","  9.9",," 0.00","G","1015.0","22","999.9",,"996.9","24","  47.5","24"
"72429793812","CINCINNATI MUNICIPAL AIRPORT LUNKEN FIELD, OH US","39.106","-84.41609","144.8","2021-04-17","  41.3","24","010000",,"999.9",,"  62.1"," ","  32.0"," ","  7.0",," 0.00","G","1012.9","23","999.9",,"994.9","24","  47.8","24"
"72429793812","CINCINNATI MUNICIPAL AIRPORT LUNKEN FIELD, OH US","39.106","-84.41609","144.8","2021-04-18","  34.7","24","100000",," 21.0",,"  66.0"," ","  34.0"," "," 11.1",," 0.00","G","1013.4","17","999.9",,"995.5","24","  48.4","24"
"72429793812","CINCINNATI MUNICIPAL AIRPORT LUNKEN FIELD, OH US","39.106","-84.41609","144.8","2021-04-19","  39.2","24","000000",," 22.0",,"  68.0"," ","  34.0"," "," 14.0",," 0.00","G","1012.5","24","999.9",,"994.6","24","  54.6","24"
"72429793812","CINCINNATI MUNICIPAL AIRPORT LUNKEN FIELD, OH US","39.106","-84.41609","144.8","2021-04-20","  40.2","24","010000",," 17.1",,"  69.1"," ","  39.0"," "," 14.0",," 0.00","G","1014.0","23","999.9",,"996.0","24","  52.0","24"
"72429793812","CINCINNATI MUNICIPAL AIRPORT LUNKEN FIELD, OH US","39.106","-84.41609","144.8","2021-04-21","  29.9","24","011000",," 28.9",,"  48.0","*","  33.1","*"," 22.0",," 0.39","G","1019.2","18","999.9",,"000.5","24","  37.9","24"
"72429793812","CINCINNATI MUNICIPAL AIRPORT LUNKEN FIELD, OH US","39.106","-84.41609","144.8","2021-04-22","  28.8","24","110000",," 19.0",,"  54.0","*","  28.0","*"," 12.0",," 0.05","G","1021.5","20","999.9",,"003.0","24","  41.2","24"
"72429793812","CINCINNATI MUNICIPAL AIRPORT LUNKEN FIELD, OH US","39.106","-84.41609","144.8","2021-04-23","  31.2","24","000000",," 15.9",,"  61.0"," ","  28.0"," "," 12.0",," 0.00","G","1021.5","24","999.9",,"003.2","24","  44.0","24"
"72429793812","CINCINNATI MUNICIPAL AIRPORT LUNKEN FIELD, OH US","39.106","-84.41609","144.8","2021-04-24","  42.9","24","010000",,"999.9",,"  61.0"," ","  30.0"," ","  7.0",," 0.00","G","1014.0","24","999.9",,"995.9","24","  48.7","24"
"72429793812","CINCINNATI MUNICIPAL AIRPORT LUNKEN FIELD, OH US","39.106","-84.41609","144.8","2021-04-25","  42.5","24","100000",," 15.9",,"  64.9","*","  37.4","*"," 11.1",," 0.23","G","1015.1","16","999.9",,"996.4","24","  52.0","24"
"72429793812","CINCINNATI MUNICIPAL AIRPORT LUNKEN FIELD, OH US","39.106","-84.41609","144.8","2021-04-26","  39.0","24","100000",," 19.0",,"  73.9"," ","  35.1"," "," 11.1",," 0.00","G","1019.1","22","999.9",,"001.1","24","  53.1","24"
"72429793812","CINCINNATI MUNICIPAL AIRPORT LUNKEN FIELD, OH US","39.106","-84.41609","144.8","2021-04-27","  48.5","24","000000",," 26.0",,"  82.0"," ","  35.1"," "," 19.0",," 0.00","G","1014.1","24","999.9",,"996.3","24","  63.3","24"
"72429793812","CINCINNATI MUNICIPAL AIRPORT LUNKEN FIELD, OH US","39.106","-84.41609","144.8","2021-04-28","  62.3","16","010010",," 17.1",,"  81.0","*","  60.1","*"," 14.0",," 0.00","G","1013.4","23","999.9",,"995.8","24","  69.0","24"
"72429793812","CINCINNATI MUNICIPAL AIRPORT LUNKEN FIELD, OH US","39.106","-84.41609","144.8","2021-04-29","  64.5","24","010000",," 24.1",,"  82.0"," ","  60.1"," "," 17.1",," 0.78","G","1009.3","17","999.9",,"991.4","24","  66.6","24"
"72429793812","CINCINNATI MUNICIPAL AIRPORT LUNKEN FIELD, OH US","39.106","-84.41609","144.8","2021-04-30","  45.0","24","000000",," 33.0",,"  73.0"," ","  50.0"," "," 21.0",," 0.57","G","1016.1","24","999.9",,"998.2","24","  60.3","24"
"72429793812","CINCINNATI MUNICIPAL AIRPORT LUNKEN FIELD, OH US","39.106","-84.41609","144.8","2021-05-01","  35.8","24","000000",," 18.1",,"  72.0"," ","  33.1"," "," 14.0",," 0.00","G","1020.2","24","999.9",,"002.1","24","  52.7","24"
"72429793812","CINCINNATI MUNICIPAL AIRPORT LUNKEN FIELD, OH US","39.106","-84.41609","144.8","2021-05-02","  49.3","24","010000",,"999.9",,"  77.0","*","  52.0","*"," 13.0",," 0.00","G","1011.5","24","999.9",,"993.8","24","  64.9","24"
"72429793812","CINCINNATI MUNICIPAL AIRPORT LUNKEN FIELD, OH US","39.106","-84.41609","144.8","2021-05-03","  60.7","24","010000",," 20.0",,"  78.1"," ","  51.1"," "," 12.0",," 0.46","G","1005.7","19","999.9",,"987.7","24","  64.7","24"
"72429793812","CINCINNATI MUNICIPAL AIRPORT LUNKEN FIELD, OH US","39.106","-84.41609","144.8","2021-05-04","  63.2","24","010010",," 25.1",,"  77.0"," ","  57.0"," "," 17.1",," 0.05","G","1006.3","16","999.9",,"989.0","24","  65.7","24"
"72429793812","CINCINNATI MUNICIPAL AIRPORT LUNKEN FIELD, OH US","39.106","-84.41609","144.8","2021-05-05","  47.4","24","010000",," 19.0",,"  75.9"," ","  51.1"," "," 13.0",," 0.67","G","1014.5","21","999.9",,"996.0","24","  57.2","24"
"72429793812","CINCINNATI MUNICIPAL AIRPORT LUNKEN FIELD, OH US","39.106","-84.41609","144.8","2021-05-06","  41.3","24","010000",,"999.9",,"  64.9"," ","  36.0"," ","  8.9",," 0.05","G","1019.5","19","999.9",,"001.7","24","  50.9","24"
"72429793812","CINCINNATI MUNICIPAL AIRPORT LUNKEN FIELD, OH US","39.106","-84.41609","144.8","2021-05-07","  43.3","24","010000",," 22.0",,"  64.9"," ","  36.0"," "," 12.0",," 0.14","G","1016.5","19","999.9",,"998.3","24","  52.8","24"
"72429793812","CINCINNATI MUNICIPAL AIRPORT LUNKEN FIELD, OH US","39.106","-84.41609","144.8","2021-05-08","  36.7","24","010010",," 15.0",,"  64.0"," ","  36.0"," ","  8.0",," 0.16","G","1018.7","23","999.9",,"000.5","24","  50.2","24"
"72429793812","CINCINNATI MUNICIPAL AIRPORT LUNKEN FIELD, OH US","39.106","-84.41609","144.8","2021-05-09","  47.2","24","010010",," 29.9",,"  66.0"," ","  36.0"," "," 22.0",," 0.04","G","1012.4","19","999.9",,"992.8","24","  53.1","24"
"72429793812","CINCINNATI MUNICIPAL AIRPORT LUNKEN FIELD, OH US","39.106","-84.41609","144.8","2021-05-10","  39.1","24","000000",," 18.1",,"  66.0"," ","  37.0"," "," 12.0",," 0.75","G","1019.1","22","999.9",,"000.8","24","  49.6","24"
"72429793812","CINCINNATI MUNICIPAL AIRPORT LUNKEN FIELD, OH US","39.106","-84.41609","144.8","2021-05-11","  39.6","24","000000",," 19.0",,"  64.0"," ","  37.0"," "," 11.1",," 0.00","G","1023.4","22","999.9",,"005.1","24","  51.3","24"
"72429793812","CINCINNATI MUNICIPAL AIRPORT LUNKEN FIELD, OH US","39.106","-84.41609","144.8","2021-05-12","  36.2","24","000000",," 19.0",,"  64.0"," ","  37.9"," "," 15.0",," 0.00","G","1028.0","24","999.9",,"009.7","24","  52.1","24"
"72429793812","CINCINNATI MUNICIPAL AIRPORT LUNKEN FIELD, OH US","39.106","-84.41609","144.8","2021-05-13","  36.2","24","000000",," 18.1",,"  68.0"," ","  36.0"," ","  9.9",," 0.00","G","1028.2","23","999.9",,"010.0","24","  52.4","24"
"72429793812","CINCINNATI MUNICIPAL AIRPORT LUNKEN FIELD, OH US","39.106","-84.41609","144.8","2021-05-14","  37.1","23","000000",,"999.9",,"  71.1"," ","  36.0"," ","  6.0",," 0.00","G","1026.8","24","999.9",,"008.6","24","  54.6","24"
"72429793812","CINCINNATI MUNICIPAL AIRPORT LUNKEN FIELD, OH US","39.106","-84.41609","144.8","2021-05-15","  39.7","24","100000",,"999.9",,"  73.0"," ","  37.0"," ","  8.0",," 0.00","G","1025.0","23","999.9",,"007.0","24","  56.4","24"
"72429793812","CINCINNATI MUNICIPAL AIRPORT LUNKEN FIELD, OH US","39.106","-84.41609","144.8","2021-05-16","  49.3","24","000000",,"999.9",,"  73.0"," ","  39.0"," ","  7.0",," 0.00","G","1022.7","24","999.9",,"004.8","24","  61.8","24"
"72429793812","CINCINNATI MUNICIPAL AIRPORT LUNKEN FIELD, OH US","39.106","-84.41609","144.8","2021-05-17","  54.7","24","010010",,"999.9",,"  71.1"," ","  51.1"," ","  8.9",," 0.33","G","1022.6","18","999.9",,"004.8","24","  58.5","24"
"72429793812","CINCINNATI MUNICIPAL AIRPORT LUNKEN FIELD, OH US","39.106","-84.41609","144.8","2021-05-18","  57.4","24","010000",,"999.9",,"  79.0"," ","  51.1"," ","  8.0",," 0.49","G","1024.5","19","999.9",,"006.6","24","  65.2","24"
"72429793812","CINCINNATI MUNICIPAL AIRPORT LUNKEN FIELD, OH US","39.106","-84.41609","144.8","2021-05-19","  59.0","24","100000",,"999.9",,"  82.0","*","  53.6","*","  8.0",," 0.00","G","1025.1","19","999.9",,"007.1","24","  68.2","24"
"72429793812","CINCINNATI MUNICIPAL AIRPORT LUNKEN FIELD, OH US","39.106","-84.41609","144.8","2021-05-20","  59.1","24","100000",,"999.9",,"  86.0"," ","  54.0"," ","  8.9",," 0.00","G","1025.9","17","999.9",,"007.9","24","  70.9","24"
"72429793812","CINCINNATI MUNICIPAL AIRPORT LUNKEN FIELD, OH US","39.106","-84.41609","144.8","2021-05-21","  58.7","24","100000",,"999.9",,"  86.0"," ","  55.0"," "," 14.0",," 0.00","G","1029.3","17","999.9",,"010.8","24","  71.1","24"
"72429793812","CINCINNATI MUNICIPAL AIRPORT LUNKEN FIELD, OH US","39.106","-84.41609","144.8","2021-05-22","  59.1","24","100000",,"999.9",,"  86.0"," ","  55.0"," ","  6.0",," 0.00","G","1028.3","18","999.9",,"010.7","24","  71.0","24"
"72429793812","CINCINNATI MUNICIPAL AIRPORT LUNKEN FIELD, OH US","39.106","-84.41609","144.8","2021-05-23","  59.9","24","100000",," 15.9",,"  86.0"," ","  55.9"," ","  8.9",," 0.00","G","1023.4","21","999.9",,"005.8","24","  71.5","24"
"72429793812","CINCINNATI MUNICIPAL AIRPORT LUNKEN FIELD, OH US","39.106","-84.41609","144.8","2021-05-24","  62.9","24","000000",,"999.9",,"  88.0"," ","  55.9"," ","  9.9",," 0.00","G","1020.7","23","999.9",,"003.0","24","  76.0","24"
"72429793812","CINCINNATI MUNICIPAL AIRPORT LUNKEN FIELD, OH US","39.106","-84.41609","144.8","2021-05-25","  62.5","24","100000",," 19.0",,"  88.0"," ","  60.1"," "," 14.0",," 0.00","G","1019.6","15","999.9",,"002.2","24","  74.5","24"
"72429793812","CINCINNATI MUNICIPAL AIRPORT LUNKEN FIELD, OH US","39.106","-84.41609","144.8","2021-05-26","  64.8","24","110000",," 27.0",,"  88.0"," ","  60.1"," "," 22.0",," 0.00","G","1017.6","17","999.9",,"000.1","24","  70.9","24"
"72429793812","CINCINNATI MUNICIPAL AIRPORT LUNKEN FIELD, OH US","39.106","-84.41609","144.8","2021-05-27","  63.6","24","110000",," 15.9",,"  82.0"," ","  57.9"," ","  8.0",," 0.41","G","1018.2","13","999.9",,"000.3","24","  70.6","24"
"72429793812","CINCINNATI MUNICIPAL AIRPORT LUNKEN FIELD, OH US","39.106","-84.41609","144.8","2021-05-28","  62.3","24","010000",," 27.0",,"  81.0"," ","  53.1"," "," 21.0",," 0.01","G","1010.7","18","999.9",,"992.6","24","  66.1","24"
"72429793812","CINCINNATI MUNICIPAL AIRPORT LUNKEN FIELD, OH US","39.106","-84.41609","144.8","2021-05-29","  44.3","24","010000",," 20.0",,"  55.9","*","  48.2","*"," 12.0",," 0.43","G","1016.5","20","999.9",,"998.2","24","  51.4","24"
"72429793812","CINCINNATI MUNICIPAL AIRPORT LUNKEN FIELD, OH US","39.106","-84.41609","144.8","2021-05-30","  43.4","24","000000",,"999.9",,"  64.0"," ","  39.9"," ","  8.9",," 0.00","G","1023.4","23","999.9",,"005.3","24","  53.0","24"
"72429793812","CINCINNATI MUNICIPAL AIRPORT LUNKEN FIELD, OH US","39.106","-84.41609","144.8","2021-05-31","  47.7","24","100000",,"999.9",,"  73.9"," ","  39.9"," ","  8.9",," 0.00","G","1025.8","17","999.9",,"008.1","24","  57.3","24"
"72429793812","CINCINNATI MUNICIPAL AIRPORT LUNKEN FIELD, OH US","39.106","-84.41609","144.8","2021-06-01","  54.9","24","000000",,"999.9",,"  75.9"," ","  44.1"," ","  8.0",," 0.00","G","1023.1","24","999.9",,"005.2","24","  63.5","24"
"72429793812","CINCINNATI MUNICIPAL AIRPORT LUNKEN FIELD, OH US","39.106","-84.41609","144.8","2021-06-02","  61.8","24","010000",,"999.9",,"  75.9"," ","  53.1"," ","  9.9",," 0.05","G","1018.7","20","999.9",,"000.2","24","  64.5","24"
"72429793812","CINCINNATI MUNICIPAL AIRPORT LUNKEN FIELD, OH US","39.106","-84.41609","144.8","2021-06-03","  63.5","24","010010",,"999.9",,"  73.0"," ","  61.0"," "," 12.0",," 0.54","G","1013.2","13","999.9",,"995.5","24","  66.5","24"
"72429793812","CINCINNATI MUNICIPAL AIRPORT LUNKEN FIELD, OH US","39.106","-84.41609","144.8","2021-06-04","  60.0","24","100000",,"999.9",,"  87.1"," ","  55.9"," ","  8.9",," 0.23","G","1015.7","16","999.9",,"998.0","24","  69.9","24"
"72429793812","CINCINNATI MUNICIPAL AIRPORT LUNKEN FIELD, OH US","39.106","-84.41609","144.8","2021-06-05","  60.1","24","100000",,"999.9",,"  87.1"," ","  55.9"," ","  9.9",," 0.00","G","1016.5","20","999.9",,"999.0","24","  71.6","24"
"72429793812","CINCINNATI MUNICIPAL AIRPORT LUNKEN FIELD, OH US","39.106","-84.41609","144.8","2021-06-06","  63.9","24","010000",," 31.1",,"  86.0"," ","  55.9"," "," 21.0",," 0.00","G","1017.0","19","999.9",,"999.3","24","  71.1","24"
"72429793812","CINCINNATI MUNICIPAL AIRPORT LUNKEN FIELD, OH US","39.106","-84.41609","144.8","2021-06-07","  68.2","24","010000",,"999.9",,"  84.9"," ","  59.0"," "," 12.0",," 0.87","G","1016.5","20","999.9",,"999.0","24","  73.2","24"
"72429793812","CINCINNATI MUNICIPAL AIRPORT LUNKEN FIELD, OH US","39.106","-84.41609","144.8","2021-06-08","  68.2","24","110000",,"999.9",,"  82.0"," ","  64.9"," ","  8.9",," 0.12","G","1017.9","19","999.9",,"000.1","24","  73.6","24"
"72429793812","CINCINNATI MUNICIPAL AIRPORT LUNKEN FIELD, OH US","39.106","-84.41609","144.8","2021-06-09","  69.6","24","010000",,"999.9",,"  82.0"," ","  64.9"," ","  8.9",," 0.23","G","1017.6","18","999.9",,"999.9","24","  72.3","24"
"72429793812","CINCINNATI MUNICIPAL AIRPORT LUNKEN FIELD, OH US","39.106","-84.41609","144.8","2021-06-10","  68.9","24","000000",,"999.9",,"  84.0"," ","  69.1"," ","  5.1",," 0.09","G","1013.6","19","999.9",,"996.5","24","  74.5","24"
"72429793812","CINCINNATI MUNICIPAL AIRPORT LUNKEN FIELD, OH US","39.106","-84.41609","144.8","2021-06-11","  70.7","24","010010",,"999.9",,"  86.0"," ","  69.1"," ","  8.0",," 0.00","G","1010.1","14","999.9",,"992.0","24","  75.9","24"
"72429793812","CINCINNATI MUNICIPAL AIRPORT LUNKEN FIELD, OH US","39.106","-84.41609","144.8","2021-06-12","  70.0","24","100000",,"999.9",,"  91.9"," ","  68.0"," ","  5.1",," 0.00","G","1009.6","17","999.9",,"992.3","24","  77.5","24"
"72429793812","CINCINNATI MUNICIPAL AIRPORT LUNKEN FIELD, OH US","39.106","-84.41609","144.8","2021-06-13","  69.6","24","000000",," 18.1",,"  91.9"," ","  68.0"," "," 13.0",," 0.00","G","1010.9","23","999.9",,"993.5","24","  79.5","24"
"72429793812","CINCINNATI MUNICIPAL AIRPORT LUNKEN FIELD, OH US","39.106","-84.41609","144.8","2021-06-14","  59.0","24","100000",," 27.0",,"  90.0"," ","  59.0"," "," 15.9",," 0.00","G","1011.4","22","999.9",,"994.0","24","  75.7","24"
"72429793812","CINCINNATI MUNICIPAL AIRPORT LUNKEN FIELD, OH US","39.106","-84.41609","144.8","2021-06-15","  53.2","24","000000",," 20.0",,"  90.0"," ","  57.0"," "," 12.0",," 0.00","G","1015.0","24","999.9",,"997.4","24","  72.8","24"
"72429793812","CINCINNATI MUNICIPAL AIRPORT LUNKEN FIELD, OH US","39.106","-84.41609","144.8","2021-06-16","  51.2","24","000000",,"999.9",,"  82.0"," ","  55.0"," ","  7.0",," 0.00","G","1017.3","24","999.9",,"999.7","24","  69.5","24"
"72429793812","CINCINNATI MUNICIPAL AIRPORT LUNKEN FIELD, OH US","39.106","-84.41609","144.8","2021-06-17","  55.2","24","000000",,"999.9",,"  84.0"," ","  53.1"," ","  8.9",," 0.00","G","1016.9","24","999.9",,"999.2","24","  69.3","24"
"72429793812","CINCINNATI MUNICIPAL AIRPORT LUNKEN FIELD, OH US","39.106","-84.41609","144.8","2021-06-18","  64.8","24","010010",," 25.1",,"  89.1"," ","  53.1"," "," 19.0",," 0.00","G","1013.8","24","999.9",,"996.2","24","  72.9","24"
"72429793812","CINCINNATI MUNICIPAL AIRPORT LUNKEN FIELD, OH US","39.106","-84.41609","144.8","2021-06-19","  66.1","24","010010",," 25.1",,"  89.1"," ","  61.0"," "," 19.0",," 0.20","G","1012.0","15","999.9",,"995.4","24","  72.2","24"
"72429793812","CINCINNATI MUNICIPAL AIRPORT LUNKEN FIELD, OH US","39.106","-84.41609","144.8","2021-06-20","  69.8","24","000000",," 15.9",,"  88.0"," ","  64.9"," "," 12.0",," 1.31","G","1008.8","24","999.9",,"991.4","24","  77.8","24"
"72429793812","CINCINNATI MUNICIPAL AIRPORT LUNKEN FIELD, OH US","39.106","-84.41609","144.8","2021-06-21","  68.6","24","010010",," 28.0",,"  88.0"," ","  68.0"," "," 18.1",," 0.00","G","1005.3","23","999.9",,"987.9","24","  77.7","24"
"72429793812","CINCINNATI MUNICIPAL AIRPORT LUNKEN FIELD, OH US","39.106","-84.41609","144.8","2021-06-22","  49.6","24","010000",," 24.1",,"  84.9"," ","  59.0"," "," 17.1",," 0.08","G","1013.9","24","999.9",,"996.2","24","  66.0","24"
"72429793812","CINCINNATI MUNICIPAL AIRPORT LUNKEN FIELD, OH US","39.106","-84.41609","144.8","2021-06-23","  49.5","24","000000",,"999.9",,"  75.9"," ","  48.9"," ","  9.9",," 0.03","G","1021.1","24","999.9",,"003.2","24","  62.6","24"
"72429793812","CINCINNATI MUNICIPAL AIRPORT LUNKEN FIELD, OH US","39.106","-84.41609","144.8","2021-06-24","  58.3","24","000000",," 17.1",,"  82.9"," ","  48.9"," "," 15.0",," 0.00","G","1020.7","24","999.9",,"002.9","24","  68.6","24"
"72429793812","CINCINNATI MUNICIPAL AIRPORT LUNKEN FIELD, OH US","39.106","-84.41609","144.8","2021-06-25","  66.8","24","010000",," 18.1",,"  82.9"," ","  53.1"," "," 13.0",," 0.00","G","1018.4","24","999.9",,"000.8","24","  74.4","24"
"72429793812","CINCINNATI MUNICIPAL AIRPORT LUNKEN FIELD, OH US","39.106","-84.41609","144.8","2021-06-26","  67.6","24","000000",," 24.1",,"  86.0"," ","  68.0"," "," 17.1",," 0.00","G","1017.0","24","999.9",,"999.4","24","  77.4","24"
"72429793812","CINCINNATI MUNICIPAL AIRPORT LUNKEN FIELD, OH US","39.106","-84.41609","144.8","2021-06-27","  67.7","24","000000",," 20.0",,"  89.1"," ","  68.0"," "," 14.0",," 0.00","G","1017.6","24","999.9",,"000.0","24","  78.3","24"
"72429793812","CINCINNATI MUNICIPAL AIRPORT LUNKEN FIELD, OH US","39.106","-84.41609","144.8","2021-06-28","  70.3","24","010010",,"999.9",,"  91.0"," ","  66.9"," ","  7.0",," 0.00","G","1020.8","23","999.9",,"003.3","24","  78.9","24"
"72429793812","CINCINNATI MUNICIPAL AIRPORT LUNKEN FIELD, OH US","39.106","-84.41609","144.8","2021-06-29","  72.2","24","110010",,"999.9",,"  93.0"," ","  66.9"," "," 11.1",," 0.00","G","1021.4","22","999.9",,"004.0","23","  81.3","24"
"72429793812","CINCINNATI MUNICIPAL AIRPORT LUNKEN FIELD, OH US","39.106","-84.41609","144.8","2021-06-30","  70.5","24","010010",," 27.0",,"  93.0"," ","  69.1"," "," 17.1",," 0.00","G","1019.8","20","999.9",,"002.0","24","  77.3","24"
"72429793812","CINCINNATI MUNICIPAL AIRPORT LUNKEN FIELD, OH US","39.106","-84.41609","144.8","2021-07-01","  69.5","24","110010",," 25.1",,"  86.0"," ","  68.0"," "," 12.0",," 2.58","G","1013.8","14","999.9",,"997.0","24","  71.9","24"
"72429793812","CINCINNATI MUNICIPAL AIRPORT LUNKEN FIELD, OH US","39.106","-84.41609","144.8","2021-07-02","  58.8","24","110000",," 18.1",,"  79.0"," ","  61.0"," "," 13.0",," 0.14","G","1014.5","21","999.9",,"996.7","24","  69.7","24"
"72429793812","CINCINNATI MUNICIPAL AIRPORT LUNKEN FIELD, OH US","39.106","-84.41609","144.8","2021-07-03","  55.7","24","000000",,"999.9",,"  81.0"," ","  54.0"," ","  9.9",," 0.00","G","1015.6","24","999.9",,"997.9","24","  67.5","24"
"72429793812","CINCINNATI MUNICIPAL AIRPORT LUNKEN FIELD, OH US","39.106","-84.41609","144.8","2021-07-04","  62.0","24","000000",," 15.9",,"  89.1"," ","  54.0"," "," 11.1",," 0.00","G","1014.2","24","999.9",,"996.7","24","  76.8","24"
"72429793812","CINCINNATI MUNICIPAL AIRPORT LUNKEN FIELD, OH US","39.106","-84.41609","144.8","2021-07-05","  69.6","24","100000",,"999.9",,"  89.1"," ","  64.9"," ","  7.0",," 0.00","G","1016.6","21","999.9",,"999.1","24","  78.7","24"
"72429793812","CINCINNATI MUNICIPAL AIRPORT LUNKEN FIELD, OH US","39.106","-84.41609","144.8","2021-07-06","  70.1","24","010010",," 24.1",,"  91.0"," ","  66.9"," "," 15.0",," 0.00","G","1017.7","18","999.9",,"000.3","24","  79.2","24"
"72429793812","CINCINNATI MUNICIPAL AIRPORT LUNKEN FIELD, OH US","39.106","-84.41609","144.8","2021-07-07","  69.0","24","010010",,"999.9",,"  91.0"," ","  66.9"," "," 13.0",," 0.03","G","1015.3","19","999.9",,"998.1","24","  77.3","24"
"72429793812","CINCINNATI MUNICIPAL AIRPORT LUNKEN FIELD, OH US","39.106","-84.41609","144.8","2021-07-08","  69.2","24","000000",,"999.9",,"  89.1"," ","  68.0"," ","  9.9",," 0.03","G","1012.5","21","999.9",,"995.0","24","  75.5","24"
"72429793812","CINCINNATI MUNICIPAL AIRPORT LUNKEN FIELD, OH US","39.106","-84.41609","144.8","2021-07-09","  62.2","24","000000",," 15.0",,"  84.0"," ","  66.9"," "," 11.1",," 0.00","G","1015.6","20","999.9",,"997.7","24","  72.0","24"
"72429793812","CINCINNATI MUNICIPAL AIRPORT LUNKEN FIELD, OH US","39.106","-84.41609","144.8","2021-07-10","  63.2","24","010010",," 28.9",,"  79.0"," ","  57.9"," "," 12.0",," 0.00","G","1016.7","21","999.9",,"998.9","24","  68.1","24"
"72429793812","CINCINNATI MUNICIPAL AIRPORT LUNKEN FIELD, OH US","39.106","-84.41609","144.8","2021-07-11","  68.8","24","010000",,"999.9",,"  82.9"," ","  57.9"," "," 11.1",," 0.68","G","1011.9","16","999.9",,"994.3","24","  73.9","24"
"72429793812","CINCINNATI MUNICIPAL AIRPORT LUNKEN FIELD, OH US","39.106","-84.41609","144.8","2021-07-12","  70.8","24","010000",,"999.9",,"  84.9"," ","  69.1"," "," 12.0",," 0.50","G","1015.8","16","999.9",,"998.4","24","  76.1","24"
"72429793812","CINCINNATI MUNICIPAL AIRPORT LUNKEN FIELD, OH US","39.106","-84.41609","144.8","2021-07-13","  70.3","24","110010",," 39.0",,"  84.9"," ","  70.0"," "," 28.9",," 0.38","G","1018.6","19","999.9",,"001.0","24","  74.6","24"
"72429793812","CINCINNATI MUNICIPAL AIRPORT LUNKEN FIELD, OH US","39.106","-84.41609","144.8","2021-07-14","  68.3","24","000000",,"999.9",,"  86.0"," ","  66.0"," ","  8.9",," 1.30","G","1021.4","20","999.9",,"004.0","24","  75.2","24"
"72429793812","CINCINNATI MUNICIPAL AIRPORT LUNKEN FIELD, OH US","39.106","-84.41609","144.8","2021-07-15","  70.0","24","000000",," 17.1",,"  89.1"," ","  66.0"," "," 14.0",," 0.00","G","1018.8","22","999.9",,"001.4","24","  77.8","24"
"72429793812","CINCINNATI MUNICIPAL AIRPORT LUNKEN FIELD, OH US","39.106","-84.41609","144.8","2021-07-16","  70.5","24","010010",," 33.0",,"  89.1"," ","  66.0"," "," 15.0",," 0.00","G","1016.4","21","999.9",,"998.9","24","  76.6","24"
"72429793812","CINCINNATI MUNICIPAL AIRPORT LUNKEN FIELD, OH US","39.106","-84.41609","144.8","2021-07-17","  69.5","24","010010",,"999.9",,"  89.1"," ","  69.1"," ","  9.9",," 1.08","G","1016.5","14","999.9",,"998.8","24","  75.6","24"
"72429793812","CINCINNATI MUNICIPAL AIRPORT LUNKEN FIELD, OH US","39.106","-84.41609","144.8","2021-07-18","  64.5","24","000000",,"999.9",,"  84.0"," ","  64.0"," ","  8.9",," 0.03","G","1021.0","24","999.9",,"003.4","24","  73.6","24"
"72429793812","CINCINNATI MUNICIPAL AIRPORT LUNKEN FIELD, OH US","39.106","-84.41609","144.8","2021-07-19","  63.9","24","100000",,"999.9",,"  84.9"," ","  61.0"," ","  8.0",," 0.00","G","1020.0","21","999.9",,"002.3","24","  72.9","24"
"72429793812","CINCINNATI MUNICIPAL AIRPORT LUNKEN FIELD, OH US","39.106","-84.41609","144.8","2021-07-20","  64.7","24","000000",,"999.9",,"  87.1"," ","  61.0"," ","  8.0",," 0.00","G","1017.2","24","999.9",,"999.6","24","  73.9","24"
"72429793812","CINCINNATI MUNICIPAL AIRPORT LUNKEN FIELD, OH US","39.106","-84.41609","144.8","2021-07-21","  64.1","24","000000",," 14.0",,"  87.1"," ","  62.1"," ","  8.9",," 0.00","G","1017.2","22","999.9",,"999.6","24","  73.1","24"
"72429793812","CINCINNATI MUNICIPAL AIRPORT LUNKEN FIELD, OH US","39.106","-84.41609","144.8","2021-07-22","  59.5","24","100000",,"999.9",,"  82.9"," ","  57.9"," ","  6.0",," 0.00","G","1022.0","22","999.9",,"004.3","24","  70.4","24"
"72429793812","CINCINNATI MUNICIPAL AIRPORT LUNKEN FIELD, OH US","39.106","-84.41609","144.8","2021-07-23","  62.3","24","000000",,"999.9",,"  84.9"," ","  57.9"," ","  6.0",," 0.00","G","1021.7","24","999.9",,"004.0","24","  71.5","24"
"72429793812","CINCINNATI MUNICIPAL AIRPORT LUNKEN FIELD, OH US","39.106","-84.41609","144.8","2021-07-24","  65.5","24","000000",,"999.9",,"  86.0"," ","  60.1"," "," 12.0",," 0.00","G","1017.4","22","999.9",,"999.8","24","  74.0","24"
"72429793812","CINCINNATI MUNICIPAL AIRPORT LUNKEN FIELD, OH US","39.106","-84.41609","144.8","2021-07-25","  71.5","24","000000",,"999.9",,"  90.0"," ","  61.0"," ","  8.0",," 0.00","G","1013.1","22","999.9",,"995.7","24","  80.4","24"
"72429793812","CINCINNATI MUNICIPAL AIRPORT LUNKEN FIELD, OH US","39.106","-84.41609","144.8","2021-07-26","  68.6","24","010000",,"999.9",,"  91.9"," ","  69.1"," ","  9.9",," 0.05","G","1014.5","24","999.9",,"997.0","24","  79.7","24"
"72429793812","CINCINNATI MUNICIPAL AIRPORT LUNKEN FIELD, OH US","39.106","-84.41609","144.8","2021-07-27","  63.8","24","100000",,"999.9",,"  91.9"," ","  61.0"," ","  8.0",," 0.00","G","1017.0","22","999.9",,"999.4","24","  76.0","24"
"72429793812","CINCINNATI MUNICIPAL AIRPORT LUNKEN FIELD, OH US","39.106","-84.41609","144.8","2021-07-28","  67.8","24","000000",,"999.9",,"  91.0"," ","  61.0"," ","  8.9",," 0.00","G","1017.1","20","999.9",,"999.6","24","  77.2","24"
"72429793812","CINCINNATI MUNICIPAL AIRPORT LUNKEN FIELD, OH US","39.106","-84.41609","144.8","2021-07-29","  71.3","24","110000",," 22.0",,"  91.0"," ","  64.0"," "," 18.1",," 0.00","G","1014.4","21","999.9",,"997.0","24","  78.1","24"
"72429793812","CINCINNATI MUNICIPAL AIRPORT LUNKEN FIELD, OH US","39.106","-84.41609","144.8","2021-07-30","  67.3","24","000000",,"999.9",,"  90.0"," ","  68.0"," ","  9.9",," 0.00","G","1014.9","22","999.9",,"997.5","24","  80.0","24"
"72429793812","CINCINNATI MUNICIPAL AIRPORT LUNKEN FIELD, OH US","39.106","-84.41609","144.8","2021-07-31","  61.5","24","010000",,"999.9",,"  86.0"," ","  64.0"," "," 11.1",," 0.00","G","1016.6","24","999.9",,"999.0","24","  70.7","24"
"72429793812","CINCINNATI MUNICIPAL AIRPORT LUNKEN FIELD, OH US","39.106","-84.41609","144.8","2021-08-01","  59.9","24","010000",," 31.1",,"  82.0"," ","  57.0"," "," 18.1",," 0.00","G","1014.3","22","999.9",,"996.6","24","  69.0","24"
"72429793812","CINCINNATI MUNICIPAL AIRPORT LUNKEN FIELD, OH US","39.106","-84.41609","144.8","2021-08-02","  56.6","24","000000",,"999.9",,"  82.0"," ","  54.0"," ","  8.0",," 0.19","G","1018.6","22","999.9",,"000.9","24","  67.6","24"
"72429793812","CINCINNATI MUNICIPAL AIRPORT LUNKEN FIELD, OH US","39.106","-84.41609","144.8","2021-08-03","  56.4","24","100000",,"999.9",,"  82.9"," ","  54.0"," ","  9.9",," 0.00","G","1018.1","22","999.9",,"000.4","24","  68.6","24"
"72429793812","CINCINNATI MUNICIPAL AIRPORT LUNKEN FIELD, OH US","39.106","-84.41609","144.8","2021-08-04","  57.3","24","000000",,"999.9",,"  82.9"," ","  55.0"," ","  9.9",," 0.00","G","1018.3","24","999.9",,"000.6","24","  68.5","24"
"72429793812","CINCINNATI MUNICIPAL AIRPORT LUNKEN FIELD, OH US","39.106","-84.41609","144.8","2021-08-05","  61.4","24","000000",,"999.9",,"  87.1"," ","  55.9"," ","  7.0",," 0.00","G","1019.2","23","999.9",,"001.5","24","  72.0","24"
"72429793812","CINCINNATI MUNICIPAL AIRPORT LUNKEN FIELD, OH US","39.106","-84.41609","144.8","2021-08-06","  64.1","24","100000",,"999.9",,"  87.1"," ","  57.9"," ","  8.0",," 0.00","G","1018.8","20","999.9",,"001.2","24","  73.5","24"
"72429793812","CINCINNATI MUNICIPAL AIRPORT LUNKEN FIELD, OH US","39.106","-84.41609","144.8","2021-08-07","  65.7","24","000000",,"999.9",,"  88.0"," ","  62.1"," ","  8.0",," 0.00","G","1017.4","23","999.9",,"999.8","24","  75.5","24"
"72429793812","CINCINNATI MUNICIPAL AIRPORT LUNKEN FIELD, OH US","39.106","-84.41609","144.8","2021-08-08","  66.8","24","000000",,"999.9",,"  90.0"," ","  64.0"," ","  8.9",," 0.00","G","1016.6","23","999.9",,"999.0","24","  76.0","24"
"72429793812","CINCINNATI MUNICIPAL AIRPORT LUNKEN FIELD, OH US","39.106","-84.41609","144.8","2021-08-09","  69.6","24","010000",,"999.9",,"  90.0"," ","  64.0"," "," 12.0",," 0.00","G","1016.7","20","999.9",,"999.1","24","  74.4","24"
"72429793812","CINCINNATI MUNICIPAL AIRPORT LUNKEN FIELD, OH US","39.106","-84.41609","144.8","2021-08-10","  71.2","24","010010",,"999.9",,"  86.0"," ","  69.1"," "," 14.0",," 0.01","G","1017.1","19","999.9",,"999.5","24","  75.5","24"
"72429793812","CINCINNATI MUNICIPAL AIRPORT LUNKEN FIELD, OH US","39.106","-84.41609","144.8","2021-08-11","  74.0","24","100000",," 18.1",,"  93.0"," ","  69.1"," "," 15.0",," 0.11","G","1016.1","22","999.9",,"998.6","24","  81.8","24"
"72429793812","CINCINNATI MUNICIPAL AIRPORT LUNKEN FIELD, OH US","39.106","-84.41609","144.8","2021-08-12","  73.2","24","000000",," 20.0",,"  95.0"," ","  70.0"," "," 14.0",," 0.00","G","1016.1","24","999.9",,"998.7","24","  83.3","24"
"72429793812","CINCINNATI MUNICIPAL AIRPORT LUNKEN FIELD, OH US","39.106","-84.41609","144.8","2021-08-13","  70.9","24","010010",," 21.0",,"  95.0"," ","  69.1"," "," 15.0",," 0.00","G","1017.8","20","999.9",,"000.1","24","  80.4","24"
"72429793812","CINCINNATI MUNICIPAL AIRPORT LUNKEN FIELD, OH US","39.106","-84.41609","144.8","2021-08-14","  66.0","24","110010",," 26.0",,"  91.0"," ","  68.0"," "," 15.0",," 0.04","G","1021.2","16","999.9",,"003.2","24","  75.3","24"
"72429793812","CINCINNATI MUNICIPAL AIRPORT LUNKEN FIELD, OH US","39.106","-84.41609","144.8","2021-08-15","  60.9","24","010000",," 15.0",,"  84.9"," ","  63.0"," "," 11.1",," 0.08","G","1021.3","24","999.9",,"003.6","24","  71.0","24"
"72429793812","CINCINNATI MUNICIPAL AIRPORT LUNKEN FIELD, OH US","39.106","-84.41609","144.8","2021-08-16","  66.5","24","010000",,"999.9",,"  82.0"," ","  63.0"," ","  8.0",," 0.01","G","1018.0","17","999.9",,"000.1","24","  73.2","24"
"72429793812","CINCINNATI MUNICIPAL AIRPORT LUNKEN FIELD, OH US","39.106","-84.41609","144.8","2021-08-17","  70.4","24","110000",,"999.9",,"  87.1"," ","  66.9"," ","  8.9",," 0.01","G","1016.5","17","999.9",,"998.9","24","  75.4","24"
"72429793812","CINCINNATI MUNICIPAL AIRPORT LUNKEN FIELD, OH US","39.106","-84.41609","144.8","2021-08-18","  69.1","24","000000",," 15.0",,"  91.0"," ","  68.0"," ","  9.9",," 0.00","G","1017.1","22","999.9",,"999.7","24","  78.0","24"
"72429793812","CINCINNATI MUNICIPAL AIRPORT LUNKEN FIELD, OH US","39.106","-84.41609","144.8","2021-08-19","  70.3","24","010000",,"999.9",,"  91.0"," ","  68.0"," ","  7.0",," 0.00","G","1018.5","22","999.9",,"001.0","24","  77.8","24"
"72429793812","CINCINNATI MUNICIPAL AIRPORT LUNKEN FIELD, OH US","39.106","-84.41609","144.8","2021-08-20","  68.5","24","100000",,"999.9",,"  89.1","*","  66.2","*","  6.0",," 0.15","G","1015.4","16","999.9",,"998.0","24","  75.6","24"
"72429793812","CINCINNATI MUNICIPAL AIRPORT LUNKEN FIELD, OH US","39.106","-84.41609","144.8","2021-08-21","  67.1","24","100000",,"999.9",,"  90.0"," ","  64.9"," ","  8.0",," 0.00","G","1012.4","17","999.9",,"995.1","24","  76.1","24"
"72429793812","CINCINNATI MUNICIPAL AIRPORT LUNKEN FIELD, OH US","39.106","-84.41609","144.8","2021-08-22","  67.9","24","100000",,"999.9",,"  93.0"," ","  64.9"," ","  5.1",," 0.00","G","1013.4","18","999.9",,"996.0","24","  77.8","24"
"72429793812","CINCINNATI MUNICIPAL AIRPORT LUNKEN FIELD, OH US","39.106","-84.41609","144.8","2021-08-23","  68.7","24","100000",,"999.9",,"  93.9"," ","  64.9"," ","  8.0",," 0.00","G","1014.7","19","999.9",,"997.1","24","  79.3","24"
"72429793812","CINCINNATI MUNICIPAL AIRPORT LUNKEN FIELD, OH US","39.106","-84.41609","144.8","2021-08-24","  70.1","24","000000",,"999.9",,"  95.0"," ","  66.0"," ","  8.0",," 0.00","G","1016.2","22","999.9",,"998.8","24","  80.5","24"
"72429793812","CINCINNATI MUNICIPAL AIRPORT LUNKEN FIELD, OH US","39.106","-84.41609","144.8","2021-08-25","  72.4","24","010010",," 21.0",,"  95.0"," ","  69.1"," "," 15.9",," 0.00","G","1018.5","21","999.9",,"001.1","24","  77.3","24"
"72429793812","CINCINNATI MUNICIPAL AIRPORT LUNKEN FIELD, OH US","39.106","-84.41609","144.8","2021-08-26","  71.3","24","110010",," 29.9",,"  91.9"," ","  68.0"," "," 18.1",," 1.07","G","1019.9","15","999.9",,"002.5","24","  76.7","24"
"72429793812","CINCINNATI MUNICIPAL AIRPORT LUNKEN FIELD, OH US","39.106","-84.41609","144.8","2021-08-27","  70.1","24","010010",," 20.0",,"  93.0"," ","  66.9"," ","  8.9",," 0.09","G","1019.4","18","999.9",,"001.7","24","  76.5","24"
"72429793812","CINCINNATI MUNICIPAL AIRPORT LUNKEN FIELD, OH US","39.106","-84.41609","144.8","2021-08-28","  71.5","24","110000",,"999.9",,"  93.0"," ","  66.9"," ","  6.0",," 0.15","G","1020.7","21","999.9",,"003.2","24","  78.0","24"
"72429793812","CINCINNATI MUNICIPAL AIRPORT LUNKEN FIELD, OH US","39.106","-84.41609","144.8","2021-08-29","  72.1","24","010010",,"999.9",,"  91.9"," ","  66.9"," "," 12.0",," 0.00","G","1019.2","21","999.9",,"001.7","24","  79.4","24"
"72429793812","CINCINNATI MUNICIPAL AIRPORT LUNKEN FIELD, OH US","39.106","-84.41609","144.8","2021-08-30","  70.9","24","010010",," 22.0",,"  91.0"," ","  68.0"," "," 15.9",," 0.29","G","1015.4","18","999.9",,"998.1","24","  74.3","24"
"72429793812","CINCINNATI MUNICIPAL AIRPORT LUNKEN FIELD, OH US","39.106","-84.41609","144.8","2021-08-31","  69.4","24","010000",,"999.9",,"  79.0"," ","  68.0"," ","  7.0",," 0.25","G","1010.4","17","999.9",,"992.6","24","  72.9","24"
"72429793812","CINCINNATI MUNICIPAL AIRPORT LUNKEN FIELD, OH US","39.106","-84.41609","144.8","2021-09-01","  64.3","24","010000",," 22.0",,"  82.9"," ","  66.0"," "," 14.0",," 0.17","G","1007.6","21","999.9",,"989.8","24","  73.6","24"
"72429793812","CINCINNATI MUNICIPAL AIRPORT LUNKEN FIELD, OH US","39.106","-84.41609","144.8","2021-09-02","  55.7","24","000000",,"999.9",,"  82.9"," ","  54.0"," ","  9.9",," 0.08","G","1017.0","23","999.9",,"999.2","24","  67.9","24"
"72429793812","CINCINNATI MUNICIPAL AIRPORT LUNKEN FIELD, OH US","39.106","-84.41609","144.8","2021-09-03","  55.1","24","000000",,"999.9",,"  80.1"," ","  54.0"," ","  6.0",," 0.00","G","1019.6","24","999.9",,"001.8","24","  66.3","24"
"72429793812","CINCINNATI MUNICIPAL AIRPORT LUNKEN FIELD, OH US","39.106","-84.41609","144.8","2021-09-04","  61.0","24","010000",,"999.9",,"  82.0"," ","  54.0"," ","  9.9",," 0.00","G","1015.9","24","999.9",,"998.2","24","  69.8","24"
"72429793812","CINCINNATI MUNICIPAL AIRPORT LUNKEN FIELD, OH US","39.106","-84.41609","144.8","2021-09-05","  65.0","24","010000",," 15.9",,"  82.0"," ","  61.0"," "," 12.0",," 0.42","G","1011.4","18","999.9",,"993.9","24","  72.9","24"
"72429793812","CINCINNATI MUNICIPAL AIRPORT LUNKEN FIELD, OH US","39.106","-84.41609","144.8","2021-09-06","  57.7","24","100000",,"999.9",,"  84.0"," ","  54.0"," "," 12.0",," 0.03","G","1014.3","15","999.9",,"997.0","24","  67.8","24"
"72429793812","CINCINNATI MUNICIPAL AIRPORT LUNKEN FIELD, OH US","39.106","-84.41609","144.8","2021-09-07","  60.9","24","000000",," 17.1",,"  84.9"," ","  54.0"," "," 14.0",," 0.00","G","1013.9","24","999.9",,"996.3","24","  72.8","24"
"72429793812","CINCINNATI MUNICIPAL AIRPORT LUNKEN FIELD, OH US","39.106","-84.41609","144.8","2021-09-08","  58.9","24","010000",," 22.0",,"  84.9"," ","  62.1"," "," 13.0",," 0.02","G","1009.5","23","999.9",,"992.1","24","  72.2","24"
"72429793812","CINCINNATI MUNICIPAL AIRPORT LUNKEN FIELD, OH US","39.106","-84.41609","144.8","2021-09-09","  54.1","24","000000",," 15.0",,"  82.9"," ","  52.0"," "," 12.0",," 0.00","I","1013.3","22","999.9",,"995.5","23","  65.3","24"
"72429793812","CINCINNATI MUNICIPAL AIRPORT LUNKEN FIELD, OH US","39.106","-84.41609","144.8","2021-09-10","  53.1","24","100000",,"999.9",,"  80.1"," ","  51.1"," ","  6.0",," 0.00","G","1018.9","24","999.9",,"001.1","24","  64.0","24"
"72429793812","CINCINNATI MUNICIPAL AIRPORT LUNKEN FIELD, OH US","39.106","-84.41609","144.8","2021-09-11","  57.3","24","000000",," 22.9",,"  82.9"," ","  51.1"," "," 15.9",," 0.00","G","1019.9","24","999.9",,"002.0","24","  65.9","24"
"72429793812","CINCINNATI MUNICIPAL AIRPORT LUNKEN FIELD, OH US","39.106","-84.41609","144.8","2021-09-12","  62.6","24","000000",," 21.0",,"  87.1"," ","  51.1"," "," 17.1",," 0.00","G","1020.1","24","999.9",,"002.4","24","  74.9","24"
"72429793812","CINCINNATI MUNICIPAL AIRPORT LUNKEN FIELD, OH US","39.106","-84.41609","144.8","2021-09-13","  66.4","24","100000",,"999.9",,"  87.1"," ","  64.0"," "," 13.0",," 0.00","G","1020.3","23","999.9",,"002.7","24","  76.0","24"
"72429793812","CINCINNATI MUNICIPAL AIRPORT LUNKEN FIELD, OH US","39.106","-84.41609","144.8","2021-09-14","  67.0","24","000000",," 20.0",,"  90.0"," ","  64.0"," "," 15.9",," 0.00","G","1015.8","23","999.9",,"998.3","24","  75.6","24"
"72429793812","CINCINNATI MUNICIPAL AIRPORT LUNKEN FIELD, OH US","39.106","-84.41609","144.8","2021-09-15","  66.9","24","010010",,"999.9",,"  90.0"," ","  64.0"," "," 11.1",," 0.04","G","1013.8","21","999.9",,"996.1","24","  73.9","24"
"72429793812","CINCINNATI MUNICIPAL AIRPORT LUNKEN FIELD, OH US","39.106","-84.41609","144.8","2021-09-16","  64.1","24","000000",,"999.9",,"  82.9"," ","  60.1"," ","  8.0",," 0.00","I","1018.1","23","999.9",,"000.5","24","  70.7","24"
"72429793812","CINCINNATI MUNICIPAL AIRPORT LUNKEN FIELD, OH US","39.106","-84.41609","144.8","2021-09-17","  66.0","24","110000",,"999.9",,"  86.0"," ","  60.1"," ","  8.0",," 0.00","G","1019.5","22","999.9",,"001.7","24","  72.0","24"
"72429793812","CINCINNATI MUNICIPAL AIRPORT LUNKEN FIELD, OH US","39.106","-84.41609","144.8","2021-09-18","  67.2","24","100000",,"999.9",,"  90.0"," ","  61.0"," ","  4.1",," 0.00","G","1019.5","20","999.9",,"002.0","24","  74.9","24"
"72429793812","CINCINNATI MUNICIPAL AIRPORT LUNKEN FIELD, OH US","39.106","-84.41609","144.8","2021-09-19","  65.6","24","000000",,"999.9",,"  87.1","*","  62.6","*","  7.0",," 0.00","G","1019.3","20","999.9",,"001.8","24","  73.6","24"
"72429793812","CINCINNATI MUNICIPAL AIRPORT LUNKEN FIELD, OH US","39.106","-84.41609","144.8","2021-09-20","  69.0","24","010000",,"999.9",,"  88.0"," ","  63.0"," ","  8.9",," 0.01","G","1018.4","23","999.9",,"000.8","24","  72.1","24"
"72429793812","CINCINNATI MUNICIPAL AIRPORT LUNKEN FIELD, OH US","39.106","-84.41609","144.8","2021-09-21","  67.3","24","010000",,"999.9",,"  77.0"," ","  64.9"," ","  8.9",," 0.30","G","1017.7","18","999.9",,"000.1","24","  69.7","24"
"72429793812","CINCINNATI MUNICIPAL AIRPORT LUNKEN FIELD, OH US","39.106","-84.41609","144.8","2021-09-22","  60.6","24","010000",," 27.0",,"  72.0","*","  55.4","*"," 19.0",," 0.06","G","1012.8","12","999.9",,"995.0","24","  62.7","24"
"72429793812","CINCINNATI MUNICIPAL AIRPORT LUNKEN FIELD, OH US","39.106","-84.41609","144.8","2021-09-23","  50.9","24","010000",," 24.1",,"  71.1"," ","  53.1"," "," 15.0",," 0.97","G","1013.9","19","999.9",,"995.9","24","  58.2","24"
"72429793812","CINCINNATI MUNICIPAL AIRPORT LUNKEN FIELD, OH US","39.106","-84.41609","144.8","2021-09-24","  47.1","24","100000",,"999.9",,"  75.0"," ","  42.1"," ","  9.9",," 0.02","G","1018.4","20","999.9",,"000.5","24","  56.4","24"
"72429793812","CINCINNATI MUNICIPAL AIRPORT LUNKEN FIELD, OH US","39.106","-84.41609","144.8","2021-09-25","  51.2","24","000000",," 18.1",,"  75.0"," ","  42.1"," "," 11.1",," 0.00","G","1017.5","20","999.9",,"999.5","24","  59.9","24"
"72429793812","CINCINNATI MUNICIPAL AIRPORT LUNKEN FIELD, OH US","39.106","-84.41609","144.8","2021-09-26","  47.7","24","100000",," 15.0",,"  75.9"," ","  42.1"," ","  9.9",," 0.00","G","1019.1","21","999.9",,"001.2","24","  58.1","24"
"72429793812","CINCINNATI MUNICIPAL AIRPORT LUNKEN FIELD, OH US","39.106","-84.41609","144.8","2021-09-27","  55.4","24","000000",," 27.0",,"  84.9"," ","  42.1"," "," 21.0",," 0.00","G","1015.7","22","999.9",,"998.0","24","  65.2","24"
"72429793812","CINCINNATI MUNICIPAL AIRPORT LUNKEN FIELD, OH US","39.106","-84.41609","144.8","2021-09-28","  64.0","24","010010",,"999.9",,"  84.9"," ","  50.0"," "," 15.0",," 0.22","G","1013.8","23","999.9",,"996.1","24","  71.9","24"
"72429793812","CINCINNATI MUNICIPAL AIRPORT LUNKEN FIELD, OH US","39.106","-84.41609","144.8","2021-09-29","  61.1","24","100000",,"999.9",,"  82.0","*","  55.4","*","  8.0",," 0.00","I","1017.0","17","999.9",,"999.1","24","  67.7","24"
"72429793812","CINCINNATI MUNICIPAL AIRPORT LUNKEN FIELD, OH US","39.106","-84.41609","144.8","2021-09-30","  56.1","24","100000",,"999.9",,"  82.0"," ","  50.0"," ","  5.1",," 0.00","G","1020.9","21","999.9",,"003.0","24","  63.4","24"
"72429793812","CINCINNATI MUNICIPAL AIRPORT LUNKEN FIELD, OH US","39.106","-84.41609","144.8","2021-10-01","  53.6","24","100000",,"999.9",,"  80.1"," ","  48.9"," ","  5.1",," 0.00","G","1023.5","18","999.9",,"005.5","24","  62.6","24"
"72429793812","CINCINNATI MUNICIPAL AIRPORT LUNKEN FIELD, OH US","39.106","-84.41609","144.8","2021-10-02","  57.7","24","100000",,"999.9",,"  81.0"," ","  48.0"," ","  7.0",," 0.00","G","1020.1","18","999.9",,"002.7","24","  61.8","24"
"72429793812","CINCINNATI MUNICIPAL AIRPORT LUNKEN FIELD, OH US","39.106","-84.41609","144.8","2021-10-03","  67.5","24","010000",,"999.9",,"  72.0","*","  66.9","*"," 11.1",," 0.49","G","1014.7","15","999.9",,"996.5","24","  69.1","24"
"72429793812","CINCINNATI MUNICIPAL AIRPORT LUNKEN FIELD, OH US","39.106","-84.41609","144.8","2021-10-04","  64.9","24","010000",,"999.9",,"  77.0"," ","  62.1"," ","  8.9",," 0.16","G","1013.3","14","999.9",,"995.5","24","  67.8","24"
"72429793812","CINCINNATI MUNICIPAL AIRPORT LUNKEN FIELD, OH US","39.106","-84.41609","144.8","2021-10-05","  64.2","24","100000",,"999.9",,"  81.0"," ","  60.1"," ","  6.0",," 0.03","G","1018.9","15","999.9",,"001.1","24","  67.5","24"
"72429793812","CINCINNATI MUNICIPAL AIRPORT LUNKEN FIELD, OH US","39.106","-84.41609","144.8","2021-10-06","  66.1","24","010000",,"999.9",,"  81.0"," ","  60.1"," ","  7.0",," 0.01","G","1021.7","24","999.9",,"003.9","24","  69.6","24"
"72429793812","CINCINNATI MUNICIPAL AIRPORT LUNKEN FIELD, OH US","39.106","-84.41609","144.8","2021-10-07","  65.7","24","010010",,"999.9",,"  80.1"," ","  62.1"," "," 11.1",," 0.76","G","1019.8","14","999.9",,"002.8","24","  69.4","24"
"72429793812","CINCINNATI MUNICIPAL AIRPORT LUNKEN FIELD, OH US","39.106","-84.41609","144.8","2021-10-08","  66.1","24","110000",,"999.9",,"  78.1","*","  60.8","*","  7.0",," 0.14","G","1017.0","13","999.9",,"999.7","24","  69.7","24"
"72429793812","CINCINNATI MUNICIPAL AIRPORT LUNKEN FIELD, OH US","39.106","-84.41609","144.8","2021-10-09","  63.4","24","100000",,"999.9",,"  80.1"," ","  57.9"," ","  8.9",," 0.00","G","1015.9","18","999.9",,"998.4","24","  68.1","24"
"72429793812","CINCINNATI MUNICIPAL AIRPORT LUNKEN FIELD, OH US","39.106","-84.41609","144.8","2021-10-10","  65.0","24","100000",,"999.9",,"  82.9"," ","  57.9"," "," 12.0",," 0.00","G","1014.3","20","999.9",,"996.7","24","  70.2","24"
"72429793812","CINCINNATI MUNICIPAL AIRPORT LUNKEN FIELD, OH US","39.106","-84.41609","144.8","2021-10-11","  64.2","24","100000",," 21.0",,"  82.9"," ","  60.1"," "," 13.0",," 0.00","G","1012.5","20","999.9",,"995.1","24","  70.0","24"
"72429793812","CINCINNATI MUNICIPAL AIRPORT LUNKEN FIELD, OH US","39.106","-84.41609","144.8","2021-10-12","  62.7","24","010000",," 21.0",,"  81.0"," ","  60.1"," "," 13.0",," 0.00","G","1013.2","22","999.9",,"995.7","24","  71.7","24"
"72429793812","CINCINNATI MUNICIPAL AIRPORT LUNKEN FIELD, OH US","39.106","-84.41609","144.8","2021-10-13","  59.4","24","100000",,"999.9",,"  79.0"," ","  52.0"," ","  8.0",," 0.00","G","1016.8","14","999.9",,"999.4","24","  63.9","24"
"72429793812","CINCINNATI MUNICIPAL AIRPORT LUNKEN FIELD, OH US","39.106","-84.41609","144.8","2021-10-14","  67.4","24","100000",,"999.9",,"  82.0"," ","  52.0"," ","  8.9",," 0.01","G","1014.8","15","999.9",,"997.4","24","  71.1","24"
"72429793812","CINCINNATI MUNICIPAL AIRPORT LUNKEN FIELD, OH US","39.106","-84.41609","144.8","2021-10-15","  67.2","24","010000",,"999.9",,"  82.0"," ","  63.0"," ","  9.9",," 0.00","G","1011.7","21","999.9",,"994.1","24","  68.7","24"
"72429793812","CINCINNATI MUNICIPAL AIRPORT LUNKEN FIELD, OH US","39.106","-84.41609","144.8","2021-10-16","  50.3","24","110010",," 35.0",,"  73.0"," ","  53.1"," "," 24.1",," 1.58","G","1014.8","18","999.9",,"995.7","24","  60.0","24"
"72429793812","CINCINNATI MUNICIPAL AIRPORT LUNKEN FIELD, OH US","39.106","-84.41609","144.8","2021-10-17","  40.6","24","000000",," 19.0",,"  66.9"," ","  39.0"," "," 14.0",," 0.06","G","1020.6","24","999.9",,"002.6","24","  53.8","24"
"72429793812","CINCINNATI MUNICIPAL AIRPORT LUNKEN FIELD, OH US","39.106","-84.41609","144.8","2021-10-18","  43.9","24","100000",,"999.9",,"  70.0"," ","  39.0"," ","  7.0",," 0.00","G","1021.5","18","999.9",,"003.5","24","  52.5","24"
"72429793812","CINCINNATI MUNICIPAL AIRPORT LUNKEN FIELD, OH US","39.106","-84.41609","144.8","2021-10-19","  47.4","24","100000",,"999.9",,"  71.1"," ","  39.0"," ","  8.9",," 0.00","G","1022.5","19","999.9",,"004.5","24","  54.1","24"
"72429793812","CINCINNATI MUNICIPAL AIRPORT LUNKEN FIELD, OH US","39.106","-84.41609","144.8","2021-10-20","  49.8","24","100000",,"999.9",,"  72.0"," ","  43.0"," "," 12.0",," 0.00","G","1021.8","19","999.9",,"003.9","24","  55.6","24"
"72429793812","CINCINNATI MUNICIPAL AIRPORT LUNKEN FIELD, OH US","39.106","-84.41609","144.8","2021-10-21","  54.0","24","010000",," 29.9",,"  73.9"," ","  44.1"," "," 19.0",," 0.00","G","1015.1","21","999.9",,"997.3","24","  60.0","24"
"72429793812","CINCINNATI MUNICIPAL AIRPORT LUNKEN FIELD, OH US","39.106","-84.41609","144.8","2021-10-22","  48.5","24","010000",," 18.1",,"  55.9","*","  44.6","*"," 12.0",," 0.00","G","1017.5","19","999.9",,"999.5","24","  51.8","24"
"72429793812","CINCINNATI MUNICIPAL AIRPORT LUNKEN FIELD, OH US","39.106","-84.41609","144.8","2021-10-23","  48.9","24","010000",,"999.9",,"  61.0"," ","  45.0"," ","  8.9",," 0.05","G","1017.3","17","999.9",,"999.4","24","  53.5","24"
"72429793812","CINCINNATI MUNICIPAL AIRPORT LUNKEN FIELD, OH US","39.106","-84.41609","144.8","2021-10-24","  56.6","24","010010",,"999.9",,"  72.0"," ","  45.0"," ","  9.9",," 0.02","G","1013.7","11","999.9",,"997.3","24","  58.1","24"
"72429793812","CINCINNATI MUNICIPAL AIRPORT LUNKEN FIELD, OH US","39.106","-84.41609","144.8","2021-10-25","  55.7","24","010000",," 28.9",,"  72.0"," ","  52.0"," "," 15.9",," 0.41","G","1008.0","21","999.9",,"990.0","24","  61.4","24"
"72429793812","CINCINNATI MUNICIPAL AIRPORT LUNKEN FIELD, OH US","39.106","-84.41609","144.8","2021-10-26","  42.3","24","000000",," 24.1",,"  66.9"," ","  45.0"," "," 12.0",," 0.09","G","1015.7","19","999.9",,"997.2","24","  52.3","24"
"72429793812","CINCINNATI MUNICIPAL AIRPORT LUNKEN FIELD, OH US","39.106","-84.41609","144.8","2021-10-27","  39.2","24","100000",,"999.9",,"  57.9"," ","  32.0"," ","  9.9",," 0.00","G","1016.8","20","999.9",,"998.7","24","  43.1","24"
"72429793812","CINCINNATI MUNICIPAL AIRPORT LUNKEN FIELD, OH US","39.106","-84.41609","144.8","2021-10-28","  48.2","24","010000",,"999.9",,"  55.9","*","  48.0","*","  8.0",," 0.00","G","1006.5","21","999.9",,"988.5","24","  51.4","24"
"72429793812","CINCINNATI MUNICIPAL AIRPORT LUNKEN FIELD, OH US","39.106","-84.41609","144.8","2021-10-29","  55.5","24","110000",,"999.9",,"  59.0"," ","  46.9"," ","  6.0",," 0.52","G"," 998.2","10","999.9",,"980.2","24","  56.0","24"
"72429793812","CINCINNATI MUNICIPAL AIRPORT LUNKEN FIELD, OH US","39.106","-84.41609","144.8","2021-10-30","  54.1","24","010000",," 20.0",,"  59.0"," ","  52.0"," "," 13.0",," 0.80","G"," 999.0","11","999.9",,"980.6","24","  55.9","24"
"72429793812","CINCINNATI MUNICIPAL AIRPORT LUNKEN FIELD, OH US","39.106","-84.41609","144.8","2021-10-31","  49.4","24","000000",,"999.9",,"  64.0"," ","  51.1"," "," 13.0",," 0.15","G","1012.0","18","999.9",,"992.9","24","  56.0","24"
"72429793812","CINCINNATI MUNICIPAL AIRPORT LUNKEN FIELD, OH US","39.106","-84.41609","144.8","2021-11-01","  38.0","24","000000",," 17.1",,"  64.0"," ","  37.0"," ","  9.9",," 0.00","G","1024.1","24","999.9",,"005.9","24","  49.6","24"
"72429793812","CINCINNATI MUNICIPAL AIRPORT LUNKEN FIELD, OH US","39.106","-84.41609","144.8","2021-11-02","  31.7","24","000000",," 18.1",,"  55.9"," ","  36.0"," ","  9.9",," 0.00","G","1027.4","24","999.9",,"009.0","24","  45.0","24"
"72429793812","CINCINNATI MUNICIPAL AIRPORT LUNKEN FIELD, OH US","39.106","-84.41609","144.8","2021-11-03","  29.3","24","100000",,"999.9",,"  50.0","*","  26.6","*","  7.0",," 0.00","G","1029.3","21","999.9",,"010.9","24","  36.5","24"
"72429793812","CINCINNATI MUNICIPAL AIRPORT LUNKEN FIELD, OH US","39.106","-84.41609","144.8","2021-11-04","  29.2","24","000000",,"999.9",,"  53.1"," ","  27.0"," ","  8.0",," 0.00","G","1027.6","24","999.9",,"009.1","24","  37.2","24"
"72429793812","CINCINNATI MUNICIPAL AIRPORT LUNKEN FIELD, OH US","39.106","-84.41609","144.8","2021-11-05","  29.3","24","000000",,"999.9",,"  54.0"," ","  25.0"," ","  7.0",," 0.00","G","1029.0","24","999.9",,"010.4","24","  37.0","24"
"72429793812","CINCINNATI MUNICIPAL AIRPORT LUNKEN FIELD, OH US","39.106","-84.41609","144.8","2021-11-06","  29.9","24","100000",,"999.9",,"  59.0"," ","  24.1"," ","  5.1",," 0.00","G","1026.6","19","999.9",,"008.3","24","  38.1","24"
"72429793812","CINCINNATI MUNICIPAL AIRPORT LUNKEN FIELD, OH US","39.106","-84.41609","144.8","2021-11-07","  34.0","24","100000",,"999.9",,"  64.0"," ","  24.1"," ","  4.1",," 0.00","G","1024.3","17","999.9",,"006.3","24","  40.9","24"
"72429793812","CINCINNATI MUNICIPAL AIRPORT LUNKEN FIELD, OH US","39.106","-84.41609","144.8","2021-11-08","  37.8","24","100000",,"999.9",,"  70.0"," ","  28.9"," ","  9.9",," 0.00","G","1024.7","23","999.9",,"006.4","24","  46.1","24"
"72429793812","CINCINNATI MUNICIPAL AIRPORT LUNKEN FIELD, OH US","39.106","-84.41609","144.8","2021-11-09","  41.9","24","100000",,"999.9",,"  70.0"," ","  30.9"," "," 12.0",," 0.00","G","1022.3","20","999.9",,"004.4","24","  47.9","24"
"72429793812","CINCINNATI MUNICIPAL AIRPORT LUNKEN FIELD, OH US","39.106","-84.41609","144.8","2021-11-10","  48.7","24","100000",,"999.9",,"  69.1"," ","  33.1"," ","  4.1",," 0.00","G","1020.4","21","999.9",,"002.5","24","  53.9","24"
"72429793812","CINCINNATI MUNICIPAL AIRPORT LUNKEN FIELD, OH US","39.106","-84.41609","144.8","2021-11-11","  48.5","24","110000",," 31.1",,"  69.1"," ","  37.9"," "," 21.0",," 0.00","G","1012.8","17","999.9",,"994.6","24","  51.6","24"
"72429793812","CINCINNATI MUNICIPAL AIRPORT LUNKEN FIELD, OH US","39.106","-84.41609","144.8","2021-11-12","  39.9","24","110000",," 31.1",,"  68.0"," ","  35.1"," "," 22.0",," 0.66","G","1013.3","19","999.9",,"995.5","24","  44.8","24"
"72429793812","CINCINNATI MUNICIPAL AIRPORT LUNKEN FIELD, OH US","39.106","-84.41609","144.8","2021-11-13","  33.0","24","010000",,"999.9",,"  55.0"," ","  35.1"," "," 12.0",," 0.10","G","1016.6","20","999.9",,"998.4","24","  38.8","24"
"72429793812","CINCINNATI MUNICIPAL AIRPORT LUNKEN FIELD, OH US","39.106","-84.41609","144.8","2021-11-14","  33.0","24","011000",," 25.1",,"  42.1"," ","  34.0"," "," 15.9",," 0.01","G","1015.2","15","999.9",,"996.5","24","  37.7","24"
"72429793812","CINCINNATI MUNICIPAL AIRPORT LUNKEN FIELD, OH US","39.106","-84.41609","144.8","2021-11-15","  28.8","24","010000",," 22.0",,"  44.1"," ","  30.9"," "," 14.0",," 0.16","G","1020.2","23","999.9",,"001.5","24","  37.7","24"
"72429793812","CINCINNATI MUNICIPAL AIRPORT LUNKEN FIELD, OH US","39.106","-84.41609","144.8","2021-11-16","  36.1","24","000000",,"999.9",,"  59.0"," ","  28.9"," ","  7.0",," 0.00","G","1020.0","22","999.9",,"001.6","24","  41.4","24"
"72429793812","CINCINNATI MUNICIPAL AIRPORT LUNKEN FIELD, OH US","39.106","-84.41609","144.8","2021-11-17","  51.6","24","000000",," 29.9",,"  69.1"," ","  28.9"," "," 21.0",," 0.00","G","1016.7","24","999.9",,"998.7","24","  57.4","24"
"72429793812","CINCINNATI MUNICIPAL AIRPORT LUNKEN FIELD, OH US","39.106","-84.41609","144.8","2021-11-18","  39.3","24","010000",," 22.9",,"  69.1"," ","  41.0"," "," 14.0",," 0.35","G","1021.2","17","999.9",,"002.8","24","  50.0","24"
"72429793812","CINCINNATI MUNICIPAL AIRPORT LUNKEN FIELD, OH US","39.106","-84.41609","144.8","2021-11-19","  21.1","24","000000",,"999.9",,"  44.1","*","  30.0","*"," 12.0",," 0.00","I","1032.7","24","999.9",,"014.2","24","  36.4","24"
"72429793812","CINCINNATI MUNICIPAL AIRPORT LUNKEN FIELD, OH US","39.106","-84.41609","144.8","2021-11-20","  29.0","24","000000",," 15.9",,"  53.1"," ","  26.1"," ","  8.0",," 0.00","G","1028.5","24","999.9",,"009.9","24","  36.6","24"
"72429793812","CINCINNATI MUNICIPAL AIRPORT LUNKEN FIELD, OH US","39.106","-84.41609","144.8","2021-11-21","  39.7","24","010000",,"999.9",,"  53.1"," ","  26.1"," ","  8.9",," 0.01","G","1022.6","19","999.9",,"003.6","24","  40.5","24"
"72429793812","CINCINNATI MUNICIPAL AIRPORT LUNKEN FIELD, OH US","39.106","-84.41609","144.8","2021-11-22","  27.4","24","000000",," 18.1",,"  46.9"," ","  32.0"," ","  8.9",," 0.40","G","1021.0","23","999.9",,"002.5","24","  39.1","24"
"72429793812","CINCINNATI MUNICIPAL AIRPORT LUNKEN FIELD, OH US","39.106","-84.41609","144.8","2021-11-23","  18.5","24","000000",,"999.9",,"  46.0"," ","  19.0"," ","  7.0",," 0.00","G","1025.6","24","999.9",,"007.0","24","  30.2","24"
"72429793812","CINCINNATI MUNICIPAL AIRPORT LUNKEN FIELD, OH US","39.106","-84.41609","144.8","2021-11-24","  25.3","24","000000",," 15.9",,"  55.9"," ","  19.0"," "," 12.0",," 0.00","G","1025.0","24","999.9",,"006.4","24","  35.5","24"
"72429793812","CINCINNATI MUNICIPAL AIRPORT LUNKEN FIELD, OH US","39.106","-84.41609","144.8","2021-11-25","  38.9","24","010000",," 21.0",,"  53.1","*","  44.1","*"," 14.0",," 0.01","G","1019.4","21","999.9",,"001.1","24","  48.6","24"
"72429793812","CINCINNATI MUNICIPAL AIRPORT LUNKEN FIELD, OH US","39.106","-84.41609","144.8","2021-11-26","  24.8","24","000000",," 21.0",,"  53.1"," ","  30.0"," "," 15.0",," 0.13","G","1022.3","21","999.9",,"003.7","24","  35.1","24"
"72429793812","CINCINNATI MUNICIPAL AIRPORT LUNKEN FIELD, OH US","39.106","-84.41609","144.8","2021-11-27","  24.6","24","000000",,"999.9",,"  48.0"," ","  27.0"," "," 12.0",," 0.00","G","1017.9","24","999.9",,"999.5","24","  36.8","24"
"72429793812","CINCINNATI MUNICIPAL AIRPORT LUNKEN FIELD, OH US","39.106","-84.41609","144.8","2021-11-28","  29.9","24","000000",," 21.0",,"  48.0"," ","  27.0"," "," 14.0",," 0.00","G","1014.7","23","999.9",,"996.6","24","  40.1","24"
"72429793812","CINCINNATI MUNICIPAL AIRPORT LUNKEN FIELD, OH US","39.106","-84.41609","144.8","2021-11-29","  19.0","24","000000",," 20.0",,"  46.9"," ","  21.0"," ","  9.9",," 0.00","G","1021.3","24","999.9",,"002.9","24","  33.7","24"
"72429793812","CINCINNATI MUNICIPAL AIRPORT LUNKEN FIELD, OH US","39.106","-84.41609","144.8","2021-11-30","  27.5","24","000000",,"999.9",,"  55.9"," ","  21.0"," ","  9.9",," 0.00","G","1016.7","24","999.9",,"998.4","24","  42.2","24"
"72429793812","CINCINNATI MUNICIPAL AIRPORT LUNKEN FIELD, OH US","39.106","-84.41609","144.8","2021-12-01","  35.6","24","010000",,"999.9",,"  55.9"," ","  25.0"," ","  4.1",," 0.00","G","1018.7","23","999.9",,"000.4","24","  36.4","24"
"72429793812","CINCINNATI MUNICIPAL AIRPORT LUNKEN FIELD, OH US","39.106","-84.41609","144.8","2021-12-02","  47.4","24","000000",," 19.0",,"  64.9","*","  46.9","*"," 15.0",," 0.04","G","1012.0","20","999.9",,"994.2","24","  54.4","24"
"72429793812","CINCINNATI MUNICIPAL AIRPORT LUNKEN FIELD, OH US","39.106","-84.41609","144.8","2021-12-03","  37.4","24","000000",,"999.9",,"  66.0"," ","  30.0"," ","  6.0",," 0.00","G","1017.1","24","999.9",,"999.0","24","  46.3","24"
"72429793812","CINCINNATI MUNICIPAL AIRPORT LUNKEN FIELD, OH US","39.106","-84.41609","144.8","2021-12-04","  33.1","24","000000",,"999.9",,"  60.1"," ","  30.0"," ","  8.0",," 0.00","G","1021.2","24","999.9",,"002.9","24","  42.0","24"
"72429793812","CINCINNATI MUNICIPAL AIRPORT LUNKEN FIELD, OH US","39.106","-84.41609","144.8","2021-12-05","  33.1","24","000000",,"999.9",,"  60.1"," ","  24.1"," ","  9.9",," 0.00","G","1020.5","23","999.9",,"001.9","24","  39.4","24"
"72429793812","CINCINNATI MUNICIPAL AIRPORT LUNKEN FIELD, OH US","39.106","-84.41609","144.8","2021-12-06","  42.1","24","010000",," 27.0",,"  62.1"," ","  24.1"," "," 22.0",," 0.91","G","1013.6","17","999.9",,"993.9","24","  49.4","24"
"72429793812","CINCINNATI MUNICIPAL AIRPORT LUNKEN FIELD, OH US","39.106","-84.41609","144.8","2021-12-07","  11.3","24","000000",," 21.0",,"  35.1","*","  21.9","*"," 12.0",," 0.14","G","1025.4","24","999.9",,"006.8","24","  28.4","24"
"72429793812","CINCINNATI MUNICIPAL AIRPORT LUNKEN FIELD, OH US","39.106","-84.41609","144.8","2021-12-08","  23.6","24","001000",," 19.0",,"  42.1"," ","  21.0"," "," 11.1",," 0.00","G","1018.9","22","999.9",,"000.5","24","  30.6","24"
"72429793812","CINCINNATI MUNICIPAL AIRPORT LUNKEN FIELD, OH US","39.106","-84.41609","144.8","2021-12-09","  26.2","24","000000",,"999.9",,"  55.9"," ","  21.0"," ","  8.9",," 0.00","G","1017.4","24","999.9",,"998.9","24","  34.3","24"
"72429793812","CINCINNATI MUNICIPAL AIRPORT LUNKEN FIELD, OH US","39.106","-84.41609","144.8","2021-12-10","  45.0","24","010000",,"999.9",,"  57.9","*","  39.0","*","  8.0",," 0.00","G","1012.9","19","999.9",,"994.7","24","  50.1","24"
"72429793812","CINCINNATI MUNICIPAL AIRPORT LUNKEN FIELD, OH US","39.106","-84.41609","144.8","2021-12-11","  50.1","24","010000",," 46.0",,"  66.0"," ","  37.0"," "," 34.0",," 0.48","G","1005.9","17","999.9",,"987.7","24","  55.9","24"
"72429793812","CINCINNATI MUNICIPAL AIRPORT LUNKEN FIELD, OH US","39.106","-84.41609","144.8","2021-12-12","  26.3","24","000000",,"999.9",,"  48.9","*","  25.0","*"," 11.1",," 0.19","G","1025.5","24","999.9",,"007.1","24","  36.1","24"
"72429793812","CINCINNATI MUNICIPAL AIRPORT LUNKEN FIELD, OH US","39.106","-84.41609","144.8","2021-12-13","  26.8","24","000000",,"999.9",,"  54.0"," ","  23.0"," "," 11.1",," 0.00","G","1027.4","24","999.9",,"008.8","24","  35.7","24"
"72429793812","CINCINNATI MUNICIPAL AIRPORT LUNKEN FIELD, OH US","39.106","-84.41609","144.8","2021-12-14","  30.9","24","100000",," 15.0",,"  60.1"," ","  23.0"," ","  8.0",," 0.00","G","1030.3","23","999.9",,"011.8","24","  38.4","24"
"72429793812","CINCINNATI MUNICIPAL AIRPORT LUNKEN FIELD, OH US","39.106","-84.41609","144.8","2021-12-15","  35.5","24","000000",,"999.9",,"  64.9"," ","  25.0"," "," 12.0",," 0.00","G","1024.6","24","999.9",,"006.4","24","  52.6","24"
"72429793812","CINCINNATI MUNICIPAL AIRPORT LUNKEN FIELD, OH US","39.106","-84.41609","144.8","2021-12-16","  48.0","24","010000",," 28.9",,"  64.0","*","  53.1","*"," 21.0",," 0.00","G","1016.3","22","999.9",,"998.4","24","  58.4","24"
"72429793812","CINCINNATI MUNICIPAL AIRPORT LUNKEN FIELD, OH US","39.106","-84.41609","144.8","2021-12-17","  35.1","24","110000",,"999.9",,"  64.0"," ","  28.0"," ","  7.0",," 0.18","G","1022.9","17","999.9",,"004.9","24","  40.0","24"
"72429793812","CINCINNATI MUNICIPAL AIRPORT LUNKEN FIELD, OH US","39.106","-84.41609","144.8","2021-12-18","  44.9","24","010000",," 25.1",,"  59.0"," ","  28.0"," "," 17.1",," 0.50","G","1015.6","17","999.9",,"997.4","24","  46.1","24"
"72429793812","CINCINNATI MUNICIPAL AIRPORT LUNKEN FIELD, OH US","39.106","-84.41609","144.8","2021-12-19","  28.5","24","000000",," 17.1",,"  41.0","*","  34.0","*"," 13.0",," 0.06","G","1025.5","23","999.9",,"006.7","24","  37.2","24"
"72429793812","CINCINNATI MUNICIPAL AIRPORT LUNKEN FIELD, OH US","39.106","-84.41609","144.8","2021-12-20","  26.3","24","100000",,"999.9",,"  45.0"," ","  21.9"," ","  6.0",," 0.00","G","1026.2","22","999.9",,"007.8","24","  31.6","24"
"72429793812","CINCINNATI MUNICIPAL AIRPORT LUNKEN FIELD, OH US","39.106","-84.41609","144.8","2021-12-21","  27.8","24","100000",,"999.9",,"  46.9"," ","  21.9"," ","  8.9",," 0.00","G","1017.9","19","999.9",,"999.9","24","  31.3","24"
"72429793812","CINCINNATI MUNICIPAL AIRPORT LUNKEN FIELD, OH US","39.106","-84.41609","144.8","2021-12-22","  21.1","24","000000",," 20.0",,"  46.9"," ","  23.0"," "," 12.0",," 0.00","G","1015.3","24","999.9",,"997.0","24","  34.0","24"
"72429793812","CINCINNATI MUNICIPAL AIRPORT LUNKEN FIELD, OH US","39.106","-84.41609","144.8","2021-12-23","  20.4","24","000000",," 24.1",,"  53.1"," ","  19.0"," "," 17.1",," 0.00","G","1020.3","24","999.9",,"001.7","24","  32.7","24"
"72429793812","CINCINNATI MUNICIPAL AIRPORT LUNKEN FIELD, OH US","39.106","-84.41609","144.8","2021-12-24","  29.3","24","000000",," 22.0",,"  61.0","*","  45.0","*"," 17.1",," 0.00","G","1012.0","21","999.9",,"993.6","24","  52.8","24"
"72429793812","CINCINNATI MUNICIPAL AIRPORT LUNKEN FIELD, OH US","39.106","-84.41609","144.8","2021-12-25","  53.0","24","010000",," 28.0",,"  70.0"," ","  45.0"," "," 17.1",," 0.02","G","1003.2","23","999.9",,"985.6","24","  63.3","24"
"72429793812","CINCINNATI MUNICIPAL AIRPORT LUNKEN FIELD, OH US","39.106","-84.41609","144.8","2021-12-26","  42.6","24","000000",,"999.9",,"  70.0"," ","  46.0"," ","  8.0",," 0.02","G","1016.5","22","999.9",,"998.3","24","  50.7","24"
"72429793812","CINCINNATI MUNICIPAL AIRPORT LUNKEN FIELD, OH US","39.106","-84.41609","144.8","2021-12-27","  50.7","24","010000",," 24.1",,"  72.0"," ","  45.0"," "," 15.0",," 0.01","G","1008.8","21","999.9",,"990.7","24","  58.5","24"
"72429793812","CINCINNATI MUNICIPAL AIRPORT LUNKEN FIELD, OH US","39.106","-84.41609","144.8","2021-12-28","  38.8","24","010000",," 20.0",,"  72.0"," ","  42.1"," "," 14.0",," 0.16","C","1010.0","22","999.9",,"991.6","24","  47.4","24"
"72429793812","CINCINNATI MUNICIPAL AIRPORT LUNKEN FIELD, OH US","39.106","-84.41609","144.8","2021-12-29","  46.6","24","010000",,"999.9",,"  53.1"," ","  42.1"," ","  8.0",," 0.52","G","1009.0","18","999.9",,"991.2","24","  49.1","24"
"72429793812","CINCINNATI MUNICIPAL AIRPORT LUNKEN FIELD, OH US","39.106","-84.41609","144.8","2021-12-30","  44.8","24","010000",,"999.9",,"  53.1"," ","  43.0"," ","  7.0",," 0.02","G","1012.2","18","999.9",,"994.2","24","  46.4","24"
"72429793812","CINCINNATI MUNICIPAL AIRPORT LUNKEN FIELD, OH US","39.106","-84.41609","144.8","2021-12-31","  48.4","24","100000",,"999.9",,"  59.0"," ","  43.0"," ","  6.0",," 0.00","I","1010.2","16","999.9",,"992.7","24","  49.9","24"
"72429793812","CINCINNATI MUNICIPAL AIRPORT LUNKEN FIELD, OH US","39.106","-84.41609","144.8","2022-01-01","  56.3","24","010000",," 24.1",,"  64.9"," ","  44.1"," "," 15.0",," 0.13","G","1005.7","18","999.9",,"987.7","24","  58.1","24"
"72429793812","CINCINNATI MUNICIPAL AIRPORT LUNKEN FIELD, OH US","39.106","-84.41609","144.8","2022-01-02","  38.4","24","010000",,"999.9",,"  64.9"," ","  30.9"," "," 13.0",," 1.11","G","1013.3","17","999.9",,"992.6","24","  41.1","24"
"72429793812","CINCINNATI MUNICIPAL AIRPORT LUNKEN FIELD, OH US","39.106","-84.41609","144.8","2022-01-03","  18.6","24","000000",," 17.1",,"  34.0","*","  23.0","*"," 13.0",," 0.19","G","1026.5","24","999.9",,"007.9","24","  29.1","24"
"72429793812","CINCINNATI MUNICIPAL AIRPORT LUNKEN FIELD, OH US","39.106","-84.41609","144.8","2022-01-04","  22.5","24","000000",,"999.9",,"  45.0"," ","  19.0"," "," 12.0",," 0.00","G","1026.2","24","999.9",,"007.5","24","  29.8","24"
"72429793812","CINCINNATI MUNICIPAL AIRPORT LUNKEN FIELD, OH US","39.106","-84.41609","144.8","2022-01-05","  28.7","24","000000",," 33.0",,"  50.0","*","  39.0","*"," 20.0",," 0.00","G","1010.0","24","999.9",,"991.9","24","  43.6","24"
"72429793812","CINCINNATI MUNICIPAL AIRPORT LUNKEN FIELD, OH US","39.106","-84.41609","144.8","2022-01-06","  11.7","24","001000",," 24.1",,"  50.0"," ","  17.1"," "," 17.1",," 0.00","G","1018.9","19","999.9",,"000.2","24","  22.4","24"
"72429793812","CINCINNATI MUNICIPAL AIRPORT LUNKEN FIELD, OH US","39.106","-84.41609","144.8","2022-01-07","   8.4","24","001000",," 22.0",,"  25.0"," ","  12.0"," "," 14.0",," 0.00","G","1026.3","22","999.9",,"007.1","24","  16.4","24"
"72429793812","CINCINNATI MUNICIPAL AIRPORT LUNKEN FIELD, OH US","39.106","-84.41609","144.8","2022-01-08","  11.6","24","010000",,"999.9",,"  39.0"," ","  12.0"," ","  8.9",," 0.00","G","1030.3","23","999.9",,"011.4","24","  22.1","24"
"72429793812","CINCINNATI MUNICIPAL AIRPORT LUNKEN FIELD, OH US","39.106","-84.41609","144.8","2022-01-09","  29.6","24","010000",," 22.0",,"  46.4","*","  33.1","*"," 15.9",," 0.66","G","1023.0","19","999.9",,"004.2","24","  40.7","24"
"72429793812","CINCINNATI MUNICIPAL AIRPORT LUNKEN FIELD, OH US","39.106","-84.41609","144.8","2022-01-10","  10.2","24","000000",," 21.0",,"  46.0"," ","  18.0"," "," 13.0",," 0.01","G","1033.1","24","999.9",,"014.3","24","  25.6","24"
"72429793812","CINCINNATI MUNICIPAL AIRPORT LUNKEN FIELD, OH US","39.106","-84.41609","144.8","2022-01-11","   9.2","24","000000",,"999.9",,"  34.0"," ","  12.9"," ","  8.9",," 0.00","G","1035.1","24","999.9",,"016.2","24","  22.5","24"
"72429793812","CINCINNATI MUNICIPAL AIRPORT LUNKEN FIELD, OH US","39.106","-84.41609","144.8","2022-01-12","  20.7","24","000000",," 21.0",,"  48.0","*","  28.0","*"," 15.9",," 0.00","G","1022.5","24","999.9",,"003.9","24","  37.9","24"
"72429793812","CINCINNATI MUNICIPAL AIRPORT LUNKEN FIELD, OH US","39.106","-84.41609","144.8","2022-01-13","  29.7","24","000000",,"999.9",,"  51.1"," ","  25.0"," ","  5.1",," 0.00","G","1013.8","24","999.9",,"995.5","24","  36.3","24"
"72429793812","CINCINNATI MUNICIPAL AIRPORT LUNKEN FIELD, OH US","39.106","-84.41609","144.8","2022-01-14","  31.2","24","000000",,"999.9",,"  48.9"," ","  25.0"," "," 11.1",," 0.00","G","1017.8","21","999.9",,"999.8","24","  36.4","24"
"72429793812","CINCINNATI MUNICIPAL AIRPORT LUNKEN FIELD, OH US","39.106","-84.41609","144.8","2022-01-15","  22.8","24","000000",,"999.9",,"  39.9"," ","  26.1"," "," 11.1",," 0.00","G","1023.9","20","999.9",,"005.5","24","  30.6","24"
"72429793812","CINCINNATI MUNICIPAL AIRPORT LUNKEN FIELD, OH US","39.106","-84.41609","144.8","2022-01-16","  15.7","24","010000",,"999.9",,"  34.0"," ","  19.9"," ","  9.9",," 0.00","G","1016.2","23","999.9",,"997.2","24","  25.8","24"
"72429793812","CINCINNATI MUNICIPAL AIRPORT LUNKEN FIELD, OH US","39.106","-84.41609","144.8","2022-01-17","  22.4","24","001000",," 21.0",,"  34.0"," ","  19.9"," "," 14.0",," 0.01","G","1007.1","19","999.9",,"987.7","24","  28.6","24"
"72429793812","CINCINNATI MUNICIPAL AIRPORT LUNKEN FIELD, OH US","39.106","-84.41609","144.8","2022-01-18","  23.1","24","000000",,"999.9",,"  39.9"," ","  27.0"," "," 13.0",," 0.00","I","1019.0","24","999.9",,"000.5","24","  31.6","24"
"72429793812","CINCINNATI MUNICIPAL AIRPORT LUNKEN FIELD, OH US","39.106","-84.41609","144.8","2022-01-19","  32.5","24","000000",," 17.1",,"  53.1"," ","  27.0"," "," 13.0",," 0.00","G","1015.8","24","999.9",,"997.6","24","  42.0","24"
"72429793812","CINCINNATI MUNICIPAL AIRPORT LUNKEN FIELD, OH US","39.106","-84.41609","144.8","2022-01-20","  11.7","24","000000",," 22.9",,"  53.1"," ","  19.9"," "," 14.0",," 0.00","G","1028.8","22","999.9",,"009.9","24","  26.5","24"
"72429793812","CINCINNATI MUNICIPAL AIRPORT LUNKEN FIELD, OH US","39.106","-84.41609","144.8","2022-01-21","   8.3","24","000000",," 18.1",,"  30.0"," ","  18.0"," "," 12.0",," 0.00","G","1034.6","24","999.9",,"015.6","24","  22.1","24"
"72429793812","CINCINNATI MUNICIPAL AIRPORT LUNKEN FIELD, OH US","39.106","-84.41609","144.8","2022-01-22","  10.0","24","000000",," 17.1",,"  34.0"," ","   8.1"," "," 14.0",," 0.00","G","1030.5","24","999.9",,"011.4","24","  18.7","24"
"72429793812","CINCINNATI MUNICIPAL AIRPORT LUNKEN FIELD, OH US","39.106","-84.41609","144.8","2022-01-23","  18.1","24","001000",," 25.1",,"  39.9"," ","   8.1"," "," 17.1",," 0.00","G","1016.9","22","999.9",,"998.1","24","  28.1","24"
"72429793812","CINCINNATI MUNICIPAL AIRPORT LUNKEN FIELD, OH US","39.106","-84.41609","144.8","2022-01-24","  19.6","24","011000",," 20.0",,"  41.0"," ","  15.1"," "," 12.0",," 0.00","G","1012.1","23","999.9",,"993.4","24","  26.6","24"
"72429793812","CINCINNATI MUNICIPAL AIRPORT LUNKEN FIELD, OH US","39.106","-84.41609","144.8","2022-01-25","  20.6","24","000000",," 19.0",,"  41.0"," ","  15.1"," "," 12.0",," 0.12","G","1018.9","24","999.9",,"000.4","24","  29.9","24"
"72429793812","CINCINNATI MUNICIPAL AIRPORT LUNKEN FIELD, OH US","39.106","-84.41609","144.8","2022-01-26","   1.9","24","000000",,"999.9",,"  33.1"," ","   6.1"," "," 11.1",," 0.00","G","1031.8","24","999.9",,"012.8","24","  16.3","24"
"72429793812","CINCINNATI MUNICIPAL AIRPORT LUNKEN FIELD, OH US","39.106","-84.41609","144.8","2022-01-27","  11.6","24","000000",,"999.9",,"  36.0"," ","   6.1"," ","  9.9",," 0.00","G","1027.6","24","999.9",,"008.7","24","  19.7","24"
"72429793812","CINCINNATI MUNICIPAL AIRPORT LUNKEN FIELD, OH US","39.106","-84.41609","144.8","2022-01-28","  26.4","24","001000",," 20.0",,"  36.0"," ","   6.1"," "," 13.0",," 0.06","G","1022.8"," 9","999.9",,"003.8","24","  28.9","24"
"72429793812","CINCINNATI MUNICIPAL AIRPORT LUNKEN FIELD, OH US","39.106","-84.41609","144.8","2022-01-29","   6.6","24","001000",,"999.9",,"  30.9"," ","  -2.9"," "," 11.1",," 0.03","G","1025.6","21","999.9",,"006.7","24","  13.8","24"
"72429793812","CINCINNATI MUNICIPAL AIRPORT LUNKEN FIELD, OH US","39.106","-84.41609","144.8","2022-01-30","  14.9","24","000000",," 14.0",,"  41.0","*","  16.0","*","  9.9",," 0.00","G","1015.6","24","999.9",,"996.9","24","  25.5","24"
"72429793812","CINCINNATI MUNICIPAL AIRPORT LUNKEN FIELD, OH US","39.106","-84.41609","144.8","2022-01-31","  20.4","24","000000",,"999.9",,"  42.1"," ","  16.0"," ","  5.1",," 0.00","G","1021.4","24","999.9",,"002.9","24","  29.5","24"
"72429793812","CINCINNATI MUNICIPAL AIRPORT LUNKEN FIELD, OH US","39.106","-84.41609","144.8","2022-02-01","  26.4","24","000000",,"999.9",,"  62.1"," ","  19.0"," "," 15.0",," 0.00","G","1021.8","24","999.9",,"003.3","24","  36.5","24"
"72429793812","CINCINNATI MUNICIPAL AIRPORT LUNKEN FIELD, OH US","39.106","-84.41609","144.8","2022-02-02","  36.0","24","010000",," 15.0",,"  46.9","*","  34.0","*","  8.9",," 0.00","G","1019.2","21","999.9",,"000.9","24","  41.2","24"
"72429793812","CINCINNATI MUNICIPAL AIRPORT LUNKEN FIELD, OH US","39.106","-84.41609","144.8","2022-02-03","  32.5","24","111000",," 24.1",,"  46.0"," ","  27.0"," "," 17.1",," 1.16","G","1020.0","14","999.9",,"001.7","24","  33.9","24"
"72429793812","CINCINNATI MUNICIPAL AIRPORT LUNKEN FIELD, OH US","39.106","-84.41609","144.8","2022-02-04","  18.3","24","001000",," 20.0",,"  26.6","*","  19.4","*"," 13.0",," 1.38","G","1024.9","14","999.9",,"005.7","24","  23.0","24"
"72429793812","CINCINNATI MUNICIPAL AIRPORT LUNKEN FIELD, OH US","39.106","-84.41609","144.8","2022-02-05","  12.7","24","001000",," 19.0",,"  25.0"," ","  15.1"," ","  9.9",," 0.02","G","1031.9","21","999.9",,"013.2","24","  20.0","24"
"72429793812","CINCINNATI MUNICIPAL AIRPORT LUNKEN FIELD, OH US","39.106","-84.41609","144.8","2022-02-06","  16.7","24","000000",,"999.9",,"  39.0"," ","  12.0"," ","  8.0",," 0.00","G","1029.4","24","999.9",,"010.5","24","  22.6","24"
"72429793812","CINCINNATI MUNICIPAL AIRPORT LUNKEN FIELD, OH US","39.106","-84.41609","144.8","2022-02-07","  23.6","24","100000",," 20.0",,"  41.0"," ","  12.0"," "," 11.1",," 0.00","G","1023.6","17","999.9",,"005.0","24","  29.5","24"
"72429793812","CINCINNATI MUNICIPAL AIRPORT LUNKEN FIELD, OH US","39.106","-84.41609","144.8","2022-02-08","  18.8","24","000000",,"999.9",,"  46.0"," ","  17.1"," ","  8.9",," 0.00","G","1022.1","24","999.9",,"003.5","24","  27.1","24"
"72429793812","CINCINNATI MUNICIPAL AIRPORT LUNKEN FIELD, OH US","39.106","-84.41609","144.8","2022-02-09","  29.3","24","000000",,"999.9",,"  50.0"," ","  17.1"," "," 15.9",," 0.00","G","1012.7","24","999.9",,"994.5","24","  40.9","24"
"72429793812","CINCINNATI MUNICIPAL AIRPORT LUNKEN FIELD, OH US","39.106","-84.41609","144.8","2022-02-10","  28.2","24","000000",," 19.0",,"  50.0"," ","  28.9"," "," 13.0",," 0.00","G","1014.8","24","999.9",,"996.5","24","  38.7","24"
"72429793812","CINCINNATI MUNICIPAL AIRPORT LUNKEN FIELD, OH US","39.106","-84.41609","144.8","2022-02-11","  28.4","24","010000",," 29.9",,"  57.0"," ","  26.1"," "," 18.1",," 0.00","G","1010.4","24","999.9",,"992.1","24","  39.3","24"
"72429793812","CINCINNATI MUNICIPAL AIRPORT LUNKEN FIELD, OH US","39.106","-84.41609","144.8","2022-02-12","  28.6","24","011000",," 19.0",,"  57.0"," ","  26.1"," "," 13.0",," 0.04","G","1019.2","16","999.9",,"002.0","24","  35.2","24"
"72429793812","CINCINNATI MUNICIPAL AIRPORT LUNKEN FIELD, OH US","39.106","-84.41609","144.8","2022-02-13","  13.2","24","001000",,"999.9",,"  42.1"," ","  19.0"," "," 11.1",," 0.00","G","1026.3","21","999.9",,"007.4","24","  23.9","24"
"72429793812","CINCINNATI MUNICIPAL AIRPORT LUNKEN FIELD, OH US","39.106","-84.41609","144.8","2022-02-14","  11.5","24","000000",,"999.9",,"  30.9"," ","  14.0"," ","  8.0",," 0.00","G","1027.6","24","999.9",,"008.7","24","  20.7","24"
"72429793812","CINCINNATI MUNICIPAL AIRPORT LUNKEN FIELD, OH US","39.106","-84.41609","144.8","2022-02-15","  18.8","24","000000",,"999.9",,"  52.0"," ","  14.0"," ","  7.0",," 0.00","G","1031.4","24","999.9",,"012.5","24","  29.4","24"
"72429793812","CINCINNATI MUNICIPAL AIRPORT LUNKEN FIELD, OH US","39.106","-84.41609","144.8","2022-02-16","  31.5","24","000000",," 40.0",,"  64.0","*","  30.0","*"," 28.0",," 0.00","G","1023.4","24","999.9",,"005.0","24","  46.3","24"
"72429793812","CINCINNATI MUNICIPAL AIRPORT LUNKEN FIELD, OH US","39.106","-84.41609","144.8","2022-02-17","  49.1","24","010000",," 31.1",,"  62.1","*","  53.1","*"," 22.9",," 0.11","G","1014.4","16","999.9",,"993.3","24","  56.6","24"
"72429793812","CINCINNATI MUNICIPAL AIRPORT LUNKEN FIELD, OH US","39.106","-84.41609","144.8","2022-02-18","  22.5","24","010000",," 24.1",,"  41.0","*","  26.1","*"," 15.0",," 1.94","G","1019.3","22","999.9",,"000.6","24","  31.6","24"
"72429793812","CINCINNATI MUNICIPAL AIRPORT LUNKEN FIELD, OH US","39.106","-84.41609","144.8","2022-02-19","  12.7","24","000000",," 27.0",,"  35.1"," ","  26.1"," "," 15.0",," 0.00","G","1025.1","24","999.9",,"006.4","24","  30.9","24"
"72429793812","CINCINNATI MUNICIPAL AIRPORT LUNKEN FIELD, OH US","39.106","-84.41609","144.8","2022-02-20","  18.0","24","000000",," 27.0",,"  60.1"," ","  19.9"," "," 22.0",," 0.00","G","1026.5","24","999.9",,"007.9","24","  35.2","24"
"72429793812","CINCINNATI MUNICIPAL AIRPORT LUNKEN FIELD, OH US","39.106","-84.41609","144.8","2022-02-21","  32.6","24","000000",,"999.9",,"  66.0"," ","  19.9"," "," 17.1",," 0.00","G","1019.9","24","999.9",,"001.7","24","  46.8","24"
"72429793812","CINCINNATI MUNICIPAL AIRPORT LUNKEN FIELD, OH US","39.106","-84.41609","144.8","2022-02-22","  51.3","24","010010",," 29.9",,"  63.0","*","  52.0","*"," 21.0",," 0.29","G","1013.7","15","999.9",,"995.1","24","  58.2","24"
"72429793812","CINCINNATI MUNICIPAL AIRPORT LUNKEN FIELD, OH US","39.106","-84.41609","144.8","2022-02-23","  32.6","24","010000",," 27.0",,"  63.0"," ","  30.9"," "," 19.0",," 0.71","G","1025.6","22","999.9",,"006.7","24","  38.1","24"
"72429793812","CINCINNATI MUNICIPAL AIRPORT LUNKEN FIELD, OH US","39.106","-84.41609","144.8","2022-02-24","  26.6","24","011000",,"999.9",,"  48.0"," ","  30.0"," "," 11.1",," 0.00","G","1025.9","15","999.9",,"008.1","24","  32.5","24"
"72429793812","CINCINNATI MUNICIPAL AIRPORT LUNKEN FIELD, OH US","39.106","-84.41609","144.8","2022-02-25","  28.9","24","010000",," 22.0",,"  37.9"," ","  30.0"," "," 17.1",," 0.66","G","1026.0","17","999.9",,"005.7","24","  33.8","24"
"72429793812","CINCINNATI MUNICIPAL AIRPORT LUNKEN FIELD, OH US","39.106","-84.41609","144.8","2022-02-26","  21.2","24","000000",,"999.9",,"  39.0"," ","  27.0"," ","  7.0",," 0.20","G","1034.2","22","999.9",,"015.5","24","  31.2","24"
"72429793812","CINCINNATI MUNICIPAL AIRPORT LUNKEN FIELD, OH US","39.106","-84.41609","144.8","2022-02-27","  21.8","24","000000",,"999.9",,"  51.1"," ","  23.0"," "," 12.0",," 0.00","G","1027.0","24","999.9",,"008.4","24","  34.5","24"
"72429793812","CINCINNATI MUNICIPAL AIRPORT LUNKEN FIELD, OH US","39.106","-84.41609","144.8","2022-02-28","  26.6","24","000000",,"999.9",,"  53.1"," ","  23.0"," ","  8.9",," 0.00","G","1024.2","24","999.9",,"005.7","24","  37.1","24"
"72429793812","CINCINNATI MUNICIPAL AIRPORT LUNKEN FIELD, OH US","39.106","-84.41609","144.8","2022-03-01","  30.4","24","000000",," 20.0",,"  66.9"," ","  26.1"," "," 15.0",," 0.00","G","1017.8","24","999.9",,"999.6","24","  45.9","24"
"72429793812","CINCINNATI MUNICIPAL AIRPORT LUNKEN FIELD, OH US","39.106","-84.41609","144.8","2022-03-02","  35.6","24","000000",,"999.9",,"  69.1"," ","  32.0"," ","  8.0",," 0.00","G","1017.9","24","999.9",,"999.8","24","  52.0","24"
"72429793812","CINCINNATI MUNICIPAL AIRPORT LUNKEN FIELD, OH US","39.106","-84.41609","144.8","2022-03-03","  32.8","24","000000",,"999.9",,"  69.1"," ","  35.1"," "," 14.0",," 0.00","G","1021.8","24","999.9",,"003.6","24","  48.0","24"
"72429793812","CINCINNATI MUNICIPAL AIRPORT LUNKEN FIELD, OH US","39.106","-84.41609","144.8","2022-03-04","  21.5","24","000000",,"999.9",,"  63.0"," ","  28.0"," ","  9.9",," 0.00","G","1029.6","24","999.9",,"011.1","24","  40.2","24"
"72429793812","CINCINNATI MUNICIPAL AIRPORT LUNKEN FIELD, OH US","39.106","-84.41609","144.8","2022-03-05","  34.5","24","000000",," 33.0",,"  78.1"," ","  28.0"," "," 22.0",," 0.00","G","1021.1","24","999.9",,"002.8","24","  54.6","24"
"72429793812","CINCINNATI MUNICIPAL AIRPORT LUNKEN FIELD, OH US","39.106","-84.41609","144.8","2022-03-06","  55.7","24","010010",," 27.0",,"  70.0","*","  61.0","*"," 17.1",," 0.23","G","1015.3","18","999.9",,"997.4","24","  66.6","24"
"72429793812","CINCINNATI MUNICIPAL AIRPORT LUNKEN FIELD, OH US","39.106","-84.41609","144.8","2022-03-07","  53.2","24","010010",," 45.1",,"  71.1"," ","  41.0"," "," 29.9",," 1.07","G","1010.8","16","999.9",,"992.6","24","  56.3","24"
"72429793812","CINCINNATI MUNICIPAL AIRPORT LUNKEN FIELD, OH US","39.106","-84.41609","144.8","2022-03-08","  26.3","24","000000",," 17.1",,"  43.0","*","  36.0","*","  9.9",," 0.21","G","1023.3","24","999.9",,"005.0","24","  38.7","24"
"72429793812","CINCINNATI MUNICIPAL AIRPORT LUNKEN FIELD, OH US","39.106","-84.41609","144.8","2022-03-09","  31.2","24","010000",," 15.0",,"  50.0"," ","  36.0"," ","  8.0",," 0.01","G","1016.7","22","999.9",,"998.4","24","  41.3","24"
"72429793812","CINCINNATI MUNICIPAL AIRPORT LUNKEN FIELD, OH US","39.106","-84.41609","144.8","2022-03-10","  29.3","24","000000",,"999.9",,"  55.0"," ","  27.0"," ","  8.0",," 0.00","I","1020.3","23","999.9",,"001.9","24","  39.9","24"
"72429793812","CINCINNATI MUNICIPAL AIRPORT LUNKEN FIELD, OH US","39.106","-84.41609","144.8","2022-03-11","  32.0","24","001000",," 22.9",,"  57.9"," ","  27.0"," "," 14.0",," 0.00","G","1016.4","22","999.9",,"998.1","24","  40.2","24"
"72429793812","CINCINNATI MUNICIPAL AIRPORT LUNKEN FIELD, OH US","39.106","-84.41609","144.8","2022-03-12","  12.1","24","001000",," 27.0",,"  30.0","*","  21.0","*"," 18.1",," 0.04","G","1018.6","23","999.9",,"000.0","24","  25.4","24"
"72429793812","CINCINNATI MUNICIPAL AIRPORT LUNKEN FIELD, OH US","39.106","-84.41609","144.8","2022-03-13","  14.7","24","000000",," 28.0",,"  52.0"," ","  18.0"," "," 20.0",," 0.00","G","1023.3","24","999.9",,"004.7","24","  31.5","24"
"72429793812","CINCINNATI MUNICIPAL AIRPORT LUNKEN FIELD, OH US","39.106","-84.41609","144.8","2022-03-14","  27.8","24","000000",," 21.0",,"  66.0"," ","  18.0"," "," 15.0",," 0.00","G","1025.2","24","999.9",,"006.9","24","  46.2","24"
"72429793812","CINCINNATI MUNICIPAL AIRPORT LUNKEN FIELD, OH US","39.106","-84.41609","144.8","2022-03-15","  35.3","24","000000",,"999.9",,"  70.0"," ","  28.0"," ","  9.9",," 0.00","G","1023.6","24","999.9",,"005.4","24","  51.4","24"
"72429793812","CINCINNATI MUNICIPAL AIRPORT LUNKEN FIELD, OH US","39.106","-84.41609","144.8","2022-03-16","  37.8","24","000000",," 17.1",,"  71.1"," ","  33.1"," ","  8.9",," 0.00","G","1018.9","22","999.9",,"000.9","24","  51.3","24"
"72429793812","CINCINNATI MUNICIPAL AIRPORT LUNKEN FIELD, OH US","39.106","-84.41609","144.8","2022-03-17","  42.3","24","000000",,"999.9",,"  73.9"," ","  33.1"," ","  7.0",," 0.00","G","1013.9","24","999.9",,"995.9","24","  54.2","24"
"72429793812","CINCINNATI MUNICIPAL AIRPORT LUNKEN FIELD, OH US","39.106","-84.41609","144.8","2022-03-18","  48.8","24","010000",,"999.9",,"  73.9"," ","  37.0"," "," 12.0",," 0.00","G","1011.2","24","999.9",,"993.3","24","  55.5","24"
"72429793812","CINCINNATI MUNICIPAL AIRPORT LUNKEN FIELD, OH US","39.106","-84.41609","144.8","2022-03-19","  47.3","24","010000",," 27.0",,"  68.0"," ","  43.0"," "," 19.0",," 0.11","G","1008.5","18","999.9",,"990.1","24","  52.0","24"
"72429793812","CINCINNATI MUNICIPAL AIRPORT LUNKEN FIELD, OH US","39.106","-84.41609","144.8","2022-03-20","  37.2","24","010000",," 21.0",,"  63.0"," ","  39.0"," "," 11.1",," 0.04","G","1020.6","23","999.9",,"002.3","24","  49.3","24"
"72429793812","CINCINNATI MUNICIPAL AIRPORT LUNKEN FIELD, OH US","39.106","-84.41609","144.8","2022-03-21","  35.7","24","000000",,"999.9",,"  72.0"," ","  33.1"," "," 13.0",," 0.01","G","1023.2","24","999.9",,"005.0","24","  51.3","24"
"72429793812","CINCINNATI MUNICIPAL AIRPORT LUNKEN FIELD, OH US","39.106","-84.41609","144.8","2022-03-22","  41.9","24","010000",,"999.9",,"  72.0"," ","  33.1"," ","  8.0",," 0.00","G","1017.0","24","999.9",,"999.0","24","  55.0","24"
"72429793812","CINCINNATI MUNICIPAL AIRPORT LUNKEN FIELD, OH US","39.106","-84.41609","144.8","2022-03-23","  46.9","24","010000",," 32.1",,"  71.1"," ","  45.0"," "," 25.1",," 0.00","G","1003.6","23","999.9",,"985.8","24","  65.1","24"
"72429793812","CINCINNATI MUNICIPAL AIRPORT LUNKEN FIELD, OH US","39.106","-84.41609","144.8","2022-03-24","  37.0","24","010000",," 31.1",,"  71.1"," ","  46.9"," "," 19.0",," 0.23","G","1009.1","20","999.9",,"991.4","24","  51.0","24"
"72429793812","CINCINNATI MUNICIPAL AIRPORT LUNKEN FIELD, OH US","39.106","-84.41609","144.8","2022-03-25","  34.2","24","010000",," 26.0",,"  57.9"," ","  36.0"," "," 19.0",," 0.00","G","1010.3","21","999.9",,"992.2","24","  43.7","24"
"72429793812","CINCINNATI MUNICIPAL AIRPORT LUNKEN FIELD, OH US","39.106","-84.41609","144.8","2022-03-26","  29.2","24","011000",," 38.1",,"  46.9"," ","  34.0"," "," 22.0",," 0.03","G","1010.1","22","999.9",,"991.7","24","  38.2","24"
"72429793812","CINCINNATI MUNICIPAL AIRPORT LUNKEN FIELD, OH US","39.106","-84.41609","144.8","2022-03-27","  17.4","24","000000",," 21.0",,"  43.0"," ","  30.0"," "," 15.9",," 0.00","I","1018.8","24","999.9",,"000.4","24","  34.1","24"
"72429793812","CINCINNATI MUNICIPAL AIRPORT LUNKEN FIELD, OH US","39.106","-84.41609","144.8","2022-03-28","  14.4","24","000000",," 15.9",,"  44.1"," ","  21.0"," "," 11.1",," 0.00","G","1024.1","24","999.9",,"005.5","24","  32.7","24"
"72429793812","CINCINNATI MUNICIPAL AIRPORT LUNKEN FIELD, OH US","39.106","-84.41609","144.8","2022-03-29","  16.2","24","010000",,"999.9",,"  44.1"," ","  21.0"," ","  8.0",," 0.00","G","1024.9","24","999.9",,"006.4","24","  35.9","24"
"72429793812","CINCINNATI MUNICIPAL AIRPORT LUNKEN FIELD, OH US","39.106","-84.41609","144.8","2022-03-30","  30.0","24","000000",," 35.9",,"  82.0"," ","  30.0"," "," 24.1",," 0.00","G","1008.7","24","999.9",,"990.7","24","  58.1","24"
"72429793812","CINCINNATI MUNICIPAL AIRPORT LUNKEN FIELD, OH US","39.106","-84.41609","144.8","2022-03-31","  43.9","24","010000",," 60.0",,"  82.0"," ","  39.0"," "," 32.1",," 0.05","G"," 998.9","18","999.9",,"981.0","24","  56.7","24"
"72429793812","CINCINNATI MUNICIPAL AIRPORT LUNKEN FIELD, OH US","39.106","-84.41609","144.8","2022-04-01","  31.2","24","010000",," 21.0",,"  44.1","*","  35.6","*"," 17.1",," 0.12","G","1015.5","17","999.9",,"996.0","24","  39.8","24"
"72429793812","CINCINNATI MUNICIPAL AIRPORT LUNKEN FIELD, OH US","39.106","-84.41609","144.8","2022-04-02","  28.7","24","000000",,"999.9",,"  51.1"," ","  24.1"," ","  9.9",," 0.05","G","1019.7","24","999.9",,"001.4","24","  38.1","24"
"72429793812","CINCINNATI MUNICIPAL AIRPORT LUNKEN FIELD, OH US","39.106","-84.41609","144.8","2022-04-03","  32.6","24","010000",," 22.9",,"  55.0","*","  39.2","*"," 17.1",," 0.00","G","1016.9","19","999.9",,"998.9","24","  46.7","24"
"72429793812","CINCINNATI MUNICIPAL AIRPORT LUNKEN FIELD, OH US","39.106","-84.41609","144.8","2022-04-04","  36.9","24","010000",,"999.9",,"  60.1"," ","  34.0"," "," 12.0",," 0.02","G","1015.4","24","999.9",,"997.3","24","  46.9","24"
"72429793812","CINCINNATI MUNICIPAL AIRPORT LUNKEN FIELD, OH US","39.106","-84.41609","144.8","2022-04-05","  45.0","24","010000",,"999.9",,"  60.1"," ","  35.1"," ","  6.0",," 0.26","B","1010.7","18","999.9",,"991.6","24","  47.2","24"
"72429793812","CINCINNATI MUNICIPAL AIRPORT LUNKEN FIELD, OH US","39.106","-84.41609","144.8","2022-04-06","  48.9","24","110000",," 19.0",,"  55.9"," ","  37.0"," "," 14.0",," 0.41","B","1004.2"," 9","999.9",,"986.5","24","  49.8","24"
"72429793812","CINCINNATI MUNICIPAL AIRPORT LUNKEN FIELD, OH US","39.106","-84.41609","144.8","2022-04-07","  38.6","24","100000",," 22.9",,"  55.9"," ","  34.0"," "," 14.0",," 0.00","A","1006.1","18","999.9",,"988.0","24","  46.5","24"
"72429793812","CINCINNATI MUNICIPAL AIRPORT LUNKEN FIELD, OH US","39.106","-84.41609","144.8","2022-04-08","  34.8","24","110000",," 17.1",,"  55.0"," ","  32.0"," "," 15.0",," 0.04","G","1006.1","15","999.9",,"988.1","24","  40.9","24"
"72429793812","CINCINNATI MUNICIPAL AIRPORT LUNKEN FIELD, OH US","39.106","-84.41609","144.8","2022-04-09","  32.1","24","011000",," 22.0",,"  51.1"," ","  32.0"," "," 15.0",," 0.09","G","1010.7","20","999.9",,"992.4","24","  39.7","24"
"72429793812","CINCINNATI MUNICIPAL AIRPORT LUNKEN FIELD, OH US","39.106","-84.41609","144.8","2022-04-10","  31.7","24","000000",," 17.1",,"  62.1"," ","  28.0"," "," 12.0",," 0.02","G","1016.8","24","999.9",,"998.6","24","  45.1","24"
"72429793812","CINCINNATI MUNICIPAL AIRPORT LUNKEN FIELD, OH US","39.106","-84.41609","144.8","2022-04-11","  45.4","24","010000",," 22.9",,"  62.1","*","  46.0","*"," 15.9",," 0.00","G","1012.6","23","999.9",,"994.7","24","  56.5","24"
"72429793812","CINCINNATI MUNICIPAL AIRPORT LUNKEN FIELD, OH US","39.106","-84.41609","144.8","2022-04-12","  55.7","24","010000",," 20.0",,"  71.1"," ","  46.0"," "," 12.0",," 0.14","G","1016.4","17","999.9",,"998.6","24","  59.6","24"
"72429793812","CINCINNATI MUNICIPAL AIRPORT LUNKEN FIELD, OH US","39.106","-84.41609","144.8","2022-04-13","  60.1","24","010000",,"999.9",,"  72.0"," ","  51.1"," "," 13.0",," 0.00","G","1010.1","23","999.9",,"992.5","24","  64.9","24"
"72429793812","CINCINNATI MUNICIPAL AIRPORT LUNKEN FIELD, OH US","39.106","-84.41609","144.8","2022-04-14","  41.3","24","010000",," 32.1",,"  72.0"," ","  43.0"," "," 20.0",," 1.06","G","1013.7","16","999.9",,"994.7","24","  56.5","24"
"72429793812","CINCINNATI MUNICIPAL AIRPORT LUNKEN FIELD, OH US","39.106","-84.41609","144.8","2022-04-15","  33.0","24","000000",," 28.9",,"  71.1"," ","  36.0"," "," 21.0",," 0.09","G","1018.0","24","999.9",,"999.9","24","  53.3","24"
"72429793812","CINCINNATI MUNICIPAL AIRPORT LUNKEN FIELD, OH US","39.106","-84.41609","144.8","2022-04-16","  44.7","24","010000",," 33.0",,"  64.9","*","  52.0","*"," 24.1",," 0.02","G","1015.8","20","999.9",,"998.1","24","  58.1","24"
"72429793812","CINCINNATI MUNICIPAL AIRPORT LUNKEN FIELD, OH US","39.106","-84.41609","144.8","2022-04-17","  25.6","24","000000",," 18.1",,"  64.9"," ","  32.0"," "," 12.0",," 0.00","I","1023.4","24","999.9",,"005.2","24","  44.3","24"
"72429793812","CINCINNATI MUNICIPAL AIRPORT LUNKEN FIELD, OH US","39.106","-84.41609","144.8","2022-04-18","  33.2","24","010000",," 22.0",,"  52.0"," ","  32.0"," "," 15.0",," 0.25","G","1018.0","18","999.9",,"999.4","24","  41.4","24"
"72429793812","CINCINNATI MUNICIPAL AIRPORT LUNKEN FIELD, OH US","39.106","-84.41609","144.8","2022-04-19","  29.9","24","000000",," 20.0",,"  53.1"," ","  36.0"," "," 15.0",," 0.20","G","1021.5","24","999.9",,"003.2","24","  42.2","24"
"72429793812","CINCINNATI MUNICIPAL AIRPORT LUNKEN FIELD, OH US","39.106","-84.41609","144.8","2022-04-20","  33.1","24","000000",," 19.0",,"  66.0"," ","  33.1"," "," 13.0",," 0.00","G","1025.5","24","999.9",,"007.1","24","  47.6","24"
"72429793812","CINCINNATI MUNICIPAL AIRPORT LUNKEN FIELD, OH US","39.106","-84.41609","144.8","2022-04-21","  49.8","24","010000",," 28.0",,"  64.9","*","  54.0","*"," 15.9",," 0.21","G","1022.4","23","999.9",,"004.5","24","  59.4","24"
"72429793812","CINCINNATI MUNICIPAL AIRPORT LUNKEN FIELD, OH US","39.106","-84.41609","144.8","2022-04-22","  50.0","24","100000",," 15.0",,"  78.1"," ","  44.1"," ","  9.9",," 0.01","G","1028.5","19","999.9",,"010.7","24","  58.6","24"
"72429793812","CINCINNATI MUNICIPAL AIRPORT LUNKEN FIELD, OH US","39.106","-84.41609","144.8","2022-04-23","  55.3","24","000000",," 21.0",,"  82.9"," ","  44.1"," "," 17.1",," 0.00","G","1020.7","22","999.9",,"002.9","24","  66.6","24"
"72429793812","CINCINNATI MUNICIPAL AIRPORT LUNKEN FIELD, OH US","39.106","-84.41609","144.8","2022-04-24","  56.6","24","000000",," 25.1",,"  82.9"," ","  48.9"," "," 17.1",," 0.00","G","1016.9","23","999.9",,"999.2","24","  69.9","24"
"72429793812","CINCINNATI MUNICIPAL AIRPORT LUNKEN FIELD, OH US","39.106","-84.41609","144.8","2022-04-25","  58.6","24","010000",," 28.0",,"  82.0"," ","  53.1"," "," 13.0",," 0.00","G","1015.6","24","999.9",,"997.9","24","  67.4","24"
"72429793812","CINCINNATI MUNICIPAL AIRPORT LUNKEN FIELD, OH US","39.106","-84.41609","144.8","2022-04-26","  38.0","24","000000",," 22.0",,"  75.9"," ","  42.1"," "," 14.0",," 0.01","G","1023.8","22","999.9",,"005.6","24","  51.3","24"
"72429793812","CINCINNATI MUNICIPAL AIRPORT LUNKEN FIELD, OH US","39.106","-84.41609","144.8","2022-04-27","  34.6","24","000000",," 15.9",,"  64.9"," ","  35.1"," "," 13.0",," 0.00","G","1025.6","24","999.9",,"007.3","24","  49.8","24"
"72429793812","CINCINNATI MUNICIPAL AIRPORT LUNKEN FIELD, OH US","39.106","-84.41609","144.8","2022-04-28","  36.1","24","000000",,"999.9",,"  64.9"," ","  35.1"," "," 11.1",," 0.00","G","1024.6","24","999.9",,"006.4","24","  51.2","24"
"72429793812","CINCINNATI MUNICIPAL AIRPORT LUNKEN FIELD, OH US","39.106","-84.41609","144.8","2022-04-29","  39.2","24","000000",,"999.9",,"  72.0"," ","  42.1"," ","  9.9",," 0.00","G","1020.5","24","999.9",,"002.5","24","  58.7","24"
"72429793812","CINCINNATI MUNICIPAL AIRPORT LUNKEN FIELD, OH US","39.106","-84.41609","144.8","2022-04-30","  52.5","24","010000",," 18.1",,"  72.0"," ","  50.0"," ","  9.9",," 0.15","G","1015.9","23","999.9",,"998.1","24","  61.8","24"
"72429793812","CINCINNATI MUNICIPAL AIRPORT LUNKEN FIELD, OH US","39.106","-84.41609","144.8","2022-05-01","  54.9","24","010000",," 34.0",,"  77.0"," ","  52.0"," "," 22.9",," 0.03","G","1010.4","22","999.9",,"992.8","24","  68.9","24"
"72429793812","CINCINNATI MUNICIPAL AIRPORT LUNKEN FIELD, OH US","39.106","-84.41609","144.8","2022-05-02","  47.6","24","100000",," 17.1",,"  77.0"," ","  41.0"," "," 11.1",," 0.02","G","1017.1","22","999.9",,"999.4","24","  60.1","24"
"72429793812","CINCINNATI MUNICIPAL AIRPORT LUNKEN FIELD, OH US","39.106","-84.41609","144.8","2022-05-03","  59.0","24","010010",," 35.0",,"  80.1"," ","  41.0"," "," 24.1",," 0.23","G","1012.6","16","999.9",,"994.3","24","  63.6","24"
"72429793812","CINCINNATI MUNICIPAL AIRPORT LUNKEN FIELD, OH US","39.106","-84.41609","144.8","2022-05-04","  53.2","24","000000",," 15.9",,"  72.0","*","  53.6","*","  9.9",," 0.61","G","1016.4","20","999.9",,"998.8","24","  59.7","24"
"72429793812","CINCINNATI MUNICIPAL AIRPORT LUNKEN FIELD, OH US","39.106","-84.41609","144.8","2022-05-05","  52.8","24","010000",,"999.9",,"  64.0"," ","  54.0"," ","  8.9",," 0.00","G","1018.8","20","999.9",,"000.8","24","  58.1","24"
"72429793812","CINCINNATI MUNICIPAL AIRPORT LUNKEN FIELD, OH US","39.106","-84.41609","144.8","2022-05-06","  60.5","24","010010",,"999.9",,"  73.0"," ","  54.0"," ","  8.9",," 1.27","G","1008.3","11","999.9",,"987.6","24","  62.1","24"
"72429793812","CINCINNATI MUNICIPAL AIRPORT LUNKEN FIELD, OH US","39.106","-84.41609","144.8","2022-05-07","  52.7","24","010000",," 22.9",,"  73.0"," ","  52.0"," "," 15.9",," 0.27","G","1006.7","16","999.9",,"987.8","24","  56.9","24"
"72429793812","CINCINNATI MUNICIPAL AIRPORT LUNKEN FIELD, OH US","39.106","-84.41609","144.8","2022-05-08","  46.8","24","000000",," 14.0",,"  71.1"," ","  41.0"," ","  9.9",," 0.02","G","1015.5","23","999.9",,"997.5","24","  57.0","24"
"72429793812","CINCINNATI MUNICIPAL AIRPORT LUNKEN FIELD, OH US","39.106","-84.41609","144.8","2022-05-09","  50.4","24","000000",," 20.0",,"  77.0"," ","  41.0"," "," 13.0",," 0.00","G","1018.2","23","999.9",,"000.3","24","  61.7","24"
"72429793812","CINCINNATI MUNICIPAL AIRPORT LUNKEN FIELD, OH US","39.106","-84.41609","144.8","2022-05-10","  58.5","24","000000",," 17.1",,"  84.0"," ","  46.9"," ","  8.9",," 0.00","G","1020.9","24","999.9",,"003.0","24","  67.0","24"
"72429793812","CINCINNATI MUNICIPAL AIRPORT LUNKEN FIELD, OH US","39.106","-84.41609","144.8","2022-05-11","  63.3","24","100000",,"999.9",,"  87.1"," ","  51.1"," ","  8.9",," 0.00","G","1021.4","23","999.9",,"003.7","24","  73.7","24"
"72429793812","CINCINNATI MUNICIPAL AIRPORT LUNKEN FIELD, OH US","39.106","-84.41609","144.8","2022-05-12","  54.5","24","000000",,"999.9",,"  87.1"," ","  50.0"," "," 11.1",," 0.00","G","1020.5","24","999.9",,"002.7","24","  67.5","24"
"72429793812","CINCINNATI MUNICIPAL AIRPORT LUNKEN FIELD, OH US","39.106","-84.41609","144.8","2022-05-13","  59.7","24","000000",,"999.9",,"  84.9"," ","  50.0"," ","  7.0",," 0.00","G","1017.2","24","999.9",,"999.5","24","  69.2","24"
"72429793812","CINCINNATI MUNICIPAL AIRPORT LUNKEN FIELD, OH US","39.106","-84.41609","144.8","2022-05-14","  63.1","24","010010",," 24.1",,"  84.0"," ","  55.0"," "," 14.0",," 0.00","G","1013.6","21","999.9",,"996.1","24","  70.3","24"
"72429793812","CINCINNATI MUNICIPAL AIRPORT LUNKEN FIELD, OH US","39.106","-84.41609","144.8","2022-05-15","  61.4","24","110000",,"999.9",,"  84.9"," ","  57.0"," ","  6.0",," 0.10","G","1012.2","15","999.9",,"995.1","24","  68.9","24"
"72429793812","CINCINNATI MUNICIPAL AIRPORT LUNKEN FIELD, OH US","39.106","-84.41609","144.8","2022-05-16","  55.7","24","010010",," 31.1",,"  84.9"," ","  57.0"," "," 20.0",," 0.18","G","1010.6","22","999.9",,"992.9","24","  67.2","24"
"72429793812","CINCINNATI MUNICIPAL AIRPORT LUNKEN FIELD, OH US","39.106","-84.41609","144.8","2022-05-17","  50.5","24","000000",," 24.1",,"  82.9"," ","  48.9"," "," 17.1",," 0.00","I","1014.1","23","999.9",,"996.4","24","  66.4","24"
"72429793812","CINCINNATI MUNICIPAL AIRPORT LUNKEN FIELD, OH US","39.106","-84.41609","144.8","2022-05-18","  57.0","24","010000",," 15.9",,"  82.9"," ","  48.9"," "," 11.1",," 0.00","G","1013.5","23","999.9",,"995.6","24","  63.4","24"
"72429793812","CINCINNATI MUNICIPAL AIRPORT LUNKEN FIELD, OH US","39.106","-84.41609","144.8","2022-05-19","  64.1","24","110010",,"999.9",,"  82.9"," ","  53.1"," ","  8.9",," 0.45","G","1008.2","16","999.9",,"990.7","24","  68.2","24"
"72429793812","CINCINNATI MUNICIPAL AIRPORT LUNKEN FIELD, OH US","39.106","-84.41609","144.8","2022-05-20","  66.2","24","010010",," 35.0",,"  87.1"," ","  57.0"," "," 25.1",," 1.50","G","1005.8","17","999.9",,"988.2","24","  74.3","24"
"72429793812","CINCINNATI MUNICIPAL AIRPORT LUNKEN FIELD, OH US","39.106","-84.41609","144.8","2022-05-21","  67.2","24","010010",," 35.0",,"  87.1"," ","  64.0"," "," 15.0",," 0.38","G","1013.0","21","999.9",,"995.8","24","  74.5","24"
"72429793812","CINCINNATI MUNICIPAL AIRPORT LUNKEN FIELD, OH US","39.106","-84.41609","144.8","2022-05-22","  61.1","24","010000",," 15.9",,"  70.0","*","  64.0","*"," 11.1",," 0.70","G","1020.0","19","999.9",,"002.3","24","  66.0","24"
"72429793812","CINCINNATI MUNICIPAL AIRPORT LUNKEN FIELD, OH US","39.106","-84.41609","144.8","2022-05-23","  46.0","24","010000",,"999.9",,"  72.0"," ","  52.0"," ","  8.9",," 0.04","G","1024.6","24","999.9",,"006.5","24","  58.6","24"
"72429793812","CINCINNATI MUNICIPAL AIRPORT LUNKEN FIELD, OH US","39.106","-84.41609","144.8","2022-05-24","  52.9","24","000000",," 15.0",,"  75.9"," ","  48.0"," ","  9.9",," 0.00","G","1021.2","24","999.9",,"003.2","24","  60.7","24"
"72429793812","CINCINNATI MUNICIPAL AIRPORT LUNKEN FIELD, OH US","39.106","-84.41609","144.8","2022-05-25","  64.5","24","000000",," 18.1",,"  82.9"," ","  48.0"," "," 11.1",," 0.00","G","1017.4","24","999.9",,"999.7","24","  71.2","24"
"72429793812","CINCINNATI MUNICIPAL AIRPORT LUNKEN FIELD, OH US","39.106","-84.41609","144.8","2022-05-26","  66.6","24","010000",," 20.0",,"  82.9"," ","  62.1"," "," 12.0",," 0.12","G","1013.1","19","999.9",,"995.6","23","  71.2","24"
"72429793812","CINCINNATI MUNICIPAL AIRPORT LUNKEN FIELD, OH US","39.106","-84.41609","144.8","2022-05-27","  60.1","24","110000",," 20.0",,"  75.0"," ","  55.0"," "," 15.0",," 0.27","G","1008.9","14","999.9",,"991.2","24","  63.3","24"
"72429793812","CINCINNATI MUNICIPAL AIRPORT LUNKEN FIELD, OH US","39.106","-84.41609","144.8","2022-05-28","  58.6","24","010000",,"999.9",,"  75.0"," ","  55.0"," ","  9.9",," 0.44","G","1013.2","16","999.9",,"995.1","24","  63.7","24"
"72429793812","CINCINNATI MUNICIPAL AIRPORT LUNKEN FIELD, OH US","39.106","-84.41609","144.8","2022-05-29","  61.1","24","100000",,"999.9",,"  82.0"," ","  54.0"," ","  8.9",," 0.00","G","1015.2","19","999.9",,"997.4","24","  67.7","24"
"72429793812","CINCINNATI MUNICIPAL AIRPORT LUNKEN FIELD, OH US","39.106","-84.41609","144.8","2022-05-30","  64.0","24","100000",," 20.0",,"  87.1"," ","  54.0"," "," 13.0",," 0.00","G","1016.2","22","999.9",,"998.5","24","  73.1","24"
"72429793812","CINCINNATI MUNICIPAL AIRPORT LUNKEN FIELD, OH US","39.106","-84.41609","144.8","2022-05-31","  67.1","24","100000",,"999.9",,"  88.0"," ","  59.0"," "," 14.0",," 0.00","G","1016.9","19","999.9",,"999.5","24","  75.9","24"
"72429793812","CINCINNATI MUNICIPAL AIRPORT LUNKEN FIELD, OH US","39.106","-84.41609","144.8","2022-06-01","  68.0","24","110000",," 21.0",,"  89.1"," ","  62.1"," "," 14.0",," 0.05","B","1014.5","22","999.9",,"996.8","19","  76.0","24"
"72429793812","CINCINNATI MUNICIPAL AIRPORT LUNKEN FIELD, OH US","39.106","-84.41609","144.8","2022-06-02","  65.9","24","110010",," 25.1",,"  89.1"," ","  63.0"," "," 18.1",," 0.30","G","1011.2","18","999.9",,"993.7","24","  72.3","24"
"72429793812","CINCINNATI MUNICIPAL AIRPORT LUNKEN FIELD, OH US","39.106","-84.41609","144.8","2022-06-03","  53.3","24","000000",," 14.0",,"  81.0"," ","  55.0"," ","  8.0",," 0.42","G","1013.4","21","999.9",,"995.7","24","  68.3","24"
"72429793812","CINCINNATI MUNICIPAL AIRPORT LUNKEN FIELD, OH US","39.106","-84.41609","144.8","2022-06-04","  54.5","24","100000",,"999.9",,"  84.0"," ","  51.1"," ","  7.0",," 0.00","G","1014.2","23","999.9",,"996.5","24","  67.2","24"
"72429793812","CINCINNATI MUNICIPAL AIRPORT LUNKEN FIELD, OH US","39.106","-84.41609","144.8","2022-06-05","  56.5","24","000000",,"999.9",,"  84.0"," ","  51.1"," ","  8.9",," 0.00","G","1012.3","24","999.9",,"994.7","24","  68.5","24"
"72429793812","CINCINNATI MUNICIPAL AIRPORT LUNKEN FIELD, OH US","39.106","-84.41609","144.8","2022-06-06","  64.0","24","010010",," 33.0",,"  84.0"," ","  54.0"," "," 20.0",," 0.00","G","1010.4","20","999.9",,"992.9","24","  69.4","24"
"72429793812","CINCINNATI MUNICIPAL AIRPORT LUNKEN FIELD, OH US","39.106","-84.41609","144.8","2022-06-07","  67.0","24","010000",," 19.0",,"  82.0"," ","  61.0"," "," 13.0",," 1.07","G","1010.2","18","999.9",,"992.6","24","  71.4","24"
"72429793812","CINCINNATI MUNICIPAL AIRPORT LUNKEN FIELD, OH US","39.106","-84.41609","144.8","2022-06-08","  66.0","24","110010",," 22.0",,"  82.0"," ","  59.0"," "," 17.1",," 0.16","G","1011.9","17","999.9",,"993.8","24","  69.8","24"
"72429793812","CINCINNATI MUNICIPAL AIRPORT LUNKEN FIELD, OH US","39.106","-84.41609","144.8","2022-06-09","  58.2","24","000000",," 19.0",,"  82.0"," ","  57.0"," ","  8.9",," 0.47","G","1012.6","22","999.9",,"994.9","24","  67.8","24"
"72429793812","CINCINNATI MUNICIPAL AIRPORT LUNKEN FIELD, OH US","39.106","-84.41609","144.8","2022-06-10","  59.6","24","110000",," 18.1",,"  77.0"," ","  55.9"," ","  8.9",," 0.00","G","1014.2","23","999.9",,"996.5","24","  65.5","24"
"72429793812","CINCINNATI MUNICIPAL AIRPORT LUNKEN FIELD, OH US","39.106","-84.41609","144.8","2022-06-11","  62.2","24","010000",,"999.9",,"  78.1"," ","  55.9"," ","  8.0",," 0.13","G","1013.0","20","999.9",,"995.5","24","  67.0","24"
"72429793812","CINCINNATI MUNICIPAL AIRPORT LUNKEN FIELD, OH US","39.106","-84.41609","144.8","2022-06-12","  68.4","24","010000",," 24.1",,"  82.9"," ","  60.1"," "," 11.1",," 0.37","G","1010.7","23","999.9",,"993.1","24","  73.4","24"
"72429793812","CINCINNATI MUNICIPAL AIRPORT LUNKEN FIELD, OH US","39.106","-84.41609","144.8","2022-06-13","  74.2","24","110010",," 41.0",,"  91.0"," ","  64.9"," "," 20.0",," 0.49","A","1012.5","14","999.9",,"994.9","24","  77.6","24"
"72429793812","CINCINNATI MUNICIPAL AIRPORT LUNKEN FIELD, OH US","39.106","-84.41609","144.8","2022-06-14","  74.0","24","000000",," 19.0",,"  96.1"," ","  69.1"," "," 12.0",," 0.00","I","1013.3","21","999.9",,"996.0","24","  80.6","24"
"72429793812","CINCINNATI MUNICIPAL AIRPORT LUNKEN FIELD, OH US","39.106","-84.41609","144.8","2022-06-15","  74.7","24","000000",,"999.9",,"  96.1"," ","  69.1"," "," 12.0",," 0.00","G","1015.6","22","999.9",,"998.2","24","  83.3","24"
"72429793812","CINCINNATI MUNICIPAL AIRPORT LUNKEN FIELD, OH US","39.106","-84.41609","144.8","2022-06-16","  73.9","24","000000",," 22.9",,"  93.0"," ","  72.0"," "," 15.9",," 0.00","G","1016.0","24","999.9",,"998.5","24","  83.1","24"
"72429793812","CINCINNATI MUNICIPAL AIRPORT LUNKEN FIELD, OH US","39.106","-84.41609","144.8","2022-06-17","  71.2","24","000000",," 19.0",,"  93.0"," ","  73.0"," "," 11.1",," 0.00","G","1014.3","24","999.9",,"996.9","24","  82.9","24"
"72429793812","CINCINNATI MUNICIPAL AIRPORT LUNKEN FIELD, OH US","39.106","-84.41609","144.8","2022-06-18","  50.0","24","000000",," 19.0",,"  89.1"," ","  63.0"," "," 12.0",," 0.00","G","1018.1","24","999.9",,"000.5","24","  72.4","24"
"72429793812","CINCINNATI MUNICIPAL AIRPORT LUNKEN FIELD, OH US","39.106","-84.41609","144.8","2022-06-19","  47.8","24","000000",,"999.9",,"  80.1"," ","  50.0"," ","  7.0",," 0.00","G","1023.8","24","999.9",,"005.9","24","  65.2","24"
"72429793812","CINCINNATI MUNICIPAL AIRPORT LUNKEN FIELD, OH US","39.106","-84.41609","144.8","2022-06-20","  55.8","24","000000",,"999.9",,"  84.0"," ","  50.0"," ","  8.0",," 0.00","G","1023.2","24","999.9",,"005.4","24","  68.1","24"
"72429793812","CINCINNATI MUNICIPAL AIRPORT LUNKEN FIELD, OH US","39.106","-84.41609","144.8","2022-06-21","  61.7","24","100000",,"999.9",,"  93.0"," ","  53.1"," "," 11.1",," 0.00","G","1020.8","20","999.9",,"003.1","24","  73.2","24"
"72429793812","CINCINNATI MUNICIPAL AIRPORT LUNKEN FIELD, OH US","39.106","-84.41609","144.8","2022-06-22","  69.1","24","010010",," 35.0",,"  96.1"," ","  55.9"," "," 25.1",," 0.00","G","1016.7","18","999.9",,"998.9","24","  77.0","24"
"72429793812","CINCINNATI MUNICIPAL AIRPORT LUNKEN FIELD, OH US","39.106","-84.41609","144.8","2022-06-23","  62.5","24","100000",,"999.9",,"  96.1"," ","  59.0"," ","  9.9",," 0.68","G","1014.8","18","999.9",,"997.2","24","  74.5","24"
"72429793812","CINCINNATI MUNICIPAL AIRPORT LUNKEN FIELD, OH US","39.106","-84.41609","144.8","2022-06-24","  58.8","24","000000",,"999.9",,"  88.0"," ","  55.0"," ","  5.1",," 0.00","G","1016.7","21","999.9",,"999.0","24","  71.4","24"
"72429793812","CINCINNATI MUNICIPAL AIRPORT LUNKEN FIELD, OH US","39.106","-84.41609","144.8","2022-06-25","  63.5","24","000000",,"999.9",,"  88.0"," ","  55.0"," ","  6.0",," 0.00","G","1017.3","22","999.9",,"999.6","24","  72.9","24"
"72429793812","CINCINNATI MUNICIPAL AIRPORT LUNKEN FIELD, OH US","39.106","-84.41609","144.8","2022-06-26","  70.6","24","000000",,"999.9",,"  88.0"," ","  57.9"," "," 12.0",," 0.01","G","1016.2","24","999.9",,"998.7","24","  78.7","24"
"72429793812","CINCINNATI MUNICIPAL AIRPORT LUNKEN FIELD, OH US","39.106","-84.41609","144.8","2022-06-27","  57.7","24","000000",," 15.9",,"  87.1"," ","  60.1"," ","  9.9",," 0.00","I","1020.3","23","999.9",,"002.5","24","  73.9","24"
"72429793812","CINCINNATI MUNICIPAL AIRPORT LUNKEN FIELD, OH US","39.106","-84.41609","144.8","2022-06-28","  49.4","24","000000",,"999.9",,"  81.0"," ","  48.9"," ","  7.0",," 0.00","G","1023.5","24","999.9",,"005.7","24","  66.5","24"
"72429793812","CINCINNATI MUNICIPAL AIRPORT LUNKEN FIELD, OH US","39.106","-84.41609","144.8","2022-06-29","  53.2","24","100000",,"999.9",,"  84.9"," ","  48.9"," ","  4.1",," 0.00","G","1023.3","21","999.9",,"005.5","24","  67.4","24"
"72429793812","CINCINNATI MUNICIPAL AIRPORT LUNKEN FIELD, OH US","39.106","-84.41609","144.8","2022-06-30","  58.7","24","000000",,"999.9",,"  93.0"," ","  51.1"," ","  8.0",," 0.00","G","1021.3","24","999.9",,"003.6","24","  73.7","24"
"72429793812","CINCINNATI MUNICIPAL AIRPORT LUNKEN FIELD, OH US","39.106","-84.41609","144.8","2022-07-01","  69.7","24","000000",,"999.9",,"  91.9","*","  71.1","*"," 13.0",," 0.00","G","1016.3","23","999.9",,"998.7","24","  80.5","24"
"72429793812","CINCINNATI MUNICIPAL AIRPORT LUNKEN FIELD, OH US","39.106","-84.41609","144.8","2022-07-02","  68.1","24","010000",,"999.9",,"  93.0"," ","  69.1"," ","  8.9",," 0.10","G","1014.9","23","999.9",,"997.5","24","  78.9","24"
"72429793812","CINCINNATI MUNICIPAL AIRPORT LUNKEN FIELD, OH US","39.106","-84.41609","144.8","2022-07-03","  63.7","24","010000",,"999.9",,"  89.1"," ","  68.0"," ","  7.0",," 0.00","H","1018.2","24","999.9",,"000.6","24","  78.3","24"
"72429793812","CINCINNATI MUNICIPAL AIRPORT LUNKEN FIELD, OH US","39.106","-84.41609","144.8","2022-07-04","  64.4","24","100000",,"999.9",,"  90.0"," ","  62.1"," ","  8.0",," 0.00","G","1019.6","22","999.9",,"002.0","24","  76.8","24"
"72429793812","CINCINNATI MUNICIPAL AIRPORT LUNKEN FIELD, OH US","39.106","-84.41609","144.8","2022-07-05","  71.1","24","010010",," 34.0",,"  93.0"," ","  62.1"," "," 22.0",," 0.00","G","1015.4","24","999.9",,"997.9","24","  78.6","24"
"72429793812","CINCINNATI MUNICIPAL AIRPORT LUNKEN FIELD, OH US","39.106","-84.41609","144.8","2022-07-06","  74.5","24","010010",," 58.1",,"  93.0"," ","  70.0"," "," 36.9",,"99.99"," ","1012.5","20","999.9",,"995.2","24","  78.8","24"
"72429793812","CINCINNATI MUNICIPAL AIRPORT LUNKEN FIELD, OH US","39.106","-84.41609","144.8","2022-07-07","  72.3","16","000000",,"999.9",,"  88.0","*","  73.0","*","  6.0",," 0.20","G","1014.7"," 6","999.9",,"997.4","13","  79.9","16"
"72429793812","CINCINNATI MUNICIPAL AIRPORT LUNKEN FIELD, OH US","39.106","-84.41609","144.8","2022-07-08","  73.0","18","010000",,"999.9",,"  81.0","*","  73.0","*","  8.0",," 0.00","G","1015.3"," 9","999.9",,"997.6","16","  78.2","18"
"72429793812","CINCINNATI MUNICIPAL AIRPORT LUNKEN FIELD, OH US","39.106","-84.41609","144.8","2022-07-09","  68.8","24","010000",,"999.9",,"  82.0","*","  69.8","*","  9.9",," 0.03","C","1016.6","16","999.9",,"998.9","24","  72.8","24"
"72429793812","CINCINNATI MUNICIPAL AIRPORT LUNKEN FIELD, OH US","39.106","-84.41609","144.8","2022-07-10","  61.3","24","000000",,"999.9",,"  88.0"," ","  61.0"," ","  9.9",," 0.00","I","1016.8","24","999.9",,"999.2","24","  75.0","24"
"72429793812","CINCINNATI MUNICIPAL AIRPORT LUNKEN FIELD, OH US","39.106","-84.41609","144.8","2022-07-11","  67.1","24","100000",," 17.1",,"  88.0"," ","  61.0"," "," 11.1",," 0.00","G","1012.9","20","999.9",,"995.6","24","  75.8","24"
"72429793812","CINCINNATI MUNICIPAL AIRPORT LUNKEN FIELD, OH US","39.106","-84.41609","144.8","2022-07-12","  66.9","24","000000",," 20.0",,"  90.0"," ","  63.0"," "," 12.0",," 0.00","G","1010.1","24","999.9",,"992.7","24","  79.4","24"
"72429793812","CINCINNATI MUNICIPAL AIRPORT LUNKEN FIELD, OH US","39.106","-84.41609","144.8","2022-07-13","  61.8","24","000000",," 15.9",,"  90.0"," ","  61.0"," ","  9.9",," 0.00","G","1014.5","24","999.9",,"996.9","24","  75.7","24"
"72429793812","CINCINNATI MUNICIPAL AIRPORT LUNKEN FIELD, OH US","39.106","-84.41609","144.8","2022-07-14","  63.7","24","010000",," 26.0",,"  88.0"," ","  61.0"," "," 20.0",," 0.18","G","1017.8","20","999.9",,"000.1","24","  76.4","24"
"72429793812","CINCINNATI MUNICIPAL AIRPORT LUNKEN FIELD, OH US","39.106","-84.41609","144.8","2022-07-15","  57.4","24","000000",,"999.9",,"  88.0"," ","  61.0"," ","  8.0",," 0.00","G","1020.1","24","999.9",,"002.5","24","  74.3","24"
"72429793812","CINCINNATI MUNICIPAL AIRPORT LUNKEN FIELD, OH US","39.106","-84.41609","144.8","2022-07-16","  47.2","24","010000",," 19.0",,"  91.9"," ","  61.0"," "," 13.0",," 0.05","G","1016.5","24","999.9",,"999.0","24","  78.5","24"
"72429793812","CINCINNATI MUNICIPAL AIRPORT LUNKEN FIELD, OH US","39.106","-84.41609","144.8","2022-07-17","  72.5","22","010010",," 28.9",,"  91.9"," ","  66.9"," "," 14.0",," 0.09","G","1012.8","17","999.9",,"995.5","24","  74.5","24"
"72429793812","CINCINNATI MUNICIPAL AIRPORT LUNKEN FIELD, OH US","39.106","-84.41609","144.8","2022-07-18","  71.6","23","010000",,"999.9",,"  84.0"," ","  70.0"," ","  8.9",," 0.90","G","1011.7","15","999.9",,"994.2","24","  74.9","24"
"72429793812","CINCINNATI MUNICIPAL AIRPORT LUNKEN FIELD, OH US","39.106","-84.41609","144.8","2022-07-19","  70.2","24","100000",,"999.9",,"  88.0"," ","  66.0"," ","  9.9",," 0.02","G","1012.7","15","999.9",,"995.3","24","  76.6","24"
"72429793812","CINCINNATI MUNICIPAL AIRPORT LUNKEN FIELD, OH US","39.106","-84.41609","144.8","2022-07-20","  72.8","24","100000",," 19.0",,"  93.0"," ","  66.0"," "," 14.0",," 0.00","G","1007.9","18","999.9",,"991.0","24","  79.8","24"
"72429793812","CINCINNATI MUNICIPAL AIRPORT LUNKEN FIELD, OH US","39.106","-84.41609","144.8","2022-07-21","  68.0","24","010010",," 22.0",,"  93.0"," ","  69.1"," "," 14.0",," 0.00","G","1008.4","24","999.9",,"991.1","24","  81.7","24"
"72429793812","CINCINNATI MUNICIPAL AIRPORT LUNKEN FIELD, OH US","39.106","-84.41609","144.8","2022-07-22","  67.4","24","000000",," 21.0",,"  93.9"," ","  64.9"," "," 15.9",," 0.00","G","1013.9","22","999.9",,"996.3","24","  79.7","24"
"72429793812","CINCINNATI MUNICIPAL AIRPORT LUNKEN FIELD, OH US","39.106","-84.41609","144.8","2022-07-23","  69.9","24","100000",," 26.0",,"  93.9"," ","  64.9"," "," 14.0",," 0.00","G","1017.2","21","999.9",,"999.6","24","  77.6","24"
"72429793812","CINCINNATI MUNICIPAL AIRPORT LUNKEN FIELD, OH US","39.106","-84.41609","144.8","2022-07-24","  71.9","24","000000",," 22.0",,"  91.0"," ","  66.9"," "," 14.0",," 0.00","G","1015.5","23","999.9",,"998.0","24","  81.3","24"
"72429793812","CINCINNATI MUNICIPAL AIRPORT LUNKEN FIELD, OH US","39.106","-84.41609","144.8","2022-07-25","  70.4","24","010000",,"999.9",,"  91.0"," ","  70.0"," ","  9.9",," 0.06","G","1014.6","18","999.9",,"997.2","24","  79.1","24"
"72429793812","CINCINNATI MUNICIPAL AIRPORT LUNKEN FIELD, OH US","39.106","-84.41609","144.8","2022-07-26","  68.6","24","010000",,"999.9",,"  84.0"," ","  69.1"," ","  5.1",," 0.00","G","1016.4","20","999.9",,"998.6","24","  73.5","24"
"72429793812","CINCINNATI MUNICIPAL AIRPORT LUNKEN FIELD, OH US","39.106","-84.41609","144.8","2022-07-27","  70.8","24","110010",," 14.0",,"  82.9"," ","  69.1"," "," 11.1",," 0.10","G","1013.5","11","999.9",,"996.6","24","  74.2","24"
"72429793812","CINCINNATI MUNICIPAL AIRPORT LUNKEN FIELD, OH US","39.106","-84.41609","144.8","2022-07-28","  68.9","24","000000",," 17.1",,"  89.1"," ","  69.1"," "," 11.1",," 0.47","G","1013.2","23","999.9",,"995.7","24","  78.1","24"
"72429793812","CINCINNATI MUNICIPAL AIRPORT LUNKEN FIELD, OH US","39.106","-84.41609","144.8","2022-07-29","  64.4","24","010000",," 18.1",,"  89.1"," ","  69.1"," "," 12.0",," 0.00","G","1015.2","22","999.9",,"997.5","24","  77.5","24"
"72429793812","CINCINNATI MUNICIPAL AIRPORT LUNKEN FIELD, OH US","39.106","-84.41609","144.8","2022-07-30","  58.7","24","000000",,"999.9",,"  84.9"," ","  57.9"," ","  6.0",," 0.00","G","1021.4","24","999.9",,"003.6","24","  71.0","24"
"72429793812","CINCINNATI MUNICIPAL AIRPORT LUNKEN FIELD, OH US","39.106","-84.41609","144.8","2022-07-31","  64.7","24","010000",,"999.9",,"  84.9"," ","  57.9"," ","  8.0",," 0.22","G","1020.5","21","999.9",,"002.7","24","  69.0","24"
"72429793812","CINCINNATI MUNICIPAL AIRPORT LUNKEN FIELD, OH US","39.106","-84.41609","144.8","2022-08-01","  69.3","24","010010",," 22.0",,"  88.0"," ","  63.0"," "," 15.9",," 0.17","G","1015.6","20","999.9",,"997.9","24","  74.8","24"
"72429793812","CINCINNATI MUNICIPAL AIRPORT LUNKEN FIELD, OH US","39.106","-84.41609","144.8","2022-08-02","  69.8","24","000000",,"999.9",,"  88.0"," ","  66.9"," "," 11.1",," 0.08","G","1014.7","24","999.9",,"997.1","24","  78.4","24"
"72429793812","CINCINNATI MUNICIPAL AIRPORT LUNKEN FIELD, OH US","39.106","-84.41609","144.8","2022-08-03","  69.4","24","100000",," 17.1",,"  93.9"," ","  64.0"," "," 15.0",," 0.00","G","1014.8","20","999.9",,"997.3","24","  77.7","24"
"72429793812","CINCINNATI MUNICIPAL AIRPORT LUNKEN FIELD, OH US","39.106","-84.41609","144.8","2022-08-04","  71.8","24","010010",,"999.9",,"  93.9"," ","  64.0"," ","  7.0",," 0.00","G","1016.0","19","999.9",,"998.6","24","  78.3","24"
"72429793812","CINCINNATI MUNICIPAL AIRPORT LUNKEN FIELD, OH US","39.106","-84.41609","144.8","2022-08-05","  72.3","24","110010",," 20.0",,"  87.1"," ","  71.1"," "," 14.0",," 0.26","G","1018.9","15","999.9",,"001.6","24","  74.8","24"
"72429793812","CINCINNATI MUNICIPAL AIRPORT LUNKEN FIELD, OH US","39.106","-84.41609","144.8","2022-08-06","  72.6","24","010010",,"999.9",,"  82.9"," ","  70.0"," "," 11.1",," 0.54","G","1019.8"," 8","999.9",,"002.7","24","  75.3","24"
"72429793812","CINCINNATI MUNICIPAL AIRPORT LUNKEN FIELD, OH US","39.106","-84.41609","144.8","2022-08-07","  71.5","24","100000",," 20.0",,"  90.0"," ","  66.9"," "," 14.0",," 0.97","G","1020.6","20","999.9",,"002.9","24","  77.6","24"
"72429793812","CINCINNATI MUNICIPAL AIRPORT LUNKEN FIELD, OH US","39.106","-84.41609","144.8","2022-08-08","  71.6","24","000000",," 20.0",,"  91.0"," ","  66.9"," "," 15.0",," 0.00","G","1017.4","24","999.9",,"999.8","24","  79.4","24"
"72429793812","CINCINNATI MUNICIPAL AIRPORT LUNKEN FIELD, OH US","39.106","-84.41609","144.8","2022-08-09","  72.8","24","000000",," 19.0",,"  91.0"," ","  69.1"," "," 11.1",," 0.00","G","1015.8","21","999.9",,"998.5","24","  79.9","24"
"72429793812","CINCINNATI MUNICIPAL AIRPORT LUNKEN FIELD, OH US","39.106","-84.41609","144.8","2022-08-10","  71.3","24","010010",," 15.0",,"  89.1"," ","  70.0"," "," 13.0",," 0.26","G","1018.6","13","999.9",,"000.9","24","  76.9","24"
"72429793812","CINCINNATI MUNICIPAL AIRPORT LUNKEN FIELD, OH US","39.106","-84.41609","144.8","2022-08-11","  64.5","24","100000",,"999.9",,"  86.0"," ","  61.0"," ","  8.0",," 0.00","G","1018.5","20","999.9",,"000.9","24","  74.0","24"
"72429793812","CINCINNATI MUNICIPAL AIRPORT LUNKEN FIELD, OH US","39.106","-84.41609","144.8","2022-08-12","  57.3","24","000000",," 15.0",,"  86.0"," ","  59.0"," ","  9.9",," 0.00","G","1020.6","24","999.9",,"002.9","24","  71.0","24"
"72429793812","CINCINNATI MUNICIPAL AIRPORT LUNKEN FIELD, OH US","39.106","-84.41609","144.8","2022-08-13","  58.1","24","100000",,"999.9",,"  82.0"," ","  55.0"," ","  7.0",," 0.00","G","1020.4","20","999.9",,"002.8","24","  67.4","24"
"72429793812","CINCINNATI MUNICIPAL AIRPORT LUNKEN FIELD, OH US","39.106","-84.41609","144.8","2022-08-14","  64.7","24","010010",,"999.9",,"  82.0"," ","  55.0"," ","  8.0",," 0.00","G","1015.1","22","999.9",,"997.4","24","  68.8","24"
"72429793812","CINCINNATI MUNICIPAL AIRPORT LUNKEN FIELD, OH US","39.106","-84.41609","144.8","2022-08-15","  63.9","24","010000",,"999.9",,"  81.0"," ","  62.1"," ","  8.0",," 0.29","G","1013.2","19","999.9",,"995.6","24","  71.4","24"
"72429793812","CINCINNATI MUNICIPAL AIRPORT LUNKEN FIELD, OH US","39.106","-84.41609","144.8","2022-08-16","  61.5","24","000000",,"999.9",,"  82.9"," ","  59.0"," ","  9.9",," 0.00","G","1015.3","23","999.9",,"997.7","24","  70.3","24"
"72429793812","CINCINNATI MUNICIPAL AIRPORT LUNKEN FIELD, OH US","39.106","-84.41609","144.8","2022-08-17","  62.0","24","100000",,"999.9",,"  82.9"," ","  59.0"," ","  7.0",," 0.00","G","1016.6","19","999.9",,"998.9","24","  70.4","24"
"72429793812","CINCINNATI MUNICIPAL AIRPORT LUNKEN FIELD, OH US","39.106","-84.41609","144.8","2022-08-18","  60.7","24","100000",,"999.9",,"  84.9"," ","  57.9"," ","  8.0",," 0.00","G","1016.3","23","999.9",,"998.6","24","  71.4","24"
"72429793812","CINCINNATI MUNICIPAL AIRPORT LUNKEN FIELD, OH US","39.106","-84.41609","144.8","2022-08-19","  62.7","24","100000",,"999.9",,"  84.9"," ","  57.9"," ","  6.0",," 0.00","G","1016.1","22","999.9",,"998.5","24","  71.5","24"
"72429793812","CINCINNATI MUNICIPAL AIRPORT LUNKEN FIELD, OH US","39.106","-84.41609","144.8","2022-08-20","  67.2","24","110010",," 32.1",,"  86.0"," ","  60.1"," "," 18.1",," 0.00","G","1017.2","15","999.9",,"999.3","24","  71.6","24"
"72429793812","CINCINNATI MUNICIPAL AIRPORT LUNKEN FIELD, OH US","39.106","-84.41609","144.8","2022-08-21","  68.9","24","110010",," 25.1",,"  86.0"," ","  63.0"," "," 21.0",," 0.35","G","1015.2"," 7","999.9",,"997.4","24","  71.4","24"
"72429793812","CINCINNATI MUNICIPAL AIRPORT LUNKEN FIELD, OH US","39.106","-84.41609","144.8","2022-08-22","  65.8","24","100000",,"999.9",,"  82.0"," ","  62.1"," ","  9.9",," 0.49","G","1014.7","16","999.9",,"997.1","24","  69.9","24"
"72429793812","CINCINNATI MUNICIPAL AIRPORT LUNKEN FIELD, OH US","39.106","-84.41609","144.8","2022-08-23","  63.1","24","100000",,"999.9",,"  82.9"," ","  62.1"," ","  7.0",," 0.00","G","1015.3","19","999.9",,"997.7","24","  71.7","24"
"72429793812","CINCINNATI MUNICIPAL AIRPORT LUNKEN FIELD, OH US","39.106","-84.41609","144.8","2022-08-24","  60.6","24","000000",,"999.9",,"  84.9"," ","  57.0"," ","  5.1",," 0.00","G","1017.4","21","999.9",,"999.8","24","  69.4","24"
"72429793812","CINCINNATI MUNICIPAL AIRPORT LUNKEN FIELD, OH US","39.106","-84.41609","144.8","2022-08-25","  61.8","24","100000",,"999.9",,"  87.1"," ","  57.0"," "," 11.1",," 0.00","G","1017.5","19","999.9",,"000.0","24","  71.7","24"
"72429793812","CINCINNATI MUNICIPAL AIRPORT LUNKEN FIELD, OH US","39.106","-84.41609","144.8","2022-08-26","  66.4","24","010010",,"999.9",,"  87.1"," ","  60.1"," ","  9.9",," 0.00","G","1016.0","20","999.9",,"998.3","24","  73.6","24"
"72429793812","CINCINNATI MUNICIPAL AIRPORT LUNKEN FIELD, OH US","39.106","-84.41609","144.8","2022-08-27","  64.5","24","100000",,"999.9",,"  87.1"," ","  60.1"," ","  7.0",," 0.00","G","1017.2","19","999.9",,"999.6","24","  72.6","24"
"72429793812","CINCINNATI MUNICIPAL AIRPORT LUNKEN FIELD, OH US","39.106","-84.41609","144.8","2022-08-28","  67.1","24","100000",,"999.9",,"  91.0"," ","  60.1"," ","  8.9",," 0.00","G","1015.6","22","999.9",,"998.1","24","  75.2","24"
"72429793812","CINCINNATI MUNICIPAL AIRPORT LUNKEN FIELD, OH US","39.106","-84.41609","144.8","2022-08-29","  71.5","24","010000",," 19.0",,"  91.9"," ","  62.1"," "," 13.0",," 0.00","G","1015.1","21","999.9",,"997.5","24","  77.7","24"
"72429793812","CINCINNATI MUNICIPAL AIRPORT LUNKEN FIELD, OH US","39.106","-84.41609","144.8","2022-08-30","  67.2","24","110010",," 19.0",,"  84.9","*","  69.8","*"," 14.0",," 1.52","G","1014.0","19","999.9",,"996.5","24","  75.2","24"
"72429793812","CINCINNATI MUNICIPAL AIRPORT LUNKEN FIELD, OH US","39.106","-84.41609","144.8","2022-08-31","  59.2","24","100000",," 15.9",,"  84.9"," ","  55.9"," ","  8.9",," 0.85","G","1016.5","22","999.9",,"998.9","24","  70.0","24"
"72429793812","CINCINNATI MUNICIPAL AIRPORT LUNKEN FIELD, OH US","39.106","-84.41609","144.8","2022-09-01","  61.7","24","100000",,"999.9",,"  86.0"," ","  55.9"," ","  6.0",," 0.00","G","1018.0","21","999.9",,"000.3","24","  70.1","24"
"72429793812","CINCINNATI MUNICIPAL AIRPORT LUNKEN FIELD, OH US","39.106","-84.41609","144.8","2022-09-02","  65.1","24","100000",,"999.9",,"  86.0"," ","  57.9"," ","  8.9",," 0.00","G","1018.6","20","999.9",,"000.9","24","  72.6","24"
"72429793812","CINCINNATI MUNICIPAL AIRPORT LUNKEN FIELD, OH US","39.106","-84.41609","144.8","2022-09-03","  70.2","24","110000",,"999.9",,"  86.0"," ","  61.0"," ","  7.0",," 0.01","G","1019.4","12","999.9",,"002.4","24","  72.0","24"
"72429793812","CINCINNATI MUNICIPAL AIRPORT LUNKEN FIELD, OH US","39.106","-84.41609","144.8","2022-09-04","  70.7","24","110000",,"999.9",,"  81.0"," ","  68.0"," ","  6.0",," 0.59","G","1017.5","16","999.9",,"999.8","24","  73.8","24"
"72429793812","CINCINNATI MUNICIPAL AIRPORT LUNKEN FIELD, OH US","39.106","-84.41609","144.8","2022-09-05","  70.8","24","110000",,"999.9",,"  82.0"," ","  68.0"," ","  7.0",," 2.28","G","1015.4","12","999.9",,"997.7","24","  73.9","24"
"72429793812","CINCINNATI MUNICIPAL AIRPORT LUNKEN FIELD, OH US","39.106","-84.41609","144.8","2022-09-06","  69.0","24","010010",,"999.9",,"  82.0"," ","  68.0"," ","  8.0",," 0.11","G","1016.8","15","999.9",,"999.3","24","  72.6","24"
"72429793812","CINCINNATI MUNICIPAL AIRPORT LUNKEN FIELD, OH US","39.106","-84.41609","144.8","2022-09-07","  61.6","24","100000",," 15.0",,"  82.0"," ","  60.1"," ","  9.9",," 0.21","G","1018.0","18","999.9",,"000.4","24","  70.0","24"
"72429793812","CINCINNATI MUNICIPAL AIRPORT LUNKEN FIELD, OH US","39.106","-84.41609","144.8","2022-09-08","  59.3","24","100000",,"999.9",,"  82.0"," ","  55.0"," ","  8.9",," 0.00","G","1015.3","17","999.9",,"997.9","24","  66.1","24"
"72429793812","CINCINNATI MUNICIPAL AIRPORT LUNKEN FIELD, OH US","39.106","-84.41609","144.8","2022-09-09","  62.9","24","100000",,"999.9",,"  84.0"," ","  55.0"," ","  7.0",," 0.00","G","1014.1","19","999.9",,"996.4","24","  69.4","24"
"72429793812","CINCINNATI MUNICIPAL AIRPORT LUNKEN FIELD, OH US","39.106","-84.41609","144.8","2022-09-10","  66.0","24","100000",,"999.9",,"  84.0"," ","  57.0"," ","  7.0",," 0.00","G","1017.4","18","999.9",,"999.7","24","  70.9","24"
"72429793812","CINCINNATI MUNICIPAL AIRPORT LUNKEN FIELD, OH US","39.106","-84.41609","144.8","2022-09-11","  68.1","24","010000",," 17.1",,"  80.1"," ","  63.0"," ","  9.9",," 0.00","G","1016.1","19","999.9",,"998.1","24","  71.8","24"
"72429793812","CINCINNATI MUNICIPAL AIRPORT LUNKEN FIELD, OH US","39.106","-84.41609","144.8","2022-09-12","  56.7","22","000000",," 18.1",,"  80.1"," ","  62.1"," "," 13.0",," 0.09","G","1012.6","18","999.9",,"995.0","22","  67.8","22"
"72429793812","CINCINNATI MUNICIPAL AIRPORT LUNKEN FIELD, OH US","39.106","-84.41609","144.8","2022-09-13","  54.4","24","010000",,"999.9",,"  75.0"," ","  57.0"," ","  9.9",," 0.00","G","1011.9","22","999.9",,"994.3","24","  64.9","24"
"72429793812","CINCINNATI MUNICIPAL AIRPORT LUNKEN FIELD, OH US","39.106","-84.41609","144.8","2022-09-14","  60.3","24","100000",,"999.9",,"  80.1"," ","  55.9"," ","  7.0",," 0.00","G","1018.7","17","999.9",,"001.1","24","  67.5","24"
"72429793812","CINCINNATI MUNICIPAL AIRPORT LUNKEN FIELD, OH US","39.106","-84.41609","144.8","2022-09-15","  61.5","24","100000",,"999.9",,"  82.9"," ","  55.9"," ","  2.9",," 0.00","G","1022.9","17","999.9",,"005.1","24","  68.0","24"
"72429793812","CINCINNATI MUNICIPAL AIRPORT LUNKEN FIELD, OH US","39.106","-84.41609","144.8","2022-09-16","  61.8","24","100000",,"999.9",,"  82.9"," ","  57.0"," ","  6.0",," 0.00","G","1022.2","15","999.9",,"004.5","24","  68.4","24"
"72429793812","CINCINNATI MUNICIPAL AIRPORT LUNKEN FIELD, OH US","39.106","-84.41609","144.8","2022-09-17","  61.7","24","100000",,"999.9",,"  84.0"," ","  57.0"," ","  9.9",," 0.00","G","1021.4","13","999.9",,"002.8","16","  69.1","24"
"72429793812","CINCINNATI MUNICIPAL AIRPORT LUNKEN FIELD, OH US","39.106","-84.41609","144.8","2022-09-18","  61.6","24","100000",," 17.1",,"  84.0"," ","  57.0"," "," 12.0",," 0.00","G","1019.4","17","999.9",,"000.7","17","  69.1","24"
"72429793812","CINCINNATI MUNICIPAL AIRPORT LUNKEN FIELD, OH US","39.106","-84.41609","144.8","2022-09-19","  66.1","24","010000",," 22.0",,"  84.0"," ","  57.0"," "," 15.0",," 0.00","G","1015.3","16","999.9",,"997.4","17","  73.5","24"
"72429793812","CINCINNATI MUNICIPAL AIRPORT LUNKEN FIELD, OH US","39.106","-84.41609","144.8","2022-09-20","  66.2","24","100000",,"999.9",,"  87.1"," ","  63.0"," ","  4.1",," 0.00","G","1016.5","21","999.9",,"998.9","24","  71.8","24"
"72429793812","CINCINNATI MUNICIPAL AIRPORT LUNKEN FIELD, OH US","39.106","-84.41609","144.8","2022-09-21","  66.3","24","110000",," 21.0",,"  93.9","*","  62.6","*"," 13.0",," 0.00","G","1013.1","18","999.9",,"996.0","24","  75.0","24"
"72429793812","CINCINNATI MUNICIPAL AIRPORT LUNKEN FIELD, OH US","39.106","-84.41609","144.8","2022-09-22","  54.3","24","000000",," 26.0",,"  75.9","*","  64.0","*"," 19.0",," 0.01","G","1014.3","23","999.9",,"996.8","24","  69.9","24"
"72429793812","CINCINNATI MUNICIPAL AIRPORT LUNKEN FIELD, OH US","39.106","-84.41609","144.8","2022-09-23","  43.6","24","000000",,"999.9",,"  77.0"," ","  42.1"," ","  8.9",," 0.00","G","1022.7","24","999.9",,"004.7","24","  56.2","24"
"72429793812","CINCINNATI MUNICIPAL AIRPORT LUNKEN FIELD, OH US","39.106","-84.41609","144.8","2022-09-24","  54.2","24","010000",,"999.9",,"  75.9"," ","  42.1"," "," 13.0",," 0.08","G","1017.2","24","999.9",,"999.3","24","  61.8","24"
"72429793812","CINCINNATI MUNICIPAL AIRPORT LUNKEN FIELD, OH US","39.106","-84.41609","144.8","2022-09-25","  56.0","24","010010",," 28.9",,"  75.9"," ","  55.0"," "," 17.1",," 0.07","G","1009.0","23","999.9",,"991.3","24","  65.6","24"
"72429793812","CINCINNATI MUNICIPAL AIRPORT LUNKEN FIELD, OH US","39.106","-84.41609","144.8","2022-09-26","  47.1","24","000000",," 22.0",,"  75.9"," ","  53.1"," "," 14.0",," 0.04","G","1010.9","24","999.9",,"993.2","24","  61.7","24"
"72429793812","CINCINNATI MUNICIPAL AIRPORT LUNKEN FIELD, OH US","39.106","-84.41609","144.8","2022-09-27","  41.0","24","000000",," 22.9",,"  70.0"," ","  44.1"," "," 15.0",," 0.00","G","1016.4","23","999.9",,"998.6","24","  56.1","24"
"72429793812","CINCINNATI MUNICIPAL AIRPORT LUNKEN FIELD, OH US","39.106","-84.41609","144.8","2022-09-28","  41.6","24","000000",,"999.9",,"  66.9"," ","  39.9"," "," 12.0",," 0.00","G","1026.3","22","999.9",,"008.2","24","  51.0","24"
"72429793812","CINCINNATI MUNICIPAL AIRPORT LUNKEN FIELD, OH US","39.106","-84.41609","144.8","2022-09-29","  44.8","24","100000",," 18.1",,"  66.9"," ","  39.0"," "," 12.0",," 0.00","G","1030.3","20","999.9",,"012.2","24","  52.3","24"
"72429793812","CINCINNATI MUNICIPAL AIRPORT LUNKEN FIELD, OH US","39.106","-84.41609","144.8","2022-09-30","  43.9","24","100000",," 18.1",,"  72.0"," ","  39.0"," "," 12.0",," 0.00","G","1023.8","21","999.9",,"005.9","24","  54.4","24"
"72429793812","CINCINNATI MUNICIPAL AIRPORT LUNKEN FIELD, OH US","39.106","-84.41609","144.8","2022-10-01","  43.0","24","000000",," 22.9",,"  75.0"," ","  39.0"," "," 15.0",," 0.00","G","1017.3","24","999.9",,"000.4"," 5","  58.5","24"
"72429793812","CINCINNATI MUNICIPAL AIRPORT LUNKEN FIELD, OH US","39.106","-84.41609","144.8","2022-10-02","  47.5","24","000000",," 22.9",,"  75.0"," ","  46.9"," "," 15.9",," 0.00","G","1020.5","22","999.9",,"003.3","19","  61.7","24"
"72429793812","CINCINNATI MUNICIPAL AIRPORT LUNKEN FIELD, OH US","39.106","-84.41609","144.8","2022-10-03","  44.4","24","000000",,"999.9",,"  71.1"," ","  39.9"," ","  9.9",," 0.00","G","1025.3","23","999.9",,"999.9"," 0","  55.7","24"
"72429793812","CINCINNATI MUNICIPAL AIRPORT LUNKEN FIELD, OH US","39.106","-84.41609","144.8","2022-10-04","  40.5","24","000000",,"999.9",,"  72.0"," ","  36.0"," ","  8.0",," 0.00","G","1023.4","21","999.9",,"006.3"," 4","  52.3","24"
"72429793812","CINCINNATI MUNICIPAL AIRPORT LUNKEN FIELD, OH US","39.106","-84.41609","144.8","2022-10-05","  41.7","24","000000",,"999.9",,"  77.0"," ","  36.0"," ","  5.1",," 0.00","G","1020.6","24","999.9",,"002.4","19","  54.6","24"
"72429793812","CINCINNATI MUNICIPAL AIRPORT LUNKEN FIELD, OH US","39.106","-84.41609","144.8","2022-10-06","  46.9","24","100000",,"999.9",,"  78.1"," ","  39.0"," ","  8.9",," 0.00","G","1018.4","22","999.9",,"000.3","20","  56.1","24"
"72429793812","CINCINNATI MUNICIPAL AIRPORT LUNKEN FIELD, OH US","39.106","-84.41609","144.8","2022-10-07","  44.9","24","100000",," 20.0",,"  78.1"," ","  43.0"," "," 15.0",," 0.00","G","1022.0","20","999.9",,"003.4","22","  55.0","24"
"72429793812","CINCINNATI MUNICIPAL AIRPORT LUNKEN FIELD, OH US","39.106","-84.41609","144.8","2022-10-08","  34.9","24","100000",,"999.9",,"  64.9"," ","  32.0"," ","  8.0",," 0.00","G","1028.5","21","999.9",,"010.2","24","  45.2","24"
"72429793812","CINCINNATI MUNICIPAL AIRPORT LUNKEN FIELD, OH US","39.106","-84.41609","144.8","2022-10-09","  35.0","24","100000",,"999.9",,"  64.0"," ","  30.9"," "," 11.1",," 0.00","G","1025.3","21","999.9",,"007.1","24","  46.2","24"
"72429793812","CINCINNATI MUNICIPAL AIRPORT LUNKEN FIELD, OH US","39.106","-84.41609","144.8","2022-10-10","  40.0","24","000000",,"999.9",,"  80.1"," ","  30.9"," ","  8.0",," 0.00","G","1024.4","24","999.9",,"006.2","24","  51.8","24"
"72429793812","CINCINNATI MUNICIPAL AIRPORT LUNKEN FIELD, OH US","39.106","-84.41609","144.8","2022-10-11","  43.4","24","000000",," 14.0",,"  75.9"," ","  37.0"," ","  8.9",," 0.00","G","1024.3","22","999.9",,"006.4","24","  54.7","24"
"72429793812","CINCINNATI MUNICIPAL AIRPORT LUNKEN FIELD, OH US","39.106","-84.41609","144.8","2022-10-12","  52.6","24","010000",," 25.1",,"  79.0"," ","  39.0"," "," 15.0",," 0.00","G","1015.3","24","999.9",,"997.4","24","  60.2","24"
"72429793812","CINCINNATI MUNICIPAL AIRPORT LUNKEN FIELD, OH US","39.106","-84.41609","144.8","2022-10-13","  45.7","24","010010",," 27.0",,"  79.0"," ","  48.0"," "," 18.1",," 0.20","G","1008.6","23","999.9",,"990.7","24","  59.6","24"
"72429793812","CINCINNATI MUNICIPAL AIRPORT LUNKEN FIELD, OH US","39.106","-84.41609","144.8","2022-10-14","  32.2","24","100000",," 27.0",,"  66.9"," ","  34.0"," "," 18.1",," 0.01","G","1010.9","23","999.9",,"992.9","24","  51.1","24"
"72429793812","CINCINNATI MUNICIPAL AIRPORT LUNKEN FIELD, OH US","39.106","-84.41609","144.8","2022-10-15","  34.3","24","000000",," 15.0",,"  66.9"," ","  34.0"," "," 13.0",," 0.00","G","1012.9","24","999.9",,"995.0","24","  55.9","24"
"72429793812","CINCINNATI MUNICIPAL AIRPORT LUNKEN FIELD, OH US","39.106","-84.41609","144.8","2022-10-16","  38.6","24","000000",,"999.9",,"  72.0","*","  37.9","*"," 12.0",," 0.00","G","1015.4","24","999.9",,"997.4","24","  52.4","24"
"72429793812","CINCINNATI MUNICIPAL AIRPORT LUNKEN FIELD, OH US","39.106","-84.41609","144.8","2022-10-17","  28.8","24","000000",," 26.0",,"  73.0"," ","  37.0"," "," 18.1",," 0.00","G","1011.7","24","999.9",,"993.9","24","  49.5","24"
"72429793812","CINCINNATI MUNICIPAL AIRPORT LUNKEN FIELD, OH US","39.106","-84.41609","144.8","2022-10-18","  30.3","24","010000",," 22.9",,"  54.0"," ","  37.9"," "," 14.0",," 0.01","G","1014.0","21","999.9",,"995.8","24","  41.3","24"
"72429793812","CINCINNATI MUNICIPAL AIRPORT LUNKEN FIELD, OH US","39.106","-84.41609","144.8","2022-10-19","  29.4","24","010000",," 24.1",,"  55.0"," ","  37.0"," "," 15.9",," 0.00","G","1016.0","24","999.9",,"997.8","24","  44.5","24"
"72429793812","CINCINNATI MUNICIPAL AIRPORT LUNKEN FIELD, OH US","39.106","-84.41609","144.8","2022-10-20","  21.2","24","000000",," 18.1",,"  55.9","*","  28.0","*"," 14.0",," 0.00","G","1015.7","24","999.9",,"997.5","24","  42.2","24"
"72429793812","CINCINNATI MUNICIPAL AIRPORT LUNKEN FIELD, OH US","39.106","-84.41609","144.8","2022-10-21","  31.1","24","000000",," 19.0",,"  73.0"," ","  26.1"," "," 15.9",," 0.00","G","1015.9","24","999.9",,"997.7","24","  47.3","24"
"72429793812","CINCINNATI MUNICIPAL AIRPORT LUNKEN FIELD, OH US","39.106","-84.41609","144.8","2022-10-22","  42.4","24","000000",," 22.0",,"  79.0"," ","  30.0"," "," 15.0",," 0.00","G","1017.1","24","999.9",,"999.1","24","  54.5","24"
"72429793812","CINCINNATI MUNICIPAL AIRPORT LUNKEN FIELD, OH US","39.106","-84.41609","144.8","2022-10-23","  48.2","24","100000",," 17.1",,"  79.0"," ","  37.0"," "," 11.1",," 0.00","G","1019.6","21","999.9",,"001.8","24","  59.9","24"
"72429793812","CINCINNATI MUNICIPAL AIRPORT LUNKEN FIELD, OH US","39.106","-84.41609","144.8","2022-10-24","  44.2","24","100000",,"999.9",,"  78.1"," ","  41.0"," ","  9.9",," 0.00","G","1018.9","21","999.9",,"001.1","24","  57.1","24"
"72429793812","CINCINNATI MUNICIPAL AIRPORT LUNKEN FIELD, OH US","39.106","-84.41609","144.8","2022-10-25","  48.4","24","000000",," 15.9",,"  77.0"," ","  41.0"," "," 11.1",," 0.00","G","1011.8","24","999.9",,"994.0","24","  60.2","24"
"72429793812","CINCINNATI MUNICIPAL AIRPORT LUNKEN FIELD, OH US","39.106","-84.41609","144.8","2022-10-26","  50.1","24","010000",," 27.0",,"  75.9"," ","  46.0"," "," 15.9",," 0.23","G","1009.8","18","999.9",,"992.2","24","  54.8","24"
"72429793812","CINCINNATI MUNICIPAL AIRPORT LUNKEN FIELD, OH US","39.106","-84.41609","144.8","2022-10-27","  36.4","24","100000",,"999.9",,"  62.1"," ","  32.0"," ","  9.9",," 0.01","G","1024.7","20","999.9",,"006.3","24","  45.7","24"
"72429793812","CINCINNATI MUNICIPAL AIRPORT LUNKEN FIELD, OH US","39.106","-84.41609","144.8","2022-10-28","  37.8","24","000000",,"999.9",,"  69.1"," ","  32.0"," ","  7.0",," 0.00","G","1027.5","24","999.9",,"009.2","24","  47.5","24"
"72429793812","CINCINNATI MUNICIPAL AIRPORT LUNKEN FIELD, OH US","39.106","-84.41609","144.8","2022-10-29","  37.9","24","000000",,"999.9",,"  71.1"," ","  32.0"," ","  5.1",," 0.00","G","1027.2","24","999.9",,"009.0","24","  48.7","24"
"72429793812","CINCINNATI MUNICIPAL AIRPORT LUNKEN FIELD, OH US","39.106","-84.41609","144.8","2022-10-30","  46.5","24","010000",,"999.9",,"  71.1"," ","  32.0"," ","  5.1",," 0.00","G","1020.4","18","999.9",,"001.2","24","  49.8","24"
"72429793812","CINCINNATI MUNICIPAL AIRPORT LUNKEN FIELD, OH US","39.106","-84.41609","144.8","2022-10-31","  58.7","24","010000",,"999.9",,"  66.0","*","  57.0","*"," 12.0",," 0.61","G","1012.7","14","999.9",,"994.9","24","  61.4","24"
"72429793812","CINCINNATI MUNICIPAL AIRPORT LUNKEN FIELD, OH US","39.106","-84.41609","144.8","2022-11-01","  55.2","24","010000",,"999.9",,"  66.9"," ","  54.0"," ","  8.0",," 0.05","G","1019.4","19","999.9",,"001.7","24","  59.5","24"
"72429793812","CINCINNATI MUNICIPAL AIRPORT LUNKEN FIELD, OH US","39.106","-84.41609","144.8","2022-11-02","  49.5","24","100000",,"999.9",,"  66.0"," ","  43.0"," ","  2.9",," 0.01","G","1026.3","16","999.9",,"008.6","24","  51.7","24"
"72429793812","CINCINNATI MUNICIPAL AIRPORT LUNKEN FIELD, OH US","39.106","-84.41609","144.8","2022-11-03","  50.5","24","100000",,"999.9",,"  73.0"," ","  43.0"," ","  8.0",," 0.00","G","1024.9","19","999.9",,"007.1","24","  55.5","24"
"72429793812","CINCINNATI MUNICIPAL AIRPORT LUNKEN FIELD, OH US","39.106","-84.41609","144.8","2022-11-04","  49.5","24","100000",," 19.0",,"  75.9"," ","  44.1"," "," 17.1",," 0.00","G","1020.7","17","999.9",,"003.0","24","  57.7","24"
"72429793812","CINCINNATI MUNICIPAL AIRPORT LUNKEN FIELD, OH US","39.106","-84.41609","144.8","2022-11-05","  51.3","24","010000",," 34.0",,"  75.9"," ","  44.1"," "," 27.0",," 0.00","G","1012.1","24","999.9",,"994.4","24","  65.8","24"
"72429793812","CINCINNATI MUNICIPAL AIRPORT LUNKEN FIELD, OH US","39.106","-84.41609","144.8","2022-11-06","  50.3","24","010000",,"999.9",,"  75.9"," ","  48.9"," "," 15.9",," 0.00","G","1015.7","21","999.9",,"998.1","24","  63.4","24"
"72429793812","CINCINNATI MUNICIPAL AIRPORT LUNKEN FIELD, OH US","39.106","-84.41609","144.8","2022-11-07","  37.0","24","000000",,"999.9",,"  73.0"," ","  37.9"," ","  9.9",," 0.00","G","1027.3","24","999.9",,"009.1","24","  52.2","24"
"72429793812","CINCINNATI MUNICIPAL AIRPORT LUNKEN FIELD, OH US","39.106","-84.41609","144.8","2022-11-08","  32.1","24","000000",,"999.9",,"  68.0"," ","  37.0"," "," 11.1",," 0.00","G","1034.1","24","999.9",,"015.8","24","  48.8","24"
"72429793812","CINCINNATI MUNICIPAL AIRPORT LUNKEN FIELD, OH US","39.106","-84.41609","144.8","2022-11-09","  34.2","24","000000",,"999.9",,"  75.0"," ","  33.1"," ","  5.1",," 0.00","G","1029.2","24","999.9",,"010.9","24","  49.1","24"
"72429793812","CINCINNATI MUNICIPAL AIRPORT LUNKEN FIELD, OH US","39.106","-84.41609","144.8","2022-11-10","  38.7","24","000000",,"999.9",,"  75.0"," ","  33.1"," ","  6.0",," 0.00","G","1022.5","24","999.9",,"004.3","24","  51.3","24"
"72429793812","CINCINNATI MUNICIPAL AIRPORT LUNKEN FIELD, OH US","39.106","-84.41609","144.8","2022-11-11","  50.4","24","010000",," 17.1",,"  73.0"," ","  36.0"," "," 12.0",," 0.46","G","1010.3","16","999.9",,"991.6","24","  54.4","24"
"72429793812","CINCINNATI MUNICIPAL AIRPORT LUNKEN FIELD, OH US","39.106","-84.41609","144.8","2022-11-12","  33.4","24","111000",," 18.1",,"  54.0","*","  32.0","*"," 13.0",," 0.69","G","1013.8","16","999.9",,"995.7","24","  40.2","24"
"72429793812","CINCINNATI MUNICIPAL AIRPORT LUNKEN FIELD, OH US","39.106","-84.41609","144.8","2022-11-13","  27.4","24","000000",," 18.1",,"  46.9"," ","  32.0"," "," 11.1",," 0.15","G","1024.2","19","999.9",,"006.0","24","  35.0","24"
"72429793812","CINCINNATI MUNICIPAL AIRPORT LUNKEN FIELD, OH US","39.106","-84.41609","144.8","2022-11-14","  27.8","24","000000",,"999.9",,"  45.0"," ","  28.0"," ","  8.9",," 0.00","G","1028.1","24","999.9",,"009.6","24","  36.9","24"
"72429793812","CINCINNATI MUNICIPAL AIRPORT LUNKEN FIELD, OH US","39.106","-84.41609","144.8","2022-11-15","  31.5","24","010000",,"999.9",,"  45.0"," ","  28.0"," ","  5.1",," 0.00","G","1022.6","21","999.9",,"003.9","24","  37.4","24"
"72429793812","CINCINNATI MUNICIPAL AIRPORT LUNKEN FIELD, OH US","39.106","-84.41609","144.8","2022-11-16","  32.1","24","011000",," 21.0",,"  42.1","*","  33.8","*"," 13.0",," 0.02","G","1022.1","17","999.9",,"003.6","24","  37.5","24"
"72429793812","CINCINNATI MUNICIPAL AIRPORT LUNKEN FIELD, OH US","39.106","-84.41609","144.8","2022-11-17","  23.1","24","001000",," 19.0",,"  39.9"," ","  30.0"," "," 13.0",," 0.08","G","1024.7","21","999.9",,"005.9","24","  31.9","24"
"72429793812","CINCINNATI MUNICIPAL AIRPORT LUNKEN FIELD, OH US","39.106","-84.41609","144.8","2022-11-18","  18.3","24","000000",," 25.1",,"  36.0"," ","  25.0"," "," 17.1",," 0.00","G","1024.6","24","999.9",,"006.0","24","  31.5","24"
"72429793812","CINCINNATI MUNICIPAL AIRPORT LUNKEN FIELD, OH US","39.106","-84.41609","144.8","2022-11-19","  13.0","24","000000",," 25.1",,"  37.0"," ","  17.1"," "," 19.0",," 0.00","G","1025.0","24","999.9",,"006.3","24","  27.1","24"
"72429793812","CINCINNATI MUNICIPAL AIRPORT LUNKEN FIELD, OH US","39.106","-84.41609","144.8","2022-11-20","   6.3","24","001000",," 27.0",,"  37.0"," ","  17.1"," "," 17.1",," 0.00","G","1029.8","24","999.9",,"011.1","24","  27.6","24"
"72429793812","CINCINNATI MUNICIPAL AIRPORT LUNKEN FIELD, OH US","39.106","-84.41609","144.8","2022-11-21","  12.1","24","000000",," 19.0",,"  48.9"," ","  16.0"," "," 12.0",," 0.00","G","1029.1","24","999.9",,"010.3","24","  29.1","24"
"72429793812","CINCINNATI MUNICIPAL AIRPORT LUNKEN FIELD, OH US","39.106","-84.41609","144.8","2022-11-22","  19.5","24","000000",,"999.9",,"  57.0"," ","  16.0"," ","  9.9",," 0.00","G","1027.8","24","999.9",,"009.1","24","  34.8","24"
"72429793812","CINCINNATI MUNICIPAL AIRPORT LUNKEN FIELD, OH US","39.106","-84.41609","144.8","2022-11-23","  24.2","24","000000",,"999.9",,"  60.1"," ","  21.0"," ","  4.1",," 0.00","G","1025.5","24","999.9",,"007.0","24","  36.0","24"
"72429793812","CINCINNATI MUNICIPAL AIRPORT LUNKEN FIELD, OH US","39.106","-84.41609","144.8","2022-11-24","  29.8","24","000000",,"999.9",,"  64.9"," ","  21.0"," ","  6.0",," 0.00","G","1023.8","24","999.9",,"005.4","24","  40.7","24"
"72429793812","CINCINNATI MUNICIPAL AIRPORT LUNKEN FIELD, OH US","39.106","-84.41609","144.8","2022-11-25","  41.7","24","010000",," 14.0",,"  55.9","*","  39.0","*","  9.9",," 0.05","G","1020.8","18","999.9",,"002.7","24","  51.0","24"
"72429793812","CINCINNATI MUNICIPAL AIRPORT LUNKEN FIELD, OH US","39.106","-84.41609","144.8","2022-11-26","  30.8","24","100000",,"999.9",,"  57.0"," ","  24.1"," ","  5.1",," 0.00","I","1021.6","19","999.9",,"003.7","24","  37.5","24"
"72429793812","CINCINNATI MUNICIPAL AIRPORT LUNKEN FIELD, OH US","39.106","-84.41609","144.8","2022-11-27","  45.2","24","010000",," 32.1",,"  60.1"," ","  24.1"," "," 20.0",," 0.48","G","1004.0","18","999.9",,"985.8","24","  49.0","24"
"72429793812","CINCINNATI MUNICIPAL AIRPORT LUNKEN FIELD, OH US","39.106","-84.41609","144.8","2022-11-28","  41.1","24","010000",," 21.0",,"  60.1"," ","  42.1"," "," 15.9",," 0.15","G","1013.3","21","999.9",,"994.3","24","  45.4","24"
"72429793812","CINCINNATI MUNICIPAL AIRPORT LUNKEN FIELD, OH US","39.106","-84.41609","144.8","2022-11-29","  42.5","24","000000",," 19.0",,"  61.0"," ","  39.0"," "," 13.0",," 0.00","G","1015.7","23","999.9",,"998.1","23","  49.9","24"
"72429793812","CINCINNATI MUNICIPAL AIRPORT LUNKEN FIELD, OH US","39.106","-84.41609","144.8","2022-11-30","  34.9","24","010000",," 32.1",,"  61.0"," ","  34.0"," "," 22.0",," 0.48","G","1016.7","16","999.9",,"995.5","24","  45.8","24"
"72429793812","CINCINNATI MUNICIPAL AIRPORT LUNKEN FIELD, OH US","39.106","-84.41609","144.8","2022-12-01","  16.9","24","000000",," 25.1",,"  39.0","*","  24.1","*"," 15.9",," 0.14","G","1032.3","24","999.9",,"013.6","24","  31.2","24"
"72429793812","CINCINNATI MUNICIPAL AIRPORT LUNKEN FIELD, OH US","39.106","-84.41609","144.8","2022-12-02","  25.4","24","010000",," 22.0",,"  59.0"," ","  21.9"," "," 17.1",," 0.00","G","1026.0","24","999.9",,"007.4","24","  38.2","24"
"72429793812","CINCINNATI MUNICIPAL AIRPORT LUNKEN FIELD, OH US","39.106","-84.41609","144.8","2022-12-03","  38.9","24","010000",," 29.9",,"  57.0","*","  37.9","*"," 18.1",," 0.10","G","1021.7","22","999.9",,"003.1","24","  50.2","24"
"72429793812","CINCINNATI MUNICIPAL AIRPORT LUNKEN FIELD, OH US","39.106","-84.41609","144.8","2022-12-04","  17.5","24","000000",,"999.9",,"  57.0"," ","  19.9"," ","  7.0",," 0.07","G","1028.6","24","999.9",,"010.0","24","  31.0","24"
"72429793812","CINCINNATI MUNICIPAL AIRPORT LUNKEN FIELD, OH US","39.106","-84.41609","144.8","2022-12-05","  23.7","24","000000",,"999.9",,"  48.0"," ","  19.9"," ","  7.0",," 0.00","G","1019.4","24","999.9",,"000.9","24","  31.2","24"
"72429793812","CINCINNATI MUNICIPAL AIRPORT LUNKEN FIELD, OH US","39.106","-84.41609","144.8","2022-12-06","  45.7","24","110000",,"999.9",,"  53.1","*","  43.0","*","  4.1",," 0.00","G","1015.5"," 9","999.9",,"997.4","24","  46.6","24"
"72429793812","CINCINNATI MUNICIPAL AIRPORT LUNKEN FIELD, OH US","39.106","-84.41609","144.8","2022-12-07","  51.5","24","110010",,"999.9",,"  55.9"," ","  44.1"," ","  6.0",," 1.22","G","1021.4","14","999.9",,"001.9","24","  53.0","24"
"72429793812","CINCINNATI MUNICIPAL AIRPORT LUNKEN FIELD, OH US","39.106","-84.41609","144.8","2022-12-08","  43.2","24","010000",,"999.9",,"  54.0"," ","  41.0"," ","  8.9",," 0.04","G","1026.8","19","999.9",,"008.3","24","  46.3","24"
"72429793812","CINCINNATI MUNICIPAL AIRPORT LUNKEN FIELD, OH US","39.106","-84.41609","144.8","2022-12-09","  41.6","24","010000",,"999.9",,"  53.1"," ","  41.0"," ","  8.0",," 0.04","G","1022.4","18","999.9",,"004.2","24","  46.6","24"
"72429793812","CINCINNATI MUNICIPAL AIRPORT LUNKEN FIELD, OH US","39.106","-84.41609","144.8","2022-12-10","  41.8","24","010000",,"999.9",,"  53.1"," ","  36.0"," ","  6.0",," 0.00","G","1021.8","17","999.9",,"003.7","24","  45.5","24"
"72429793812","CINCINNATI MUNICIPAL AIRPORT LUNKEN FIELD, OH US","39.106","-84.41609","144.8","2022-12-11","  38.1","24","010000",," 14.0",,"  48.9"," ","  36.0"," ","  8.9",," 0.00","G","1022.4","18","999.9",,"003.9","24","  45.4","24"
"72429793812","CINCINNATI MUNICIPAL AIRPORT LUNKEN FIELD, OH US","39.106","-84.41609","144.8","2022-12-12","  32.8","24","000000",,"999.9",,"  48.9"," ","  39.9"," ","  9.9",," 0.00","G","1025.0","24","999.9",,"006.7","24","  42.1","24"
"72429793812","CINCINNATI MUNICIPAL AIRPORT LUNKEN FIELD, OH US","39.106","-84.41609","144.8","2022-12-13","  28.5","24","000000",,"999.9",,"  48.0"," ","  24.1"," ","  8.9",," 0.00","G","1024.8","24","999.9",,"006.3","24","  35.9","24"
"72429793812","CINCINNATI MUNICIPAL AIRPORT LUNKEN FIELD, OH US","39.106","-84.41609","144.8","2022-12-14","  37.9","24","010000",,"999.9",,"  50.0"," ","  24.1"," ","  7.0",," 0.28","G","1017.2","15","999.9",,"998.0","24","  41.9","24"
"72429793812","CINCINNATI MUNICIPAL AIRPORT LUNKEN FIELD, OH US","39.106","-84.41609","144.8","2022-12-15","  44.5","24","010000",," 32.1",,"  55.9"," ","  36.0"," "," 22.9",," 0.55","G","1005.9","16","999.9",,"987.1","24","  49.1","24"
"72429793812","CINCINNATI MUNICIPAL AIRPORT LUNKEN FIELD, OH US","39.106","-84.41609","144.8","2022-12-16","  26.4","24","010000",," 26.0",,"  55.9"," ","  34.0"," "," 15.0",," 0.03","G","1009.8","24","999.9",,"991.7","24","  39.6","24"
"72429793812","CINCINNATI MUNICIPAL AIRPORT LUNKEN FIELD, OH US","39.106","-84.41609","144.8","2022-12-17","  20.3","24","000000",," 20.0",,"  44.1"," ","  33.1"," "," 13.0",," 0.00","G","1011.8","24","999.9",,"993.5","24","  34.1","24"
"72429793812","CINCINNATI MUNICIPAL AIRPORT LUNKEN FIELD, OH US","39.106","-84.41609","144.8","2022-12-18","  18.2","24","001000",," 21.0",,"  35.1"," ","  26.1"," "," 15.0",," 0.00","G","1021.1","21","999.9",,"002.1","24","  29.2","24"
"72429793812","CINCINNATI MUNICIPAL AIRPORT LUNKEN FIELD, OH US","39.106","-84.41609","144.8","2022-12-19","  16.8","24","000000",,"999.9",,"  35.1"," ","  19.0"," ","  8.0",," 0.00","G","1030.7","24","999.9",,"011.9","24","  26.8","24"
"72429793812","CINCINNATI MUNICIPAL AIRPORT LUNKEN FIELD, OH US","39.106","-84.41609","144.8","2022-12-20","  21.1","24","000000",,"999.9",,"  46.9"," ","  19.0"," ","  5.1",," 0.00","G","1031.5","24","999.9",,"012.7","24","  31.1","24"
"72429793812","CINCINNATI MUNICIPAL AIRPORT LUNKEN FIELD, OH US","39.106","-84.41609","144.8","2022-12-21","  21.6","24","000000",,"999.9",,"  46.9"," ","  19.0"," ","  7.0",," 0.00","G","1029.8","24","999.9",,"011.1","24","  29.4","24"
"72429793812","CINCINNATI MUNICIPAL AIRPORT LUNKEN FIELD, OH US","39.106","-84.41609","144.8","2022-12-22","  34.3","24","010000",,"999.9",,"  46.4","*","  30.9","*","  8.0",," 0.00","G","1016.8","19","999.9",,"997.2","24","  38.0","24"
"72429793812","CINCINNATI MUNICIPAL AIRPORT LUNKEN FIELD, OH US","39.106","-84.41609","144.8","2022-12-23","  -1.9","24","111000",," 35.9",,"9999.9"," ","  -6.0","*"," 26.0",," 0.17","G","1016.1","14","999.9",,"994.8","24","   5.6","24"
"72429793812","CINCINNATI MUNICIPAL AIRPORT LUNKEN FIELD, OH US","39.106","-84.41609","144.8","2022-12-24","  -3.2","24","000000",," 27.0",,"  16.0"," ","  -6.0"," "," 19.0",," 0.00","G","1020.0","16","999.9",,"001.2","24","   5.8","24"
"72429793812","CINCINNATI MUNICIPAL AIRPORT LUNKEN FIELD, OH US","39.106","-84.41609","144.8","2022-12-25","   2.3","24","000000",," 22.0",,"  19.9"," ","   1.9"," "," 14.0",," 0.00","G","1021.8","23","999.9",,"002.9","24","  13.6","24"
"72429793812","CINCINNATI MUNICIPAL AIRPORT LUNKEN FIELD, OH US","39.106","-84.41609","144.8","2022-12-26","   9.3","24","001000",,"999.9",,"  25.0"," ","   6.1"," ","  8.9",," 0.00","G","1024.5","22","999.9",,"005.5","24","  16.7","24"
"72429793812","CINCINNATI MUNICIPAL AIRPORT LUNKEN FIELD, OH US","39.106","-84.41609","144.8","2022-12-27","  24.4","24","000000",,"999.9",,"  33.1","*","  25.0","*","  8.0",," 0.00","G","1025.7","22","999.9",,"007.0","24","  28.7","24"
"72429793812","CINCINNATI MUNICIPAL AIRPORT LUNKEN FIELD, OH US","39.106","-84.41609","144.8","2022-12-28","  23.3","24","100000",,"999.9",,"  50.0"," ","  14.0"," "," 11.1",," 0.00","G","1021.9","19","999.9",,"003.3","24","  31.0","24"
"72429793812","CINCINNATI MUNICIPAL AIRPORT LUNKEN FIELD, OH US","39.106","-84.41609","144.8","2022-12-29","  34.5","24","000000",,"999.9",,"  60.1","*","  35.1","*"," 11.1",," 0.00","G","1020.3","23","999.9",,"002.0","24","  46.0","24"
"72429793812","CINCINNATI MUNICIPAL AIRPORT LUNKEN FIELD, OH US","39.106","-84.41609","144.8","2022-12-30","  44.0","24","010000",,"999.9",,"  66.0"," ","  33.1"," "," 11.1",," 0.00","G","1019.1","24","999.9",,"001.2","24","  56.8","24"
"72429793812","CINCINNATI MUNICIPAL AIRPORT LUNKEN FIELD, OH US","39.106","-84.41609","144.8","2022-12-31","  49.5","24","010000",,"999.9",,"  66.0"," ","  45.0"," ","  9.9",," 0.21","G","1013.3","18","999.9",,"995.1","24","  52.1","24"
"72429793812","CINCINNATI MUNICIPAL AIRPORT LUNKEN FIELD, OH US","39.106","-84.41609","144.8","2023-01-01","  43.5","24","100000",,"999.9",,"  55.9"," ","  36.0"," ","  9.9",," 0.13","G","1016.4","15","999.9",,"998.1","24","  44.8","24"
"72429793812","CINCINNATI MUNICIPAL AIRPORT LUNKEN FIELD, OH US","39.106","-84.41609","144.8","2023-01-02","  49.8","24","010000",,"999.9",,"  64.0"," ","  36.0"," "," 12.0",," 0.00","G","1017.3","16","999.9",,"999.4","24","  52.5","24"
"72429793812","CINCINNATI MUNICIPAL AIRPORT LUNKEN FIELD, OH US","39.106","-84.41609","144.8","2023-01-03","  57.5","24","110000",," 27.0",,"  64.0"," ","  44.1"," "," 17.1",," 0.86","G","1009.4","11","999.9",,"992.1","24","  59.2","24"
"72429793812","CINCINNATI MUNICIPAL AIRPORT LUNKEN FIELD, OH US","39.106","-84.41609","144.8","2023-01-04","  51.2","24","000000",," 21.0",,"  64.0"," ","  51.1"," "," 15.9",," 0.53","G","1007.3","20","999.9",,"989.4","24","  56.8","24"
"72429793812","CINCINNATI MUNICIPAL AIRPORT LUNKEN FIELD, OH US","39.106","-84.41609","144.8","2023-01-05","  31.6","24","000000",," 22.0",,"  48.0","*","  30.9","*"," 15.9",," 0.00","G","1015.0","24","999.9",,"996.9","24","  41.1","24"
"72429793812","CINCINNATI MUNICIPAL AIRPORT LUNKEN FIELD, OH US","39.106","-84.41609","144.8","2023-01-06","  28.3","24","010000",," 17.1",,"  50.0"," ","  30.0"," "," 12.0",," 0.00","G","1021.0","19","999.9",,"002.7","24","  38.2","24"
"72429793812","CINCINNATI MUNICIPAL AIRPORT LUNKEN FIELD, OH US","39.106","-84.41609","144.8","2023-01-07","  26.2","24","100000",,"999.9",,"  44.1"," ","  21.9"," ","  6.0",," 0.00","G","1026.9","16","999.9",,"008.0","24","  31.4","24"
"72429793812","CINCINNATI MUNICIPAL AIRPORT LUNKEN FIELD, OH US","39.106","-84.41609","144.8","2023-01-08","  25.5","24","010000",,"999.9",,"  44.1"," ","  21.9"," ","  6.0",," 0.00","G","1024.3","24","999.9",,"005.8","24","  33.9","24"
"72429793812","CINCINNATI MUNICIPAL AIRPORT LUNKEN FIELD, OH US","39.106","-84.41609","144.8","2023-01-09","  28.1","24","000000",,"999.9",,"  43.0"," ","  24.1"," ","  8.9",," 0.00","G","1023.1","22","999.9",,"004.7","24","  36.3","24"
"72429793812","CINCINNATI MUNICIPAL AIRPORT LUNKEN FIELD, OH US","39.106","-84.41609","144.8","2023-01-10","  29.1","24","000000",,"999.9",,"  52.0"," ","  25.0"," ","  9.9",," 0.00","G","1017.5","23","999.9",,"999.2","24","  35.1","24"
"72429793812","CINCINNATI MUNICIPAL AIRPORT LUNKEN FIELD, OH US","39.106","-84.41609","144.8","2023-01-11","  35.4","24","010000",,"999.9",,"  52.0"," ","  25.0"," ","  4.1",," 0.00","G","1014.4","18","999.9",,"995.8","24","  37.6","24"
"72429793812","CINCINNATI MUNICIPAL AIRPORT LUNKEN FIELD, OH US","39.106","-84.41609","144.8","2023-01-12","  46.3","24","110010",," 25.1",,"  57.0"," ","  28.0"," "," 18.1",," 0.04","G","1008.5","12","999.9",,"989.9","24","  47.3","24"
"72429793812","CINCINNATI MUNICIPAL AIRPORT LUNKEN FIELD, OH US","39.106","-84.41609","144.8","2023-01-13","  30.9","24","011000",," 22.0",,"  57.0"," ","  32.0"," "," 14.0",," 0.78","G","1016.2","18","999.9",,"998.0","24","  37.0","24"
"72429793812","CINCINNATI MUNICIPAL AIRPORT LUNKEN FIELD, OH US","39.106","-84.41609","144.8","2023-01-14","  21.0","24","000000",," 19.0",,"  39.0"," ","  28.9"," "," 12.0",," 0.01","G","1024.0","22","999.9",,"005.3","24","  32.4","24"
"72429793812","CINCINNATI MUNICIPAL AIRPORT LUNKEN FIELD, OH US","39.106","-84.41609","144.8","2023-01-15","  20.0","24","000000",,"999.9",,"  42.1"," ","  19.0"," ","  7.0",," 0.00","G","1026.0","24","999.9",,"007.3","24","  28.2","24"
"72429793812","CINCINNATI MUNICIPAL AIRPORT LUNKEN FIELD, OH US","39.106","-84.41609","144.8","2023-01-16","  25.3","24","010000",,"999.9",,"  48.0"," ","  19.0"," ","  7.0",," 0.00","G","1017.3","24","999.9",,"998.9","24","  33.0","24"
"72429793812","CINCINNATI MUNICIPAL AIRPORT LUNKEN FIELD, OH US","39.106","-84.41609","144.8","2023-01-17","  45.2","24","000000",," 24.1",,"  62.1","*","  44.1","*"," 18.1",," 0.20","G","1005.5","21","999.9",,"987.6","24","  53.0","24"
"72429793812","CINCINNATI MUNICIPAL AIRPORT LUNKEN FIELD, OH US","39.106","-84.41609","144.8","2023-01-18","  36.0","24","010000",,"999.9",,"  63.0"," ","  39.9"," "," 11.1",," 0.01","G","1014.9","22","999.9",,"996.8","24","  43.8","24"
"72429793812","CINCINNATI MUNICIPAL AIRPORT LUNKEN FIELD, OH US","39.106","-84.41609","144.8","2023-01-19","  44.5","24","010000",," 40.0",,"  64.0"," ","  39.9"," "," 28.9",," 0.44","G","1004.6","18","999.9",,"986.7","24","  52.5","24"
"72429793812","CINCINNATI MUNICIPAL AIRPORT LUNKEN FIELD, OH US","39.106","-84.41609","144.8","2023-01-20","  27.8","24","011000",," 35.9",,"  44.1","*","  33.8","*"," 22.0",," 0.08","G","1016.6","18","999.9",,"998.9","24","  37.5","24"
"72429793812","CINCINNATI MUNICIPAL AIRPORT LUNKEN FIELD, OH US","39.106","-84.41609","144.8","2023-01-21","  24.5","24","000000",," 19.0",,"  39.9"," ","  30.9"," ","  8.9",," 0.00","G","1024.5","23","999.9",,"006.0","24","  35.1","24"
"72429793812","CINCINNATI MUNICIPAL AIRPORT LUNKEN FIELD, OH US","39.106","-84.41609","144.8","2023-01-22","  28.7","24","101000",,"999.9",,"  39.9"," ","  24.1"," ","  5.1",," 0.00","G","1014.7","17","999.9",,"995.3","24","  30.7","24"
"72429793812","CINCINNATI MUNICIPAL AIRPORT LUNKEN FIELD, OH US","39.106","-84.41609","144.8","2023-01-23","  29.4","24","001000",,"999.9",,"  36.0"," ","  25.0"," "," 11.1",," 0.46","G","1017.1","15","999.9",,"998.6","24","  34.4","24"
"72429793812","CINCINNATI MUNICIPAL AIRPORT LUNKEN FIELD, OH US","39.106","-84.41609","144.8","2023-01-24","  26.7","24","000000",,"999.9",,"  45.0"," ","  24.1"," "," 12.0",," 0.01","G","1025.0","24","999.9",,"006.4","24","  33.0","24"
"72429793812","CINCINNATI MUNICIPAL AIRPORT LUNKEN FIELD, OH US","39.106","-84.41609","144.8","2023-01-25","  35.0","24","011000",," 35.0",,"  48.9"," ","  24.1"," "," 22.9",," 0.30","G","1011.5","14","999.9",,"991.2","24","  38.1","24"
"72429793812","CINCINNATI MUNICIPAL AIRPORT LUNKEN FIELD, OH US","39.106","-84.41609","144.8","2023-01-26","  29.7","24","011000",," 24.1",,"  37.0","*","  30.2","*"," 19.0",," 0.10","G","1013.5","20","999.9",,"994.8","24","  34.8","24"
"72429793812","CINCINNATI MUNICIPAL AIRPORT LUNKEN FIELD, OH US","39.106","-84.41609","144.8","2023-01-27","  20.9","24","001000",," 27.0",,"  45.0"," ","  19.0"," "," 20.0",," 0.00","G","1020.0","23","999.9",,"001.5","24","  31.8","24"
"72429793812","CINCINNATI MUNICIPAL AIRPORT LUNKEN FIELD, OH US","39.106","-84.41609","144.8","2023-01-28","  28.7","24","000000",," 22.9",,"  57.9"," ","  19.0"," "," 15.0",," 0.00","G","1021.6","24","999.9",,"003.2","24","  42.9","24"
"72429793812","CINCINNATI MUNICIPAL AIRPORT LUNKEN FIELD, OH US","39.106","-84.41609","144.8","2023-01-29","  38.6","24","010000",," 20.0",,"  57.9"," ","  28.9"," "," 14.0",," 0.05","G","1020.4","18","999.9",,"002.2","24","  45.9","24"
"72429793812","CINCINNATI MUNICIPAL AIRPORT LUNKEN FIELD, OH US","39.106","-84.41609","144.8","2023-01-30","  34.6","24","010000",,"999.9",,"  50.0"," ","  32.0"," ","  9.9",," 0.04","G","1023.7","15","999.9",,"005.1","24","  36.2","24"
"72429793812","CINCINNATI MUNICIPAL AIRPORT LUNKEN FIELD, OH US","39.106","-84.41609","144.8","2023-01-31","  20.3","24","001000",,"999.9",,"  37.9"," ","  23.0"," "," 11.1",," 0.01","G","1027.9","15","999.9",,"009.3","24","  26.9","24"
"72429793812","CINCINNATI MUNICIPAL AIRPORT LUNKEN FIELD, OH US","39.106","-84.41609","144.8","2023-02-01","  11.2","24","000000",,"999.9",,"  33.1"," ","  18.0"," ","  8.0",," 0.00","G","1029.5","24","999.9",,"010.7","24","  25.1","24"
"72429793812","CINCINNATI MUNICIPAL AIRPORT LUNKEN FIELD, OH US","39.106","-84.41609","144.8","2023-02-02","  17.8","24","000000",,"999.9",,"  37.9"," ","  18.0"," "," 12.0",," 0.00","G","1025.1","24","999.9",,"006.4","24","  29.0","24"
"72429793812","CINCINNATI MUNICIPAL AIRPORT LUNKEN FIELD, OH US","39.106","-84.41609","144.8","2023-02-03","  11.2","24","000000",," 21.0",,"  37.9"," ","  19.0"," "," 13.0",," 0.00","G","1028.9","23","999.9",,"010.4","24","  26.7","24"
"72429793812","CINCINNATI MUNICIPAL AIRPORT LUNKEN FIELD, OH US","39.106","-84.41609","144.8","2023-02-04","  11.6","24","000000",," 22.9",,"  50.0"," ","  12.9"," "," 17.1",," 0.00","G","1031.9","24","999.9",,"012.9","24","  27.2","24"
"72429793812","CINCINNATI MUNICIPAL AIRPORT LUNKEN FIELD, OH US","39.106","-84.41609","144.8","2023-02-05","  26.7","24","000000",," 25.1",,"  53.1","*","  37.0","*"," 19.0",," 0.00","G","1019.5","24","999.9",,"001.2","24","  45.3","24"
"72429793812","CINCINNATI MUNICIPAL AIRPORT LUNKEN FIELD, OH US","39.106","-84.41609","144.8","2023-02-06","  28.7","24","000000",,"999.9",,"  55.0"," ","  30.9"," ","  7.0",," 0.00","G","1022.7","23","999.9",,"004.6","24","  40.3","24"
"72429793812","CINCINNATI MUNICIPAL AIRPORT LUNKEN FIELD, OH US","39.106","-84.41609","144.8","2023-02-07","  34.2","24","010000",," 15.0",,"  59.0"," ","  30.9"," "," 12.0",," 0.00","G","1020.0","24","999.9",,"001.7","24","  45.3","24"
"72429793812","CINCINNATI MUNICIPAL AIRPORT LUNKEN FIELD, OH US","39.106","-84.41609","144.8","2023-02-08","  36.8","24","110000",,"999.9",,"  59.0"," ","  26.1"," "," 11.1",," 0.04","G","1024.3","20","999.9",,"006.2","24","  45.0","24"
"72429793812","CINCINNATI MUNICIPAL AIRPORT LUNKEN FIELD, OH US","39.106","-84.41609","144.8","2023-02-09","  48.5","24","010000",," 41.0",,"  71.1","*","  46.9","*"," 27.0",," 0.18","G","1010.8","23","999.9",,"993.0","24","  56.9","24"
"72429793812","CINCINNATI MUNICIPAL AIRPORT LUNKEN FIELD, OH US","39.106","-84.41609","144.8","2023-02-10","  33.2","24","000000",," 29.9",,"  48.9","*","  39.0","*"," 21.0",," 0.09","G","1022.8","21","999.9",,"004.4","24","  43.4","24"
"72429793812","CINCINNATI MUNICIPAL AIRPORT LUNKEN FIELD, OH US","39.106","-84.41609","144.8","2023-02-11","  21.9","24","100000",,"999.9",,"  48.9"," ","  19.9"," ","  6.0",," 0.00","G","1029.2","22","999.9",,"010.7","24","  31.8","24"
"72429793812","CINCINNATI MUNICIPAL AIRPORT LUNKEN FIELD, OH US","39.106","-84.41609","144.8","2023-02-12","  17.7","24","000000",,"999.9",,"  55.9"," ","  19.0"," "," 13.0",," 0.00","G","1019.0","24","999.9",,"000.5","24","  36.5","24"
"72429793812","CINCINNATI MUNICIPAL AIRPORT LUNKEN FIELD, OH US","39.106","-84.41609","144.8","2023-02-13","  22.2","24","000000",," 19.0",,"  62.1"," ","  19.0"," "," 13.0",," 0.00","G","1012.5","24","999.9",,"994.3","24","  39.3","24"
"72429793812","CINCINNATI MUNICIPAL AIRPORT LUNKEN FIELD, OH US","39.106","-84.41609","144.8","2023-02-14","  28.4","24","000000",," 19.0",,"  62.1"," ","  23.0"," ","  9.9",," 0.00","G","1014.9","24","999.9",,"996.7","24","  41.5","24"
"72429793812","CINCINNATI MUNICIPAL AIRPORT LUNKEN FIELD, OH US","39.106","-84.41609","144.8","2023-02-15","  42.4","24","010000",," 32.1",,"  73.0","*","  54.0","*"," 22.9",," 0.01","G","1010.3","24","999.9",,"992.5","24","  61.5","24"
"72429793812","CINCINNATI MUNICIPAL AIRPORT LUNKEN FIELD, OH US","39.106","-84.41609","144.8","2023-02-16","  50.1","24","010010",," 21.0",,"  73.9"," ","  42.1"," "," 14.0",," 0.63","G","1012.3","13","999.9",,"993.9","24","  53.3","24"
"72429793812","CINCINNATI MUNICIPAL AIRPORT LUNKEN FIELD, OH US","39.106","-84.41609","144.8","2023-02-17","  28.8","24","010000",," 31.1",,"  60.1","*","  30.2","*"," 22.0",," 1.06","G","1018.4","16","999.9",,"999.1","24","  38.4","24"
"72429793812","CINCINNATI MUNICIPAL AIRPORT LUNKEN FIELD, OH US","39.106","-84.41609","144.8","2023-02-18","  18.4","24","000000",," 20.0",,"  48.0"," ","  19.9"," "," 11.1",," 0.00","G","1030.8","24","999.9",,"012.1","24","  32.6","24"
"72429793812","CINCINNATI MUNICIPAL AIRPORT LUNKEN FIELD, OH US","39.106","-84.41609","144.8","2023-02-19","  25.6","24","000000",," 28.0",,"  60.1","*","  35.1","*"," 19.0",," 0.00","G","1020.1","24","999.9",,"001.8","24","  45.5","24"
"72429793812","CINCINNATI MUNICIPAL AIRPORT LUNKEN FIELD, OH US","39.106","-84.41609","144.8","2023-02-20","  35.3","24","010010",," 22.0",,"  63.0"," ","  34.0"," "," 13.0",," 0.00","G","1009.3","23","999.9",,"991.2","24","  52.3","24"
"72429793812","CINCINNATI MUNICIPAL AIRPORT LUNKEN FIELD, OH US","39.106","-84.41609","144.8","2023-02-21","  31.6","24","100000",," 22.9",,"  63.0"," ","  37.9"," "," 20.0",," 0.15","G","1008.5","18","999.9",,"989.7","24","  46.0","24"
"72429793812","CINCINNATI MUNICIPAL AIRPORT LUNKEN FIELD, OH US","39.106","-84.41609","144.8","2023-02-22","  40.2","24","010000",," 31.1",,"  73.9"," ","  36.0"," "," 20.0",," 0.03","G","1007.0","22","999.9",,"989.1","24","  52.2","24"
"72429793812","CINCINNATI MUNICIPAL AIRPORT LUNKEN FIELD, OH US","39.106","-84.41609","144.8","2023-02-23","  53.8","24","010000",," 27.0",,"  73.9"," ","  39.0"," "," 20.0",," 0.25","G","1010.9","20","999.9",,"992.4","24","  63.8","24"
"72429793812","CINCINNATI MUNICIPAL AIRPORT LUNKEN FIELD, OH US","39.106","-84.41609","144.8","2023-02-24","  24.4","24","000000",," 22.9",,"  62.1","*","  28.0","*"," 15.0",," 0.00","G","1032.2","22","999.9",,"013.0","24","  38.8","24"
"72429793812","CINCINNATI MUNICIPAL AIRPORT LUNKEN FIELD, OH US","39.106","-84.41609","144.8","2023-02-25","  27.7","24","010000",,"999.9",,"  54.0"," ","  27.0"," ","  8.0",," 0.02","G","1026.2","24","999.9",,"007.7","24","  39.6","24"
"72429793812","CINCINNATI MUNICIPAL AIRPORT LUNKEN FIELD, OH US","39.106","-84.41609","144.8","2023-02-26","  34.6","24","100000",,"999.9",,"  61.0"," ","  28.9"," ","  7.0",," 0.01","G","1018.3","20","999.9",,"000.2","24","  42.9","24"
"72429793812","CINCINNATI MUNICIPAL AIRPORT LUNKEN FIELD, OH US","39.106","-84.41609","144.8","2023-02-27","  46.7","24","010000",," 34.0",,"  69.1"," ","  28.9"," "," 19.0",," 0.06","G","1002.9","22","999.9",,"985.1","24","  53.0","24"
"72429793812","CINCINNATI MUNICIPAL AIRPORT LUNKEN FIELD, OH US","39.106","-84.41609","144.8","2023-02-28","  40.5","24","000000",," 28.9",,"  69.1"," ","  39.9"," "," 18.1",," 0.19","G","1007.8","23","999.9",,"989.8","24","  51.5","24"
"72429793812","CINCINNATI MUNICIPAL AIRPORT LUNKEN FIELD, OH US","39.106","-84.41609","144.8","2023-03-01","  37.9","24","000000",," 22.9",,"  80.1"," ","  33.1"," "," 18.1",," 0.00","G","1009.2","24","999.9",,"991.2","24","  52.3","24"
"72429793812","CINCINNATI MUNICIPAL AIRPORT LUNKEN FIELD, OH US","39.106","-84.41609","144.8","2023-03-02","  39.2","24","010010",,"999.9",,"  80.1"," ","  33.1"," "," 15.9",," 0.08","G","1011.1","22","999.9",,"992.8","24","  52.3","24"
"72429793812","CINCINNATI MUNICIPAL AIRPORT LUNKEN FIELD, OH US","39.106","-84.41609","144.8","2023-03-03","  40.4","24","010000",," 49.0",,"  61.0"," ","  41.0"," "," 34.0",," 0.14","G","1004.8","18","999.9",,"985.5","21","  45.1","24"
"72429793812","CINCINNATI MUNICIPAL AIRPORT LUNKEN FIELD, OH US","39.106","-84.41609","144.8","2023-03-04","  33.6","24","000000",," 40.0",,"  61.0"," ","  39.0"," "," 28.0",," 1.93","G","1010.0","24","999.9",,"991.9","24","  45.5","24"
"72429793812","CINCINNATI MUNICIPAL AIRPORT LUNKEN FIELD, OH US","39.106","-84.41609","144.8","2023-03-05","  34.1","24","000000",,"999.9",,"  60.1"," ","  30.0"," ","  8.0",," 0.00","G","1022.8","22","999.9",,"004.6","24","  44.0","24"
"72429793812","CINCINNATI MUNICIPAL AIRPORT LUNKEN FIELD, OH US","39.106","-84.41609","144.8","2023-03-06","  38.2","24","000000",," 29.9",,"  75.9"," ","  30.0"," "," 21.0",," 0.00","G","1017.0","24","999.9",,"998.8","24","  52.1","24"
"72429793812","CINCINNATI MUNICIPAL AIRPORT LUNKEN FIELD, OH US","39.106","-84.41609","144.8","2023-03-07","  34.9","24","000000",," 22.9",,"  75.9"," ","  34.0"," "," 15.0",," 0.00","G","1020.7","21","999.9",,"002.8","24","  49.4","24"
"72429793812","CINCINNATI MUNICIPAL AIRPORT LUNKEN FIELD, OH US","39.106","-84.41609","144.8","2023-03-08","  20.4","24","000000",," 15.0",,"  52.0"," ","  28.9"," "," 11.1",," 0.00","G","1031.9","24","999.9",,"013.3","24","  39.1","24"
"72429793812","CINCINNATI MUNICIPAL AIRPORT LUNKEN FIELD, OH US","39.106","-84.41609","144.8","2023-03-09","  27.8","24","000000",,"999.9",,"  54.0"," ","  28.9"," "," 12.0",," 0.00","G","1026.3","24","999.9",,"007.9","24","  41.5","24"
"72429793812","CINCINNATI MUNICIPAL AIRPORT LUNKEN FIELD, OH US","39.106","-84.41609","144.8","2023-03-10","  36.0","24","010000",," 27.0",,"  54.0"," ","  28.9"," "," 18.1",," 0.07","G","1014.6","21","999.9",,"996.3","24","  42.6","24"
"72429793812","CINCINNATI MUNICIPAL AIRPORT LUNKEN FIELD, OH US","39.106","-84.41609","144.8","2023-03-11","  26.9","24","000000",," 20.0",,"  46.0"," ","  35.1"," "," 13.0",," 0.01","G","1018.5","22","999.9",,"000.2","24","  39.0","24"
"72429793812","CINCINNATI MUNICIPAL AIRPORT LUNKEN FIELD, OH US","39.106","-84.41609","144.8","2023-03-12","  30.6","24","001000",,"999.9",,"  46.0"," ","  33.1"," ","  9.9",," 0.02","G","1013.4","15","999.9",,"994.4","24","  37.0","24"
"72429793812","CINCINNATI MUNICIPAL AIRPORT LUNKEN FIELD, OH US","39.106","-84.41609","144.8","2023-03-13","  27.4","24","011000",," 24.1",,"  39.0"," ","  32.0"," "," 15.0",," 0.04","G","1016.7","21","999.9",,"998.4","24","  35.8","24"
"72429793812","CINCINNATI MUNICIPAL AIRPORT LUNKEN FIELD, OH US","39.106","-84.41609","144.8","2023-03-14","  20.7","24","001000",," 21.0",,"  39.0"," ","  28.9"," "," 15.0",," 0.03","G","1024.7","24","999.9",,"006.1","24","  32.4","24"
"72429793812","CINCINNATI MUNICIPAL AIRPORT LUNKEN FIELD, OH US","39.106","-84.41609","144.8","2023-03-15","  19.3","24","000000",,"999.9",,"  51.1"," ","  17.1"," ","  7.0",," 0.00","G","1027.7","24","999.9",,"009.1","24","  32.6","24"
"72429793812","CINCINNATI MUNICIPAL AIRPORT LUNKEN FIELD, OH US","39.106","-84.41609","144.8","2023-03-16","  24.9","24","010000",," 21.0",,"  64.9"," ","  17.1"," "," 15.0",," 0.00","G","1018.6","24","999.9",,"000.3","24","  43.2","24"
"72429793812","CINCINNATI MUNICIPAL AIRPORT LUNKEN FIELD, OH US","39.106","-84.41609","144.8","2023-03-17","  37.7","24","010000",," 34.0",,"  64.9"," ","  27.0"," "," 25.1",," 0.16","G","1007.2","17","999.9",,"989.0","24","  46.6","24"
"72429793812","CINCINNATI MUNICIPAL AIRPORT LUNKEN FIELD, OH US","39.106","-84.41609","144.8","2023-03-18","  19.7","24","001000",," 26.0",,"  36.0","*","  26.1","*"," 20.0",," 0.07","G","1017.1","24","999.9",,"998.7","24","  31.3","24"
"72429793812","CINCINNATI MUNICIPAL AIRPORT LUNKEN FIELD, OH US","39.106","-84.41609","144.8","2023-03-19","  11.0","24","000000",," 20.0",,"  39.0"," ","  19.0"," "," 13.0",," 0.00","G","1027.2","23","999.9",,"008.6","24","  27.1","24"
"72429793812","CINCINNATI MUNICIPAL AIRPORT LUNKEN FIELD, OH US","39.106","-84.41609","144.8","2023-03-20","  17.7","24","000000",," 17.1",,"  52.0"," ","  19.0"," "," 12.0",," 0.00","G","1028.0","24","999.9",,"009.4","24","  33.9","24"
"72429793812","CINCINNATI MUNICIPAL AIRPORT LUNKEN FIELD, OH US","39.106","-84.41609","144.8","2023-03-21","  21.4","24","000000",,"999.9",,"  61.0"," ","  19.9"," "," 12.0",," 0.00","G","1026.6","24","999.9",,"008.0","24","  39.7","24"
"72429793812","CINCINNATI MUNICIPAL AIRPORT LUNKEN FIELD, OH US","39.106","-84.41609","144.8","2023-03-22","  41.8","24","010000",," 34.0",,"  55.0","*","  44.1","*"," 26.0",," 0.00","G","1022.6","17","999.9",,"004.3","24","  49.2","24"
"72429793812","CINCINNATI MUNICIPAL AIRPORT LUNKEN FIELD, OH US","39.106","-84.41609","144.8","2023-03-23","  55.2","24","010000",," 29.9",,"  71.6","*","  53.1","*"," 20.0",," 0.05","G","1014.5","17","999.9",,"996.5","24","  62.1","24"
"72429793812","CINCINNATI MUNICIPAL AIRPORT LUNKEN FIELD, OH US","39.106","-84.41609","144.8","2023-03-24","  48.5","24","010010",," 26.0",,"  71.1"," ","  43.0"," "," 19.0",," 1.59","G","1013.2","10","999.9",,"995.2","24","  49.6","24"
"72429793812","CINCINNATI MUNICIPAL AIRPORT LUNKEN FIELD, OH US","39.106","-84.41609","144.8","2023-03-25","  43.6","24","010000",," 45.1",,"  64.0"," ","  39.9"," "," 29.9",," 1.01","G","1004.9","16","999.9",,"985.5","24","  51.0","24"
"72429793812","CINCINNATI MUNICIPAL AIRPORT LUNKEN FIELD, OH US","39.106","-84.41609","144.8","2023-03-26","  35.1","24","100000",," 15.9",,"  64.9"," ","  30.0"," ","  9.9",," 0.59","G","1015.9","19","999.9",,"998.0","23","  46.8","24"
"72429793812","CINCINNATI MUNICIPAL AIRPORT LUNKEN FIELD, OH US","39.106","-84.41609","144.8","2023-03-27","  41.6","24","010000",," 22.0",,"  64.9"," ","  30.0"," "," 14.0",," 0.00","G","1015.3","22","999.9",,"997.3","24","  50.3","24"
"72429793812","CINCINNATI MUNICIPAL AIRPORT LUNKEN FIELD, OH US","39.106","-84.41609","144.8","2023-03-28","  35.4","24","010000",,"999.9",,"  59.0"," ","  35.1"," "," 14.0",," 0.02","G","1023.5","17","999.9",,"005.1","24","  45.1","24"
"72429793812","CINCINNATI MUNICIPAL AIRPORT LUNKEN FIELD, OH US","39.106","-84.41609","144.8","2023-03-29","  31.1","24","100000",," 21.0",,"  59.0"," ","  28.9"," "," 15.9",," 0.00","G","1024.5","17","999.9",,"006.0","18","  42.2","24"
"72429793812","CINCINNATI MUNICIPAL AIRPORT LUNKEN FIELD, OH US","39.106","-84.41609","144.8","2023-03-30","  28.0","24","000000",," 19.0",,"  62.1"," ","  28.9"," "," 13.0",," 0.00","G","1025.9","24","999.9",,"007.6","24","  45.1","24"
"72429793812","CINCINNATI MUNICIPAL AIRPORT LUNKEN FIELD, OH US","39.106","-84.41609","144.8","2023-03-31","  46.0","24","010010",," 22.0",,"  62.1"," ","  30.0"," "," 15.9",," 0.18","G","1016.0","19","999.9",,"997.4","24","  50.2","24"
"72429793812","CINCINNATI MUNICIPAL AIRPORT LUNKEN FIELD, OH US","39.106","-84.41609","144.8","2023-04-01","  45.0","24","010010",," 47.0",,"  66.0"," ","  42.1"," "," 29.9",," 0.72","G","1004.7","21","999.9",,"986.7","24","  54.4","24"
"72429793812","CINCINNATI MUNICIPAL AIRPORT LUNKEN FIELD, OH US","39.106","-84.41609","144.8","2023-04-02","  33.4","24","010000",," 20.0",,"  66.0"," ","  37.9"," "," 15.0",," 0.09","G","1019.5","21","999.9",,"001.3","24","  44.0","24"
"72429793812","CINCINNATI MUNICIPAL AIRPORT LUNKEN FIELD, OH US","39.106","-84.41609","144.8","2023-04-03","  42.5","24","000000",," 18.1",,"  72.0"," ","  36.0"," "," 11.1",," 0.01","G","1012.7","24","999.9",,"994.7","24","  51.2","24"
"72429793812","CINCINNATI MUNICIPAL AIRPORT LUNKEN FIELD, OH US","39.106","-84.41609","144.8","2023-04-04","  55.0","24","000000",," 17.1",,"  77.0","*","  55.9","*"," 11.1",," 0.01","G","1011.1","18","999.9",,"993.7","24","  63.3","24"
"72429793812","CINCINNATI MUNICIPAL AIRPORT LUNKEN FIELD, OH US","39.106","-84.41609","144.8","2023-04-05","  62.4","24","110010",," 51.1",,"  82.0"," ","  54.0"," "," 29.9",," 0.00","G","1011.2","20","999.9",,"994.0","24","  71.3","24"
"72429793812","CINCINNATI MUNICIPAL AIRPORT LUNKEN FIELD, OH US","39.106","-84.41609","144.8","2023-04-06","  39.5","24","010000",," 17.1",,"  62.6","*","  45.0","*"," 12.0",," 0.90","G","1025.4","23","999.9",,"007.0","24","  51.9","24"
"72429793812","CINCINNATI MUNICIPAL AIRPORT LUNKEN FIELD, OH US","39.106","-84.41609","144.8","2023-04-07","  33.5","24","000000",,"999.9",,"  59.0"," ","  36.0"," "," 11.1",," 0.00","G","1031.9","24","999.9",,"013.5","24","  45.7","24"
"72429793812","CINCINNATI MUNICIPAL AIRPORT LUNKEN FIELD, OH US","39.106","-84.41609","144.8","2023-04-08","  30.3","24","000000",,"999.9",,"  59.0"," ","  34.0"," "," 13.0",," 0.00","G","1030.3","24","999.9",,"011.9","24","  45.6","24"
"72429793812","CINCINNATI MUNICIPAL AIRPORT LUNKEN FIELD, OH US","39.106","-84.41609","144.8","2023-04-09","  31.0","24","000000",," 19.0",,"  64.9"," ","  30.0"," "," 14.0",," 0.00","G","1030.3","24","999.9",,"011.9","24","  47.8","24"
"72429793812","CINCINNATI MUNICIPAL AIRPORT LUNKEN FIELD, OH US","39.106","-84.41609","144.8","2023-04-10","  34.3","24","000000",,"999.9",,"  71.1"," ","  30.0"," ","  7.0",," 0.00","G","1029.1","23","999.9",,"010.9","24","  51.4","24"
"72429793812","CINCINNATI MUNICIPAL AIRPORT LUNKEN FIELD, OH US","39.106","-84.41609","144.8","2023-04-11","  37.8","24","000000",,"999.9",,"  75.0"," ","  32.0"," ","  9.9",," 0.00","G","1026.2","24","999.9",,"008.0","24","  54.0","24"
"72429793812","CINCINNATI MUNICIPAL AIRPORT LUNKEN FIELD, OH US","39.106","-84.41609","144.8","2023-04-12","  44.2","24","000000",," 15.9",,"  79.0"," ","  35.1"," "," 12.0",," 0.00","G","1020.5","24","999.9",,"002.5","24","  59.0","24"
"72429793812","CINCINNATI MUNICIPAL AIRPORT LUNKEN FIELD, OH US","39.106","-84.41609","144.8","2023-04-13","  45.1","24","000000",,"999.9",,"  82.0"," ","  39.9"," ","  7.0",," 0.00","G","1015.4","24","999.9",,"997.6","24","  61.2","24"
"72429793812","CINCINNATI MUNICIPAL AIRPORT LUNKEN FIELD, OH US","39.106","-84.41609","144.8","2023-04-14","  51.7","24","000000",,"999.9",,"  82.0"," ","  41.0"," ","  7.0",," 0.00","G","1010.6","24","999.9",,"992.9","24","  63.0","24"
"72429793812","CINCINNATI MUNICIPAL AIRPORT LUNKEN FIELD, OH US","39.106","-84.41609","144.8","2023-04-15","  56.2","24","000000",,"999.9",,"  80.1"," ","  48.9"," ","  8.9",," 0.00","G","1011.0","24","999.9",,"993.4","24","  65.6","24"
"72429793812","CINCINNATI MUNICIPAL AIRPORT LUNKEN FIELD, OH US","39.106","-84.41609","144.8","2023-04-16","  52.1","24","010000",," 35.0",,"  79.0"," ","  50.0"," "," 26.0",," 0.00","G","1008.2","21","999.9",,"990.5","24","  59.1","24"
"72429793812","CINCINNATI MUNICIPAL AIRPORT LUNKEN FIELD, OH US","39.106","-84.41609","144.8","2023-04-17","  33.2","24","010000",," 32.1",,"  54.0","*","  44.1","*"," 20.0",," 0.04","G","1008.5","24","999.9",,"990.6","24","  47.9","24"
"72429793812","CINCINNATI MUNICIPAL AIRPORT LUNKEN FIELD, OH US","39.106","-84.41609","144.8","2023-04-18","  32.3","24","000000",," 19.0",,"  64.9"," ","  30.0"," "," 14.0",," 0.00","G","1013.5","24","999.9",,"995.4","24","  47.2","24"
"72429793812","CINCINNATI MUNICIPAL AIRPORT LUNKEN FIELD, OH US","39.106","-84.41609","144.8","2023-04-19","  41.0","24","000000",," 22.9",,"  81.0"," ","  30.0"," "," 15.9",," 0.00","G","1017.3","24","999.9",,"999.3","24","  56.1","24"
"72429793812","CINCINNATI MUNICIPAL AIRPORT LUNKEN FIELD, OH US","39.106","-84.41609","144.8","2023-04-20","  49.2","24","100000",," 25.1",,"  82.9"," ","  36.0"," "," 19.0",," 0.00","G","1016.8","23","999.9",,"999.1","24","  63.9","24"
"72429793812","CINCINNATI MUNICIPAL AIRPORT LUNKEN FIELD, OH US","39.106","-84.41609","144.8","2023-04-21","  52.5","24","010000",," 28.0",,"  82.9"," ","  44.1"," "," 19.0",," 0.00","G","1013.8","22","999.9",,"996.0","24","  61.2","24"
"72429793812","CINCINNATI MUNICIPAL AIRPORT LUNKEN FIELD, OH US","39.106","-84.41609","144.8","2023-04-22","  43.6","24","010000",," 25.1",,"  69.1"," ","  44.1"," "," 19.0",," 0.77","G","1011.5","18","999.9",,"993.6","24","  52.0","24"
"72429793812","CINCINNATI MUNICIPAL AIRPORT LUNKEN FIELD, OH US","39.106","-84.41609","144.8","2023-04-23","  29.9","24","000000",,"999.9",,"  60.1"," ","  33.1"," "," 11.1",," 0.28","G","1018.7","24","999.9",,"000.5","24","  43.0","24"
"72429793812","CINCINNATI MUNICIPAL AIRPORT LUNKEN FIELD, OH US","39.106","-84.41609","144.8","2023-04-24","  28.7","24","000000",," 20.0",,"  53.1"," ","  33.1"," ","  8.0",," 0.00","G","1023.0","24","999.9",,"004.6","24","  42.7","24"
"72429793812","CINCINNATI MUNICIPAL AIRPORT LUNKEN FIELD, OH US","39.106","-84.41609","144.8","2023-04-25","  31.1","24","000000",,"999.9",,"  63.0"," ","  28.0"," ","  8.0",," 0.00","G","1022.6","24","999.9",,"004.3","24","  43.6","24"
"72429793812","CINCINNATI MUNICIPAL AIRPORT LUNKEN FIELD, OH US","39.106","-84.41609","144.8","2023-04-26","  39.9","24","000000",,"999.9",,"  63.0","*","  44.1","*","  8.0",," 0.00","G","1021.2","24","999.9",,"003.1","24","  51.8","24"
"72429793812","CINCINNATI MUNICIPAL AIRPORT LUNKEN FIELD, OH US","39.106","-84.41609","144.8","2023-04-27","  39.3","24","010000",,"999.9",,"  70.0"," ","  33.1"," ","  8.9",," 0.00","G","1017.8","24","999.9",,"999.7","24","  51.2","24"
"72429793812","CINCINNATI MUNICIPAL AIRPORT LUNKEN FIELD, OH US","39.106","-84.41609","144.8","2023-04-28","  52.7","24","010000",," 21.0",,"  62.1","*","  51.8","*"," 13.0",," 0.77","G","1007.7","13","999.9",,"989.2","24","  56.0","24"
"72429793812","CINCINNATI MUNICIPAL AIRPORT LUNKEN FIELD, OH US","39.106","-84.41609","144.8","2023-04-29","  50.2","24","010000",," 24.1",,"  68.0"," ","  46.0"," "," 15.9",," 0.41","G","1007.4","23","999.9",,"989.6","24","  57.0","24"
"72429793812","CINCINNATI MUNICIPAL AIRPORT LUNKEN FIELD, OH US","39.106","-84.41609","144.8","2023-04-30","  45.3","24","110000",," 31.1",,"  68.0"," ","  44.1"," "," 22.9",," 0.06","G","1000.4","18","999.9",,"982.5","24","  52.0","24"
"72429793812","CINCINNATI MUNICIPAL AIRPORT LUNKEN FIELD, OH US","39.106","-84.41609","144.8","2023-05-01","  39.4","24","010000",," 32.1",,"  59.0"," ","  41.0"," "," 22.9",," 0.16","G"," 999.1","20","999.9",,"981.3","24","  45.5","24"
"72429793812","CINCINNATI MUNICIPAL AIRPORT LUNKEN FIELD, OH US","39.106","-84.41609","144.8","2023-05-02","  38.9","24","010000",," 25.1",,"  57.0"," ","  41.0"," "," 18.1",," 0.29","G","1002.1","22","999.9",,"984.1","24","  48.2","24"
"72429793812","CINCINNATI MUNICIPAL AIRPORT LUNKEN FIELD, OH US","39.106","-84.41609","144.8","2023-05-03","  37.7","24","010000",," 25.1",,"  61.0"," ","  41.0"," "," 18.1",," 0.01","G","1008.5","23","999.9",,"990.7","24","  50.8","24"
"72429793812","CINCINNATI MUNICIPAL AIRPORT LUNKEN FIELD, OH US","39.106","-84.41609","144.8","2023-05-04","  38.3","24","100000",,"999.9",,"  68.0"," ","  35.1"," ","  8.9",," 0.00","G","1016.1","20","999.9",,"997.9","24","  51.6","24"
"72429793812","CINCINNATI MUNICIPAL AIRPORT LUNKEN FIELD, OH US","39.106","-84.41609","144.8","2023-05-05","  43.3","24","000000",,"999.9",,"  73.9"," ","  35.1"," ","  8.0",," 0.00","G","1020.1","23","999.9",,"002.0","24","  55.6","24"
"72429793812","CINCINNATI MUNICIPAL AIRPORT LUNKEN FIELD, OH US","39.106","-84.41609","144.8","2023-05-06","  50.7","24","000000",,"999.9",,"  78.1"," ","  37.9"," ","  8.0",," 0.00","G","1021.2","24","999.9",,"003.2","24","  59.5","24"
"72429793812","CINCINNATI MUNICIPAL AIRPORT LUNKEN FIELD, OH US","39.106","-84.41609","144.8","2023-05-07","  60.6","24","110010",," 15.0",,"  78.1"," ","  42.1"," "," 12.0",," 0.67","G","1015.7","19","999.9",,"998.1","24","  63.7","24"
"72429793812","CINCINNATI MUNICIPAL AIRPORT LUNKEN FIELD, OH US","39.106","-84.41609","144.8","2023-05-08","  60.8","24","000000",,"999.9",,"  78.1"," ","  54.0"," ","  9.9",," 0.31","G","1013.2","24","999.9",,"995.5","24","  66.8","24"
"72429793812","CINCINNATI MUNICIPAL AIRPORT LUNKEN FIELD, OH US","39.106","-84.41609","144.8","2023-05-09","  54.8","24","000000",," 19.0",,"  78.1"," ","  54.0"," "," 12.0",," 0.00","G","1016.2","16","999.9",,"997.5","24","  66.1","24"
"72429793812","CINCINNATI MUNICIPAL AIRPORT LUNKEN FIELD, OH US","39.106","-84.41609","144.8","2023-05-10","  44.6","24","000000",," 15.9",,"  77.0"," ","  39.9"," "," 11.1",," 0.00","G","1021.6","24","999.9",,"003.6","24","  60.0","24"
"72429793812","CINCINNATI MUNICIPAL AIRPORT LUNKEN FIELD, OH US","39.106","-84.41609","144.8","2023-05-11","  52.2","24","000000",,"999.9",,"  84.0"," ","  39.9"," ","  6.0",," 0.00","G","1019.5","22","999.9",,"001.7","24","  63.8","24"
"72429793812","CINCINNATI MUNICIPAL AIRPORT LUNKEN FIELD, OH US","39.106","-84.41609","144.8","2023-05-12","  64.7","24","010000",,"999.9",,"  77.0","*","  61.0","*","  8.9",," 0.00","G","1018.1","21","999.9",,"000.3","24","  68.2","24"
"72429793812","CINCINNATI MUNICIPAL AIRPORT LUNKEN FIELD, OH US","39.106","-84.41609","144.8","2023-05-13","  67.5","24","010000",,"999.9",,"  80.1"," ","  60.1"," ","  9.9",," 0.17","G","1018.0","16","999.9",,"000.1","24","  70.6","24"
"72429793812","CINCINNATI MUNICIPAL AIRPORT LUNKEN FIELD, OH US","39.106","-84.41609","144.8","2023-05-14","  59.6","24","100000",," 15.0",,"  80.1","*","  53.6","*"," 12.0",," 0.01","G","1022.5","20","999.9",,"004.7","24","  68.3","24"
"72429793812","CINCINNATI MUNICIPAL AIRPORT LUNKEN FIELD, OH US","39.106","-84.41609","144.8","2023-05-15","  49.3","24","010000",," 15.9",,"  80.1"," ","  51.1"," ","  9.9",," 0.05","G","1024.0","22","999.9",,"006.3","24","  61.4","24"
"72429793812","CINCINNATI MUNICIPAL AIRPORT LUNKEN FIELD, OH US","39.106","-84.41609","144.8","2023-05-16","  59.3","24","110000",,"999.9",,"  70.0"," ","  51.1"," ","  8.0",," 0.07","G","1013.8","17","999.9",,"996.3","24","  61.0","24"
"72429793812","CINCINNATI MUNICIPAL AIRPORT LUNKEN FIELD, OH US","39.106","-84.41609","144.8","2023-05-17","  49.6","24","100000",,"999.9",,"  73.0"," ","  45.0"," ","  9.9",," 0.24","G","1012.7","17","999.9",,"994.3","24","  59.1","24"
"72429793812","CINCINNATI MUNICIPAL AIRPORT LUNKEN FIELD, OH US","39.106","-84.41609","144.8","2023-05-18","  42.8","24","000000",,"999.9",,"  75.9"," ","  39.9"," ","  8.0",," 0.00","G","1017.7","23","999.9",,"999.8","24","  58.0","24"
"72429793812","CINCINNATI MUNICIPAL AIRPORT LUNKEN FIELD, OH US","39.106","-84.41609","144.8","2023-05-19","  58.3","24","000000",," 18.1",,"  79.0","*","  55.0","*"," 14.0",," 0.00","G","1017.0","22","999.9",,"999.4","24","  65.6","24"
"72429793812","CINCINNATI MUNICIPAL AIRPORT LUNKEN FIELD, OH US","39.106","-84.41609","144.8","2023-05-20","  56.6","24","010000",," 17.1",,"  79.0"," ","  54.0"," "," 13.0",," 0.30","G","1017.2","16","999.9",,"999.0","24","  65.7","24"
"72429793812","CINCINNATI MUNICIPAL AIRPORT LUNKEN FIELD, OH US","39.106","-84.41609","144.8","2023-05-21","  47.6","24","100000",,"999.9",,"  77.0"," ","  43.0"," "," 11.1",," 0.01","G","1020.9","18","999.9",,"003.2","24","  60.2","24"
"72429793812","CINCINNATI MUNICIPAL AIRPORT LUNKEN FIELD, OH US","39.106","-84.41609","144.8","2023-05-22","  50.8","24","100000",,"999.9",,"  80.1"," ","  43.0"," ","  7.0",," 0.00","G","1020.2","22","999.9",,"002.3","24","  63.2","24"
"72429793812","CINCINNATI MUNICIPAL AIRPORT LUNKEN FIELD, OH US","39.106","-84.41609","144.8","2023-05-23","  56.3","24","100000",,"999.9",,"  81.0"," ","  46.9"," ","  7.0",," 0.00","G","1019.6","23","999.9",,"001.9","24","  66.2","24"
"72429793812","CINCINNATI MUNICIPAL AIRPORT LUNKEN FIELD, OH US","39.106","-84.41609","144.8","2023-05-24","  55.7","24","000000",,"999.9",,"  84.0"," ","  50.0"," ","  8.0",," 0.00","G","1018.4","23","999.9",,"000.6","24","  67.6","24"
"72429793812","CINCINNATI MUNICIPAL AIRPORT LUNKEN FIELD, OH US","39.106","-84.41609","144.8","2023-05-25","  43.0","24","000000",," 19.0",,"  84.0"," ","  51.1"," "," 15.0",," 0.00","G","1020.3","24","999.9",,"002.5","24","  63.0","24"
"72429793812","CINCINNATI MUNICIPAL AIRPORT LUNKEN FIELD, OH US","39.106","-84.41609","144.8","2023-05-26","  40.2","24","000000",," 25.1",,"  78.1"," ","  44.1"," "," 14.0",," 0.00","G","1022.6","24","999.9",,"004.6","24","  61.7","24"
"72429793812","CINCINNATI MUNICIPAL AIRPORT LUNKEN FIELD, OH US","39.106","-84.41609","144.8","2023-05-27","  46.3","24","000000",,"999.9",,"  78.1"," ","  44.1"," ","  8.0",," 0.00","G","1022.9","24","999.9",,"005.0","24","  62.0","24"
"72429793812","CINCINNATI MUNICIPAL AIRPORT LUNKEN FIELD, OH US","39.106","-84.41609","144.8","2023-05-28","  52.3","24","000000",,"999.9",,"  77.0"," ","  44.1"," ","  7.0",," 0.00","G","1019.4","24","999.9",,"001.6","24","  63.7","24"
"72429793812","CINCINNATI MUNICIPAL AIRPORT LUNKEN FIELD, OH US","39.106","-84.41609","144.8","2023-05-29","  55.1","24","100000",,"999.9",,"  86.0"," ","  50.0"," ","  8.9",," 0.00","G","1014.7","23","999.9",,"997.0","24","  68.8","24"
"72429793812","CINCINNATI MUNICIPAL AIRPORT LUNKEN FIELD, OH US","39.106","-84.41609","144.8","2023-05-30","  62.3","24","000000",,"999.9",,"  86.0"," ","  50.0"," ","  8.9",," 0.00","G","1015.0","23","999.9",,"997.4","24","  73.7","24"
"72429793812","CINCINNATI MUNICIPAL AIRPORT LUNKEN FIELD, OH US","39.106","-84.41609","144.8","2023-05-31","  61.2","24","100000",,"999.9",,"  87.1"," ","  57.9"," ","  7.0",," 0.00","G","1016.8","22","999.9",,"999.2","24","  73.0","24"
"72429793812","CINCINNATI MUNICIPAL AIRPORT LUNKEN FIELD, OH US","39.106","-84.41609","144.8","2023-06-01","  60.8","24","000000",,"999.9",,"  88.0"," ","  57.9"," ","  8.9",," 0.00","G","1017.3","22","999.9",,"999.7","24","  73.7","24"
"72429793812","CINCINNATI MUNICIPAL AIRPORT LUNKEN FIELD, OH US","39.106","-84.41609","144.8","2023-06-02","  55.3","24","000000",,"999.9",,"  91.9"," ","  51.1"," ","  8.9",," 0.00","G","1015.8","23","999.9",,"998.2","24","  71.8","24"
"72429793812","CINCINNATI MUNICIPAL AIRPORT LUNKEN FIELD, OH US","39.106","-84.41609","144.8","2023-06-03","  59.0","24","000000",,"999.9",,"  93.0"," ","  51.1"," ","  9.9",," 0.00","G","1013.0","23","999.9",,"995.4","24","  74.2","24"
"72429793812","CINCINNATI MUNICIPAL AIRPORT LUNKEN FIELD, OH US","39.106","-84.41609","144.8","2023-06-04","  59.2","24","000000",,"999.9",,"  93.0"," ","  55.9"," ","  9.9",," 0.00","G","1013.4","24","999.9",,"995.9","24","  72.5","24"
"72429793812","CINCINNATI MUNICIPAL AIRPORT LUNKEN FIELD, OH US","39.106","-84.41609","144.8","2023-06-05","  52.8","24","000000",,"999.9",,"  84.9"," ","  51.1"," ","  8.9",," 0.00","G","1014.7","24","999.9",,"997.1","24","  69.3","24"
"72429793812","CINCINNATI MUNICIPAL AIRPORT LUNKEN FIELD, OH US","39.106","-84.41609","144.8","2023-06-06","  50.7","24","000000",," 19.0",,"  86.0"," ","  48.0"," "," 13.0",," 0.00","G","1013.2","22","999.9",,"995.6","24","  66.5","24"
"72429793812","CINCINNATI MUNICIPAL AIRPORT LUNKEN FIELD, OH US","39.106","-84.41609","144.8","2023-06-07","  52.3","24","110000",," 21.0",,"  86.0"," ","  48.0"," "," 14.0",," 0.05","G","1009.4","19","999.9",,"992.0","24","  67.1","24"
"72429793812","CINCINNATI MUNICIPAL AIRPORT LUNKEN FIELD, OH US","39.106","-84.41609","144.8","2023-06-08","  42.9","24","000000",," 17.1",,"  77.0","*","  46.9","*","  9.9",," 0.03","G","1009.9","23","999.9",,"992.3","24","  62.6","24"
"72429793812","CINCINNATI MUNICIPAL AIRPORT LUNKEN FIELD, OH US","39.106","-84.41609","144.8","2023-06-09","  46.2","24","000000",," 17.1",,"  81.0"," ","  46.0"," "," 11.1",," 0.00","G","1011.3","23","999.9",,"993.6","24","  64.4","24"
"72429793812","CINCINNATI MUNICIPAL AIRPORT LUNKEN FIELD, OH US","39.106","-84.41609","144.8","2023-06-10","  50.9","24","000000",,"999.9",,"  84.9"," ","  46.9"," ","  8.9",," 0.00","G","1011.2","23","999.9",,"993.5","24","  67.4","24"
"72429793812","CINCINNATI MUNICIPAL AIRPORT LUNKEN FIELD, OH US","39.106","-84.41609","144.8","2023-06-11","  60.3","24","010010",," 42.0",,"  84.9"," ","  51.1"," "," 29.9",," 0.00","G","1007.5","19","999.9",,"989.2","24","  65.3","24"
"72429793812","CINCINNATI MUNICIPAL AIRPORT LUNKEN FIELD, OH US","39.106","-84.41609","144.8","2023-06-12","  58.7","24","010000",," 19.0",,"  80.1"," ","  55.0"," "," 14.0",," 1.19","G","1007.1","19","999.9",,"989.0","24","  64.8","24"
"72429793812","CINCINNATI MUNICIPAL AIRPORT LUNKEN FIELD, OH US","39.106","-84.41609","144.8","2023-06-13","  50.2","24","010000",," 31.1",,"  77.0"," ","  48.0"," "," 20.0",," 0.02","G","1008.7","22","999.9",,"990.7","24","  62.2","24"
"72429793812","CINCINNATI MUNICIPAL AIRPORT LUNKEN FIELD, OH US","39.106","-84.41609","144.8","2023-06-14","  57.9","24","010000",," 14.0",,"  80.1"," ","  48.0"," "," 11.1",," 0.10","G","1004.0","24","999.9",,"986.5","24","  68.9","24"
"72429793812","CINCINNATI MUNICIPAL AIRPORT LUNKEN FIELD, OH US","39.106","-84.41609","144.8","2023-06-15","  60.5","24","100000",," 15.0",,"  84.0","*","  55.4","*","  8.9",," 0.03","G","1006.4","22","999.9",,"988.9","24","  70.0","24"
"72429793812","CINCINNATI MUNICIPAL AIRPORT LUNKEN FIELD, OH US","39.106","-84.41609","144.8","2023-06-16","  58.2","24","010000",," 20.0",,"  84.9"," ","  55.9"," "," 12.0",," 0.03","G","1009.0","23","999.9",,"991.6","24","  67.0","24"
"72429793812","CINCINNATI MUNICIPAL AIRPORT LUNKEN FIELD, OH US","39.106","-84.41609","144.8","2023-06-17","  55.2","24","100000",,"999.9",,"  81.0"," ","  50.0"," ","  6.0",," 0.00","I","1014.1","17","999.9",,"996.4","24","  66.2","24"
"72429793812","CINCINNATI MUNICIPAL AIRPORT LUNKEN FIELD, OH US","39.106","-84.41609","144.8","2023-06-18","  56.2","24","100000",,"999.9",,"  82.9"," ","  50.0"," ","  8.9",," 0.00","G","1011.9","17","999.9",,"994.8","24","  67.6","24"
"72429793812","CINCINNATI MUNICIPAL AIRPORT LUNKEN FIELD, OH US","39.106","-84.41609","144.8","2023-06-19","  64.2","24","010000",,"999.9",,"  82.9"," ","  50.0"," "," 11.1",," 0.00","G","1009.4","21","999.9",,"992.0","24","  68.0","24"
"72429793812","CINCINNATI MUNICIPAL AIRPORT LUNKEN FIELD, OH US","39.106","-84.41609","144.8","2023-06-20","  66.8","24","010000",," 21.0",,"  78.1"," ","  61.0"," "," 14.0",," 0.28","G","1012.5","20","999.9",,"994.9","24","  70.8","24"
"72429793812","CINCINNATI MUNICIPAL AIRPORT LUNKEN FIELD, OH US","39.106","-84.41609","144.8","2023-06-21","  63.1","24","010000",," 20.0",,"  84.0"," ","  66.0"," "," 15.0",," 0.01","G","1016.2","24","999.9",,"998.6","24","  72.8","24"
"72429793812","CINCINNATI MUNICIPAL AIRPORT LUNKEN FIELD, OH US","39.106","-84.41609","144.8","2023-06-22","  57.4","24","000000",,"999.9",,"  84.0"," ","  62.1"," ","  9.9",," 0.00","I","1015.4","23","999.9",,"997.8","24","  68.0","24"
"72429793812","CINCINNATI MUNICIPAL AIRPORT LUNKEN FIELD, OH US","39.106","-84.41609","144.8","2023-06-23","  64.4","24","010000",,"999.9",,"  77.0"," ","  62.1"," ","  7.0",," 0.00","G","1013.1","19","999.9",,"995.6","24","  69.6","24"
"72429793812","CINCINNATI MUNICIPAL AIRPORT LUNKEN FIELD, OH US","39.106","-84.41609","144.8","2023-06-24","  65.0","24","010000",," 15.0",,"  88.0"," ","  66.0"," "," 11.1",," 0.00","G","1013.0","24","999.9",,"995.4","24","  75.6","24"
"72429793812","CINCINNATI MUNICIPAL AIRPORT LUNKEN FIELD, OH US","39.106","-84.41609","144.8","2023-06-25","  67.3","17","110000",,"999.9",,"  88.0","*","  62.6","*"," 14.0",," 0.00","G","1010.5"," 6","999.9",,"992.0","17","  74.5","17"
"72429793812","CINCINNATI MUNICIPAL AIRPORT LUNKEN FIELD, OH US","39.106","-84.41609","144.8","2023-06-26","  63.8","24","010010",," 32.1",,"  84.0"," ","  64.0"," "," 21.0",," 0.04","G","1004.9","19","999.9",,"987.6","24","  72.6","24"
"72429793812","CINCINNATI MUNICIPAL AIRPORT LUNKEN FIELD, OH US","39.106","-84.41609","144.8","2023-06-27","  61.7","24","010000",," 22.9",,"  84.0"," ","  64.0"," "," 15.0",," 0.01","G","1009.0","15","999.9",,"991.3","24","  71.3","24"
"72429793812","CINCINNATI MUNICIPAL AIRPORT LUNKEN FIELD, OH US","39.106","-84.41609","144.8","2023-06-28","  60.9","24","100000",,"999.9",,"  84.0"," ","  55.9"," ","  8.9",," 0.00","G","1014.9","21","999.9",,"997.3","24","  71.2","24"
"72429793812","CINCINNATI MUNICIPAL AIRPORT LUNKEN FIELD, OH US","39.106","-84.41609","144.8","2023-06-29","  64.2","24","110000",," 34.0",,"  88.0"," ","  55.9"," "," 22.9",," 0.00","G","1015.5","15","999.9",,"998.1","24","  72.9","24"
"72429793812","CINCINNATI MUNICIPAL AIRPORT LUNKEN FIELD, OH US","39.106","-84.41609","144.8","2023-06-30","  68.9","24","010010",," 15.0",,"  89.1"," ","  59.0"," ","  9.9",," 0.26","G","1014.4","19","999.9",,"997.0","24","  76.2","24"
"72429793812","CINCINNATI MUNICIPAL AIRPORT LUNKEN FIELD, OH US","39.106","-84.41609","144.8","2023-07-01","  71.1","14","010010",," 19.0",,"  84.9","*","  69.8","*"," 12.0",," 0.12","G","1013.1"," 5","999.9",,"996.0","15","  76.8","15"
"72429793812","CINCINNATI MUNICIPAL AIRPORT LUNKEN FIELD, OH US","39.106","-84.41609","144.8","2023-07-02","  69.4","24","010010",," 29.9",,"  86.0"," ","  70.0"," "," 20.0",," 0.08","G","1010.0","16","999.9",,"992.5","24","  77.1","24"
"72429793812","CINCINNATI MUNICIPAL AIRPORT LUNKEN FIELD, OH US","39.106","-84.41609","144.8","2023-07-03","  68.1","24","010000",," 20.0",,"  86.0"," ","  66.9"," "," 15.9",," 0.30","G","1011.1","20","999.9",,"993.5","24","  74.8","24"
"72429793812","CINCINNATI MUNICIPAL AIRPORT LUNKEN FIELD, OH US","39.106","-84.41609","144.8","2023-07-04","  68.3","24","110010",,"999.9",,"  91.0"," ","  66.0"," "," 11.1",," 0.03","G","1015.6","16","999.9",,"998.0","24","  77.2","24"
"72429793812","CINCINNATI MUNICIPAL AIRPORT LUNKEN FIELD, OH US","39.106","-84.41609","144.8","2023-07-05","  69.5","24","110010",,"999.9",,"  91.9"," ","  66.0"," ","  8.9",," 0.11","G","1015.8","15","999.9",,"998.6","24","  77.4","24"
"72429793812","CINCINNATI MUNICIPAL AIRPORT LUNKEN FIELD, OH US","39.106","-84.41609","144.8","2023-07-06","  69.9","24","110000",," 15.0",,"  91.9"," ","  66.0"," "," 12.0",," 0.06","G","1012.8","18","999.9",,"995.5","24","  78.1","24"
"72429793812","CINCINNATI MUNICIPAL AIRPORT LUNKEN FIELD, OH US","39.106","-84.41609","144.8","2023-07-07","  62.7","24","000000",,"999.9",,"  90.0"," ","  64.9"," ","  8.0",," 0.00","I","1013.4","24","999.9",,"995.9","24","  79.6","24"
"72429793812","CINCINNATI MUNICIPAL AIRPORT LUNKEN FIELD, OH US","39.106","-84.41609","144.8","2023-07-08","  65.5","23","010010",," 26.0",,"  90.0"," ","  64.9"," "," 13.0",," 0.00","G","1011.7","17","999.9",,"994.0","24","  72.0","24"
"72429793812","CINCINNATI MUNICIPAL AIRPORT LUNKEN FIELD, OH US","39.106","-84.41609","144.8","2023-07-09","  65.7","24","110000",," 15.9",,"  81.0"," ","  66.0"," "," 12.0",," 0.38","G","1011.0","17","999.9",,"993.3","24","  74.4","24"
"72429793812","CINCINNATI MUNICIPAL AIRPORT LUNKEN FIELD, OH US","39.106","-84.41609","144.8","2023-07-10","  59.5","24","000000",,"999.9",,"  88.0"," ","  59.0"," ","  8.9",," 0.02","G","1014.0","23","999.9",,"996.4","24","  72.1","24"
"72429793812","CINCINNATI MUNICIPAL AIRPORT LUNKEN FIELD, OH US","39.106","-84.41609","144.8","2023-07-11","  61.6","24","000000",," 15.9",,"  88.0"," ","  59.0"," "," 11.1",," 0.00","G","1014.9","23","999.9",,"997.4","24","  74.4","24"
"72429793812","CINCINNATI MUNICIPAL AIRPORT LUNKEN FIELD, OH US","39.106","-84.41609","144.8","2023-07-12","  63.4","24","000000",," 17.1",,"  91.0"," ","  60.1"," "," 13.0",," 0.00","G","1014.4","21","999.9",,"997.0","24","  75.6","24"
"72429793812","CINCINNATI MUNICIPAL AIRPORT LUNKEN FIELD, OH US","39.106","-84.41609","144.8","2023-07-13","  69.2","24","010010",," 15.9",,"  91.9"," ","  62.1"," "," 12.0",," 0.00","G","1009.8","19","999.9",,"992.4","24","  79.4","24"
"72429793812","CINCINNATI MUNICIPAL AIRPORT LUNKEN FIELD, OH US","39.106","-84.41609","144.8","2023-07-14","  66.2","24","000000",,"999.9",,"  93.0"," ","  68.0"," "," 11.1",," 0.00","G","1011.5","24","999.9",,"994.1","24","  79.8","24"
"72429793812","CINCINNATI MUNICIPAL AIRPORT LUNKEN FIELD, OH US","39.106","-84.41609","144.8","2023-07-15","  69.0","23","110010",," 22.0",,"  93.0"," ","  66.0"," "," 12.0",," 0.00","G","1011.2","15","999.9",,"993.4","24","  73.2","24"
"72429793812","CINCINNATI MUNICIPAL AIRPORT LUNKEN FIELD, OH US","39.106","-84.41609","144.8","2023-07-16","  67.1","24","110000",," 18.1",,"  84.9"," ","  64.9"," "," 11.1",," 1.46","G","1012.5","16","999.9",,"994.5","24","  74.6","24"
"72429793812","CINCINNATI MUNICIPAL AIRPORT LUNKEN FIELD, OH US","39.106","-84.41609","144.8","2023-07-17","  67.9","24","010010",," 25.1",,"  86.0"," ","  64.9"," "," 17.1",," 0.23","G","1013.7","21","999.9",,"996.2","24","  76.2","24"
"72429793812","CINCINNATI MUNICIPAL AIRPORT LUNKEN FIELD, OH US","39.106","-84.41609","144.8","2023-07-18","  66.4","24","010010",," 32.1",,"  87.1"," ","  61.0"," "," 22.9",," 0.25","G","1015.0","19","999.9",,"997.2","24","  72.5","24"
"72429793812","CINCINNATI MUNICIPAL AIRPORT LUNKEN FIELD, OH US","39.106","-84.41609","144.8","2023-07-19","  70.4","24","100000",,"999.9",,"  87.1"," ","  61.0"," "," 11.1",," 0.17","G","1016.7","11","999.9",,"998.6","24","  74.3","24"
"72429793812","CINCINNATI MUNICIPAL AIRPORT LUNKEN FIELD, OH US","39.106","-84.41609","144.8","2023-07-20","  71.4","24","100000",,"999.9",,"  89.1"," ","  66.9"," "," 14.0",," 0.00","G","1013.9","17","999.9",,"997.2","24","  77.6","24"
"72429793812","CINCINNATI MUNICIPAL AIRPORT LUNKEN FIELD, OH US","39.106","-84.41609","144.8","2023-07-21","  65.9","24","010000",," 22.0",,"  89.1"," ","  66.0"," "," 14.0",," 0.24","G","1012.7","21","999.9",,"995.1","24","  76.6","24"
"72429793812","CINCINNATI MUNICIPAL AIRPORT LUNKEN FIELD, OH US","39.106","-84.41609","144.8","2023-07-22","  61.2","24","000000",,"999.9",,"  84.9"," ","  61.0"," ","  6.0",," 0.00","G","1013.1","23","999.9",,"995.5","24","  72.7","24"
"72429793812","CINCINNATI MUNICIPAL AIRPORT LUNKEN FIELD, OH US","39.106","-84.41609","144.8","2023-07-23","  62.0","24","000000",,"999.9",,"  86.0","*","  60.8","*"," 11.1",," 0.00","G","1014.0","23","999.9",,"996.4","24","  73.3","24"
"72429793812","CINCINNATI MUNICIPAL AIRPORT LUNKEN FIELD, OH US","39.106","-84.41609","144.8","2023-07-24","  66.4","24","010010",," 24.1",,"  88.0"," ","  61.0"," "," 15.0",," 0.00","G","1016.7","18","999.9",,"999.2","24","  72.7","24"
"72429793812","CINCINNATI MUNICIPAL AIRPORT LUNKEN FIELD, OH US","39.106","-84.41609","144.8","2023-07-25","  65.9","24","100000",,"999.9",,"  88.0"," ","  63.0"," ","  7.0",," 0.55","G","1018.7","18","999.9",,"001.0","24","  73.6","24"
"72429793812","CINCINNATI MUNICIPAL AIRPORT LUNKEN FIELD, OH US","39.106","-84.41609","144.8","2023-07-26","  71.3","24","110000",," 21.0",,"  93.0"," ","  63.0"," "," 15.9",," 0.00","G","1016.0","19","999.9",,"998.7","24","  79.3","24"
"72429793812","CINCINNATI MUNICIPAL AIRPORT LUNKEN FIELD, OH US","39.106","-84.41609","144.8","2023-07-27","  72.5","24","010010",," 24.1",,"  93.0"," ","  66.0"," "," 18.1",," 0.00","G","1014.3","18","999.9",,"997.0","24","  82.3","24"
"72429793812","CINCINNATI MUNICIPAL AIRPORT LUNKEN FIELD, OH US","39.106","-84.41609","144.8","2023-07-28","  73.2","24","010010",," 22.0",,"  93.0"," ","  71.1"," "," 11.1",," 0.76","G","1016.2","17","999.9",,"998.8","24","  78.8","24"
"72429793812","CINCINNATI MUNICIPAL AIRPORT LUNKEN FIELD, OH US","39.106","-84.41609","144.8","2023-07-29","  71.8","24","110010",," 31.1",,"  93.0"," ","  71.1"," "," 22.0",," 0.26","G","1014.9","21","999.9",,"997.5","24","  81.2","24"
"72429793812","CINCINNATI MUNICIPAL AIRPORT LUNKEN FIELD, OH US","39.106","-84.41609","144.8","2023-07-30","  66.5","24","000000",,"999.9",,"  90.0"," ","  66.9"," ","  8.9",," 0.01","G","1016.3","22","999.9",,"998.8","22","  77.9","24"
"72429793812","CINCINNATI MUNICIPAL AIRPORT LUNKEN FIELD, OH US","39.106","-84.41609","144.8","2023-07-31","  61.9","24","000000",,"999.9",,"  89.1"," ","  63.0"," ","  9.9",," 0.00","G","1018.0","24","999.9",,"000.4","24","  74.2","24"
"72429793812","CINCINNATI MUNICIPAL AIRPORT LUNKEN FIELD, OH US","39.106","-84.41609","144.8","2023-08-01","  59.0","23","100000",,"999.9",,"  84.0"," ","  57.0"," ","  7.0",," 0.00","G","1021.8","22","999.9",,"004.0","24","  69.9","24"
"72429793812","CINCINNATI MUNICIPAL AIRPORT LUNKEN FIELD, OH US","39.106","-84.41609","144.8","2023-08-02","  61.5","24","000000",,"999.9",,"  84.9"," ","  57.0"," ","  7.0",," 0.00","G","1020.5","21","999.9",,"002.9","24","  71.4","24"
"72429793812","CINCINNATI MUNICIPAL AIRPORT LUNKEN FIELD, OH US","39.106","-84.41609","144.8","2023-08-03","  64.7","24","000000",,"999.9",,"  88.0"," ","  57.9"," ","  5.1",," 0.00","G","1015.1","24","999.9",,"997.6","24","  76.3","24"
"72429793812","CINCINNATI MUNICIPAL AIRPORT LUNKEN FIELD, OH US","39.106","-84.41609","144.8","2023-08-04","  65.2","24","000000",,"999.9",,"  91.0"," ","  64.0"," ","  5.1",," 0.00","G","1013.9","22","999.9",,"996.4","24","  77.2","24"
"72429793812","CINCINNATI MUNICIPAL AIRPORT LUNKEN FIELD, OH US","39.106","-84.41609","144.8","2023-08-05","  68.0","24","000000",," 15.0",,"  91.0"," ","  64.0"," ","  8.0",," 0.00","G","1014.6","21","999.9",,"997.2","24","  76.7","24"
"72429793812","CINCINNATI MUNICIPAL AIRPORT LUNKEN FIELD, OH US","39.106","-84.41609","144.8","2023-08-06","  68.9","24","000000",," 22.0",,"  89.1"," ","  64.9"," "," 18.1",," 0.00","G","1010.8","24","999.9",,"993.4","24","  80.1","24"
"72429793812","CINCINNATI MUNICIPAL AIRPORT LUNKEN FIELD, OH US","39.106","-84.41609","144.8","2023-08-07","  68.1","24","010010",," 28.9",,"  89.1"," ","  69.1"," "," 22.0",," 0.05","G","1008.1","20","999.9",,"990.4","24","  74.9","24"
"72429793812","CINCINNATI MUNICIPAL AIRPORT LUNKEN FIELD, OH US","39.106","-84.41609","144.8","2023-08-08","  62.6","24","000000",,"999.9",,"  84.9"," ","  64.0"," "," 11.1",," 0.24","G","1013.4","24","999.9",,"995.8","24","  73.4","24"
"72429793812","CINCINNATI MUNICIPAL AIRPORT LUNKEN FIELD, OH US","39.106","-84.41609","144.8","2023-08-09","  66.1","24","010000",," 19.0",,"  81.0","*","  62.6","*"," 11.1",," 0.00","G","1012.4","22","999.9",,"995.0","24","  73.0","24"
"72429793812","CINCINNATI MUNICIPAL AIRPORT LUNKEN FIELD, OH US","39.106","-84.41609","144.8","2023-08-10","  66.8","24","010000",,"999.9",,"  82.9"," ","  63.0"," "," 12.0",," 0.31","G","1008.6","17","999.9",,"990.7","24","  74.3","24"
"72429793812","CINCINNATI MUNICIPAL AIRPORT LUNKEN FIELD, OH US","39.106","-84.41609","144.8","2023-08-11","  65.8","24","100000",,"999.9",,"  87.1"," ","  62.1"," "," 12.0",," 0.01","G","1011.1","18","999.9",,"993.7","24","  74.6","24"
"72429793812","CINCINNATI MUNICIPAL AIRPORT LUNKEN FIELD, OH US","39.106","-84.41609","144.8","2023-08-12","  69.1","24","010010",," 22.0",,"  91.9"," ","  62.1"," "," 15.9",," 0.00","G","1010.9","19","999.9",,"993.6","24","  76.6","24"
"72429793812","CINCINNATI MUNICIPAL AIRPORT LUNKEN FIELD, OH US","39.106","-84.41609","144.8","2023-08-13","  64.2","24","110010",," 19.0",,"  91.9"," ","  61.0"," ","  9.9",," 0.06","G","1014.7","19","999.9",,"997.2","24","  76.2","24"
"72429793812","CINCINNATI MUNICIPAL AIRPORT LUNKEN FIELD, OH US","39.106","-84.41609","144.8","2023-08-14","  69.9","24","110000",," 21.0",,"  90.0"," ","  61.0"," ","  9.9",," 0.00","G","1012.7","19","999.9",,"995.0","24","  74.9","24"
"72429793812","CINCINNATI MUNICIPAL AIRPORT LUNKEN FIELD, OH US","39.106","-84.41609","144.8","2023-08-15","  64.6","24","010000",," 20.0",,"  81.0"," ","  66.0"," "," 15.9",," 0.27","G","1011.6","22","999.9",,"994.0","24","  71.8","24"
"72429793812","CINCINNATI MUNICIPAL AIRPORT LUNKEN FIELD, OH US","39.106","-84.41609","144.8","2023-08-16","  61.4","24","000000",,"999.9",,"  81.0"," ","  62.1"," ","  7.0",," 0.01","G","1016.1","24","999.9",,"998.5","24","  71.9","24"
"72429793812","CINCINNATI MUNICIPAL AIRPORT LUNKEN FIELD, OH US","39.106","-84.41609","144.8","2023-08-17","  62.5","24","110000",," 27.0",,"  84.9"," ","  60.1"," "," 21.0",," 0.00","G","1011.7","20","999.9",,"994.4","24","  71.8","24"
"72429793812","CINCINNATI MUNICIPAL AIRPORT LUNKEN FIELD, OH US","39.106","-84.41609","144.8","2023-08-18","  58.2","24","010000",," 19.0",,"  84.9"," ","  57.9"," "," 11.1",," 0.13","G","1014.6","24","999.9",,"997.0","24","  70.0","24"
"72429793812","CINCINNATI MUNICIPAL AIRPORT LUNKEN FIELD, OH US","39.106","-84.41609","144.8","2023-08-19","  57.5","24","100000",,"999.9",,"  82.9"," ","  55.0"," ","  7.0",," 0.00","G","1018.5","19","999.9",,"000.9","24","  67.9","24"
"72429793812","CINCINNATI MUNICIPAL AIRPORT LUNKEN FIELD, OH US","39.106","-84.41609","144.8","2023-08-20","  63.8","24","100000",,"999.9",,"  93.0"," ","  55.0"," ","  8.9",," 0.00","G","1018.2","21","999.9",,"000.7","24","  75.4","24"
"72429793812","CINCINNATI MUNICIPAL AIRPORT LUNKEN FIELD, OH US","39.106","-84.41609","144.8","2023-08-21","  71.6","24","000000",,"999.9",,"  95.0"," ","  60.1"," ","  6.0",," 0.00","G","1019.9","24","999.9",,"002.3","24","  81.9","24"
"72429793812","CINCINNATI MUNICIPAL AIRPORT LUNKEN FIELD, OH US","39.106","-84.41609","144.8","2023-08-22","  69.3","24","000000",,"999.9",,"  95.0"," ","  70.0"," ","  8.9",," 0.00","G","1020.5","24","999.9",,"002.9","24","  81.0","24"
"72429793812","CINCINNATI MUNICIPAL AIRPORT LUNKEN FIELD, OH US","39.106","-84.41609","144.8","2023-08-23","  67.0","24","000000",,"999.9",,"  96.1"," ","  66.0"," ","  9.9",," 0.00","G","1018.5","24","999.9",,"000.9","24","  78.9","24"
"72429793812","CINCINNATI MUNICIPAL AIRPORT LUNKEN FIELD, OH US","39.106","-84.41609","144.8","2023-08-24","  73.0","24","010010",," 27.0",,"  96.1"," ","  66.0"," "," 21.0",," 0.35","G","1014.3","20","999.9",,"997.3","24","  80.3","24"
"72429793812","CINCINNATI MUNICIPAL AIRPORT LUNKEN FIELD, OH US","39.106","-84.41609","144.8","2023-08-25","  77.0","24","000000",," 24.1",,"  96.1"," ","  71.1"," "," 18.1",," 0.42","G","1011.9","16","999.9",,"994.5","24","  84.6","24"
"72429793812","CINCINNATI MUNICIPAL AIRPORT LUNKEN FIELD, OH US","39.106","-84.41609","144.8","2023-08-26","  71.3","24","010000",," 20.0",,"  96.1"," ","  71.1"," "," 15.0",," 0.01","G","1012.5","15","999.9",,"995.2","24","  76.9","24"
"72429793812","CINCINNATI MUNICIPAL AIRPORT LUNKEN FIELD, OH US","39.106","-84.41609","144.8","2023-08-27","  64.4","24","000000",,"999.9",,"  87.1"," ","  68.0"," "," 12.0",," 0.00","I","1014.2","23","999.9",,"996.7","24","  73.8","24"
"72429793812","CINCINNATI MUNICIPAL AIRPORT LUNKEN FIELD, OH US","39.106","-84.41609","144.8","2023-08-28","  59.4","24","000000",,"999.9",,"  82.9"," ","  60.1"," ","  8.9",," 0.00","G","1014.5","24","999.9",,"996.9","24","  71.1","24"
"72429793812","CINCINNATI MUNICIPAL AIRPORT LUNKEN FIELD, OH US","39.106","-84.41609","144.8","2023-08-29","  55.7","24","100000",," 14.0",,"  84.0"," ","  53.1"," ","  8.0",," 0.00","G","1013.5","21","999.9",,"996.0","24","  68.9","24"
"72429793812","CINCINNATI MUNICIPAL AIRPORT LUNKEN FIELD, OH US","39.106","-84.41609","144.8","2023-08-30","  57.3","24","000000",," 19.0",,"  84.0"," ","  53.1"," "," 12.0",," 0.00","G","1013.2","22","999.9",,"995.5","24","  68.0","24"
"72429793812","CINCINNATI MUNICIPAL AIRPORT LUNKEN FIELD, OH US","39.106","-84.41609","144.8","2023-08-31","  53.5","24","000000",," 15.9",,"  79.0"," ","  50.0"," "," 11.1",," 0.00","G","1017.3","22","999.9",,"999.5","24","  65.3","24"
"72429793812","CINCINNATI MUNICIPAL AIRPORT LUNKEN FIELD, OH US","39.106","-84.41609","144.8","2023-09-01","  56.4","24","100000",,"999.9",,"  87.1"," ","  50.0"," ","  7.0",," 0.00","G","1021.5","21","999.9",,"003.6","24","  68.0","24"
"72429793812","CINCINNATI MUNICIPAL AIRPORT LUNKEN FIELD, OH US","39.106","-84.41609","144.8","2023-09-02","  64.7","24","000000",,"999.9",,"  93.0"," ","  53.1"," ","  9.9",," 0.00","G","1020.8","24","999.9",,"003.1","24","  75.2","24"
"72429793812","CINCINNATI MUNICIPAL AIRPORT LUNKEN FIELD, OH US","39.106","-84.41609","144.8","2023-09-03","  61.9","24","100000",," 14.0",,"  93.0"," ","  60.1"," "," 11.1",," 0.00","G","1018.0","20","999.9",,"000.7","24","  78.8","24"
"72429793812","CINCINNATI MUNICIPAL AIRPORT LUNKEN FIELD, OH US","39.106","-84.41609","144.8","2023-09-04","  65.7","24","100000",,"999.9",,"  93.0"," ","  64.0"," ","  7.0",," 0.00","G","1016.1","21","999.9",,"998.7","24","  77.8","24"
"72429793812","CINCINNATI MUNICIPAL AIRPORT LUNKEN FIELD, OH US","39.106","-84.41609","144.8","2023-09-05","  67.6","24","000000",," 17.1",,"  95.0"," ","  64.0"," "," 12.0",," 0.00","G","1015.8","24","999.9",,"998.3","24","  78.5","24"
"72429793812","CINCINNATI MUNICIPAL AIRPORT LUNKEN FIELD, OH US","39.106","-84.41609","144.8","2023-09-06","  69.6","24","010000",," 15.9",,"  95.0"," ","  66.9"," "," 14.0",," 0.00","G","1013.2","24","999.9",,"995.8","24","  78.6","24"
"72429793812","CINCINNATI MUNICIPAL AIRPORT LUNKEN FIELD, OH US","39.106","-84.41609","144.8","2023-09-07","  64.9","24","000000",,"999.9",,"  89.1"," ","  66.0"," ","  9.9",," 0.00","G","1010.7","19","999.9",,"993.3","24","  72.7","24"
"72429793812","CINCINNATI MUNICIPAL AIRPORT LUNKEN FIELD, OH US","39.106","-84.41609","144.8","2023-09-08","  62.9","24","000000",," 17.1",,"  82.0"," ","  66.0"," ","  8.9",," 0.00","G","1014.8","18","999.9",,"997.1","24","  72.1","24"
"72429793812","CINCINNATI MUNICIPAL AIRPORT LUNKEN FIELD, OH US","39.106","-84.41609","144.8","2023-09-09","  62.0","24","000000",,"999.9",,"  82.0"," ","  64.9"," "," 11.1",," 0.00","G","1017.5","20","999.9",,"000.0","24","  71.3","24"
"72429793812","CINCINNATI MUNICIPAL AIRPORT LUNKEN FIELD, OH US","39.106","-84.41609","144.8","2023-09-10","  59.1","24","000000",,"999.9",,"  82.9"," ","  59.0"," ","  8.9",," 0.00","G","1019.1","22","999.9",,"001.4","24","  69.8","24"
"72429793812","CINCINNATI MUNICIPAL AIRPORT LUNKEN FIELD, OH US","39.106","-84.41609","144.8","2023-09-11","  59.3","24","100000",,"999.9",,"  87.1"," ","  55.0"," ","  5.1",," 0.00","G","1018.9","21","999.9",,"001.2","24","  69.8","24"
"72429793812","CINCINNATI MUNICIPAL AIRPORT LUNKEN FIELD, OH US","39.106","-84.41609","144.8","2023-09-12","  62.9","24","110000",,"999.9",,"  87.1"," ","  55.0"," ","  7.0",," 0.00","G","1016.5","19","999.9",,"998.9","24","  67.3","24"
"72429793812","CINCINNATI MUNICIPAL AIRPORT LUNKEN FIELD, OH US","39.106","-84.41609","144.8","2023-09-13","  55.4","24","100000",," 14.0",,"  80.1"," ","  55.0"," ","  9.9",," 0.03","G","1017.8","17","999.9",,"999.9","24","  67.4","24"
"72429793812","CINCINNATI MUNICIPAL AIRPORT LUNKEN FIELD, OH US","39.106","-84.41609","144.8","2023-09-14","  51.9","24","100000",,"999.9",,"  78.1","*","  48.2","*","  8.0",," 0.00","G","1019.8","23","999.9",,"002.0","24","  62.9","24"
"72429793812","CINCINNATI MUNICIPAL AIRPORT LUNKEN FIELD, OH US","39.106","-84.41609","144.8","2023-09-15","  51.0","24","100000",," 15.0",,"  79.0"," ","  48.0"," "," 11.1",," 0.00","G","1020.4","19","999.9",,"002.7","24","  62.4","24"
"72429793812","CINCINNATI MUNICIPAL AIRPORT LUNKEN FIELD, OH US","39.106","-84.41609","144.8","2023-09-16","  50.6","24","000000",,"999.9",,"  81.0","*","  46.4","*","  7.0",," 0.00","G","1017.8","21","999.9",,"000.0","24","  62.4","24"
"72429793812","CINCINNATI MUNICIPAL AIRPORT LUNKEN FIELD, OH US","39.106","-84.41609","144.8","2023-09-17","  56.7","24","110010",,"999.9",,"  81.0"," ","  46.9"," ","  9.9",," 0.15","G","1013.5","18","999.9",,"995.7","24","  64.8","24"
"72429793812","CINCINNATI MUNICIPAL AIRPORT LUNKEN FIELD, OH US","39.106","-84.41609","144.8","2023-09-18","  54.1","24","100000",," 15.9",,"  78.1"," ","  52.0"," ","  9.9",," 0.10","G","1015.1","19","999.9",,"997.1","24","  64.1","24"
"72429793812","CINCINNATI MUNICIPAL AIRPORT LUNKEN FIELD, OH US","39.106","-84.41609","144.8","2023-09-19","  49.8","24","100000",,"999.9",,"  78.1"," ","  48.0"," ","  8.0",," 0.00","G","1018.8","19","999.9",,"000.9","24","  61.0","24"
"72429793812","CINCINNATI MUNICIPAL AIRPORT LUNKEN FIELD, OH US","39.106","-84.41609","144.8","2023-09-20","  52.8","24","000000",,"999.9",,"  84.0"," ","  48.0"," ","  7.0",," 0.00","G","1019.9","24","999.9",,"002.0","24","  65.3","24"
"72429793812","CINCINNATI MUNICIPAL AIRPORT LUNKEN FIELD, OH US","39.106","-84.41609","144.8","2023-09-21","  55.4","24","000000",,"999.9",,"  84.0"," ","  51.1"," ","  7.0",," 0.00","G","1022.1","24","999.9",,"004.3","24","  68.0","24"
"72429793812","CINCINNATI MUNICIPAL AIRPORT LUNKEN FIELD, OH US","39.106","-84.41609","144.8","2023-09-22","  52.5","24","000000",," 14.0",,"  86.0"," ","  55.0"," ","  8.9",," 0.00","G","1021.2","23","999.9",,"003.6","24","  69.6","24"
"72429793812","CINCINNATI MUNICIPAL AIRPORT LUNKEN FIELD, OH US","39.106","-84.41609","144.8","2023-09-23","  50.4","24","000000",," 15.9",,"  86.0"," ","  46.9"," "," 12.0",," 0.00","G","1017.8","24","999.9",,"000.1","24","  64.1","24"
"72429793812","CINCINNATI MUNICIPAL AIRPORT LUNKEN FIELD, OH US","39.106","-84.41609","144.8","2023-09-24","  53.3","24","000000",," 15.9",,"  82.9"," ","  46.9"," "," 12.0",," 0.00","G","1015.5","24","999.9",,"997.8","24","  64.9","24"
"72429793812","CINCINNATI MUNICIPAL AIRPORT LUNKEN FIELD, OH US","39.106","-84.41609","144.8","2023-09-25","  59.9","24","000000",,"999.9",,"  82.9"," ","  51.1"," ","  8.0",," 0.00","G","1017.6","19","999.9",,"999.9","24","  68.5","24"
"72429793812","CINCINNATI MUNICIPAL AIRPORT LUNKEN FIELD, OH US","39.106","-84.41609","144.8","2023-09-26","  58.1","24","100000",,"999.9",,"  84.0","*","  54.0","*","  8.9",," 0.00","G","1019.9","18","999.9",,"002.2","24","  67.6","24"
"72429793812","CINCINNATI MUNICIPAL AIRPORT LUNKEN FIELD, OH US","39.106","-84.41609","144.8","2023-09-27","  62.6","24","010010",,"999.9",,"  84.0"," ","  54.0"," ","  8.9",," 0.15","G","1018.5","14","999.9",,"001.1","24","  66.9","24"
"72429793812","CINCINNATI MUNICIPAL AIRPORT LUNKEN FIELD, OH US","39.106","-84.41609","144.8","2023-09-28","  60.8","24","010010",,"999.9",,"  75.9"," ","  61.0"," ","  9.9",," 0.00","G","1016.8","18","999.9",,"999.1","24","  67.3","24"
"72429793812","CINCINNATI MUNICIPAL AIRPORT LUNKEN FIELD, OH US","39.106","-84.41609","144.8","2023-09-29","  60.0","24","100000",,"999.9",,"  77.0"," ","  60.1"," ","  4.1",," 0.05","G","1018.9","13","999.9",,"001.1","19","  65.8","24"
"72429793812","CINCINNATI MUNICIPAL AIRPORT LUNKEN FIELD, OH US","39.106","-84.41609","144.8","2023-09-30","  59.0","24","100000",,"999.9",,"  84.0"," ","  55.9"," ","  6.0",," 0.00","G","1022.5","16","999.9",,"004.4","24","  66.6","24"
"72429793812","CINCINNATI MUNICIPAL AIRPORT LUNKEN FIELD, OH US","39.106","-84.41609","144.8","2023-10-01","  58.6","24","100000",,"999.9",,"  84.0"," ","  53.1"," ","  8.0",," 0.00","G","1024.4","13","999.9",,"006.7","24","  67.6","24"
"72429793812","CINCINNATI MUNICIPAL AIRPORT LUNKEN FIELD, OH US","39.106","-84.41609","144.8","2023-10-02","  58.4","24","000000",,"999.9",,"  86.0"," ","  53.1"," ","  5.1",," 0.00","G","1023.3","16","999.9",,"005.8","24","  67.8","24"
"72429793812","CINCINNATI MUNICIPAL AIRPORT LUNKEN FIELD, OH US","39.106","-84.41609","144.8","2023-10-03","  58.5","24","100000",,"999.9",,"  88.0"," ","  54.0"," ","  6.0",," 0.00","G","1021.5","19","999.9",,"003.8","24","  69.0","24"
"72429793812","CINCINNATI MUNICIPAL AIRPORT LUNKEN FIELD, OH US","39.106","-84.41609","144.8","2023-10-04","  59.0","24","100000",," 17.1",,"  88.0"," ","  54.0"," ","  9.9",," 0.00","G","1018.7","16","999.9",,"001.4","22","  69.8","24"
"72429793812","CINCINNATI MUNICIPAL AIRPORT LUNKEN FIELD, OH US","39.106","-84.41609","144.8","2023-10-05","  60.1","24","010000",,"999.9",,"  87.1"," ","  55.9"," ","  8.0",," 0.00","G","1017.5","22","999.9",,"999.6","24","  66.7","24"
"72429793812","CINCINNATI MUNICIPAL AIRPORT LUNKEN FIELD, OH US","39.106","-84.41609","144.8","2023-10-06","  55.0","24","010000",,"999.9",,"  75.9"," ","  57.9"," "," 14.0",," 0.00","G","1014.9","19","999.9",,"997.2","24","  67.0","24"
"72429793812","CINCINNATI MUNICIPAL AIRPORT LUNKEN FIELD, OH US","39.106","-84.41609","144.8","2023-10-07","  38.1","23","000000",," 22.0",,"  75.9"," ","  46.9"," "," 14.0",," 0.00","G","1018.4","23","999.9",,"000.5","24","  55.2","24"
"72429793812","CINCINNATI MUNICIPAL AIRPORT LUNKEN FIELD, OH US","39.106","-84.41609","144.8","2023-10-08","  34.9","16","000000",," 18.1",,"  64.0"," ","  37.0"," "," 17.1",," 0.00","G","1015.8","24","999.9",,"997.8","24","  49.5","24"
"72429793812","CINCINNATI MUNICIPAL AIRPORT LUNKEN FIELD, OH US","39.106","-84.41609","144.8","2023-10-09","  41.3","24","000000",," 21.0",,"  66.9"," ","  37.0"," "," 12.0",," 0.00","G","1010.1","24","999.9",,"992.2","24","  55.0","24"
"72429793812","CINCINNATI MUNICIPAL AIRPORT LUNKEN FIELD, OH US","39.106","-84.41609","144.8","2023-10-10","  35.1","24","100000",," 18.1",,"  66.9"," ","  35.1"," "," 13.0",," 0.00","G","1011.1","23","999.9",,"993.1","24","  50.3","24"
"72429793812","CINCINNATI MUNICIPAL AIRPORT LUNKEN FIELD, OH US","39.106","-84.41609","144.8","2023-10-11","  39.4","24","100000",,"999.9",,"  71.1"," ","  35.1"," ","  9.9",," 0.00","G","1012.2","20","999.9",,"994.4","24","  51.2","24"
"72429793812","CINCINNATI MUNICIPAL AIRPORT LUNKEN FIELD, OH US","39.106","-84.41609","144.8","2023-10-12","  50.6","24","010000",,"999.9",,"  82.0"," ","  36.0"," ","  8.0",," 0.00","G","1011.1","22","999.9",,"993.2","24","  61.1","24"
"72429793812","CINCINNATI MUNICIPAL AIRPORT LUNKEN FIELD, OH US","39.106","-84.41609","144.8","2023-10-13","  51.5","24","100000",,"999.9",,"  82.0"," ","  44.1"," ","  8.0",," 0.00","G","1012.2","21","999.9",,"994.6","24","  62.0","24"
"72429793812","CINCINNATI MUNICIPAL AIRPORT LUNKEN FIELD, OH US","39.106","-84.41609","144.8","2023-10-14","  56.5","24","010000",," 22.9",,"  81.0"," ","  44.1"," "," 17.1",," 0.08","G","1005.8","16","999.9",,"988.3","24","  61.6","24"
"72429793812","CINCINNATI MUNICIPAL AIRPORT LUNKEN FIELD, OH US","39.106","-84.41609","144.8","2023-10-15","  43.5","24","010000",," 18.1",,"  64.9"," ","  50.0"," "," 13.0",," 0.08","G","1012.9","19","999.9",,"995.1","24","  53.8","24"
"72429793812","CINCINNATI MUNICIPAL AIRPORT LUNKEN FIELD, OH US","39.106","-84.41609","144.8","2023-10-16","  43.8","24","010000",,"999.9",,"  57.0","*","  48.2","*"," 11.1",," 0.02","G","1014.2","17","999.9",,"996.2","24","  51.9","24"
"72429793812","CINCINNATI MUNICIPAL AIRPORT LUNKEN FIELD, OH US","39.106","-84.41609","144.8","2023-10-17","  44.5","24","000000",,"999.9",,"  57.9"," ","  48.9"," ","  8.9",," 0.00","I","1018.3","22","999.9",,"000.4","24","  54.1","24"
"72429793812","CINCINNATI MUNICIPAL AIRPORT LUNKEN FIELD, OH US","39.106","-84.41609","144.8","2023-10-18","  43.0","24","100000",,"999.9",,"  66.0"," ","  39.0"," ","  8.0",," 0.00","G","1019.7","17","999.9",,"001.9","24","  50.5","24"
"72429793812","CINCINNATI MUNICIPAL AIRPORT LUNKEN FIELD, OH US","39.106","-84.41609","144.8","2023-10-19","  48.8","24","010000",,"999.9",,"  66.0"," ","  39.0"," "," 12.0",," 0.00","G","1013.6","23","999.9",,"995.4","24","  54.3","24"
"72429793812","CINCINNATI MUNICIPAL AIRPORT LUNKEN FIELD, OH US","39.106","-84.41609","144.8","2023-10-20","  52.0","24","010010",," 15.9",,"  64.0"," ","  45.0"," ","  8.9",," 0.49","G","1004.4","16","999.9",,"986.6","24","  56.8","24"
"72429793812","CINCINNATI MUNICIPAL AIRPORT LUNKEN FIELD, OH US","39.106","-84.41609","144.8","2023-10-21","  44.9","24","000000",,"999.9",,"  69.1"," ","  39.0"," "," 12.0",," 0.05","G","1006.3","23","999.9",,"988.6","24","  54.0","24"
"72429793812","CINCINNATI MUNICIPAL AIRPORT LUNKEN FIELD, OH US","39.106","-84.41609","144.8","2023-10-22","  41.8","24","000000",," 19.0",,"  69.1"," ","  39.0"," ","  9.9",," 0.00","G","1014.5","19","999.9",,"996.5","24","  55.5","24"
"72429793812","CINCINNATI MUNICIPAL AIRPORT LUNKEN FIELD, OH US","39.106","-84.41609","144.8","2023-10-23","  38.6","24","100000",,"999.9",,"  68.0"," ","  34.0"," ","  5.1",," 0.00","G","1023.0","20","999.9",,"004.8","24","  47.2","24"
"72429793812","CINCINNATI MUNICIPAL AIRPORT LUNKEN FIELD, OH US","39.106","-84.41609","144.8","2023-10-24","  46.3","24","000000",,"999.9",,"  78.1"," ","  34.0"," ","  8.0",," 0.00","G","1023.2","24","999.9",,"005.1","24","  55.7","24"
"72429793812","CINCINNATI MUNICIPAL AIRPORT LUNKEN FIELD, OH US","39.106","-84.41609","144.8","2023-10-25","  52.5","24","000000",,"999.9",,"  78.1"," ","  41.0"," "," 12.0",," 0.00","G","1023.5","24","999.9",,"005.6","24","  62.9","24"
"72429793812","CINCINNATI MUNICIPAL AIRPORT LUNKEN FIELD, OH US","39.106","-84.41609","144.8","2023-10-26","  55.2","24","100000",," 22.9",,"  79.0"," ","  48.9"," "," 15.0",," 0.00","G","1022.0","19","999.9",,"004.3","24","  62.9","24"
"72429793812","CINCINNATI MUNICIPAL AIRPORT LUNKEN FIELD, OH US","39.106","-84.41609","144.8","2023-10-27","  60.8","24","010000",,"999.9",,"  79.0"," ","  48.9"," "," 14.0",," 0.00","G","1019.8","20","999.9",,"001.8","24","  66.2","24"
"72429793812","CINCINNATI MUNICIPAL AIRPORT LUNKEN FIELD, OH US","39.106","-84.41609","144.8","2023-10-28","  60.2","24","110000",,"999.9",,"  75.9"," ","  55.9"," "," 11.1",," 0.00","G","1020.3","16","999.9",,"002.5","24","  63.6","24"
"72429793812","CINCINNATI MUNICIPAL AIRPORT LUNKEN FIELD, OH US","39.106","-84.41609","144.8","2023-10-29","  54.2","24","110010",," 15.0",,"  69.1"," ","  54.0"," ","  7.0",," 0.08","A","1016.8","14","999.9",,"999.1","24","  56.6","24"
"72429793812","CINCINNATI MUNICIPAL AIRPORT LUNKEN FIELD, OH US","39.106","-84.41609","144.8","2023-10-30","  45.6","24","010000",," 17.1",,"  60.1"," ","  37.0"," "," 12.0",," 0.48","C","1019.1","15","999.9",,"999.6","24","  50.2","24"
"72429793812","CINCINNATI MUNICIPAL AIRPORT LUNKEN FIELD, OH US","39.106","-84.41609","144.8","2023-10-31","  27.7","24","000000",," 21.0",,"  54.0"," ","  28.0"," "," 15.0",," 0.00","I","1022.3","23","999.9",,"003.9","24","  37.8","24"
"72429793812","CINCINNATI MUNICIPAL AIRPORT LUNKEN FIELD, OH US","39.106","-84.41609","144.8","2023-11-01","  24.0","24","000000",," 18.1",,"  48.9"," ","  28.0"," "," 14.0",," 0.00","G","1027.8","21","999.9",,"009.4","24","  38.8","24"
"72429793812","CINCINNATI MUNICIPAL AIRPORT LUNKEN FIELD, OH US","39.106","-84.41609","144.8","2023-11-02","  25.5","24","000000",," 17.1",,"  55.9"," ","  25.0"," "," 12.0",," 0.00","G","1030.2","24","999.9",,"011.7","24","  38.0","24"
"72429793812","CINCINNATI MUNICIPAL AIRPORT LUNKEN FIELD, OH US","39.106","-84.41609","144.8","2023-11-03","  27.1","24","000000",," 18.1",,"  63.0"," ","  25.0"," "," 15.0",," 0.00","G","1026.8","24","999.9",,"008.4","24","  42.9","24"
"72429793812","CINCINNATI MUNICIPAL AIRPORT LUNKEN FIELD, OH US","39.106","-84.41609","144.8","2023-11-04","  30.5","24","000000",,"999.9",,"  68.0","*","  46.0","*"," 11.1",," 0.00","G","1022.1","24","999.9",,"004.0","24","  54.3","24"
"72429793812","CINCINNATI MUNICIPAL AIRPORT LUNKEN FIELD, OH US","39.106","-84.41609","144.8","2023-11-05","  30.5","24","000000",,"999.9",,"  69.1"," ","  37.9"," ","  6.0",," 0.00","G","1021.6","24","999.9",,"003.5","24","  50.9","24"
"72429793812","CINCINNATI MUNICIPAL AIRPORT LUNKEN FIELD, OH US","39.106","-84.41609","144.8","2023-11-06","  30.4","24","000000",," 27.0",,"  75.0"," ","  34.0"," "," 18.1",," 0.00","G","1016.5","23","999.9",,"998.5","24","  50.2","24"
"72429793812","CINCINNATI MUNICIPAL AIRPORT LUNKEN FIELD, OH US","39.106","-84.41609","144.8","2023-11-07","  34.9","23","000000",,"999.9",,"  75.0","*","  57.0","*"," 11.1",," 0.00","G","1012.6","24","999.9",,"994.9","24","  67.1","24"
"72429793812","CINCINNATI MUNICIPAL AIRPORT LUNKEN FIELD, OH US","39.106","-84.41609","144.8","2023-11-08","  48.6","24","000000",," 26.0",,"  80.1"," ","  44.1"," "," 20.0",," 0.00","G","1013.5","24","999.9",,"995.7","24","  58.8","24"
"72429793812","CINCINNATI MUNICIPAL AIRPORT LUNKEN FIELD, OH US","39.106","-84.41609","144.8","2023-11-09","  44.5","13","010000",," 24.1",,"  80.1"," ","  44.1"," "," 15.9",," 0.00","G","1012.6","21","999.9",,"995.3","24","  65.5","24"
"72429793812","CINCINNATI MUNICIPAL AIRPORT LUNKEN FIELD, OH US","39.106","-84.41609","144.8","2023-11-10","  30.4","15","000000",," 14.0",,"  73.9"," ","  46.0"," "," 11.1",," 0.00","G","1021.8","24","999.9",,"003.7","24","  53.8","24"
"72429793812","CINCINNATI MUNICIPAL AIRPORT LUNKEN FIELD, OH US","39.106","-84.41609","144.8","2023-11-11","  30.2","17","000000",,"999.9",,"  62.1"," ","  30.0"," ","  7.0",," 0.00","G","1029.3","24","999.9",,"010.9","24","  43.5","24"
"72429793812","CINCINNATI MUNICIPAL AIRPORT LUNKEN FIELD, OH US","39.106","-84.41609","144.8","2023-11-12","  32.9","22","000000",," 14.0",,"  59.0"," ","  30.0"," ","  8.0",," 0.00","G","1030.4","24","999.9",,"011.9","24","  42.7","24"
"72429793812","CINCINNATI MUNICIPAL AIRPORT LUNKEN FIELD, OH US","39.106","-84.41609","144.8","2023-11-13","  33.2","15","100000",," 18.1",,"  66.9"," ","  30.0"," ","  8.9",," 0.00","G","1028.4","21","999.9",,"010.0","24","  44.0","24"
"72429793812","CINCINNATI MUNICIPAL AIRPORT LUNKEN FIELD, OH US","39.106","-84.41609","144.8","2023-11-14","  30.2","22","100000",,"999.9",,"  66.9"," ","  26.1"," ","  4.1",," 0.00","G","1030.2","22","999.9",,"012.0","24","  41.7","24"
"72429793812","CINCINNATI MUNICIPAL AIRPORT LUNKEN FIELD, OH US","39.106","-84.41609","144.8","2023-11-15","  32.3","21","000000",,"999.9",,"  70.0"," ","  26.1"," "," 12.0",," 0.00","G","1026.2","24","999.9",,"007.8","24","  44.0","24"
"72429793812","CINCINNATI MUNICIPAL AIRPORT LUNKEN FIELD, OH US","39.106","-84.41609","144.8","2023-11-16","  36.9","24","000000",,"999.9",,"  70.0"," ","  28.9"," ","  9.9",," 0.00","G","1023.3","23","999.9",,"005.2","24","  48.5","24"
"72429793812","CINCINNATI MUNICIPAL AIRPORT LUNKEN FIELD, OH US","39.106","-84.41609","144.8","2023-11-17","  49.9","24","010000",," 20.0",,"  70.0"," ","  33.1"," "," 14.0",," 0.00","G","1013.9","18","999.9",,"995.4","24","  57.1","24"
"72429793812","CINCINNATI MUNICIPAL AIRPORT LUNKEN FIELD, OH US","39.106","-84.41609","144.8","2023-11-18","  36.6","24","000000",," 19.0",,"  66.0"," ","  33.1"," "," 15.0",," 0.35","G","1017.2","23","999.9",,"998.8","24","  46.7","24"
"72429793812","CINCINNATI MUNICIPAL AIRPORT LUNKEN FIELD, OH US","39.106","-84.41609","144.8","2023-11-19","  31.1","24","100000",,"999.9",,"  61.0"," ","  28.9"," ","999.9",," 0.00","G","1018.2","20","999.9",,"000.0","24","  40.2","24"
"72429793812","CINCINNATI MUNICIPAL AIRPORT LUNKEN FIELD, OH US","39.106","-84.41609","144.8","2023-11-20","  35.4","24","010000",,"999.9",,"  60.1"," ","  28.9"," ","  8.9",," 0.00","G","1020.0","24","999.9",,"001.7","24","  41.2","24"
"72429793812","CINCINNATI MUNICIPAL AIRPORT LUNKEN FIELD, OH US","39.106","-84.41609","144.8","2023-11-21","  45.9","24","010000",," 17.1",,"  55.0"," ","  32.0"," "," 14.0",," 0.05","G","1013.5","17","999.9",,"995.1","24","  49.8","24"
"72429793812","CINCINNATI MUNICIPAL AIRPORT LUNKEN FIELD, OH US","39.106","-84.41609","144.8","2023-11-22","  37.0","24","000000",," 19.0",,"  55.0"," ","  37.0"," "," 13.0",," 0.00","G","1015.6","21","999.9",,"997.5","24","  45.8","24"
"72429793812","CINCINNATI MUNICIPAL AIRPORT LUNKEN FIELD, OH US","39.106","-84.41609","144.8","2023-11-23","  32.9","24","100000",,"999.9",,"  55.0"," ","  30.0"," "," 12.0",," 0.00","G","1018.3","19","999.9",,"000.0","24","  39.9","24"
"72429793812","CINCINNATI MUNICIPAL AIRPORT LUNKEN FIELD, OH US","39.106","-84.41609","144.8","2023-11-24","  29.1","24","100000",," 15.9",,"  45.0","*","  28.4","*"," 13.0",," 0.00","G","1025.6","16","999.9",,"006.5","24","  36.5","24"
"72429793812","CINCINNATI MUNICIPAL AIRPORT LUNKEN FIELD, OH US","39.106","-84.41609","144.8","2023-11-25","  23.3","24","000000",,"999.9",,"  48.9"," ","  25.0"," ","  8.9",," 0.00","G","1028.0","24","999.9",,"009.4","24","  36.1","24"
"72429793812","CINCINNATI MUNICIPAL AIRPORT LUNKEN FIELD, OH US","39.106","-84.41609","144.8","2023-11-26","  30.6","24","010000",," 22.9",,"  48.9"," ","  25.0"," "," 15.0",," 0.00","G","1015.6","23","999.9",,"997.0","24","  39.6","24"
"72429793812","CINCINNATI MUNICIPAL AIRPORT LUNKEN FIELD, OH US","39.106","-84.41609","144.8","2023-11-27","  25.3","24","000000",," 28.0",,"  48.0"," ","  30.0"," "," 20.0",," 0.00","G","1017.4","20","999.9",,"999.1","24","  36.2","24"
"72429793812","CINCINNATI MUNICIPAL AIRPORT LUNKEN FIELD, OH US","39.106","-84.41609","144.8","2023-11-28","  12.9","24","000000",," 20.0",,"  39.0"," ","  21.0"," "," 14.0",," 0.00","G","1023.8","24","999.9",,"005.2","24","  27.3","24"
"72429793812","CINCINNATI MUNICIPAL AIRPORT LUNKEN FIELD, OH US","39.106","-84.41609","144.8","2023-11-29","  17.1","24","000000",," 22.9",,"  48.0"," ","  15.1"," "," 15.0",," 0.00","G","1021.6","24","999.9",,"002.9","24","  28.0","24"
"72429793812","CINCINNATI MUNICIPAL AIRPORT LUNKEN FIELD, OH US","39.106","-84.41609","144.8","2023-11-30","  27.3","24","000000",," 25.1",,"  61.0"," ","  15.1"," "," 18.1",," 0.00","G","1018.0","24","999.9",,"999.6","24","  38.6","24"
"72429793812","CINCINNATI MUNICIPAL AIRPORT LUNKEN FIELD, OH US","39.106","-84.41609","144.8","2023-12-01","  40.5","24","010000",,"999.9",,"  53.1","*","  44.1","*","  9.9",," 0.00","G","1014.3","19","999.9",,"995.9","24","  49.1","24"
"72429793812","CINCINNATI MUNICIPAL AIRPORT LUNKEN FIELD, OH US","39.106","-84.41609","144.8","2023-12-02","  48.0","24","110000",," 19.0",,"  57.0"," ","  44.1"," "," 11.1",,"99.99"," ","1014.4","13","999.9",,"996.2","24","  52.5","24"
"72429793812","CINCINNATI MUNICIPAL AIRPORT LUNKEN FIELD, OH US","39.106","-84.41609","144.8","2023-12-03","  41.1","24","000000",," 28.9",,"  57.0"," ","  43.0"," "," 21.0",," 0.00","I","1010.0","21","999.9",,"991.9","24","  48.7","24"
"72429793812","CINCINNATI MUNICIPAL AIRPORT LUNKEN FIELD, OH US","39.106","-84.41609","144.8","2023-12-04","  31.7","24","110000",,"999.9",,"  52.0"," ","  28.9"," ","  9.9",," 0.00","H","1014.2","20","999.9",,"995.9","24","  39.1","24"
"72429793812","CINCINNATI MUNICIPAL AIRPORT LUNKEN FIELD, OH US","39.106","-84.41609","144.8","2023-12-05","  35.6","24","010010",,"999.9",,"  46.9"," ","  28.9"," ","  6.0",," 0.00","G","1018.8","16","999.9",,"999.9","24","  39.5","24"
"72429793812","CINCINNATI MUNICIPAL AIRPORT LUNKEN FIELD, OH US","39.106","-84.41609","144.8","2023-12-06","  33.1","24","010000",," 18.1",,"  46.9"," ","  32.0"," "," 11.1",," 0.10","G","1024.3","18","999.9",,"005.0","24","  40.9","24"
"72429793812","CINCINNATI MUNICIPAL AIRPORT LUNKEN FIELD, OH US","39.106","-84.41609","144.8","2023-12-07","  29.8","24","000000",," 21.0",,"  55.9"," ","  26.1"," "," 13.0",," 0.00","G","1020.1","24","999.9",,"001.7","24","  38.9","24"
"72429793812","CINCINNATI MUNICIPAL AIRPORT LUNKEN FIELD, OH US","39.106","-84.41609","144.8","2023-12-08","  33.6","24","000000",," 22.0",,"  64.0"," ","  26.1"," "," 13.0",," 0.00","G","1015.0","24","999.9",,"996.9","24","  48.6","24"
"72429793812","CINCINNATI MUNICIPAL AIRPORT LUNKEN FIELD, OH US","39.106","-84.41609","144.8","2023-12-09","  48.9","24","010000",," 19.0",,"  62.1","*","  51.1","*"," 14.0",," 0.00","G","1013.4","16","999.9",,"995.2","24","  57.3","24"
"72429793812","CINCINNATI MUNICIPAL AIRPORT LUNKEN FIELD, OH US","39.106","-84.41609","144.8","2023-12-10","  35.9","24","010000",," 18.1",,"  63.0"," ","  37.0"," ","  9.9",," 0.27","G","1016.0","20","999.9",,"997.3","24","  43.7","24"
"72429793812","CINCINNATI MUNICIPAL AIRPORT LUNKEN FIELD, OH US","39.106","-84.41609","144.8","2023-12-11","  26.3","24","000000",," 18.1",,"  48.9"," ","  30.9"," "," 11.1",," 0.00","G","1022.3","21","999.9",,"003.4","24","  35.9","24"
"72429793812","CINCINNATI MUNICIPAL AIRPORT LUNKEN FIELD, OH US","39.106","-84.41609","144.8","2023-12-12","  25.2","24","000000",,"999.9",,"  52.0"," ","  21.0"," "," 11.1",," 0.00","G","1029.0","23","999.9",,"010.3","24","  34.0","24"
"72429793812","CINCINNATI MUNICIPAL AIRPORT LUNKEN FIELD, OH US","39.106","-84.41609","144.8","2023-12-13","  23.2","24","000000",,"999.9",,"  52.0"," ","  21.0"," ","  5.1",," 0.00","G","1037.9","24","999.9",,"019.2","24","  33.0","24"
"72429793812","CINCINNATI MUNICIPAL AIRPORT LUNKEN FIELD, OH US","39.106","-84.41609","144.8","2023-12-14","  21.1","24","000000",,"999.9",,"  54.0"," ","  18.0"," ","  2.9",," 0.00","G","1041.0","24","999.9",,"022.2","24","  32.6","24"
"72429793812","CINCINNATI MUNICIPAL AIRPORT LUNKEN FIELD, OH US","39.106","-84.41609","144.8","2023-12-15","  24.3","24","000000",,"999.9",,"  57.9"," ","  18.0"," ","  2.9",," 0.00","G","1035.6","24","999.9",,"016.9","24","  35.3","24"
"72429793812","CINCINNATI MUNICIPAL AIRPORT LUNKEN FIELD, OH US","39.106","-84.41609","144.8","2023-12-16","  29.1","24","000000",,"999.9",,"  57.9"," ","  21.0"," ","  4.1",," 0.00","G","1026.6","24","999.9",,"008.1","24","  38.0","24"
"72429793812","CINCINNATI MUNICIPAL AIRPORT LUNKEN FIELD, OH US","39.106","-84.41609","144.8","2023-12-17","  44.4","24","010000",,"999.9",,"  54.0","*","  44.1","*","  9.9",," 0.00","G","1014.4","21","999.9",,"996.0","24","  49.2","24"
"72429793812","CINCINNATI MUNICIPAL AIRPORT LUNKEN FIELD, OH US","39.106","-84.41609","144.8","2023-12-18","  31.9","24","101000",," 36.9",,"  55.9"," ","  32.0"," "," 22.0",,"99.99"," ","1009.0","15","999.9",,"991.1","24","  40.0","24"
"72429793812","CINCINNATI MUNICIPAL AIRPORT LUNKEN FIELD, OH US","39.106","-84.41609","144.8","2023-12-19","  17.4","24","000000",," 21.0",,"  44.1"," ","  21.0"," "," 11.1",," 0.00","G","1025.9","24","999.9",,"007.3","24","  29.8","24"
"72429793812","CINCINNATI MUNICIPAL AIRPORT LUNKEN FIELD, OH US","39.106","-84.41609","144.8","2023-12-20","  21.2","24","000000",,"999.9",,"  50.0"," ","  19.9"," ","  7.0",," 0.00","G","1031.2","24","999.9",,"012.4","24","  31.2","24"
"72429793812","CINCINNATI MUNICIPAL AIRPORT LUNKEN FIELD, OH US","39.106","-84.41609","144.8","2023-12-21","  26.0","24","000000",,"999.9",,"  53.1"," ","  19.9"," ","  6.0",," 0.00","G","1030.3","24","999.9",,"011.7","24","  35.0","24"
"72429793812","CINCINNATI MUNICIPAL AIRPORT LUNKEN FIELD, OH US","39.106","-84.41609","144.8","2023-12-22","  28.7","24","000000",,"999.9",,"  54.0"," ","  24.1"," ","  6.0",," 0.00","G","1027.1","24","999.9",,"008.5","24","  39.0","24"
"72429793812","CINCINNATI MUNICIPAL AIRPORT LUNKEN FIELD, OH US","39.106","-84.41609","144.8","2023-12-23","  38.8","24","010000",,"999.9",,"  54.0"," ","  28.0"," ","  7.0",," 0.00","G","1024.2","23","999.9",,"005.9","24","  44.5","24"
"72429793812","CINCINNATI MUNICIPAL AIRPORT LUNKEN FIELD, OH US","39.106","-84.41609","144.8","2023-12-24","  47.8","24","110000",,"999.9",,"  61.0"," ","  39.0"," ","  5.1",," 0.00","H","1024.5","10","999.9",,"006.9","24","  50.6","24"
"72429793812","CINCINNATI MUNICIPAL AIRPORT LUNKEN FIELD, OH US","39.106","-84.41609","144.8","2023-12-25","  42.3","24","110000",," 21.0",,"  62.1"," ","  34.0"," "," 15.9",," 0.00","H","1019.1","15","999.9",,"001.1","24","  45.2","24"
"72429793812","CINCINNATI MUNICIPAL AIRPORT LUNKEN FIELD, OH US","39.106","-84.41609","144.8","2023-12-26","  51.7","24","110000",,"999.9",,"  57.9","*","  52.0","*","  8.9",,"99.99"," ","1015.0","14","999.9",,"997.2","24","  54.9","24"
"72429793812","CINCINNATI MUNICIPAL AIRPORT LUNKEN FIELD, OH US","39.106","-84.41609","144.8","2023-12-27","  37.3","24","000000",,"999.9",,"  59.0"," ","  36.0"," ","  8.9",," 0.00","I","1014.3","22","999.9",,"996.3","24","  44.5","24"
"72429793812","CINCINNATI MUNICIPAL AIRPORT LUNKEN FIELD, OH US","39.106","-84.41609","144.8","2023-12-28","  33.9","24","100000",," 15.9",,"  54.0"," ","  33.1"," "," 14.0",," 0.00","I","1010.2","22","999.9",,"992.1","24","  38.6","24"
"72429793812","CINCINNATI MUNICIPAL AIRPORT LUNKEN FIELD, OH US","39.106","-84.41609","144.8","2023-12-29","  32.6","24","010000",,"999.9",,"  43.0"," ","  33.1"," ","  9.9",,"99.99"," ","1010.4","18","999.9",,"992.3","24","  37.9","24"
"72429793812","CINCINNATI MUNICIPAL AIRPORT LUNKEN FIELD, OH US","39.106","-84.41609","144.8","2023-12-30","  33.9","24","010000",,"999.9",,"  44.1"," ","  36.0"," "," 13.0",,"99.99"," ","1013.4","15","999.9",,"995.1","24","  38.4","24"
"72429793812","CINCINNATI MUNICIPAL AIRPORT LUNKEN FIELD, OH US","39.106","-84.41609","144.8","2023-12-31","  32.9","24","011000",," 21.0",,"  44.1"," ","  34.0"," "," 15.9",,"99.99"," ","1015.3","21","999.9",,"997.2","24","  39.3","24"
"72429793812","CINCINNATI MUNICIPAL AIRPORT LUNKEN FIELD, OH US","39.106","-84.41609","144.8","2024-01-01","  29.3","24","010000",,"999.9",,"  43.0"," ","  33.1"," "," 12.0",,"99.99"," ","1022.7","21","999.9",,"004.0","24","  35.6","24"
"72429793812","CINCINNATI MUNICIPAL AIRPORT LUNKEN FIELD, OH US","39.106","-84.41609","144.8","2024-01-02","  27.9","24","000000",," 15.9",,"  39.9"," ","  33.1"," "," 12.0",," 0.00","I","1026.1","22","999.9",,"007.8","24","  37.1","24"
"72429793812","CINCINNATI MUNICIPAL AIRPORT LUNKEN FIELD, OH US","39.106","-84.41609","144.8","2024-01-03","  25.5","24","000000",,"999.9",,"  46.0"," ","  21.0"," ","  9.9",," 0.00","I","1020.1","18","999.9",,"002.1","24","  32.3","24"
"72429793812","CINCINNATI MUNICIPAL AIRPORT LUNKEN FIELD, OH US","39.106","-84.41609","144.8","2024-01-04","  24.1","24","000000",," 15.0",,"  46.0"," ","  21.0"," ","  9.9",," 0.00","I","1024.8","22","999.9",,"006.0","24","  35.6","24"
"72429793812","CINCINNATI MUNICIPAL AIRPORT LUNKEN FIELD, OH US","39.106","-84.41609","144.8","2024-01-05","  20.3","24","000000",,"999.9",,"  41.0"," ","  17.1"," ","  5.1",," 0.00","I","1026.7","24","999.9",,"008.0","24","  27.4","24"
"72429793812","CINCINNATI MUNICIPAL AIRPORT LUNKEN FIELD, OH US","39.106","-84.41609","144.8","2024-01-06","  31.4","24","010000",,"999.9",,"  43.0"," ","  17.1"," ","  6.0",,"99.99"," ","1011.4","21","999.9",,"992.6","24","  36.4","24"
"72429793812","CINCINNATI MUNICIPAL AIRPORT LUNKEN FIELD, OH US","39.106","-84.41609","144.8","2024-01-07","  33.3","24","010000",," 18.1",,"  43.0"," ","  33.1"," "," 13.0",,"99.99"," ","1012.3","14","999.9",,"993.6","24","  37.4","24"
"72429793812","CINCINNATI MUNICIPAL AIRPORT LUNKEN FIELD, OH US","39.106","-84.41609","144.8","2024-01-08","  29.8","24","100000",," 18.1",,"  41.0"," ","  27.0"," "," 12.0",," 0.00","I","1025.3","14","999.9",,"007.8","24","  35.2","24"
"72429793812","CINCINNATI MUNICIPAL AIRPORT LUNKEN FIELD, OH US","39.106","-84.41609","144.8","2024-01-09","  39.0","24","010000",," 29.9",,"  52.0"," ","  27.0"," "," 22.9",,"99.99"," ","1001.2","16","999.9",,"981.7","24","  43.3","24"
"72429793812","CINCINNATI MUNICIPAL AIRPORT LUNKEN FIELD, OH US","39.106","-84.41609","144.8","2024-01-10","  32.6","24","011000",," 28.9",,"  52.0"," ","  34.0"," "," 20.0",,"99.99"," ","1000.8","21","999.9",,"980.5","24","  37.4","24"
"72429793812","CINCINNATI MUNICIPAL AIRPORT LUNKEN FIELD, OH US","39.106","-84.41609","144.8","2024-01-11","  29.8","24","000000",," 22.9",,"  50.0"," ","  30.0"," "," 15.9",," 0.00","I","1010.4","24","999.9",,"992.2","24","  38.8","24"
"72429793812","CINCINNATI MUNICIPAL AIRPORT LUNKEN FIELD, OH US","39.106","-84.41609","144.8","2024-01-12","  32.8","24","110000",," 39.0",,"  51.1"," ","  24.1"," "," 22.9",,"99.99"," ","1005.6","21","999.9",,"987.2","24","  37.0","24"
"72429793812","CINCINNATI MUNICIPAL AIRPORT LUNKEN FIELD, OH US","39.106","-84.41609","144.8","2024-01-13","  23.4","24","011000",," 40.0",,"  51.1"," ","  21.9"," "," 28.9",,"99.99"," ","1003.6","18","999.9",,"984.6","24","  31.7","24"
"72429793812","CINCINNATI MUNICIPAL AIRPORT LUNKEN FIELD, OH US","39.106","-84.41609","144.8","2024-01-14","   7.7","24","001000",," 27.0",,"  39.9"," ","  10.9"," "," 18.1",,"99.99"," ","1021.5","20","999.9",,"001.1","24","  19.7","24"
"72429793812","CINCINNATI MUNICIPAL AIRPORT LUNKEN FIELD, OH US","39.106","-84.41609","144.8","2024-01-15","  -1.0","24","000000",,"999.9",,"  27.0"," ","   7.0"," ","  7.0",," 0.00","I","1026.1","24","999.9",,"007.0","24","  12.7","24"
"72429793812","CINCINNATI MUNICIPAL AIRPORT LUNKEN FIELD, OH US","39.106","-84.41609","144.8","2024-01-16","   1.6","24","001000",," 17.1",,"  19.9"," ","   7.0"," "," 12.0",,"99.99"," ","1022.4","22","999.9",,"003.6","24","  14.6","24"
"72429793812","CINCINNATI MUNICIPAL AIRPORT LUNKEN FIELD, OH US","39.106","-84.41609","144.8","2024-01-17","  -0.1","24","000000",," 25.1",,"  28.9"," ","   5.0"," "," 18.1",," 0.00","I","1023.0","24","999.9",,"004.1","24","  15.7","24"
"72429793812","CINCINNATI MUNICIPAL AIRPORT LUNKEN FIELD, OH US","39.106","-84.41609","144.8","2024-01-18","   6.8","24","000000",," 19.0",,"  34.0"," ","   5.0"," "," 11.1",," 0.00","I","1020.1","24","999.9",,"001.5","24","  26.0","24"
"72429793812","CINCINNATI MUNICIPAL AIRPORT LUNKEN FIELD, OH US","39.106","-84.41609","144.8","2024-01-19","  18.4","24","101000",," 25.1",,"  34.0"," ","  18.0"," "," 15.9",," 0.00","H","1019.8","12","999.9",,"999.8","24","  25.9","24"
"72429793812","CINCINNATI MUNICIPAL AIRPORT LUNKEN FIELD, OH US","39.106","-84.41609","144.8","2024-01-20","   3.4","24","001000",," 18.1",,"  28.0"," ","   5.0"," "," 13.0",," 0.00","H","1032.1","18","999.9",,"012.5","24","  12.7","24"
"72429793812","CINCINNATI MUNICIPAL AIRPORT LUNKEN FIELD, OH US","39.106","-84.41609","144.8","2024-01-21","   4.9","24","000000",,"999.9",,"  27.0"," ","  -0.0"," "," 11.1",," 0.00","I","1039.2","24","999.9",,"019.9","24","  14.5","24"
"72429793812","CINCINNATI MUNICIPAL AIRPORT LUNKEN FIELD, OH US","39.106","-84.41609","144.8","2024-01-22","  12.8","24","000000",,"999.9",,"  46.0"," ","  -0.0"," "," 12.0",," 0.00","I","1033.2","24","999.9",,"014.2","24","  24.4","24"
"72429793812","CINCINNATI MUNICIPAL AIRPORT LUNKEN FIELD, OH US","39.106","-84.41609","144.8","2024-01-23","  32.4","24","110000",,"999.9",,"  45.0","*","  34.0","*","  5.1",," 0.00","H","1028.7","19","999.9",,"009.8","24","  38.1","24"
"72429793812","CINCINNATI MUNICIPAL AIRPORT LUNKEN FIELD, OH US","39.106","-84.41609","144.8","2024-01-24","  45.1","24","110000",,"999.9",,"  55.0"," ","  33.1"," ","  5.1",,"99.99"," ","1022.5","11","999.9",,"005.1","24","  45.4","24"
"72429793812","CINCINNATI MUNICIPAL AIRPORT LUNKEN FIELD, OH US","39.106","-84.41609","144.8","2024-01-25","  51.5","24","110000",,"999.9",,"  59.0"," ","  41.0"," ","  5.1",,"99.99"," ","1018.1","14","999.9",,"999.7","24","  51.7","24"
"72429793812","CINCINNATI MUNICIPAL AIRPORT LUNKEN FIELD, OH US","39.106","-84.41609","144.8","2024-01-26","  50.1","24","010000",," 22.0",,"  62.1"," ","  48.0"," "," 14.0",,"99.99"," ","1017.0","19","999.9",,"998.1","24","  53.9","24"
"72429793812","CINCINNATI MUNICIPAL AIRPORT LUNKEN FIELD, OH US","39.106","-84.41609","144.8","2024-01-27","  41.2","24","010000",,"999.9",,"  62.1"," ","  43.0"," ","  9.9",,"99.99"," ","1021.4","21","999.9",,"003.0","24","  44.9","24"
"72429793812","CINCINNATI MUNICIPAL AIRPORT LUNKEN FIELD, OH US","39.106","-84.41609","144.8","2024-01-28","  40.3","24","010010",," 28.9",,"  46.9"," ","  39.0"," "," 21.0",,"99.99"," ","1009.2","10","999.9",,"991.2","24","  42.7","24"
"72429793812","CINCINNATI MUNICIPAL AIRPORT LUNKEN FIELD, OH US","39.106","-84.41609","144.8","2024-01-29","  32.4","24","011000",," 20.0",,"  46.9"," ","  34.0"," "," 12.0",,"99.99"," ","1022.3","20","999.9",,"003.9","24","  37.6","24"
"72429793812","CINCINNATI MUNICIPAL AIRPORT LUNKEN FIELD, OH US","39.106","-84.41609","144.8","2024-01-30","  31.5","24","010000",,"999.9",,"  39.9"," ","  33.1"," "," 12.0",,"99.99"," ","1019.2","18","999.9",,"999.9","24","  35.1","24"
"72429793812","CINCINNATI MUNICIPAL AIRPORT LUNKEN FIELD, OH US","39.106","-84.41609","144.8","2024-01-31","  34.9","24","000000",,"999.9",,"  43.0"," ","  33.1"," ","  7.0",," 0.00","I","1020.8","18","999.9",,"001.6","24","  39.8","24"
"72429793812","CINCINNATI MUNICIPAL AIRPORT LUNKEN FIELD, OH US","39.106","-84.41609","144.8","2024-02-01","  34.0","24","000000",,"999.9",,"  59.0"," ","  28.9"," "," 12.0",," 0.00","I","1018.8","22","999.9",,"000.8","24","  42.0","24"
"72429793812","CINCINNATI MUNICIPAL AIRPORT LUNKEN FIELD, OH US","39.106","-84.41609","144.8","2024-02-02","  36.5","24","000000",," 17.1",,"  59.0"," ","  28.9"," "," 11.1",," 0.00","G","1016.5","22","999.9",,"998.4","24","  44.7","24"
"72429793812","CINCINNATI MUNICIPAL AIRPORT LUNKEN FIELD, OH US","39.106","-84.41609","144.8","2024-02-03","  29.9","24","100000",,"999.9",,"  52.0"," ","  23.0"," "," 11.1",," 0.00","G","1019.7","21","999.9",,"001.5","24","  36.7","24"
"72429793812","CINCINNATI MUNICIPAL AIRPORT LUNKEN FIELD, OH US","39.106","-84.41609","144.8","2024-02-04","  29.7","24","100000",,"999.9",,"  57.9"," ","  23.0"," "," 12.0",," 0.00","G","1015.2","22","999.9",,"997.0","24","  39.4","24"
"72429793812","CINCINNATI MUNICIPAL AIRPORT LUNKEN FIELD, OH US","39.106","-84.41609","144.8","2024-02-05","  27.1","24","000000",,"999.9",,"  57.9"," ","  24.1"," "," 12.0",," 0.00","G","1015.0","24","999.9",,"996.8","24","  41.4","24"
"72429793812","CINCINNATI MUNICIPAL AIRPORT LUNKEN FIELD, OH US","39.106","-84.41609","144.8","2024-02-06","  29.5","24","000000",," 15.9",,"  57.0"," ","  26.1"," ","  9.9",," 0.00","G","1021.9","21","999.9",,"003.5","24","  39.0","24"
"72429793812","CINCINNATI MUNICIPAL AIRPORT LUNKEN FIELD, OH US","39.106","-84.41609","144.8","2024-02-07","  27.2","24","000000",,"999.9",,"  61.0"," ","  24.1"," ","  5.1",," 0.00","G","1023.8","21","999.9",,"005.5","24","  38.8","24"
"72429793812","CINCINNATI MUNICIPAL AIRPORT LUNKEN FIELD, OH US","39.106","-84.41609","144.8","2024-02-08","  31.5","24","000000",," 22.9",,"  64.9"," ","  24.1"," "," 17.1",," 0.00","G","1019.9","24","999.9",,"001.7","24","  46.4","24"
"72429793812","CINCINNATI MUNICIPAL AIRPORT LUNKEN FIELD, OH US","39.106","-84.41609","144.8","2024-02-09","  42.8","24","010000",," 22.0",,"  63.0","*","  51.1","*"," 17.1",," 0.00","G","1014.8","24","999.9",,"996.8","24","  56.7","24"
"72429793812","CINCINNATI MUNICIPAL AIRPORT LUNKEN FIELD, OH US","39.106","-84.41609","144.8","2024-02-10","  51.5","24","010010",," 15.0",,"  64.0"," ","  50.0"," ","  9.9",," 0.00","G","1012.8","19","999.9",,"994.8","24","  56.2","24"
"72429793812","CINCINNATI MUNICIPAL AIRPORT LUNKEN FIELD, OH US","39.106","-84.41609","144.8","2024-02-11","  33.7","24","000000",,"999.9",,"  52.0","*","  37.4","*"," 11.1",," 0.00","I","1015.9","23","999.9",,"997.8","24","  44.0","24"
"72429793812","CINCINNATI MUNICIPAL AIRPORT LUNKEN FIELD, OH US","39.106","-84.41609","144.8","2024-02-12","  30.3","24","000000",,"999.9",,"  52.0"," ","  28.0"," ","  9.9",," 0.00","G","1012.5","24","999.9",,"994.4","24","  40.0","24"
"72429793812","CINCINNATI MUNICIPAL AIRPORT LUNKEN FIELD, OH US","39.106","-84.41609","144.8","2024-02-13","  26.0","24","000000",," 24.1",,"  54.0"," ","  28.0"," "," 18.1",," 0.00","G","1012.3","24","999.9",,"994.2","24","  43.6","24"
"72429793812","CINCINNATI MUNICIPAL AIRPORT LUNKEN FIELD, OH US","39.106","-84.41609","144.8","2024-02-14","  25.9","24","000000",," 17.1",,"  54.0"," ","  32.0"," "," 11.1",," 0.00","G","1022.3","24","999.9",,"004.0","24","  44.0","24"
"72429793812","CINCINNATI MUNICIPAL AIRPORT LUNKEN FIELD, OH US","39.106","-84.41609","144.8","2024-02-15","  31.3","24","000000",," 28.9",,"  61.0"," ","  28.0"," "," 17.1",," 0.00","G","1018.4","24","999.9",,"000.1","24","  42.4","24"
"72429793812","CINCINNATI MUNICIPAL AIRPORT LUNKEN FIELD, OH US","39.106","-84.41609","144.8","2024-02-16","  26.0","24","101000",," 25.1",,"  44.1","*","  30.0","*"," 15.9",," 0.00","G","1019.9","22","999.9",,"001.1","24","  36.4","24"
"72429793812","CINCINNATI MUNICIPAL AIRPORT LUNKEN FIELD, OH US","39.106","-84.41609","144.8","2024-02-17","  19.3","24","101000",," 22.0",,"  43.0"," ","  21.9"," "," 13.0",," 0.20","G","1020.9","19","999.9",,"001.5","24","  26.6","24"
"72429793812","CINCINNATI MUNICIPAL AIRPORT LUNKEN FIELD, OH US","39.106","-84.41609","144.8","2024-02-18","  11.9","24","000000",," 22.0",,"  46.0"," ","  14.0"," "," 15.9",," 0.00","G","1018.8","24","999.9",,"000.2","24","  26.6","24"
"72429793812","CINCINNATI MUNICIPAL AIRPORT LUNKEN FIELD, OH US","39.106","-84.41609","144.8","2024-02-19","  20.6","24","000000",,"999.9",,"  51.1"," ","  14.0"," ","  6.0",," 0.00","G","1021.7","24","999.9",,"003.2","24","  34.0","24"
"72429793812","CINCINNATI MUNICIPAL AIRPORT LUNKEN FIELD, OH US","39.106","-84.41609","144.8","2024-02-20","  23.7","24","000000",,"999.9",,"  59.0"," ","  19.9"," ","  7.0",," 0.00","G","1025.0","24","999.9",,"006.5","24","  37.3","24"
"72429793812","CINCINNATI MUNICIPAL AIRPORT LUNKEN FIELD, OH US","39.106","-84.41609","144.8","2024-02-21","  28.5","24","000000",," 21.0",,"  68.0"," ","  21.9"," "," 14.0",," 0.00","G","1022.2","24","999.9",,"003.9","24","  43.2","24"
"72429793812","CINCINNATI MUNICIPAL AIRPORT LUNKEN FIELD, OH US","39.106","-84.41609","144.8","2024-02-22","  42.4","24","010000",," 24.1",,"  61.0","*","  48.9","*"," 14.0",," 0.00","G","1009.1","21","999.9",,"990.5","24","  55.5","24"
"72429793812","CINCINNATI MUNICIPAL AIRPORT LUNKEN FIELD, OH US","39.106","-84.41609","144.8","2024-02-23","  43.0","24","100000",," 20.0",,"  62.1"," ","  39.9"," "," 14.0",," 0.33","G","1004.1","19","999.9",,"986.3","24","  50.9","24"
"72429793812","CINCINNATI MUNICIPAL AIRPORT LUNKEN FIELD, OH US","39.106","-84.41609","144.8","2024-02-24","  27.1","24","011000",," 31.1",,"  59.0"," ","  30.0"," "," 18.1",," 0.00","G","1011.7","21","999.9",,"993.4","24","  38.7","24"
"72429793812","CINCINNATI MUNICIPAL AIRPORT LUNKEN FIELD, OH US","39.106","-84.41609","144.8","2024-02-25","  22.5","24","000000",,"999.9",,"  60.1"," ","  21.9"," "," 12.0",," 0.00","G","1018.0","24","999.9",,"999.6","24","  36.3","24"
"72429793812","CINCINNATI MUNICIPAL AIRPORT LUNKEN FIELD, OH US","39.106","-84.41609","144.8","2024-02-26","  34.0","24","000000",," 17.1",,"  73.0"," ","  21.9"," "," 11.1",," 0.00","G","1012.2","24","999.9",,"994.1","24","  48.5","24"
"72429793812","CINCINNATI MUNICIPAL AIRPORT LUNKEN FIELD, OH US","39.106","-84.41609","144.8","2024-02-27","  48.2","24","000000",," 29.9",,"  66.9","*","  48.0","*"," 18.1",," 0.00","G","1003.9","23","999.9",,"986.1","24","  61.5","24"
"72429793812","CINCINNATI MUNICIPAL AIRPORT LUNKEN FIELD, OH US","39.106","-84.41609","144.8","2024-02-28","  42.4","24","010000",," 33.0",,"  72.0"," ","  35.1"," "," 22.0",," 0.17","G","1005.8","20","999.9",,"987.6","24","  53.7","24"
"72429793812","CINCINNATI MUNICIPAL AIRPORT LUNKEN FIELD, OH US","39.106","-84.41609","144.8","2024-02-29","  12.3","24","000000",," 19.0",,"  45.0","*","  24.1","*"," 12.0",," 0.06","G","1031.9","24","999.9",,"013.3","24","  34.5","24"
"72429793812","CINCINNATI MUNICIPAL AIRPORT LUNKEN FIELD, OH US","39.106","-84.41609","144.8","2024-03-01","  25.1","24","010000",,"999.9",,"  46.0"," ","  23.0"," ","  7.0",," 0.00","G","1028.0","22","999.9",,"009.0","24","  33.2","24"
"72429793812","CINCINNATI MUNICIPAL AIRPORT LUNKEN FIELD, OH US","39.106","-84.41609","144.8","2024-03-02","  42.3","24","110000",,"999.9",,"  53.6","*","  41.0","*","  4.1",," 0.28","G","1021.0","12","999.9",,"002.9","24","  45.4","24"
"72429793812","CINCINNATI MUNICIPAL AIRPORT LUNKEN FIELD, OH US","39.106","-84.41609","144.8","2024-03-03","  44.7","24","100000",," 17.1",,"  66.0"," ","  37.9"," "," 12.0",," 0.00","G","1019.7","17","999.9",,"002.0","24","  49.9","24"
"72429793812","CINCINNATI MUNICIPAL AIRPORT LUNKEN FIELD, OH US","39.106","-84.41609","144.8","2024-03-04","  48.9","24","100000",,"999.9",,"  78.1"," ","  37.9"," "," 11.1",," 0.00","G","1017.7","19","999.9",,"000.0","24","  56.9","24"
"72429793812","CINCINNATI MUNICIPAL AIRPORT LUNKEN FIELD, OH US","39.106","-84.41609","144.8","2024-03-05","  53.1","24","010010",,"999.9",,"  78.1"," ","  39.9"," "," 11.1",," 0.00","G","1014.4","17","999.9",,"996.4","24","  57.1","24"
"72429793812","CINCINNATI MUNICIPAL AIRPORT LUNKEN FIELD, OH US","39.106","-84.41609","144.8","2024-03-06","  54.5","24","110000",," 15.9",,"  68.0"," ","  45.0"," "," 11.1",," 0.85","G","1012.9","13","999.9",,"995.0","15","  56.2","24"
"72429793812","CINCINNATI MUNICIPAL AIRPORT LUNKEN FIELD, OH US","39.106","-84.41609","144.8","2024-03-07","  43.1","24","000000",,"999.9",,"  60.1"," ","  44.1"," ","  8.9",," 0.28","G","1017.8","20","999.9",,"999.8","23","  47.8","24"
"72429793812","CINCINNATI MUNICIPAL AIRPORT LUNKEN FIELD, OH US","39.106","-84.41609","144.8","2024-03-08","  48.6","24","010000",,"999.9",,"  57.9"," ","  44.1"," ","  6.0",," 0.06","G","1016.2","23","999.9",,"998.2","24","  51.8","24"
"72429793812","CINCINNATI MUNICIPAL AIRPORT LUNKEN FIELD, OH US","39.106","-84.41609","144.8","2024-03-09","  47.9","24","010000",," 21.0",,"  57.9"," ","  45.0"," "," 14.0",," 0.36","G","1008.8","17","999.9",,"990.7","24","  52.7","24"
"72429793812","CINCINNATI MUNICIPAL AIRPORT LUNKEN FIELD, OH US","39.106","-84.41609","144.8","2024-03-10","  24.3","24","000000",," 28.0",,"  57.9"," ","  34.0"," "," 15.0",," 0.14","G","1015.4","24","999.9",,"997.2","24","  41.5","24"
"72429793812","CINCINNATI MUNICIPAL AIRPORT LUNKEN FIELD, OH US","39.106","-84.41609","144.8","2024-03-11","  21.8","24","000000",," 15.9",,"  59.0"," ","  25.0"," "," 11.1",," 0.00","G","1024.0","24","999.9",,"005.6","24","  41.7","24"
"72429793812","CINCINNATI MUNICIPAL AIRPORT LUNKEN FIELD, OH US","39.106","-84.41609","144.8","2024-03-12","  30.1","24","000000",," 19.0",,"  70.0"," ","  25.0"," "," 12.0",," 0.00","G","1018.0","24","999.9",,"999.8","24","  50.1","24"
"72429793812","CINCINNATI MUNICIPAL AIRPORT LUNKEN FIELD, OH US","39.106","-84.41609","144.8","2024-03-13","  38.2","24","000000",," 19.0",,"  73.9"," ","  33.1"," ","  9.9",," 0.00","G","1013.6","24","999.9",,"995.7","24","  55.2","24"
"72429793812","CINCINNATI MUNICIPAL AIRPORT LUNKEN FIELD, OH US","39.106","-84.41609","144.8","2024-03-14","  50.2","24","010010",," 21.0",,"  75.0"," ","  37.9"," "," 15.0",," 0.00","G","1013.5","23","999.9",,"995.7","24","  59.6","24"
"72429793812","CINCINNATI MUNICIPAL AIRPORT LUNKEN FIELD, OH US","39.106","-84.41609","144.8","2024-03-15","  50.6","22","110010",," 49.9",,"  73.0","*","  48.9","*"," 34.0",," 1.50","G","1014.0","14","999.9",,"996.1","22","  56.4","22"
"72429793812","CINCINNATI MUNICIPAL AIRPORT LUNKEN FIELD, OH US","39.106","-84.41609","144.8","2024-03-16","  37.9","24","100000",," 20.0",,"  63.0"," ","  34.0"," "," 15.0",," 0.00","G","1013.8","19","999.9",,"996.4","24","  46.9","24"
"72429793812","CINCINNATI MUNICIPAL AIRPORT LUNKEN FIELD, OH US","39.106","-84.41609","144.8","2024-03-17","  27.0","24","000000",," 29.9",,"  63.0"," ","  34.0"," "," 18.1",," 0.00","G","1009.9","24","999.9",,"992.0","24","  49.6","24"
"72429793812","CINCINNATI MUNICIPAL AIRPORT LUNKEN FIELD, OH US","39.106","-84.41609","144.8","2024-03-18","  20.2","24","000000",," 20.0",,"  57.0"," ","  34.0"," "," 13.0",," 0.00","G","1016.9","24","999.9",,"998.6","24","  36.9","24"
"72429793812","CINCINNATI MUNICIPAL AIRPORT LUNKEN FIELD, OH US","39.106","-84.41609","144.8","2024-03-19","  19.6","24","000000",," 31.1",,"  54.0"," ","  26.1"," "," 22.0",," 0.00","G","1016.5","24","999.9",,"998.2","24","  39.0","24"
"72429793812","CINCINNATI MUNICIPAL AIRPORT LUNKEN FIELD, OH US","39.106","-84.41609","144.8","2024-03-20","  23.3","24","000000",," 36.9",,"  57.0","*","  42.1","*"," 20.0",," 0.00","G","1011.6","24","999.9",,"993.6","24","  48.9","24"
"72429793812","CINCINNATI MUNICIPAL AIRPORT LUNKEN FIELD, OH US","39.106","-84.41609","144.8","2024-03-21","  13.6","24","000000",," 22.9",,"  59.0"," ","  23.0"," "," 12.0",," 0.00","G","1024.8","24","999.9",,"006.4","24","  36.1","24"
"72429793812","CINCINNATI MUNICIPAL AIRPORT LUNKEN FIELD, OH US","39.106","-84.41609","144.8","2024-03-22","  24.1","24","010000",,"999.9",,"  53.1"," ","  23.0"," ","  7.0",," 0.00","G","1019.5","24","999.9",,"001.1","24","  40.4","24"
"72429793812","CINCINNATI MUNICIPAL AIRPORT LUNKEN FIELD, OH US","39.106","-84.41609","144.8","2024-03-23","  30.4","24","010000",," 27.0",,"  53.1"," ","  28.0"," "," 17.1",," 0.02","G","1018.9","21","999.9",,"000.7","24","  41.8","24"
"72429793812","CINCINNATI MUNICIPAL AIRPORT LUNKEN FIELD, OH US","39.106","-84.41609","144.8","2024-03-24","  21.3","24","000000",," 20.0",,"  55.9"," ","  25.0"," ","  9.9",," 0.00","G","1023.6","24","999.9",,"005.1","24","  37.9","24"
"72429793812","CINCINNATI MUNICIPAL AIRPORT LUNKEN FIELD, OH US","39.106","-84.41609","144.8","2024-03-25","  27.8","24","000000",," 25.1",,"  72.0"," ","  25.0"," "," 17.1",," 0.00","G","1016.2","24","999.9",,"998.1","24","  53.4","24"
"72429793812","CINCINNATI MUNICIPAL AIRPORT LUNKEN FIELD, OH US","39.106","-84.41609","144.8","2024-03-26","  42.6","24","010000",," 35.9",,"  72.0"," ","  36.0"," "," 18.1",," 0.33","G","1007.6","17","999.9",,"989.5","24","  58.7","24"
"72429793812","CINCINNATI MUNICIPAL AIRPORT LUNKEN FIELD, OH US","39.106","-84.41609","144.8","2024-03-27","  36.7","24","010000",," 18.1",,"  64.0"," ","  36.0"," "," 11.1",," 0.00","H","1016.0","19","999.9",,"997.7","24","  47.4","24"
"72429793812","CINCINNATI MUNICIPAL AIRPORT LUNKEN FIELD, OH US","39.106","-84.41609","144.8","2024-03-28","  28.9","24","100000",," 19.0",,"  57.9","*","  26.1","*"," 12.0",," 0.00","G","1021.9","20","999.9",,"003.9","24","  41.3","24"
"72429793812","CINCINNATI MUNICIPAL AIRPORT LUNKEN FIELD, OH US","39.106","-84.41609","144.8","2024-03-29","  34.8","24","000000",," 24.1",,"  71.1","*","  35.1","*","  9.9",," 0.00","G","1017.7","24","999.9",,"999.6","24","  52.7","24"
"72429793812","CINCINNATI MUNICIPAL AIRPORT LUNKEN FIELD, OH US","39.106","-84.41609","144.8","2024-03-30","  42.9","24","000000",," 29.9",,"  78.1","*","  39.9","*"," 18.1",," 0.00","G","1011.4","24","999.9",,"993.5","24","  59.0","24"
"72429793812","CINCINNATI MUNICIPAL AIRPORT LUNKEN FIELD, OH US","39.106","-84.41609","144.8","2024-03-31","  51.0","24","010000",,"999.9",,"  70.0","*","  50.0","*","  9.9",," 0.10","G","1012.0","18","999.9",,"994.6","24","  59.4","24"
"72429793812","CINCINNATI MUNICIPAL AIRPORT LUNKEN FIELD, OH US","39.106","-84.41609","144.8","2024-04-01","  57.2","24","010010",," 15.9",,"  75.0","*","  54.0","*"," 11.1",," 0.24","G","1009.0","20","999.9",,"991.2","24","  64.0","24"
"72429793812","CINCINNATI MUNICIPAL AIRPORT LUNKEN FIELD, OH US","39.106","-84.41609","144.8","2024-04-02","  59.8","24","010010",," 33.0",,"  73.0","*","  57.2","*"," 22.9",," 0.61","G","1001.7","17","999.9",,"983.5","24","  63.7","24"
"72429793812","CINCINNATI MUNICIPAL AIRPORT LUNKEN FIELD, OH US","39.106","-84.41609","144.8","2024-04-03","  39.2","24","010000",," 35.0",,"  73.9"," ","  42.1"," "," 22.9",," 1.99","G"," 996.6","16","999.9",,"979.2","24","  48.7","24"
"72429793812","CINCINNATI MUNICIPAL AIRPORT LUNKEN FIELD, OH US","39.106","-84.41609","144.8","2024-04-04","  35.6","24","010000",," 24.1",,"  52.0"," ","  36.0"," "," 18.1",," 0.21","G","1000.9","18","999.9",,"983.0","24","  41.3","24"
"72429793812","CINCINNATI MUNICIPAL AIRPORT LUNKEN FIELD, OH US","39.106","-84.41609","144.8","2024-04-05","  35.8","24","010000",," 21.0",,"  50.0"," ","  36.0"," "," 14.0",," 0.19","G","1015.4","15","999.9",,"996.9","24","  43.2","24"
"72429793812","CINCINNATI MUNICIPAL AIRPORT LUNKEN FIELD, OH US","39.106","-84.41609","144.8","2024-04-06","  31.9","24","100000",," 19.0",,"  57.9","*","  28.4","*"," 11.1",," 0.06","G","1022.0","18","999.9",,"003.9","24","  43.4","24"
"72429793812","CINCINNATI MUNICIPAL AIRPORT LUNKEN FIELD, OH US","39.106","-84.41609","144.8","2024-04-07","  35.1","24","100000",," 19.0",,"  66.0"," ","  28.9"," "," 13.0",," 0.00","G","1019.6","21","999.9",,"001.6","24","  48.3","24"
"72429793812","CINCINNATI MUNICIPAL AIRPORT LUNKEN FIELD, OH US","39.106","-84.41609","144.8","2024-04-08","  47.2","24","010000",,"999.9",,"  77.0","*","  50.0","*","  9.9",," 0.00","G","1014.9","24","999.9",,"997.0","24","  63.5","24"
"72429793812","CINCINNATI MUNICIPAL AIRPORT LUNKEN FIELD, OH US","39.106","-84.41609","144.8","2024-04-09","  56.2","24","110010",," 21.0",,"  77.0"," ","  50.0"," "," 14.0",," 0.00","G","1015.7","20","999.9",,"998.0","24","  60.6","24"
"72429793812","CINCINNATI MUNICIPAL AIRPORT LUNKEN FIELD, OH US","39.106","-84.41609","144.8","2024-04-10","  57.3","24","110000",,"999.9",,"  64.9","*","  55.4","*","  8.9",," 0.31","G","1013.4","13","999.9",,"995.8","24","  59.6","24"
"72429793812","CINCINNATI MUNICIPAL AIRPORT LUNKEN FIELD, OH US","39.106","-84.41609","144.8","2024-04-11","  59.5","24","110000",," 27.0",,"  70.0"," ","  55.9"," "," 19.0",," 1.09","G"," 998.8"," 7","999.9",,"982.2","24","  61.6","24"
"72429793812","CINCINNATI MUNICIPAL AIRPORT LUNKEN FIELD, OH US","39.106","-84.41609","144.8","2024-04-12","  46.2","24","010010",," 34.0",,"  70.0"," ","  48.0"," "," 18.1",," 2.04","G","1003.5","16","999.9",,"986.2","24","  52.2","24"
"72429793812","CINCINNATI MUNICIPAL AIRPORT LUNKEN FIELD, OH US","39.106","-84.41609","144.8","2024-04-13","  40.1","24","000000",," 21.0",,"  69.1"," ","  44.1"," "," 14.0",," 0.45","G","1018.5","24","999.9",,"000.4","24","  55.8","24"
"72429793812","CINCINNATI MUNICIPAL AIRPORT LUNKEN FIELD, OH US","39.106","-84.41609","144.8","2024-04-14","  47.7","24","000000",," 28.0",,"  82.0"," ","  44.1"," "," 20.0",," 0.00","G","1012.9","24","999.9",,"995.1","24","  62.4","24"
"72429793812","CINCINNATI MUNICIPAL AIRPORT LUNKEN FIELD, OH US","39.106","-84.41609","144.8","2024-04-15","  54.8","24","000000",,"999.9",,"  86.0"," ","  44.1"," ","  8.9",," 0.00","G","1011.6","24","999.9",,"993.9","24","  68.5","24"
"72429793812","CINCINNATI MUNICIPAL AIRPORT LUNKEN FIELD, OH US","39.106","-84.41609","144.8","2024-04-16","  56.4","24","000000",," 20.0",,"  86.0"," ","  50.0"," "," 11.1",," 0.00","G","1015.6","24","999.9",,"998.0","24","  69.1","24"
"72429793812","CINCINNATI MUNICIPAL AIRPORT LUNKEN FIELD, OH US","39.106","-84.41609","144.8","2024-04-17","  58.2","24","010000",," 35.0",,"  84.0"," ","  53.1"," "," 25.1",," 0.32","G","1010.4","22","999.9",,"992.8","24","  72.2","24"
"72429793812","CINCINNATI MUNICIPAL AIRPORT LUNKEN FIELD, OH US","39.106","-84.41609","144.8","2024-04-18","  48.8","24","000000",," 18.1",,"  81.0"," ","  46.9"," ","  7.0",," 0.04","G","1016.3","24","999.9",,"998.5","24","  65.5","24"
"72429793812","CINCINNATI MUNICIPAL AIRPORT LUNKEN FIELD, OH US","39.106","-84.41609","144.8","2024-04-19","  51.0","24","010000",," 22.9",,"  80.1"," ","  46.9"," "," 15.0",," 0.17","G","1015.0","20","999.9",,"997.4","24","  61.7","24"
"72429793812","CINCINNATI MUNICIPAL AIRPORT LUNKEN FIELD, OH US","39.106","-84.41609","144.8","2024-04-20","  31.7","24","000000",," 19.0",,"  69.1"," ","  46.0"," "," 13.0",," 0.00","I","1021.6","24","999.9",,"003.6","24","  54.0","24"
"72429793812","CINCINNATI MUNICIPAL AIRPORT LUNKEN FIELD, OH US","39.106","-84.41609","144.8","2024-04-21","  29.3","24","000000",," 17.1",,"  59.0"," ","  39.0"," "," 11.1",," 0.00","G","1021.4","24","999.9",,"003.3","24","  46.1","24"
"72429793812","CINCINNATI MUNICIPAL AIRPORT LUNKEN FIELD, OH US","39.106","-84.41609","144.8","2024-04-22","  33.0","24","100000",,"999.9",,"  64.0"," ","  32.0"," ","  7.0",," 0.00","G","1021.8","21","999.9",,"003.6","24","  47.4","24"
"72429793812","CINCINNATI MUNICIPAL AIRPORT LUNKEN FIELD, OH US","39.106","-84.41609","144.8","2024-04-23","  38.8","24","010000",," 27.0",,"  68.0"," ","  32.0"," "," 18.1",," 0.00","G","1016.5","24","999.9",,"998.6","24","  54.9","24"
"72429793812","CINCINNATI MUNICIPAL AIRPORT LUNKEN FIELD, OH US","39.106","-84.41609","144.8","2024-04-24","  47.7","24","110000",," 19.0",,"  68.0"," ","  42.1"," "," 13.0",," 0.09","G","1018.2","18","999.9",,"999.5","24","  56.3","24"
"72429793812","CINCINNATI MUNICIPAL AIRPORT LUNKEN FIELD, OH US","39.106","-84.41609","144.8","2024-04-25","  35.6","24","000000",," 14.0",,"  64.0"," ","  37.0"," "," 12.0",," 0.00","G","1025.4","24","999.9",,"007.2","24","  48.6","24"
"72429793812","CINCINNATI MUNICIPAL AIRPORT LUNKEN FIELD, OH US","39.106","-84.41609","144.8","2024-04-26","  43.3","24","000000",," 19.0",,"  75.9"," ","  35.1"," "," 14.0",," 0.00","G","1021.6","24","999.9",,"003.4","24","  55.4","24"
"72429793812","CINCINNATI MUNICIPAL AIRPORT LUNKEN FIELD, OH US","39.106","-84.41609","144.8","2024-04-27","  56.7","24","010000",," 28.0",,"  79.0","*","  63.0","*"," 19.0",," 0.00","G","1019.1","24","999.9",,"001.4","24","  69.9","24"
"72429793812","CINCINNATI MUNICIPAL AIRPORT LUNKEN FIELD, OH US","39.106","-84.41609","144.8","2024-04-28","  59.3","24","000000",," 22.9",,"  82.9"," ","  57.9"," "," 15.9",," 0.00","G","1019.1","24","999.9",,"001.4","24","  71.4","24"
"72429793812","CINCINNATI MUNICIPAL AIRPORT LUNKEN FIELD, OH US","39.106","-84.41609","144.8","2024-04-29","  58.9","24","000000",," 25.1",,"  82.9"," ","  55.9"," "," 15.9",," 0.00","G","1015.1","24","999.9",,"997.5","24","  70.5","24"
"72429793812","CINCINNATI MUNICIPAL AIRPORT LUNKEN FIELD, OH US","39.106","-84.41609","144.8","2024-04-30","  58.5","24","010000",," 20.0",,"  82.0"," ","  55.9"," "," 12.0",," 0.47","G","1013.1","16","999.9",,"995.7","24","  69.2","24"
"72429793812","CINCINNATI MUNICIPAL AIRPORT LUNKEN FIELD, OH US","39.106","-84.41609","144.8","2024-05-01","  56.3","24","100000",," 17.1",,"  82.0","*","  50.0","*"," 11.1",," 0.02","G","1014.1","19","999.9",,"996.5","24","  65.3","24"
"72429793812","CINCINNATI MUNICIPAL AIRPORT LUNKEN FIELD, OH US","39.106","-84.41609","144.8","2024-05-02","  61.3","24","100000",,"999.9",,"  87.1"," ","  50.0"," "," 12.0",," 0.00","G","1014.2","18","999.9",,"996.5","24","  71.0","24"
"72429793812","CINCINNATI MUNICIPAL AIRPORT LUNKEN FIELD, OH US","39.106","-84.41609","144.8","2024-05-03","  63.0","24","010000",,"999.9",,"  87.1"," ","  55.0"," ","  7.0",," 0.00","G","1013.6","23","999.9",,"996.1","24","  69.4","24"
"72429793812","CINCINNATI MUNICIPAL AIRPORT LUNKEN FIELD, OH US","39.106","-84.41609","144.8","2024-05-04","  66.2","24","110010",,"999.9",,"  78.1"," ","  63.0"," ","  8.9",," 0.36","G","1013.6","14","999.9",,"996.4","24","  69.6","24"
"72429793812","CINCINNATI MUNICIPAL AIRPORT LUNKEN FIELD, OH US","39.106","-84.41609","144.8","2024-05-05","  63.1","24","100000",,"999.9",,"  80.1"," ","  59.0"," ","  9.9",," 0.33","G","1014.5","19","999.9",,"996.7","24","  70.9","24"
"72429793812","CINCINNATI MUNICIPAL AIRPORT LUNKEN FIELD, OH US","39.106","-84.41609","144.8","2024-05-06","  63.3","24","010000",,"999.9",,"  80.1"," ","  59.0"," ","  6.0",," 0.02","G","1013.8","22","999.9",,"996.0","24","  67.1","24"
"72429793812","CINCINNATI MUNICIPAL AIRPORT LUNKEN FIELD, OH US","39.106","-84.41609","144.8","2024-05-07","  66.3","24","110010",," 22.9",,"  78.1"," ","  61.0"," "," 15.0",," 0.24","G","1007.2","14","999.9",,"990.2","24","  69.6","24"
"72429793812","CINCINNATI MUNICIPAL AIRPORT LUNKEN FIELD, OH US","39.106","-84.41609","144.8","2024-05-08","  64.3","24","110010",," 26.0",,"  82.9"," ","  60.1"," "," 17.1",," 3.97","G","1006.1","17","999.9",,"988.5","24","  70.9","24"
"72429793812","CINCINNATI MUNICIPAL AIRPORT LUNKEN FIELD, OH US","39.106","-84.41609","144.8","2024-05-09","  63.5","24","110010",," 28.9",,"  82.9"," ","  60.1"," "," 21.0",," 0.44","G","1004.6","17","999.9",,"986.8","24","  69.4","24"
"72429793812","CINCINNATI MUNICIPAL AIRPORT LUNKEN FIELD, OH US","39.106","-84.41609","144.8","2024-05-10","  48.6","24","010000",," 22.9",,"  75.9"," ","  53.1"," "," 13.0",," 0.35","G","1010.4","16","999.9",,"992.3","24","  61.1","24"
"72429793812","CINCINNATI MUNICIPAL AIRPORT LUNKEN FIELD, OH US","39.106","-84.41609","144.8","2024-05-11","  46.5","24","000000",," 28.9",,"  73.0"," ","  48.9"," "," 18.1",," 0.00","G","1010.0","24","999.9",,"992.3","24","  60.1","24"
"72429793812","CINCINNATI MUNICIPAL AIRPORT LUNKEN FIELD, OH US","39.106","-84.41609","144.8","2024-05-12","  46.7","24","000000",,"999.9",,"  77.0"," ","  45.0"," ","  7.0",," 0.00","G","1013.3","22","999.9",,"995.5","24","  61.2","24"
"72429793812","CINCINNATI MUNICIPAL AIRPORT LUNKEN FIELD, OH US","39.106","-84.41609","144.8","2024-05-13","  52.8","24","000000",," 18.1",,"  80.1"," ","  45.0"," "," 11.1",," 0.00","G","1012.6","23","999.9",,"995.0","24","  65.5","24"
"72429793812","CINCINNATI MUNICIPAL AIRPORT LUNKEN FIELD, OH US","39.106","-84.41609","144.8","2024-05-14","  59.7","24","010000",," 20.0",,"  80.1"," ","  51.1"," "," 14.0",," 0.08","G","1009.3","19","999.9",,"991.6","24","  64.3","24"
"72429793812","CINCINNATI MUNICIPAL AIRPORT LUNKEN FIELD, OH US","39.106","-84.41609","144.8","2024-05-15","  62.3","24","010000",," 25.1",,"  75.9"," ","  61.0"," "," 15.9",," 0.21","G","1005.5","18","999.9",,"987.8","24","  67.2","24"
"72429793812","CINCINNATI MUNICIPAL AIRPORT LUNKEN FIELD, OH US","39.106","-84.41609","144.8","2024-05-16","  59.0","24","110000",," 18.1",,"  82.0"," ","  52.0"," ","  8.0",," 0.36","G","1010.4","17","999.9",,"992.4","24","  67.1","24"
"72429793812","CINCINNATI MUNICIPAL AIRPORT LUNKEN FIELD, OH US","39.106","-84.41609","144.8","2024-05-17","  63.9","24","010000",,"999.9",,"  82.0"," ","  52.0"," ","  7.0",," 0.06","G","1010.4","19","999.9",,"992.7","24","  68.7","24"
"72429793812","CINCINNATI MUNICIPAL AIRPORT LUNKEN FIELD, OH US","39.106","-84.41609","144.8","2024-05-18","  61.8","24","100000",,"999.9",,"  82.9"," ","  57.9"," ","  6.0",," 0.12","G","1011.9","16","999.9",,"994.1","24","  69.7","24"
"72429793812","CINCINNATI MUNICIPAL AIRPORT LUNKEN FIELD, OH US","39.106","-84.41609","144.8","2024-05-19","  60.5","24","100000",,"999.9",,"  88.0"," ","  57.0"," ","  2.9",," 0.00","G","1014.0","21","999.9",,"996.4","24","  72.4","24"
"72429793812","CINCINNATI MUNICIPAL AIRPORT LUNKEN FIELD, OH US","39.106","-84.41609","144.8","2024-05-20","  62.1","24","100000",,"999.9",,"  88.0"," ","  57.0"," ","  7.0",," 0.00","G","1014.2","22","999.9",,"996.7","24","  73.3","24"
"72429793812","CINCINNATI MUNICIPAL AIRPORT LUNKEN FIELD, OH US","39.106","-84.41609","144.8","2024-05-21","  64.4","24","100000",," 15.9",,"  88.0"," ","  60.1"," "," 11.1",," 0.00","G","1012.5","22","999.9",,"995.0","24","  74.4","24"
"72429793812","CINCINNATI MUNICIPAL AIRPORT LUNKEN FIELD, OH US","39.106","-84.41609","144.8","2024-05-22","  66.2","24","010010",," 21.0",,"  88.0"," ","  61.0"," "," 15.0",," 0.03","G","1010.8","21","999.9",,"993.5","24","  75.0","24"
"72429793812","CINCINNATI MUNICIPAL AIRPORT LUNKEN FIELD, OH US","39.106","-84.41609","144.8","2024-05-23","  64.5","24","010010",," 21.0",,"  84.9"," ","  62.1"," "," 13.0",," 0.76","G","1013.5","16","999.9",,"996.2","24","  71.2","24"
"72429793812","CINCINNATI MUNICIPAL AIRPORT LUNKEN FIELD, OH US","39.106","-84.41609","144.8","2024-05-24","  64.3","17","110000",," 24.1",,"  81.0","*","  61.0","*"," 15.9",," 0.01","G","1012.9"," 9","999.9",,"994.9","17","  73.4","17"
"72429793812","CINCINNATI MUNICIPAL AIRPORT LUNKEN FIELD, OH US","39.106","-84.41609","144.8","2024-05-25","  64.5","24","000000",," 14.0",,"  84.9"," ","  64.9"," ","  9.9",," 0.00","G","1010.0","24","999.9",,"992.5","24","  74.5","24"
"72429793812","CINCINNATI MUNICIPAL AIRPORT LUNKEN FIELD, OH US","39.106","-84.41609","144.8","2024-05-26","  64.7","24","110010",," 33.0",,"  84.9"," ","  63.0"," "," 22.9",," 0.00","G","1008.4","18","999.9",,"991.0","24","  70.9","24"
"72429793812","CINCINNATI MUNICIPAL AIRPORT LUNKEN FIELD, OH US","39.106","-84.41609","144.8","2024-05-27","  60.6","24","010010",," 27.0",,"  81.0"," ","  62.1"," "," 18.1",," 0.39","G","1005.1","20","999.9",,"987.4","24","  71.0","24"
"72429793812","CINCINNATI MUNICIPAL AIRPORT LUNKEN FIELD, OH US","39.106","-84.41609","144.8","2024-05-28","  54.2","24","000000",," 22.9",,"  80.1"," ","  61.0"," "," 17.1",," 0.21","G","1013.1","24","999.9",,"995.5","24","  69.6","24"
"72429793812","CINCINNATI MUNICIPAL AIRPORT LUNKEN FIELD, OH US","39.106","-84.41609","144.8","2024-05-29","  52.1","24","000000",," 21.0",,"  79.0"," ","  53.1"," "," 14.0",," 0.00","G","1017.2","23","999.9",,"999.4","24","  63.9","24"
"72429793812","CINCINNATI MUNICIPAL AIRPORT LUNKEN FIELD, OH US","39.106","-84.41609","144.8","2024-05-30","  53.5","24","110000",,"999.9",,"  75.9"," ","  52.0"," ","  5.1",," 0.11","G","1021.5","18","999.9",,"003.5","24","  64.6","24"
"72429793812","CINCINNATI MUNICIPAL AIRPORT LUNKEN FIELD, OH US","39.106","-84.41609","144.8","2024-05-31","  47.1","24","000000",,"999.9",,"  78.1"," ","  48.0"," ","  7.0",," 0.00","G","1023.8","24","999.9",,"005.9","24","  63.5","24"
"72429793812","CINCINNATI MUNICIPAL AIRPORT LUNKEN FIELD, OH US","39.106","-84.41609","144.8","2024-06-01","  54.3","24","010000",," 20.0",,"  80.1"," ","  48.0"," "," 14.0",," 0.00","G","1020.3","24","999.9",,"002.4","24","  64.1","24"
"72429793812","CINCINNATI MUNICIPAL AIRPORT LUNKEN FIELD, OH US","39.106","-84.41609","144.8","2024-06-02","  62.8","24","110000",," 22.0",,"  80.1"," ","  50.0"," "," 15.0",," 0.87","G","1015.2","16","999.9",,"997.7","24","  67.2","24"
"72429793812","CINCINNATI MUNICIPAL AIRPORT LUNKEN FIELD, OH US","39.106","-84.41609","144.8","2024-06-03","  66.1","24","100000",,"999.9",,"  82.9"," ","  63.0"," ","  6.0",," 0.22","G","1013.1","14","999.9",,"996.1","24","  72.1","24"
"72429793812","CINCINNATI MUNICIPAL AIRPORT LUNKEN FIELD, OH US","39.106","-84.41609","144.8","2024-06-04","  66.6","24","100000",,"999.9",,"  88.0"," ","  62.1"," ","  9.9",," 0.00","G","1010.7","18","999.9",,"993.4","24","  73.7","24"
"72429793812","CINCINNATI MUNICIPAL AIRPORT LUNKEN FIELD, OH US","39.106","-84.41609","144.8","2024-06-05","  68.4","24","010000",," 19.0",,"  88.0"," ","  62.1"," "," 13.0",," 0.00","G","1006.8","22","999.9",,"989.5","24","  75.4","24"
"72429793812","CINCINNATI MUNICIPAL AIRPORT LUNKEN FIELD, OH US","39.106","-84.41609","144.8","2024-06-06","  64.4","24","010010",," 26.0",,"  84.0"," ","  66.9"," "," 11.1",," 0.52","G","1004.8","19","999.9",,"987.3","24","  75.6","24"
"72429793812","CINCINNATI MUNICIPAL AIRPORT LUNKEN FIELD, OH US","39.106","-84.41609","144.8","2024-06-07","  49.3","24","000000",," 25.1",,"  82.9"," ","  57.0"," "," 13.0",," 0.00","G","1008.8","24","999.9",,"991.2","24","  71.9","24"
"72429793812","CINCINNATI MUNICIPAL AIRPORT LUNKEN FIELD, OH US","39.106","-84.41609","144.8","2024-06-08","  56.5","24","000000",," 20.0",,"  81.0"," ","  53.1"," "," 11.1",," 0.00","G","1012.1","24","999.9",,"994.5","24","  65.7","24"
"72429793812","CINCINNATI MUNICIPAL AIRPORT LUNKEN FIELD, OH US","39.106","-84.41609","144.8","2024-06-09","  56.4","24","000000",," 17.1",,"  80.1"," ","  53.1"," "," 12.0",," 0.00","G","1009.8","22","999.9",,"992.3","24","  72.6","24"
"72429793812","CINCINNATI MUNICIPAL AIRPORT LUNKEN FIELD, OH US","39.106","-84.41609","144.8","2024-06-10","  51.0","24","000000",," 22.0",,"  80.1"," ","  54.0"," "," 13.0",," 0.00","G","1010.6","24","999.9",,"993.0","24","  63.4","24"
"72429793812","CINCINNATI MUNICIPAL AIRPORT LUNKEN FIELD, OH US","39.106","-84.41609","144.8","2024-06-11","  49.9","24","100000",,"999.9",,"  78.1"," ","  46.0"," ","  7.0",," 0.00","G","1015.3","23","999.9",,"997.5","24","  61.8","24"
"72429793812","CINCINNATI MUNICIPAL AIRPORT LUNKEN FIELD, OH US","39.106","-84.41609","144.8","2024-06-12","  53.4","24","000000",,"999.9",,"  82.9"," ","  46.0"," ","  6.0",," 0.00","G","1016.4","22","999.9",,"998.7","24","  67.3","24"
"72429793812","CINCINNATI MUNICIPAL AIRPORT LUNKEN FIELD, OH US","39.106","-84.41609","144.8","2024-06-13","  58.6","24","000000",,"999.9",,"  87.1"," ","  52.0"," "," 11.1",," 0.00","G","1014.9","23","999.9",,"997.2","24","  71.8","24"
"72429793812","CINCINNATI MUNICIPAL AIRPORT LUNKEN FIELD, OH US","39.106","-84.41609","144.8","2024-06-14","  64.3","24","010000",,"999.9",,"  89.1"," ","  55.0"," ","  8.9",," 0.16","G","1013.1","24","999.9",,"995.6","24","  76.1","24"
"72429793812","CINCINNATI MUNICIPAL AIRPORT LUNKEN FIELD, OH US","39.106","-84.41609","144.8","2024-06-15","  53.1","24","000000",,"999.9",,"  89.1"," ","  59.0"," ","  8.9",," 0.00","I","1017.9","24","999.9",,"000.3","24","  74.3","24"
"72429793812","CINCINNATI MUNICIPAL AIRPORT LUNKEN FIELD, OH US","39.106","-84.41609","144.8","2024-06-16","  58.6","24","000000",,"999.9",,"  91.0"," ","  54.0"," ","  6.0",," 0.00","G","1017.3","24","999.9",,"999.6","24","  72.1","24"
"72429793812","CINCINNATI MUNICIPAL AIRPORT LUNKEN FIELD, OH US","39.106","-84.41609","144.8","2024-06-17","  70.3","24","000000",," 18.1",,"  93.9","*","  70.0","*"," 12.0",," 0.00","G","1016.7","24","999.9",,"999.2","24","  81.5","24"
"72429793812","CINCINNATI MUNICIPAL AIRPORT LUNKEN FIELD, OH US","39.106","-84.41609","144.8","2024-06-18","  71.9","24","000000",,"999.9",,"  95.0"," ","  69.1"," ","  8.9",," 0.00","G","1019.2","24","999.9",,"001.7","24","  82.1","24"
"72429793812","CINCINNATI MUNICIPAL AIRPORT LUNKEN FIELD, OH US","39.106","-84.41609","144.8","2024-06-19","  74.0","24","000000",,"999.9",,"  93.0"," ","  71.1"," ","  7.0",," 0.00","G","1022.3","23","999.9",,"004.8","24","  80.8","24"
"72429793812","CINCINNATI MUNICIPAL AIRPORT LUNKEN FIELD, OH US","39.106","-84.41609","144.8","2024-06-20","  70.9","24","000000",,"999.9",,"  93.0"," ","  70.0"," ","  6.0",," 0.00","G","1024.6","22","999.9",,"007.0","24","  81.0","24"
"72429793812","CINCINNATI MUNICIPAL AIRPORT LUNKEN FIELD, OH US","39.106","-84.41609","144.8","2024-06-21","  68.6","15","000000",," 20.0",,"  95.0","*","  69.8","*","  9.9",," 0.00","G","1022.1"," 7","999.9",,"004.2","15","  87.0","15"
"72429793812","CINCINNATI MUNICIPAL AIRPORT LUNKEN FIELD, OH US","39.106","-84.41609","144.8","2024-06-22","  69.1","24","000000",," 17.1",,"  93.9"," ","  70.0"," "," 11.1",," 0.00","G","1016.9","21","999.9",,"999.7","24","  81.7","24"
"72429793812","CINCINNATI MUNICIPAL AIRPORT LUNKEN FIELD, OH US","39.106","-84.41609","144.8","2024-06-23","  70.7","24","010000",," 27.0",,"  93.9"," ","  70.0"," "," 17.1",," 0.00","G","1009.4","19","999.9",,"991.7","24","  80.6","24"
"72429793812","CINCINNATI MUNICIPAL AIRPORT LUNKEN FIELD, OH US","39.106","-84.41609","144.8","2024-06-24","  61.7","24","000000",,"999.9",,"  89.1"," ","  64.9"," "," 11.1",," 0.08","G","1012.6","24","999.9",,"995.1","24","  78.5","24"
"72429793812","CINCINNATI MUNICIPAL AIRPORT LUNKEN FIELD, OH US","39.106","-84.41609","144.8","2024-06-25","  64.5","24","000000",," 29.9",,"  89.1"," ","  61.0"," "," 19.0",," 0.00","G","1013.3","23","999.9",,"995.8","24","  75.4","24"
"72429793812","CINCINNATI MUNICIPAL AIRPORT LUNKEN FIELD, OH US","39.106","-84.41609","144.8","2024-06-26","  66.8","24","010000",," 20.0",,"  87.1"," ","  61.0"," "," 14.0",," 0.00","G","1010.5","21","999.9",,"993.2","24","  75.3","24"
"72429793812","CINCINNATI MUNICIPAL AIRPORT LUNKEN FIELD, OH US","39.106","-84.41609","144.8","2024-06-27","  63.2","24","100000",," 15.0",,"  87.1"," ","  61.0"," ","  8.9",," 0.59","G","1012.7","17","999.9",,"994.7","24","  73.9","24"
"72429793812","CINCINNATI MUNICIPAL AIRPORT LUNKEN FIELD, OH US","39.106","-84.41609","144.8","2024-06-28","  63.1","24","000000",," 18.1",,"  91.0"," ","  59.0"," "," 13.0",," 0.00","G","1013.5","24","999.9",,"995.9","24","  74.8","24"
"72429793812","CINCINNATI MUNICIPAL AIRPORT LUNKEN FIELD, OH US","39.106","-84.41609","144.8","2024-06-29","  73.3","24","000000",," 20.0",,"  91.0"," ","  59.0"," "," 11.1",," 0.00","G","1013.0","22","999.9",,"995.8","24","  81.9","24"
"72429793812","CINCINNATI MUNICIPAL AIRPORT LUNKEN FIELD, OH US","39.106","-84.41609","144.8","2024-06-30","  66.9","24","000000",," 22.9",,"  86.0","*","  69.8","*"," 14.0",," 0.27","G","1017.9","22","999.9",,"000.2","23","  77.4","24"
"72429793812","CINCINNATI MUNICIPAL AIRPORT LUNKEN FIELD, OH US","39.106","-84.41609","144.8","2024-07-01","  51.9","24","000000",," 20.0",,"  86.0"," ","  54.0"," "," 13.0",," 0.00","G","1022.7","23","999.9",,"005.0","24","  68.6","24"
"72429793812","CINCINNATI MUNICIPAL AIRPORT LUNKEN FIELD, OH US","39.106","-84.41609","144.8","2024-07-02","  56.4","24","000000",,"999.9",,"  89.1"," ","  51.1"," ","  8.9",," 0.00","G","1019.1","24","999.9",,"001.3","24","  69.6","24"
"72429793812","CINCINNATI MUNICIPAL AIRPORT LUNKEN FIELD, OH US","39.106","-84.41609","144.8","2024-07-03","  71.2","24","010010",," 25.1",,"  91.0","*","  73.0","*"," 15.9",," 0.00","G","1015.4","21","999.9",,"997.7","24","  80.7","24"
"72429793812","CINCINNATI MUNICIPAL AIRPORT LUNKEN FIELD, OH US","39.106","-84.41609","144.8","2024-07-04","  74.1","24","110010",,"999.9",,"  84.2","*","  71.6","*"," 12.0",," 0.36","G","1013.7","16","999.9",,"996.4","24","  77.3","24"
"72429793812","CINCINNATI MUNICIPAL AIRPORT LUNKEN FIELD, OH US","39.106","-84.41609","144.8","2024-07-05","  71.7","24","110010",," 21.0",,"  87.1"," ","  69.1"," "," 14.0",," 0.41","G","1009.8","14","999.9",,"992.7","24","  76.8","24"
"72429793812","CINCINNATI MUNICIPAL AIRPORT LUNKEN FIELD, OH US","39.106","-84.41609","144.8","2024-07-06","  64.3","24","000000",," 15.0",,"  87.1"," ","  64.0"," ","  8.9",," 0.22","G","1013.4","24","999.9",,"995.9","24","  75.8","24"
"72429793812","CINCINNATI MUNICIPAL AIRPORT LUNKEN FIELD, OH US","39.106","-84.41609","144.8","2024-07-07","  63.6","24","100000",,"999.9",,"  90.0"," ","  62.1"," ","  5.1",," 0.00","G","1016.4","17","999.9",,"999.0","24","  75.1","24"
"72429793812","CINCINNATI MUNICIPAL AIRPORT LUNKEN FIELD, OH US","39.106","-84.41609","144.8","2024-07-08","  66.7","24","000000",,"999.9",,"  90.0"," ","  62.1"," ","  8.0",," 0.00","G","1016.0","24","999.9",,"998.5","24","  77.2","24"
"72429793812","CINCINNATI MUNICIPAL AIRPORT LUNKEN FIELD, OH US","39.106","-84.41609","144.8","2024-07-09","  71.4","24","010000",,"999.9",,"  89.1"," ","  64.9"," ","  8.9",," 0.00","G","1013.4","24","999.9",,"995.9","24","  78.9","24"
"72429793812","CINCINNATI MUNICIPAL AIRPORT LUNKEN FIELD, OH US","39.106","-84.41609","144.8","2024-07-10","  67.9","24","010000",," 32.1",,"  89.1"," ","  69.1"," "," 20.0",," 0.33","G","1008.6","20","999.9",,"990.4","24","  75.9","24"
"72429793812","CINCINNATI MUNICIPAL AIRPORT LUNKEN FIELD, OH US","39.106","-84.41609","144.8","2024-07-11","  64.2","24","100000",,"999.9",,"  89.1"," ","  64.0"," ","  6.0",," 0.14","G","1016.3","23","999.9",,"998.7","24","  76.0","24"
"72429793812","CINCINNATI MUNICIPAL AIRPORT LUNKEN FIELD, OH US","39.106","-84.41609","144.8","2024-07-12","  68.4","24","110000",," 21.0",,"  89.1"," ","  64.0"," "," 15.0",," 0.04","G","1018.4","24","999.9",,"000.9","24","  77.7","24"
"72429793812","CINCINNATI MUNICIPAL AIRPORT LUNKEN FIELD, OH US","39.106","-84.41609","144.8","2024-07-13","  68.6","24","100000",,"999.9",,"  93.0"," ","  66.0"," ","  8.9",," 0.00","G","1020.4","17","999.9",,"002.9","24","  79.5","24"
"72429793812","CINCINNATI MUNICIPAL AIRPORT LUNKEN FIELD, OH US","39.106","-84.41609","144.8","2024-07-14","  68.0","24","110010",," 42.0",,"  93.0","*","  66.0","*"," 22.9",," 0.00","G","1019.1","21","999.9",,"001.4","24","  76.8","24"
"72429793812","CINCINNATI MUNICIPAL AIRPORT LUNKEN FIELD, OH US","39.106","-84.41609","144.8","2024-07-15","  70.9","24","010000",," 19.0",,"  93.9"," ","  66.0"," "," 14.0",," 0.57","G","1013.9","23","999.9",,"996.3","24","  81.2","24"
"72429793812","CINCINNATI MUNICIPAL AIRPORT LUNKEN FIELD, OH US","39.106","-84.41609","144.8","2024-07-16","  66.9","24","000000",," 34.0",,"  93.9"," ","  70.0"," "," 18.1",," 0.00","G","1010.9","24","999.9",,"993.6","24","  83.3","24"
"72429793812","CINCINNATI MUNICIPAL AIRPORT LUNKEN FIELD, OH US","39.106","-84.41609","144.8","2024-07-17","  70.4","24","010000",," 20.0",,"  93.0"," ","  71.1"," ","  9.9",," 0.00","G","1011.8","22","999.9",,"994.5","24","  79.2","24"
"72429793812","CINCINNATI MUNICIPAL AIRPORT LUNKEN FIELD, OH US","39.106","-84.41609","144.8","2024-07-18","  58.8","24","000000",," 17.1",,"  90.0"," ","  64.9"," "," 12.0",," 0.14","G","1017.0","24","999.9",,"999.4","24","  74.2","24"
"72429793812","CINCINNATI MUNICIPAL AIRPORT LUNKEN FIELD, OH US","39.106","-84.41609","144.8","2024-07-19","  56.6","24","000000",,"999.9",,"  84.0"," ","  55.0"," ","  8.0",," 0.00","G","1020.2","23","999.9",,"002.6","24","  71.0","24"
"72429793812","CINCINNATI MUNICIPAL AIRPORT LUNKEN FIELD, OH US","39.106","-84.41609","144.8","2024-07-20","  58.3","24","000000",,"999.9",,"  88.0"," ","  59.0"," ","  6.0",," 0.00","G","1018.8","24","999.9",,"001.1","24","  73.1","24"
"72429793812","CINCINNATI MUNICIPAL AIRPORT LUNKEN FIELD, OH US","39.106","-84.41609","144.8","2024-07-21","  61.7","24","000000",,"999.9",,"  88.0"," ","  59.0"," ","  7.0",," 0.00","G","1018.1","24","999.9",,"000.5","24","  73.3","24"
"72429793812","CINCINNATI MUNICIPAL AIRPORT LUNKEN FIELD, OH US","39.106","-84.41609","144.8","2024-07-22","  65.2","24","010000",," 15.0",,"  87.1"," ","  63.0"," ","  8.9",," 0.08","G","1016.0","23","999.9",,"998.4","24","  75.2","24"
"72429793812","CINCINNATI MUNICIPAL AIRPORT LUNKEN FIELD, OH US","39.106","-84.41609","144.8","2024-07-23","  67.0","24","110010",,"999.9",,"  88.0"," ","  66.0"," ","  8.0",," 1.61","G","1016.9","14","999.9",,"999.1","24","  75.8","24"
"72429793812","CINCINNATI MUNICIPAL AIRPORT LUNKEN FIELD, OH US","39.106","-84.41609","144.8","2024-07-24","  66.9","24","110000",," 20.0",,"  89.1"," ","  64.9"," "," 17.1",," 0.00","G","1019.2","20","999.9",,"001.6","24","  74.9","24"
"72429793812","CINCINNATI MUNICIPAL AIRPORT LUNKEN FIELD, OH US","39.106","-84.41609","144.8","2024-07-25","  66.9","24","110000",,"999.9",,"  89.1"," ","  64.9"," ","  9.9",," 0.04","G","1020.9","15","999.9",,"003.2","24","  75.8","24"
"72429793812","CINCINNATI MUNICIPAL AIRPORT LUNKEN FIELD, OH US","39.106","-84.41609","144.8","2024-07-26","  60.7","24","000000",," 14.0",,"  89.1"," ","  61.0"," ","  8.9",," 0.00","G","1020.7","22","999.9",,"003.1","24","  73.3","24"
"72429793812","CINCINNATI MUNICIPAL AIRPORT LUNKEN FIELD, OH US","39.106","-84.41609","144.8","2024-07-27","  57.7","24","000000",,"999.9",,"  90.0"," ","  57.0"," ","  6.0",," 0.00","G","1019.6","24","999.9",,"001.9","24","  72.5","24"
"72429793812","CINCINNATI MUNICIPAL AIRPORT LUNKEN FIELD, OH US","39.106","-84.41609","144.8","2024-07-28","  66.4","24","010010",,"999.9",,"  90.0"," ","  57.0"," "," 12.0",," 0.00","G","1018.4","22","999.9",,"000.7","24","  72.5","24"
"72429793812","CINCINNATI MUNICIPAL AIRPORT LUNKEN FIELD, OH US","39.106","-84.41609","144.8","2024-07-29","  72.2","24","010000",,"999.9",,"  88.0"," ","  62.1"," ","  9.9",," 0.94","G","1014.1","13","999.9",,"997.4","24","  77.4","24"
"72429793812","CINCINNATI MUNICIPAL AIRPORT LUNKEN FIELD, OH US","39.106","-84.41609","144.8","2024-07-30","  71.2","24","010010",," 22.0",,"  90.0"," ","  70.0"," "," 15.0",," 0.04","G","1011.2","20","999.9",,"993.8","24","  80.1","24"
"72429793812","CINCINNATI MUNICIPAL AIRPORT LUNKEN FIELD, OH US","39.106","-84.41609","144.8","2024-07-31","  71.4","24","110010",," 28.0",,"  90.0"," ","  70.0"," "," 17.1",," 0.09","G","1014.1","19","999.9",,"996.9","24","  76.8","24"
"72429793812","CINCINNATI MUNICIPAL AIRPORT LUNKEN FIELD, OH US","39.106","-84.41609","144.8","2024-08-01","  71.5","24","010000",," 25.1",,"  93.0"," ","  68.0"," "," 18.1",," 0.40","G","1015.7","19","999.9",,"997.9","24","  77.4","24"
"72429793812","CINCINNATI MUNICIPAL AIRPORT LUNKEN FIELD, OH US","39.106","-84.41609","144.8","2024-08-02","  71.4","24","010000",," 24.1",,"  93.0"," ","  68.0"," "," 14.0",," 0.09","G","1012.3","15","999.9",,"995.1","24","  75.7","24"
"72429793812","CINCINNATI MUNICIPAL AIRPORT LUNKEN FIELD, OH US","39.106","-84.41609","144.8","2024-08-03","  68.1","24","000000",," 17.1",,"  89.1"," ","  66.9"," "," 11.1",," 0.01","G","1011.9","16","999.9",,"994.5","24","  77.0","24"
"72429793812","CINCINNATI MUNICIPAL AIRPORT LUNKEN FIELD, OH US","39.106","-84.41609","144.8","2024-08-04","  69.8","24","100000",,"999.9",,"  91.9"," ","  68.0"," ","  6.0",," 0.00","G","1015.1","16","999.9",,"997.5","24","  79.1","24"
"72429793812","CINCINNATI MUNICIPAL AIRPORT LUNKEN FIELD, OH US","39.106","-84.41609","144.8","2024-08-05","  69.8","24","100000",," 18.1",,"  93.9"," ","  66.0"," ","  8.0",," 0.00","G","1016.8","20","999.9",,"999.5","24","  80.0","24"
"72429793812","CINCINNATI MUNICIPAL AIRPORT LUNKEN FIELD, OH US","39.106","-84.41609","144.8","2024-08-06","  70.7","24","100000",," 15.9",,"  95.0"," ","  66.0"," "," 11.1",," 0.00","G","1013.5","22","999.9",,"996.1","24","  81.6","24"
"72429793812","CINCINNATI MUNICIPAL AIRPORT LUNKEN FIELD, OH US","39.106","-84.41609","144.8","2024-08-07","  70.4","24","010000",," 21.0",,"  95.0"," ","  69.1"," "," 13.0",," 0.04","G","1010.1","20","999.9",,"992.8","24","  79.5","24"
"72429793812","CINCINNATI MUNICIPAL AIRPORT LUNKEN FIELD, OH US","39.106","-84.41609","144.8","2024-08-08","  68.1","24","000000",,"999.9",,"  89.1"," ","  66.9"," ","  8.0",," 0.00","G","1010.0","23","999.9",,"992.6","24","  77.2","24"
"72429793812","CINCINNATI MUNICIPAL AIRPORT LUNKEN FIELD, OH US","39.106","-84.41609","144.8","2024-08-09","  64.1","24","000000",," 19.0",,"  88.0"," ","  66.9"," "," 12.0",," 0.00","G","1011.5","23","999.9",,"994.1","24","  78.8","24"
"72429793812","CINCINNATI MUNICIPAL AIRPORT LUNKEN FIELD, OH US","39.106","-84.41609","144.8","2024-08-10","  54.7","24","000000",," 18.1",,"  87.1"," ","  59.0"," ","  9.9",," 0.00","G","1018.8","24","999.9",,"001.2","24","  71.2","24"
"72429793812","CINCINNATI MUNICIPAL AIRPORT LUNKEN FIELD, OH US","39.106","-84.41609","144.8","2024-08-11","  54.9","24","000000",," 17.1",,"  80.1"," ","  55.9"," ","  8.9",," 0.00","G","1019.9","24","999.9",,"002.1","24","  68.5","24"
"72429793812","CINCINNATI MUNICIPAL AIRPORT LUNKEN FIELD, OH US","39.106","-84.41609","144.8","2024-08-12","  55.4","24","000000",,"999.9",,"  82.0","*","  55.0","*","  8.9",," 0.00","G","1019.6","24","999.9",,"001.8","24","  69.1","24"
"72429793812","CINCINNATI MUNICIPAL AIRPORT LUNKEN FIELD, OH US","39.106","-84.41609","144.8","2024-08-13","  60.3","24","010000",,"999.9",,"  88.0"," ","  55.0"," ","  6.0",," 0.00","G","1018.9","24","999.9",,"001.3","24","  74.4","24"
"72429793812","CINCINNATI MUNICIPAL AIRPORT LUNKEN FIELD, OH US","39.106","-84.41609","144.8","2024-08-14","  59.7","24","000000",,"999.9",,"  90.0"," ","  59.0"," ","  7.0",," 0.00","G","1019.4","23","999.9",,"001.7","24","  73.8","24"
"72429793812","CINCINNATI MUNICIPAL AIRPORT LUNKEN FIELD, OH US","39.106","-84.41609","144.8","2024-08-15","  59.9","24","000000",,"999.9",,"  90.0"," ","  59.0"," ","  7.0",," 0.00","G","1017.6","24","999.9",,"999.9","24","  73.0","24"
"72429793812","CINCINNATI MUNICIPAL AIRPORT LUNKEN FIELD, OH US","39.106","-84.41609","144.8","2024-08-16","  69.4","24","110010",,"999.9",,"  89.1"," ","  59.0"," "," 21.0",," 0.15","G","1013.1","18","999.9",,"995.6","24","  74.5","24"
"72429793812","CINCINNATI MUNICIPAL AIRPORT LUNKEN FIELD, OH US","39.106","-84.41609","144.8","2024-08-17","  69.1","24","110010",," 22.0",,"  91.0"," ","  66.9"," "," 17.1",," 1.05","G","1009.9","15","999.9",,"992.9","24","  77.4","24"
"72429793812","CINCINNATI MUNICIPAL AIRPORT LUNKEN FIELD, OH US","39.106","-84.41609","144.8","2024-08-18","  66.7","24","010000",," 24.1",,"  91.0"," ","  66.9"," "," 15.9",," 0.03","G","1010.3","18","999.9",,"992.9","24","  75.0","24"
"72429793812","CINCINNATI MUNICIPAL AIRPORT LUNKEN FIELD, OH US","39.106","-84.41609","144.8","2024-08-19","  62.4","24","000000",," 24.1",,"  82.0"," ","  66.9"," "," 14.0",," 0.19","G","1013.9","23","999.9",,"996.3","24","  74.5","24"
"72429793812","CINCINNATI MUNICIPAL AIRPORT LUNKEN FIELD, OH US","39.106","-84.41609","144.8","2024-08-20","  51.9","24","000000",," 15.9",,"  75.9"," ","  54.0"," ","  9.9",," 0.00","G","1020.1","24","999.9",,"002.3","24","  65.2","24"
"72429793812","CINCINNATI MUNICIPAL AIRPORT LUNKEN FIELD, OH US","39.106","-84.41609","144.8","2024-08-21","  49.9","24","000000",," 18.1",,"  77.0"," ","  48.9"," "," 11.1",," 0.00","G","1023.6","23","999.9",,"005.6","24","  62.8","24"
"72429793812","CINCINNATI MUNICIPAL AIRPORT LUNKEN FIELD, OH US","39.106","-84.41609","144.8","2024-08-22","  50.4","24","000000",," 15.9",,"  80.1"," ","  48.9"," "," 12.0",," 0.00","G","1024.3","24","999.9",,"006.4","24","  64.3","24"
"72429793812","CINCINNATI MUNICIPAL AIRPORT LUNKEN FIELD, OH US","39.106","-84.41609","144.8","2024-08-23","  52.9","24","000000",,"999.9",,"  88.0"," ","  48.9"," ","  5.1",," 0.00","G","1024.3","24","999.9",,"006.4","24","  66.8","24"
"72429793812","CINCINNATI MUNICIPAL AIRPORT LUNKEN FIELD, OH US","39.106","-84.41609","144.8","2024-08-24","  60.4","24","000000",,"999.9",,"  91.9"," ","  50.0"," ","  6.0",," 0.00","G","1023.0","24","999.9",,"005.2","24","  73.1","24"
"72429793812","CINCINNATI MUNICIPAL AIRPORT LUNKEN FIELD, OH US","39.106","-84.41609","144.8","2024-08-25","  66.0","24","000000",,"999.9",,"  95.0"," ","  57.9"," ","  6.0",," 0.00","G","1022.4","23","999.9",,"004.8","24","  78.1","24"
"72429793812","CINCINNATI MUNICIPAL AIRPORT LUNKEN FIELD, OH US","39.106","-84.41609","144.8","2024-08-26","  66.0","24","000000",,"999.9",,"  96.1"," ","  64.0"," ","  6.0",," 0.00","G","1021.8","24","999.9",,"004.1","24","  79.3","24"
"72429793812","CINCINNATI MUNICIPAL AIRPORT LUNKEN FIELD, OH US","39.106","-84.41609","144.8","2024-08-27","  65.2","24","000000",," 14.0",,"  99.0"," ","  64.9"," ","  8.9",," 0.00","G","1018.9","24","999.9",,"001.4","24","  80.3","24"
"72429793812","CINCINNATI MUNICIPAL AIRPORT LUNKEN FIELD, OH US","39.106","-84.41609","144.8","2024-08-28","  69.2","24","010010",," 29.9",,"  99.0"," ","  64.9"," "," 19.0",," 0.00","G","1017.7","23","999.9",,"000.3","24","  80.0","24"
"72429793812","CINCINNATI MUNICIPAL AIRPORT LUNKEN FIELD, OH US","39.106","-84.41609","144.8","2024-08-29","  70.4","24","100000",,"999.9",,"  98.1"," ","  68.0"," ","  6.0",," 0.23","G","1019.2","14","999.9",,"001.8","24","  79.1","24"
"72429793812","CINCINNATI MUNICIPAL AIRPORT LUNKEN FIELD, OH US","39.106","-84.41609","144.8","2024-08-30","  70.4","24","110010",," 29.9",," 100.9"," ","  68.0"," "," 18.1",," 0.00","G","1018.0","18","999.9",,"000.3","24","  80.6","24"
"72429793812","CINCINNATI MUNICIPAL AIRPORT LUNKEN FIELD, OH US","39.106","-84.41609","144.8","2024-08-31","  70.6","24","000000",,"999.9",," 100.9"," ","  68.0"," ","  8.9",," 0.07","G","1016.5","24","999.9",,"998.9","24","  79.2","24"
"72429793812","CINCINNATI MUNICIPAL AIRPORT LUNKEN FIELD, OH US","39.106","-84.41609","144.8","2024-09-01","  64.6","24","000000",," 15.9",,"  90.0"," ","  71.1"," "," 11.1",," 0.00","G","1014.9","22","999.9",,"997.4","24","  79.6","24"
"72429793812","CINCINNATI MUNICIPAL AIRPORT LUNKEN FIELD, OH US","39.106","-84.41609","144.8","2024-09-02","  55.7","24","000000",," 25.1",,"  90.0"," ","  62.1"," "," 14.0",," 0.00","G","1020.7","23","999.9",,"003.1","24","  72.6","24"
"72429793812","CINCINNATI MUNICIPAL AIRPORT LUNKEN FIELD, OH US","39.106","-84.41609","144.8","2024-09-03","  48.3","24","000000",,"999.9",,"  82.0"," ","  50.0"," ","  8.9",," 0.00","G","1025.0","24","999.9",,"007.1","24","  66.2","24"
"72429793812","CINCINNATI MUNICIPAL AIRPORT LUNKEN FIELD, OH US","39.106","-84.41609","144.8","2024-09-04","  53.7","24","000000",,"999.9",,"  87.1"," ","  50.0"," ","  8.0",," 0.00","G","1024.8","24","999.9",,"006.8","24","  66.7","24"
"72429793812","CINCINNATI MUNICIPAL AIRPORT LUNKEN FIELD, OH US","39.106","-84.41609","144.8","2024-09-05","  59.3","24","000000",,"999.9",,"  91.0"," ","  51.1"," ","  5.1",," 0.00","G","1022.8","24","999.9",,"005.0","24","  72.0","24"
"72429793812","CINCINNATI MUNICIPAL AIRPORT LUNKEN FIELD, OH US","39.106","-84.41609","144.8","2024-09-06","  64.1","24","010010",," 29.9",,"  93.0"," ","  55.9"," "," 17.1",," 0.00","G","1017.0","21","999.9",,"998.8","24","  74.4","24"
"72429793812","CINCINNATI MUNICIPAL AIRPORT LUNKEN FIELD, OH US","39.106","-84.41609","144.8","2024-09-07","  47.7","24","000000",," 24.1",,"  72.0","*","  55.0","*"," 15.9",," 0.07","G","1018.5","24","999.9",,"000.8","24","  64.4","24"
"72429793812","CINCINNATI MUNICIPAL AIRPORT LUNKEN FIELD, OH US","39.106","-84.41609","144.8","2024-09-08","  42.5","24","000000",,"999.9",,"  73.0"," ","  44.1"," ","  7.0",," 0.00","G","1021.8","24","999.9",,"003.8","24","  57.6","24"
"72429793812","CINCINNATI MUNICIPAL AIRPORT LUNKEN FIELD, OH US","39.106","-84.41609","144.8","2024-09-09","  42.8","24","100000",,"999.9",,"  82.0"," ","  43.0"," ","  7.0",," 0.00","G","1022.2","22","999.9",,"004.4","24","  59.5","24"
"72429793812","CINCINNATI MUNICIPAL AIRPORT LUNKEN FIELD, OH US","39.106","-84.41609","144.8","2024-09-10","  48.5","24","000000",,"999.9",,"  87.1"," ","  43.0"," ","  6.0",," 0.00","G","1021.1","24","999.9",,"003.2","24","  64.9","24"
"72429793812","CINCINNATI MUNICIPAL AIRPORT LUNKEN FIELD, OH US","39.106","-84.41609","144.8","2024-09-11","  50.6","24","000000",,"999.9",,"  89.1"," ","  46.9"," ","  8.0",," 0.00","G","1019.0","24","999.9",,"001.3","24","  68.3","24"
"72429793812","CINCINNATI MUNICIPAL AIRPORT LUNKEN FIELD, OH US","39.106","-84.41609","144.8","2024-09-12","  53.0","24","000000",," 21.0",,"  89.1"," ","  50.0"," "," 13.0",," 0.00","G","1017.4","24","999.9",,"999.7","24","  68.9","24"
"72429793812","CINCINNATI MUNICIPAL AIRPORT LUNKEN FIELD, OH US","39.106","-84.41609","144.8","2024-09-13","  57.6","24","000000",," 17.1",,"  89.1"," ","  52.0"," ","  9.9",," 0.00","G","1017.9","24","999.9",,"000.2","24","  70.8","24"
"72429793812","CINCINNATI MUNICIPAL AIRPORT LUNKEN FIELD, OH US","39.106","-84.41609","144.8","2024-09-14","  61.4","24","000000",," 17.1",,"  91.0"," ","  55.0"," ","  9.9",," 0.00","G","1018.6","24","999.9",,"001.0","24","  75.8","24"
"72429793812","CINCINNATI MUNICIPAL AIRPORT LUNKEN FIELD, OH US","39.106","-84.41609","144.8","2024-09-15","  55.3","24","000000",," 18.1",,"  91.0"," ","  57.0"," ","  8.0",," 0.00","G","1020.2","24","999.9",,"002.5","24","  73.0","24"
"72429793812","CINCINNATI MUNICIPAL AIRPORT LUNKEN FIELD, OH US","39.106","-84.41609","144.8","2024-09-16","  53.4","24","000000",,"999.9",,"  90.0"," ","  54.0"," ","  8.0",," 0.00","G","1020.5","24","999.9",,"002.8","24","  70.6","24"
"72429793812","CINCINNATI MUNICIPAL AIRPORT LUNKEN FIELD, OH US","39.106","-84.41609","144.8","2024-09-17","  52.9","24","000000",,"999.9",,"  89.1"," ","  54.0"," ","  8.0",," 0.00","G","1018.2","24","999.9",,"000.5","24","  68.7","24"
"72429793812","CINCINNATI MUNICIPAL AIRPORT LUNKEN FIELD, OH US","39.106","-84.41609","144.8","2024-09-18","  60.5","24","000000",,"999.9",,"  90.0"," ","  55.9"," ","  7.0",," 0.00","G","1014.6","24","999.9",,"997.0","24","  74.7","24"
"72429793812","CINCINNATI MUNICIPAL AIRPORT LUNKEN FIELD, OH US","39.106","-84.41609","144.8","2024-09-19","  61.2","24","000000",,"999.9",,"  93.9"," ","  60.1"," ","  8.0",," 0.00","G","1012.8","22","999.9",,"995.3","24","  75.4","24"
"72429793812","CINCINNATI MUNICIPAL AIRPORT LUNKEN FIELD, OH US","39.106","-84.41609","144.8","2024-09-20","  59.2","24","000000",," 14.0",,"  95.0"," ","  59.0"," ","  9.9",," 0.00","G","1011.5","24","999.9",,"994.0","24","  75.9","24"
"72429793812","CINCINNATI MUNICIPAL AIRPORT LUNKEN FIELD, OH US","39.106","-84.41609","144.8","2024-09-21","  64.3","24","000000",,"999.9",,"  96.1"," ","  59.0"," ","  4.1",," 0.00","G","1012.0","24","999.9",,"994.5","24","  79.0","24"
"72429793812","CINCINNATI MUNICIPAL AIRPORT LUNKEN FIELD, OH US","39.106","-84.41609","144.8","2024-09-22","  63.9","24","110000",," 22.0",,"  96.1"," ","  57.0"," "," 15.0",," 0.00","G","1012.2","20","999.9",,"994.8","24","  72.8","24"
"72429793812","CINCINNATI MUNICIPAL AIRPORT LUNKEN FIELD, OH US","39.106","-84.41609","144.8","2024-09-23","  66.4","24","010000",,"999.9",,"  90.0"," ","  57.0"," ","  8.9",," 0.00","G","1012.4","18","999.9",,"995.0","24","  75.8","24"
"72429793812","CINCINNATI MUNICIPAL AIRPORT LUNKEN FIELD, OH US","39.106","-84.41609","144.8","2024-09-24","  67.2","24","110010",," 22.0",,"  82.9"," ","  66.0"," "," 15.0",," 0.53","G","1010.4","15","999.9",,"992.8","24","  70.4","24"
"72429793812","CINCINNATI MUNICIPAL AIRPORT LUNKEN FIELD, OH US","39.106","-84.41609","144.8","2024-09-25","  64.4","24","110000",,"999.9",,"  82.0"," ","  62.1"," ","  8.0",," 0.32","G","1011.7","18","999.9",,"994.1","24","  69.7","24"
"72429793812","CINCINNATI MUNICIPAL AIRPORT LUNKEN FIELD, OH US","39.106","-84.41609","144.8","2024-09-26","  63.8","24","010000",,"999.9",,"  77.0"," ","  62.1"," ","  8.9",," 0.01","G","1013.7","23","999.9",,"996.0","22","  68.0","24"
"72429793812","CINCINNATI MUNICIPAL AIRPORT LUNKEN FIELD, OH US","39.106","-84.41609","144.8","2024-09-27","  67.2","24","010000",," 55.9",,"  73.9"," ","  62.1"," "," 26.0",," 0.45","G","1003.3","19","999.9",,"984.7","24","  70.3","24"
"72429793812","CINCINNATI MUNICIPAL AIRPORT LUNKEN FIELD, OH US","39.106","-84.41609","144.8","2024-09-28","  63.9","24","010000",," 18.1",,"  73.0"," ","  66.0"," ","  9.9",," 2.53","G","1003.8","20","999.9",,"986.7","24","  68.2","24"
"72429793812","CINCINNATI MUNICIPAL AIRPORT LUNKEN FIELD, OH US","39.106","-84.41609","144.8","2024-09-29","  65.5","24","010000",,"999.9",,"  73.9"," ","  66.0"," ","  6.0",," 0.86","G","1010.0","17","999.9",,"992.3","24","  68.3","24"
"72429793812","CINCINNATI MUNICIPAL AIRPORT LUNKEN FIELD, OH US","39.106","-84.41609","144.8","2024-09-30","  67.1","24","010000",,"999.9",,"  79.0"," ","  66.0"," ","  9.9",," 0.23","G","1012.4","14","999.9",,"994.6","24","  71.1","24"
"72429793812","CINCINNATI MUNICIPAL AIRPORT LUNKEN FIELD, OH US","39.106","-84.41609","144.8","2024-10-01","  65.7","24","100000",,"999.9",,"  79.0"," ","  64.0"," ","  7.0",," 0.03","G","1014.3","12","999.9",,"996.8","24","  69.8","24"
"72429793812","CINCINNATI MUNICIPAL AIRPORT LUNKEN FIELD, OH US","39.106","-84.41609","144.8","2024-10-02","  52.8","24","010000",," 27.0",,"  78.1"," ","  51.1"," "," 18.1",," 0.25","G","1017.5","23","999.9",,"999.6","24","  63.2","24"
"72429793812","CINCINNATI MUNICIPAL AIRPORT LUNKEN FIELD, OH US","39.106","-84.41609","144.8","2024-10-03","  53.6","24","100000",,"999.9",,"  78.1"," ","  50.0"," ","  7.0",," 0.00","G","1018.0","18","999.9",,"000.3","24","  60.6","24"
"72429793812","CINCINNATI MUNICIPAL AIRPORT LUNKEN FIELD, OH US","39.106","-84.41609","144.8","2024-10-04","  54.0","24","100000",," 14.0",,"  82.9"," ","  50.0"," ","  8.0",," 0.00","G","1021.4","20","999.9",,"003.5","24","  63.8","24"
"72429793812","CINCINNATI MUNICIPAL AIRPORT LUNKEN FIELD, OH US","39.106","-84.41609","144.8","2024-10-05","  56.3","24","000000",,"999.9",,"  82.9"," ","  50.0"," ","  8.0",," 0.00","G","1022.6","22","999.9",,"004.7","24","  65.3","24"
"72429793812","CINCINNATI MUNICIPAL AIRPORT LUNKEN FIELD, OH US","39.106","-84.41609","144.8","2024-10-06","  59.4","24","100000",," 24.1",,"  88.0"," ","  52.0"," "," 14.0",," 0.00","G","1015.8","18","999.9",,"998.7","24","  69.7","24"
"72429793812","CINCINNATI MUNICIPAL AIRPORT LUNKEN FIELD, OH US","39.106","-84.41609","144.8","2024-10-07","  44.0","24","000000",," 22.0",,"  88.0"," ","  46.9"," "," 11.1",," 0.00","G","1017.3","24","999.9",,"999.6","24","  63.4","24"
"72429793812","CINCINNATI MUNICIPAL AIRPORT LUNKEN FIELD, OH US","39.106","-84.41609","144.8","2024-10-08","  44.0","24","000000",,"999.9",,"  72.0"," ","  43.0"," ","  8.9",," 0.00","G","1017.5","24","999.9",,"999.5","23","  56.1","24"
"72429793812","CINCINNATI MUNICIPAL AIRPORT LUNKEN FIELD, OH US","39.106","-84.41609","144.8","2024-10-09","  45.6","24","100000",,"999.9",,"  75.9"," ","  43.0"," ","  8.0",," 0.00","G","1018.1","19","999.9",,"000.3","24","  56.3","24"
"72429793812","CINCINNATI MUNICIPAL AIRPORT LUNKEN FIELD, OH US","39.106","-84.41609","144.8","2024-10-10","  44.9","24","000000",,"999.9",,"  75.9"," ","  43.0"," ","  7.0",," 0.00","G","1021.3","24","999.9",,"003.3","24","  56.9","24"
"72429793812","CINCINNATI MUNICIPAL AIRPORT LUNKEN FIELD, OH US","39.106","-84.41609","144.8","2024-10-11","  45.7","24","100000",,"999.9",,"  75.0"," ","  42.1"," ","  8.0",," 0.00","G","1023.0","18","999.9",,"005.3","24","  55.3","24"
"72429793812","CINCINNATI MUNICIPAL AIRPORT LUNKEN FIELD, OH US","39.106","-84.41609","144.8","2024-10-12","  50.9","24","000000",,"999.9",,"  80.1"," ","  42.1"," ","  9.9",," 0.00","G","1018.5","21","999.9",,"000.8","24","  60.1","24"
"72429793812","CINCINNATI MUNICIPAL AIRPORT LUNKEN FIELD, OH US","39.106","-84.41609","144.8","2024-10-13","  54.3","24","000000",," 28.0",,"  81.0"," ","  45.0"," "," 17.1",," 0.00","G","1010.5","24","999.9",,"992.8","24","  68.7","24"
"72429793812","CINCINNATI MUNICIPAL AIRPORT LUNKEN FIELD, OH US","39.106","-84.41609","144.8","2024-10-14","  39.4","24","000000",," 28.0",,"  81.0"," ","  48.9"," "," 14.0",," 0.00","G","1015.7","24","999.9",,"997.9","24","  55.0","24"
"72429793812","CINCINNATI MUNICIPAL AIRPORT LUNKEN FIELD, OH US","39.106","-84.41609","144.8","2024-10-15","  39.8","24","010000",," 20.0",,"  57.0"," ","  45.0"," "," 14.0",," 0.00","G","1018.8","24","999.9",,"000.7","24","  49.7","24"
"72429793812","CINCINNATI MUNICIPAL AIRPORT LUNKEN FIELD, OH US","39.106","-84.41609","144.8","2024-10-16","  34.7","14","000000",,"999.9",,"  55.0"," ","  34.0"," ","  5.1",," 0.00","G","1025.7","13","999.9",,"007.7","14","  38.8","14"
"72429793812","CINCINNATI MUNICIPAL AIRPORT LUNKEN FIELD, OH US","39.106","-84.41609","144.8","2024-10-17","  37.9","14","000000",,"999.9",,"  63.0"," ","  32.0"," ","  2.9",," 0.00","G","9999.9"," 0","999.9",,"011.0","14","  51.2","14"
"72429793812","CINCINNATI MUNICIPAL AIRPORT LUNKEN FIELD, OH US","39.106","-84.41609","144.8","2024-10-18","  39.1","24","100000",,"999.9",,"  70.0"," ","  32.0"," ","  5.1",," 0.00","G","1031.7","19","999.9",,"013.3","24","  49.0","24"
"72429793812","CINCINNATI MUNICIPAL AIRPORT LUNKEN FIELD, OH US","39.106","-84.41609","144.8","2024-10-19","  40.9","24","000000",,"999.9",,"  73.9"," ","  35.1"," ","  4.1",," 0.00","G","1033.1","23","999.9",,"014.8","24","  51.2","24"
"72429793812","CINCINNATI MUNICIPAL AIRPORT LUNKEN FIELD, OH US","39.106","-84.41609","144.8","2024-10-20","  43.7","24","100000",,"999.9",,"  75.0"," ","  36.0"," ","  5.1",," 0.00","G","1030.1","18","999.9",,"012.1","24","  53.1","24"
"72429793812","CINCINNATI MUNICIPAL AIRPORT LUNKEN FIELD, OH US","39.106","-84.41609","144.8","2024-10-21","  44.8","24","100000",,"999.9",,"  75.9"," ","  39.0"," ","  2.9",," 0.00","G","1026.6","18","999.9",,"008.7","24","  54.7","24"
"72429793812","CINCINNATI MUNICIPAL AIRPORT LUNKEN FIELD, OH US","39.106","-84.41609","144.8","2024-10-22","  45.9","24","100000",," 20.0",,"  81.0"," ","  39.9"," "," 13.0",," 0.00","G","1022.5","18","999.9",,"005.0","24","  57.4","24"
"72429793812","CINCINNATI MUNICIPAL AIRPORT LUNKEN FIELD, OH US","39.106","-84.41609","144.8","2024-10-23","  48.6","24","000000",," 21.0",,"  81.0"," ","  41.0"," "," 12.0",," 0.00","G","1017.7","24","999.9",,"999.9","24","  62.2","24"
"72429793812","CINCINNATI MUNICIPAL AIRPORT LUNKEN FIELD, OH US","39.106","-84.41609","144.8","2024-10-24","  43.2","24","000000",," 22.9",,"  80.1"," ","  39.9"," "," 14.0",," 0.00","G","1021.3","24","999.9",,"003.4","24","  55.1","24"
"72429793812","CINCINNATI MUNICIPAL AIRPORT LUNKEN FIELD, OH US","39.106","-84.41609","144.8","2024-10-25","  47.4","24","110000",," 15.0",,"  75.9"," ","  39.0"," ","  9.9",," 0.00","G","1019.4","18","999.9",,"001.4","24","  54.4","24"
"72429793812","CINCINNATI MUNICIPAL AIRPORT LUNKEN FIELD, OH US","39.106","-84.41609","144.8","2024-10-26","  44.2","24","000000",," 21.0",,"  75.9"," ","  39.0"," "," 15.0",," 0.00","G","1026.5","24","999.9",,"008.4","24","  58.1","24"
"72429793812","CINCINNATI MUNICIPAL AIRPORT LUNKEN FIELD, OH US","39.106","-84.41609","144.8","2024-10-27","  34.8","24","000000",,"999.9",,"  64.9"," ","  33.1"," ","  7.0",," 0.00","G","1028.9","24","999.9",,"010.6","24","  47.0","24"
"72429793812","CINCINNATI MUNICIPAL AIRPORT LUNKEN FIELD, OH US","39.106","-84.41609","144.8","2024-10-28","  38.9","24","000000",,"999.9",,"  71.1"," ","  32.0"," ","  8.9",," 0.00","G","1025.2","24","999.9",,"006.9","24","  47.5","24"
"72429793812","CINCINNATI MUNICIPAL AIRPORT LUNKEN FIELD, OH US","39.106","-84.41609","144.8","2024-10-29","  55.2","24","000000",," 25.1",,"  80.1","*","  52.0","*"," 15.9",," 0.00","G","1022.2","24","999.9",,"004.2","24","  64.4","24"
"72429793812","CINCINNATI MUNICIPAL AIRPORT LUNKEN FIELD, OH US","39.106","-84.41609","144.8","2024-10-30","  55.0","24","100000",," 19.0",,"  80.1"," ","  50.0"," "," 12.0",," 0.00","G","1024.0","22","999.9",,"006.3","24","  65.0","24"
"72429793812","CINCINNATI MUNICIPAL AIRPORT LUNKEN FIELD, OH US","39.106","-84.41609","144.8","2024-10-31","  59.2","24","010000",," 32.1",,"  80.1"," ","  50.0"," "," 19.0",," 0.00","G","1018.5","24","999.9",,"000.7","24","  64.7","24"
"72429793812","CINCINNATI MUNICIPAL AIRPORT LUNKEN FIELD, OH US","39.106","-84.41609","144.8","2024-11-01","  44.5","24","000000",," 21.0",,"  75.9"," ","  44.1"," "," 11.1",," 0.15","G","1023.3","22","999.9",,"005.0","24","  55.3","24"
"72429793812","CINCINNATI MUNICIPAL AIRPORT LUNKEN FIELD, OH US","39.106","-84.41609","144.8","2024-11-02","  37.9","24","100000",,"999.9",,"  64.9"," ","  30.9"," ","  6.0",," 0.00","G","1028.5","19","999.9",,"010.4","24","  46.0","24"
"72429793812","CINCINNATI MUNICIPAL AIRPORT LUNKEN FIELD, OH US","39.106","-84.41609","144.8","2024-11-03","  41.5","24","100000",,"999.9",,"  73.9"," ","  30.9"," ","  6.0",," 0.00","G","1024.5","22","999.9",,"006.3","24","  50.7","24"
"72429793812","CINCINNATI MUNICIPAL AIRPORT LUNKEN FIELD, OH US","39.106","-84.41609","144.8","2024-11-04","  54.7","24","000000",," 24.1",,"  75.0","*","  54.0","*"," 15.0",," 0.00","G","1019.3","24","999.9",,"001.4","24","  65.4","24"
"72429793812","CINCINNATI MUNICIPAL AIRPORT LUNKEN FIELD, OH US","39.106","-84.41609","144.8","2024-11-05","  57.7","24","000000",," 26.0",,"  80.1"," ","  54.0"," "," 18.1",," 0.00","G","1015.6","24","999.9",,"997.9","24","  69.9","24"
"72429793812","CINCINNATI MUNICIPAL AIRPORT LUNKEN FIELD, OH US","39.106","-84.41609","144.8","2024-11-06","  62.4","24","010000",," 22.0",,"  80.1"," ","  60.1"," "," 14.0",," 0.55","G","1014.9","16","999.9",,"997.6","24","  68.8","24"
"72429793812","CINCINNATI MUNICIPAL AIRPORT LUNKEN FIELD, OH US","39.106","-84.41609","144.8","2024-11-07","  52.8","24","000000",,"999.9",,"  73.9"," ","  54.0"," "," 13.0",," 0.10","G","1022.8","21","999.9",,"004.7","24","  60.5","24"
"72429793812","CINCINNATI MUNICIPAL AIRPORT LUNKEN FIELD, OH US","39.106","-84.41609","144.8","2024-11-08","  40.5","24","100000",,"999.9",,"  66.9"," ","  35.1"," ","  6.0",," 0.00","G","1024.4","16","999.9",,"006.4","24","  49.6","24"
"72429793812","CINCINNATI MUNICIPAL AIRPORT LUNKEN FIELD, OH US","39.106","-84.41609","144.8","2024-11-09","  40.6","24","000000",," 15.0",,"  66.9"," ","  35.1"," ","  8.9",," 0.00","G","1024.4","23","999.9",,"006.2","24","  49.1","24"
"72429793812","CINCINNATI MUNICIPAL AIRPORT LUNKEN FIELD, OH US","39.106","-84.41609","144.8","2024-11-10","  54.4","24","010000",," 22.0",,"  64.9","*","  53.1","*"," 15.0",," 0.59","G","1016.4","16","999.9",,"998.3","24","  58.5","24"
"72429793812","CINCINNATI MUNICIPAL AIRPORT LUNKEN FIELD, OH US","39.106","-84.41609","144.8","2024-11-11","  48.5","24","000000",," 20.0",,"  64.9"," ","  39.9"," "," 14.0",," 0.91","G","1014.0","22","999.9",,"996.0","24","  57.0","24"
"72429793812","CINCINNATI MUNICIPAL AIRPORT LUNKEN FIELD, OH US","39.106","-84.41609","144.8","2024-11-12","  37.9","24","000000",," 21.0",,"  64.9"," ","  34.0"," "," 13.0",," 0.00","G","1022.9","24","999.9",,"004.7","24","  47.0","24"
"72429793812","CINCINNATI MUNICIPAL AIRPORT LUNKEN FIELD, OH US","39.106","-84.41609","144.8","2024-11-13","  37.2","24","100000",,"999.9",,"  61.0"," ","  30.0"," ","  5.1",," 0.00","G","1023.4","20","999.9",,"005.4","24","  44.4","24"
"72429793812","CINCINNATI MUNICIPAL AIRPORT LUNKEN FIELD, OH US","39.106","-84.41609","144.8","2024-11-14","  51.2","24","010000",," 21.0",,"  57.9","*","  51.1","*"," 12.0",," 1.66","G","1013.0","12","999.9",,"994.3","24","  53.8","24"
"72429793812","CINCINNATI MUNICIPAL AIRPORT LUNKEN FIELD, OH US","39.106","-84.41609","144.8","2024-11-15","  47.4","24","010000",,"999.9",,"  57.9"," ","  51.1"," ","  8.9",," 0.25","G","1018.4","20","999.9",,"000.1","24","  52.2","24"
"72429793812","CINCINNATI MUNICIPAL AIRPORT LUNKEN FIELD, OH US","39.106","-84.41609","144.8","2024-11-16","  44.4","24","000000",,"999.9",,"  55.0"," ","  44.1"," ","  6.0",," 0.00","G","1021.7","21","999.9",,"003.5","24","  50.6","24"
"72429793812","CINCINNATI MUNICIPAL AIRPORT LUNKEN FIELD, OH US","39.106","-84.41609","144.8","2024-11-17","  41.9","24","000000",,"999.9",,"  64.9","*","  35.1","*"," 12.0",," 0.00","G","1018.6","22","999.9",,"000.4","24","  46.3","24"
"72429793812","CINCINNATI MUNICIPAL AIRPORT LUNKEN FIELD, OH US","39.106","-84.41609","144.8","2024-11-18","  53.4","24","000000",,"999.9",,"  66.0","*","  51.1","*","  4.1",," 0.00","G","1015.6","23","999.9",,"997.7","24","  57.4","24"
"72429793812","CINCINNATI MUNICIPAL AIRPORT LUNKEN FIELD, OH US","39.106","-84.41609","144.8","2024-11-19","  56.3","24","010000",,"999.9",,"  68.0","*","  53.1","*","  9.9",," 0.41","G","1008.7","19","999.9",,"990.8","24","  59.7","24"
"72429793812","CINCINNATI MUNICIPAL AIRPORT LUNKEN FIELD, OH US","39.106","-84.41609","144.8","2024-11-20","  49.2","24","110000",," 29.9",,"  57.9","*","  43.0","*"," 17.1",," 0.01","G","1010.4"," 9","999.9",,"991.2","24","  52.8","24"
"72429793812","CINCINNATI MUNICIPAL AIRPORT LUNKEN FIELD, OH US","39.106","-84.41609","144.8","2024-11-21","  31.9","24","111000",," 36.9",,"  48.0"," ","  32.0"," "," 22.0",," 0.11","G","1009.2","15","999.9",,"991.1","24","  38.2","24"
"72429793812","CINCINNATI MUNICIPAL AIRPORT LUNKEN FIELD, OH US","39.106","-84.41609","144.8","2024-11-22","  33.9","24","011000",," 22.0",,"  46.0"," ","  32.0"," "," 15.0",," 0.24","G","1011.6","15","999.9",,"993.1","24","  37.9","24"
"72429793812","CINCINNATI MUNICIPAL AIRPORT LUNKEN FIELD, OH US","39.106","-84.41609","144.8","2024-11-23","  39.4","24","000000",," 19.0",,"  46.0"," ","  34.0"," "," 11.1",," 0.01","G","1017.0","22","999.9",,"998.8","24","  44.9","24"
"72429793812","CINCINNATI MUNICIPAL AIRPORT LUNKEN FIELD, OH US","39.106","-84.41609","144.8","2024-11-24","  38.1","24","000000",,"999.9",,"  57.9"," ","  39.9"," ","  9.9",," 0.00","G","1018.1","22","999.9",,"000.0","24","  46.2","24"
"72429793812","CINCINNATI MUNICIPAL AIRPORT LUNKEN FIELD, OH US","39.106","-84.41609","144.8","2024-11-25","  45.9","24","100000",," 21.0",,"  64.0"," ","  35.1"," "," 14.0",," 0.00","G","1013.7","20","999.9",,"995.7","24","  51.2","24"
"72429793812","CINCINNATI MUNICIPAL AIRPORT LUNKEN FIELD, OH US","39.106","-84.41609","144.8","2024-11-26","  37.4","24","010000",," 26.0",,"  64.0"," ","  35.1"," "," 14.0",," 0.18","G","1019.8","21","999.9",,"001.4","24","  46.6","24"
"72429793812","CINCINNATI MUNICIPAL AIRPORT LUNKEN FIELD, OH US","39.106","-84.41609","144.8","2024-11-27","  35.3","24","010000",,"999.9",,"  52.0"," ","  36.0"," ","  7.0",," 0.00","G","1016.8","24","999.9",,"998.5","24","  41.5","24"
"72429793812","CINCINNATI MUNICIPAL AIRPORT LUNKEN FIELD, OH US","39.106","-84.41609","144.8","2024-11-28","  36.7","24","010000",," 20.0",,"  50.0"," ","  36.0"," "," 11.1",," 0.64","G","1011.7","18","999.9",,"993.3","24","  41.4","24"
"72429793812","CINCINNATI MUNICIPAL AIRPORT LUNKEN FIELD, OH US","39.106","-84.41609","144.8","2024-11-29","  22.9","24","010000",," 22.9",,"  45.0"," ","  30.0"," "," 15.9",," 0.05","G","1021.0","21","999.9",,"002.3","24","  34.1","24"
"72429793812","CINCINNATI MUNICIPAL AIRPORT LUNKEN FIELD, OH US","39.106","-84.41609","144.8","2024-11-30","  11.9","24","000000",," 21.0",,"  36.0"," ","  18.0"," "," 15.9",," 0.00","G","1024.8","24","999.9",,"006.2","24","  27.0","24"
"72429793812","CINCINNATI MUNICIPAL AIRPORT LUNKEN FIELD, OH US","39.106","-84.41609","144.8","2024-12-01","  19.0","24","001000",," 15.9",,"  35.1"," ","  27.0"," ","  9.9",," 0.00","G","1023.8","21","999.9",,"005.2","24","  31.1","24"
"72429793812","CINCINNATI MUNICIPAL AIRPORT LUNKEN FIELD, OH US","39.106","-84.41609","144.8","2024-12-02","  14.1","24","001000",,"999.9",,"  35.1"," ","  16.0"," ","  8.0",," 0.00","G","1028.4","24","999.9",,"009.7","24","  26.3","24"
"72429793812","CINCINNATI MUNICIPAL AIRPORT LUNKEN FIELD, OH US","39.106","-84.41609","144.8","2024-12-03","  18.8","24","001000",," 15.0",,"  35.1"," ","  16.0"," ","  9.9",," 0.00","G","1033.8","19","999.9",,"014.9","24","  25.9","24"
"72429793812","CINCINNATI MUNICIPAL AIRPORT LUNKEN FIELD, OH US","39.106","-84.41609","144.8","2024-12-04","  22.3","24","000000",," 28.9",,"  48.9"," ","  21.0"," "," 18.1",," 0.00","G","1020.5","24","999.9",,"001.9","24","  32.6","24"
"72429793812","CINCINNATI MUNICIPAL AIRPORT LUNKEN FIELD, OH US","39.106","-84.41609","144.8","2024-12-05","  15.0","24","011000",," 45.1",,"  48.9"," ","  19.0"," "," 21.0",," 0.18","G","1019.7","22","999.9",,"001.0","24","  29.0","24"
"72429793812","CINCINNATI MUNICIPAL AIRPORT LUNKEN FIELD, OH US","39.106","-84.41609","144.8","2024-12-06","  12.0","24","000000",," 20.0",,"  44.1"," ","  12.9"," "," 12.0",," 0.02","G","1030.6","24","999.9",,"011.7","24","  23.6","24"
"72429793812","CINCINNATI MUNICIPAL AIRPORT LUNKEN FIELD, OH US","39.106","-84.41609","144.8","2024-12-07","  15.2","24","000000",," 20.0",,"  46.9"," ","  12.9"," "," 15.9",," 0.00","G","1025.1","24","999.9",,"006.5","24","  31.0","24"
"72429793812","CINCINNATI MUNICIPAL AIRPORT LUNKEN FIELD, OH US","39.106","-84.41609","144.8","2024-12-08","  26.6","24","000000",," 24.1",,"  60.1","*","  36.0","*"," 15.0",," 0.00","G","1015.6","23","999.9",,"997.4","24","  47.6","24"
"72429793812","CINCINNATI MUNICIPAL AIRPORT LUNKEN FIELD, OH US","39.106","-84.41609","144.8","2024-12-09","  30.7","21","010000",," 22.9",,"  61.0"," ","  39.9"," "," 15.0",," 0.73","G","1010.7","13","999.9",,"992.7","24","  54.4","24"
"72429793812","CINCINNATI MUNICIPAL AIRPORT LUNKEN FIELD, OH US","39.106","-84.41609","144.8","2024-12-10","  45.9","18","010000",,"999.9",,"  57.9"," ","  41.0"," ","  7.0",," 0.01","G","1011.8","17","999.9",,"994.0","24","  48.0","24"
"72429793812","CINCINNATI MUNICIPAL AIRPORT LUNKEN FIELD, OH US","39.106","-84.41609","144.8","2024-12-11","  27.5","24","101000",," 25.1",,"  46.9","*","  30.2","*"," 14.0",," 0.13","G","1014.6","19","999.9",,"996.3","24","  35.6","24"
"72429793812","CINCINNATI MUNICIPAL AIRPORT LUNKEN FIELD, OH US","39.106","-84.41609","144.8","2024-12-12","  10.7","24","001000",," 28.0",,"  37.0"," ","  21.0"," "," 15.9",," 0.01","G","1027.4","23","999.9",,"007.8","24","  28.5","24"
"72429793812","CINCINNATI MUNICIPAL AIRPORT LUNKEN FIELD, OH US","39.106","-84.41609","144.8","2024-12-13","  17.7","24","000000",,"999.9",,"  39.0"," ","  18.0"," ","  8.0",," 0.00","G","1035.7","24","999.9",,"016.9","24","  27.6","24"
"72429793812","CINCINNATI MUNICIPAL AIRPORT LUNKEN FIELD, OH US","39.106","-84.41609","144.8","2024-12-14","  25.1","24","010000",,"999.9",,"  55.0"," ","  18.0"," ","  6.0",," 0.00","G","1036.8","24","999.9",,"018.1","24","  34.2","24"
"72429793812","CINCINNATI MUNICIPAL AIRPORT LUNKEN FIELD, OH US","39.106","-84.41609","144.8","2024-12-15","  42.6","24","010000",," 15.9",,"  51.1","*","  41.0","*","  9.9",," 0.65","G","1027.3","19","999.9",,"008.8","24","  46.2","24"
"72429793812","CINCINNATI MUNICIPAL AIRPORT LUNKEN FIELD, OH US","39.106","-84.41609","144.8","2024-12-16","  51.0","24","110010",," 24.1",,"  60.1"," ","  44.1"," "," 17.1",," 0.02","G","1021.1","15","999.9",,"002.4","24","  52.9","24"
"72429793812","CINCINNATI MUNICIPAL AIRPORT LUNKEN FIELD, OH US","39.106","-84.41609","144.8","2024-12-17","  37.8","24","110000",," 24.1",,"  60.1"," ","  32.0"," "," 17.1",," 0.79","G","1023.7","21","999.9",,"005.3","24","  46.8","24"
"72429793812","CINCINNATI MUNICIPAL AIRPORT LUNKEN FIELD, OH US","39.106","-84.41609","144.8","2024-12-18","  35.5","24","010000",," 18.1",,"  55.9"," ","  28.0"," "," 12.0",," 0.33","G","1023.6","16","999.9",,"004.3","24","  38.8","24"
"72429793812","CINCINNATI MUNICIPAL AIRPORT LUNKEN FIELD, OH US","39.106","-84.41609","144.8","2024-12-19","  29.3","24","000000",,"999.9",,"  45.0"," ","  28.0"," ","  8.9",," 0.39","G","1026.5","21","999.9",,"008.2","24","  38.1","24"
"72429793812","CINCINNATI MUNICIPAL AIRPORT LUNKEN FIELD, OH US","39.106","-84.41609","144.8","2024-12-20","  32.3","24","011000",," 22.0",,"  41.0"," ","  34.0"," "," 13.0",," 0.00","G","1018.0","20","999.9",,"999.3","24","  36.1","24"
"72429793812","CINCINNATI MUNICIPAL AIRPORT LUNKEN FIELD, OH US","39.106","-84.41609","144.8","2024-12-21","  22.1","24","000000",," 20.0",,"  37.9"," ","  26.1"," "," 12.0",," 0.23","G","1029.2","22","999.9",,"010.0","24","  32.1","24"
"72429793812","CINCINNATI MUNICIPAL AIRPORT LUNKEN FIELD, OH US","39.106","-84.41609","144.8","2024-12-22","  17.1","24","000000",,"999.9",,"  36.0"," ","  17.1"," ","  6.0",," 0.00","G","1032.5","24","999.9",,"013.7","24","  25.8","24"
"72429793812","CINCINNATI MUNICIPAL AIRPORT LUNKEN FIELD, OH US","39.106","-84.41609","144.8","2024-12-23","  21.3","24","010000",,"999.9",,"  52.0"," ","  17.1"," "," 12.0",," 0.00","G","1028.5","24","999.9",,"009.9","24","  33.8","24"
"72429793812","CINCINNATI MUNICIPAL AIRPORT LUNKEN FIELD, OH US","39.106","-84.41609","144.8","2024-12-24","  37.1","24","010000",,"999.9",,"  48.9","*","  43.0","*"," 11.1",," 0.02","G","1025.3","21","999.9",,"007.2","24","  46.2","24"
"72429793812","CINCINNATI MUNICIPAL AIRPORT LUNKEN FIELD, OH US","39.106","-84.41609","144.8","2024-12-25","  40.4","24","010000",,"999.9",,"  50.0"," ","  41.0"," ","  4.1",," 0.03","C","1026.0","21","999.9",,"007.7","24","  44.5","24"
"72429793812","CINCINNATI MUNICIPAL AIRPORT LUNKEN FIELD, OH US","39.106","-84.41609","144.8","2024-12-26","  42.2","24","110000",,"999.9",,"  57.0"," ","  39.9"," ","  4.1",," 0.23","G","1024.9","22","999.9",,"006.8","24","  46.4","24"
"72429793812","CINCINNATI MUNICIPAL AIRPORT LUNKEN FIELD, OH US","39.106","-84.41609","144.8","2024-12-27","  42.1","24","110000",,"999.9",,"  57.0"," ","  34.0"," ","  9.9",," 0.16","G","1018.8","19","999.9",,"000.8","24","  44.9","24"
"72429793812","CINCINNATI MUNICIPAL AIRPORT LUNKEN FIELD, OH US","39.106","-84.41609","144.8","2024-12-28","  51.1","24","000000",," 21.0",,"  63.0"," ","  34.0"," "," 14.0",," 0.16","G","1016.6","16","999.9",,"998.2","24","  55.9","24"
"72429793812","CINCINNATI MUNICIPAL AIRPORT LUNKEN FIELD, OH US","39.106","-84.41609","144.8","2024-12-29","  53.0","24","010000",," 42.9",,"  63.0"," ","  46.9"," "," 28.0",," 1.45","G","1002.4","18","999.9",,"986.3","24","  56.5","24"
"72429793812","CINCINNATI MUNICIPAL AIRPORT LUNKEN FIELD, OH US","39.106","-84.41609","144.8","2024-12-30","  38.9","24","000000",," 25.1",,"  62.1"," ","  39.0"," "," 15.9",," 0.28","G","1009.2","22","999.9",,"991.0","23","  46.4","24"
"72429793812","CINCINNATI MUNICIPAL AIRPORT LUNKEN FIELD, OH US","39.106","-84.41609","144.8","2024-12-31","  42.3","24","010010",," 32.1",,"  54.0"," ","  39.0"," "," 20.0",," 0.47","G","1001.6","22","999.9",,"984.1","17","  47.4","24"
