"STATION","NAME","LATITUDE","LONGITUDE","ELEVATION","DATE","DEWP","DEWP_ATTRIBUTES","FRSHTT","FRSHTT_ATTRIBUTES","GUST","GUST_ATTRIBUTES","MAX","MAX_ATTRIBUTES","MIN","MIN_ATTRIBUTES","MXSPD","MXSPD_ATTRIBUTES","PRCP","PRCP_ATTRIBUTES","SLP","SLP_ATTRIBUTES","SNDP","SNDP_ATTRIBUTES","STP","STP_ATTRIBUTES","TEMP","TEMP_ATTRIBUTES"
"99495199999","SEBASTIAN INLET STATE PARK, FL US","27.862","-80.445","10.0","2015-01-01","9999.9"," 0","000000",,"999.9",,"  72.5","*","  69.8","*"," 15.9",," 0.00","I","1023.0","24","999.9",,"999.9"," 0","  71.3","24"
"99495199999","SEBASTIAN INLET STATE PARK, FL US","27.862","-80.445","10.0","2015-01-02","9999.9"," 0","000000",,"999.9",,"  72.9","*","  68.5","*"," 11.1",," 0.00","I","1023.7","24","999.9",,"999.9"," 0","  70.4","24"
"99495199999","SEBASTIAN INLET STATE PARK, FL US","27.862","-80.445","10.0","2015-01-03","9999.9"," 0","000000",,"999.9",,"  75.4","*","  72.7","*"," 15.0",," 0.00","I","1023.9","24","999.9",,"999.9"," 0","  74.3","24"
"99495199999","SEBASTIAN INLET STATE PARK, FL US","27.862","-80.445","10.0","2015-01-04","9999.9"," 0","000000",,"999.9",,"  82.0","*","  72.5","*"," 15.0",," 0.00","I","1024.0","24","999.9",,"999.9"," 0","  75.8","24"
"99495199999","SEBASTIAN INLET STATE PARK, FL US","27.862","-80.445","10.0","2015-01-05","9999.9"," 0","000000",,"999.9",,"  75.6","*","  66.4","*"," 22.0",," 0.00","I","1026.4","24","999.9",,"999.9"," 0","  70.3","24"
"99495199999","SEBASTIAN INLET STATE PARK, FL US","27.862","-80.445","10.0","2015-01-06","9999.9"," 0","000000",,"999.9",,"  78.1","*","  66.9","*"," 17.1",," 0.00","I","1026.4","24","999.9",,"999.9"," 0","  72.0","24"
"99495199999","SEBASTIAN INLET STATE PARK, FL US","27.862","-80.445","10.0","2015-01-07","9999.9"," 0","000000",,"999.9",,"  72.7","*","  57.9","*"," 13.0",," 0.00","I","1022.7","24","999.9",,"999.9"," 0","  64.9","24"
"99495199999","SEBASTIAN INLET STATE PARK, FL US","27.862","-80.445","10.0","2015-01-08","9999.9"," 0","000000",,"999.9",,"  63.7","*","  47.5","*"," 33.0",," 0.00","I","1024.8","24","999.9",,"999.9"," 0","  58.7","24"
"99495199999","SEBASTIAN INLET STATE PARK, FL US","27.862","-80.445","10.0","2015-01-09","9999.9"," 0","000000",,"999.9",,"  67.3","*","  56.3","*"," 20.0",," 0.00","I","1024.6","24","999.9",,"999.9"," 0","  62.6","24"
"99495199999","SEBASTIAN INLET STATE PARK, FL US","27.862","-80.445","10.0","2015-01-10","9999.9"," 0","000000",,"999.9",,"  68.5","*","  52.2","*"," 19.0",," 0.00","I","1026.6","24","999.9",,"999.9"," 0","  59.2","24"
"99495199999","SEBASTIAN INLET STATE PARK, FL US","27.862","-80.445","10.0","2015-01-11","9999.9"," 0","000000",,"999.9",,"  71.8","*","  67.1","*"," 14.0",," 0.00","I","1026.7","24","999.9",,"999.9"," 0","  69.9","24"
"99495199999","SEBASTIAN INLET STATE PARK, FL US","27.862","-80.445","10.0","2015-01-12","9999.9"," 0","000000",,"999.9",,"  72.0","*","  69.3","*"," 14.0",," 0.00","I","1023.7","24","999.9",,"999.9"," 0","  70.9","24"
"99495199999","SEBASTIAN INLET STATE PARK, FL US","27.862","-80.445","10.0","2015-01-13","9999.9"," 0","000000",,"999.9",,"  70.0","*","  64.8","*"," 29.9",," 0.00","I","1020.0","24","999.9",,"999.9"," 0","  67.5","24"
"99495199999","SEBASTIAN INLET STATE PARK, FL US","27.862","-80.445","10.0","2015-01-14","9999.9"," 0","000000",,"999.9",,"  66.6","*","  61.7","*"," 22.9",," 0.00","I","1019.1","24","999.9",,"999.9"," 0","  64.6","24"
"99495199999","SEBASTIAN INLET STATE PARK, FL US","27.862","-80.445","10.0","2015-01-15","9999.9"," 0","000000",,"999.9",,"  64.0","*","  59.4","*"," 22.0",," 0.00","I","1019.5","24","999.9",,"999.9"," 0","  61.1","24"
"99495199999","SEBASTIAN INLET STATE PARK, FL US","27.862","-80.445","10.0","2015-01-16","9999.9"," 0","000000",,"999.9",,"  59.9","*","  55.6","*"," 22.0",," 0.00","I","1019.2","24","999.9",,"999.9"," 0","  57.7","24"
"99495199999","SEBASTIAN INLET STATE PARK, FL US","27.862","-80.445","10.0","2015-01-17","9999.9"," 0","000000",,"999.9",,"  68.5","*","  54.9","*"," 21.0",," 0.00","I","1021.5","24","999.9",,"999.9"," 0","  60.9","24"
"99495199999","SEBASTIAN INLET STATE PARK, FL US","27.862","-80.445","10.0","2015-01-18","9999.9"," 0","000000",,"999.9",,"  67.6","*","  60.8","*"," 12.0",," 0.00","I","1020.1","24","999.9",,"999.9"," 0","  64.5","24"
"99495199999","SEBASTIAN INLET STATE PARK, FL US","27.862","-80.445","10.0","2015-01-19","9999.9"," 0","000000",,"999.9",,"  63.9","*","  54.9","*"," 17.1",," 0.00","I","1021.8","24","999.9",,"999.9"," 0","  59.8","24"
"99495199999","SEBASTIAN INLET STATE PARK, FL US","27.862","-80.445","10.0","2015-01-20","9999.9"," 0","000000",,"999.9",,"  65.5","*","  59.5","*","  8.9",," 0.00","I","1019.5","24","999.9",,"999.9"," 0","  62.3","24"
"99495199999","SEBASTIAN INLET STATE PARK, FL US","27.862","-80.445","10.0","2015-01-21","9999.9"," 0","000000",,"999.9",,"  66.7","*","  60.3","*","  9.9",," 0.00","I","1018.1","24","999.9",,"999.9"," 0","  63.5","24"
"99495199999","SEBASTIAN INLET STATE PARK, FL US","27.862","-80.445","10.0","2015-01-22","9999.9"," 0","000000",,"999.9",,"  70.3","*","  64.8","*","  8.9",," 0.00","I","1021.3","24","999.9",,"999.9"," 0","  67.7","24"
"99495199999","SEBASTIAN INLET STATE PARK, FL US","27.862","-80.445","10.0","2015-01-23","9999.9"," 0","000000",,"999.9",,"  70.3","*","  68.4","*"," 17.1",," 0.00","I","1019.6","24","999.9",,"999.9"," 0","  69.0","24"
"99495199999","SEBASTIAN INLET STATE PARK, FL US","27.862","-80.445","10.0","2015-01-24","9999.9"," 0","000000",,"999.9",,"  72.3","*","  62.1","*"," 21.0",," 0.00","I","1013.2","24","999.9",,"999.9"," 0","  68.8","24"
"99495199999","SEBASTIAN INLET STATE PARK, FL US","27.862","-80.445","10.0","2015-01-25","9999.9"," 0","000000",,"999.9",,"  59.7","*","  48.0","*"," 14.0",," 0.00","I","1017.4","24","999.9",,"999.9"," 0","  53.7","24"
"99495199999","SEBASTIAN INLET STATE PARK, FL US","27.862","-80.445","10.0","2015-01-26","9999.9"," 0","000000",,"999.9",,"  66.0","*","  55.0","*"," 19.0",," 0.00","I","1013.4","24","999.9",,"999.9"," 0","  59.7","24"
"99495199999","SEBASTIAN INLET STATE PARK, FL US","27.862","-80.445","10.0","2015-01-27","9999.9"," 0","000000",,"999.9",,"  65.1","*","  46.4","*"," 15.0",," 0.00","I","1015.3","24","999.9",,"999.9"," 0","  54.9","24"
"99495199999","SEBASTIAN INLET STATE PARK, FL US","27.862","-80.445","10.0","2015-01-28","9999.9"," 0","000000",,"999.9",,"  62.6","*","  48.9","*"," 20.0",," 0.00","I","1019.9","24","999.9",,"999.9"," 0","  55.2","24"
"99495199999","SEBASTIAN INLET STATE PARK, FL US","27.862","-80.445","10.0","2015-01-29","9999.9"," 0","000000",,"999.9",,"  65.1","*","  55.6","*"," 21.0",," 0.00","I","1024.6","24","999.9",,"999.9"," 0","  61.4","24"
"99495199999","SEBASTIAN INLET STATE PARK, FL US","27.862","-80.445","10.0","2015-01-30","9999.9"," 0","000000",,"999.9",,"  70.3","*","  53.8","*"," 12.0",," 0.00","I","1023.0","24","999.9",,"999.9"," 0","  61.4","24"
"99495199999","SEBASTIAN INLET STATE PARK, FL US","27.862","-80.445","10.0","2015-01-31","9999.9"," 0","000000",,"999.9",,"  64.8","*","  54.7","*"," 19.0",," 0.00","I","1023.8","24","999.9",,"999.9"," 0","  63.1","24"
"99495199999","SEBASTIAN INLET STATE PARK, FL US","27.862","-80.445","10.0","2015-02-01","9999.9"," 0","000000",,"999.9",,"  66.4","*","  64.4","*"," 17.1",," 0.00","I","1024.1","24","999.9",,"999.9"," 0","  65.6","24"
"99495199999","SEBASTIAN INLET STATE PARK, FL US","27.862","-80.445","10.0","2015-02-02","9999.9"," 0","000000",,"999.9",,"  76.1","*","  61.7","*"," 21.0",," 0.00","I","1017.0","24","999.9",,"999.9"," 0","  67.4","24"
"99495199999","SEBASTIAN INLET STATE PARK, FL US","27.862","-80.445","10.0","2015-02-03","9999.9"," 0","000000",,"999.9",,"  68.0","*","  50.4","*"," 21.0",," 0.00","I","1021.4","24","999.9",,"999.9"," 0","  58.7","24"
"99495199999","SEBASTIAN INLET STATE PARK, FL US","27.862","-80.445","10.0","2015-02-04","9999.9"," 0","000000",,"999.9",,"  67.8","*","  63.5","*"," 13.0",," 0.00","I","1022.2","24","999.9",,"999.9"," 0","  66.6","24"
"99495199999","SEBASTIAN INLET STATE PARK, FL US","27.862","-80.445","10.0","2015-02-05","9999.9"," 0","000000",,"999.9",,"  68.5","*","  59.7","*"," 24.1",," 0.00","I","1014.7","24","999.9",,"999.9"," 0","  65.2","24"
"99495199999","SEBASTIAN INLET STATE PARK, FL US","27.862","-80.445","10.0","2015-02-06","9999.9"," 0","000000",,"999.9",,"  64.4","*","  57.4","*"," 25.1",," 0.00","I","1020.9","24","999.9",,"999.9"," 0","  61.2","24"
"99495199999","SEBASTIAN INLET STATE PARK, FL US","27.862","-80.445","10.0","2015-02-07","9999.9"," 0","000000",,"999.9",,"  65.8","*","  61.2","*"," 21.0",," 0.00","I","1024.4","24","999.9",,"999.9"," 0","  64.7","24"
"99495199999","SEBASTIAN INLET STATE PARK, FL US","27.862","-80.445","10.0","2015-02-08","9999.9"," 0","000000",,"999.9",,"  67.1","*","  60.6","*","  9.9",," 0.00","I","1022.0","24","999.9",,"999.9"," 0","  65.1","24"
"99495199999","SEBASTIAN INLET STATE PARK, FL US","27.862","-80.445","10.0","2015-02-09","9999.9"," 0","000000",,"999.9",,"  66.9","*","  59.7","*"," 15.0",," 0.00","I","1014.8","24","999.9",,"999.9"," 0","  63.9","24"
"99495199999","SEBASTIAN INLET STATE PARK, FL US","27.862","-80.445","10.0","2015-02-10","9999.9"," 0","000000",,"999.9",,"  66.0","*","  58.6","*"," 21.0",," 0.00","I","1007.4","24","999.9",,"999.9"," 0","  62.2","24"
"99495199999","SEBASTIAN INLET STATE PARK, FL US","27.862","-80.445","10.0","2015-02-11","9999.9"," 0","000000",,"999.9",,"  60.6","*","  51.3","*"," 22.9",," 0.00","I","1014.3","24","999.9",,"999.9"," 0","  57.3","24"
"99495199999","SEBASTIAN INLET STATE PARK, FL US","27.862","-80.445","10.0","2015-02-12","9999.9"," 0","000000",,"999.9",,"  68.4","*","  50.7","*"," 15.0",," 0.00","I","1018.6","24","999.9",,"999.9"," 0","  60.7","24"
"99495199999","SEBASTIAN INLET STATE PARK, FL US","27.862","-80.445","10.0","2015-02-13","9999.9"," 0","000000",,"999.9",,"  64.6","*","  53.2","*"," 20.0",," 0.00","I","1019.7","24","999.9",,"999.9"," 0","  57.4","24"
"99495199999","SEBASTIAN INLET STATE PARK, FL US","27.862","-80.445","10.0","2015-02-14","9999.9"," 0","000000",,"999.9",,"  60.1","*","  45.7","*"," 18.1",," 0.00","I","1022.4","24","999.9",,"999.9"," 0","  51.8","24"
"99495199999","SEBASTIAN INLET STATE PARK, FL US","27.862","-80.445","10.0","2015-02-15","9999.9"," 0","000000",,"999.9",,"  63.1","*","  50.4","*"," 14.0",," 0.00","I","1021.9","24","999.9",,"999.9"," 0","  56.5","24"
"99495199999","SEBASTIAN INLET STATE PARK, FL US","27.862","-80.445","10.0","2015-02-16","9999.9"," 0","000000",,"999.9",,"  65.1","*","  61.5","*"," 15.0",," 0.00","I","1021.9","24","999.9",,"999.9"," 0","  64.0","24"
"99495199999","SEBASTIAN INLET STATE PARK, FL US","27.862","-80.445","10.0","2015-02-17","9999.9"," 0","000000",,"999.9",,"  77.9","*","  62.4","*"," 18.1",," 0.00","I","1014.1","24","999.9",,"999.9"," 0","  68.6","24"
"99495199999","SEBASTIAN INLET STATE PARK, FL US","27.862","-80.445","10.0","2015-02-18","9999.9"," 0","000000",,"999.9",,"  73.0","*","  52.2","*"," 17.1",," 0.00","I","1015.8","24","999.9",,"999.9"," 0","  59.3","24"
"99495199999","SEBASTIAN INLET STATE PARK, FL US","27.862","-80.445","10.0","2015-02-19","9999.9"," 0","000000",,"999.9",,"  56.8","*","  42.3","*"," 22.0",," 0.00","I","1023.4","24","999.9",,"999.9"," 0","  47.8","24"
"99495199999","SEBASTIAN INLET STATE PARK, FL US","27.862","-80.445","10.0","2015-02-20","9999.9"," 0","000000",,"999.9",,"  52.9","*","  38.1","*"," 15.0",," 0.00","I","1027.8","24","999.9",,"999.9"," 0","  45.2","24"
"99495199999","SEBASTIAN INLET STATE PARK, FL US","27.862","-80.445","10.0","2015-02-21","9999.9"," 0","000000",,"999.9",,"  65.5","*","  53.2","*"," 17.1",," 0.00","I","1027.0","24","999.9",,"999.9"," 0","  61.5","24"
"99495199999","SEBASTIAN INLET STATE PARK, FL US","27.862","-80.445","10.0","2015-02-22","9999.9"," 0","000000",,"999.9",,"  68.0","*","  63.0","*"," 13.0",," 0.00","I","1023.5","24","999.9",,"999.9"," 0","  65.2","24"
"99495199999","SEBASTIAN INLET STATE PARK, FL US","27.862","-80.445","10.0","2015-02-23","9999.9"," 0","000000",,"999.9",,"  78.6","*","  64.8","*","  9.9",," 0.00","I","1022.1","24","999.9",,"999.9"," 0","  69.7","24"
"99495199999","SEBASTIAN INLET STATE PARK, FL US","27.862","-80.445","10.0","2015-02-24","9999.9"," 0","000000",,"999.9",,"  77.2","*","  63.7","*"," 11.1",," 0.00","I","1018.2","24","999.9",,"999.9"," 0","  69.4","24"
"99495199999","SEBASTIAN INLET STATE PARK, FL US","27.862","-80.445","10.0","2015-02-25","9999.9"," 0","000000",,"999.9",,"  70.5","*","  63.0","*"," 15.9",," 0.00","I","1014.1","24","999.9",,"999.9"," 0","  65.9","24"
"99495199999","SEBASTIAN INLET STATE PARK, FL US","27.862","-80.445","10.0","2015-02-26","9999.9"," 0","000000",,"999.9",,"  73.4","*","  64.6","*"," 19.0",," 0.00","I","1010.1","24","999.9",,"999.9"," 0","  69.7","24"
"99495199999","SEBASTIAN INLET STATE PARK, FL US","27.862","-80.445","10.0","2015-02-27","9999.9"," 0","000000",,"999.9",,"  64.8","*","  57.6","*"," 26.0",," 0.00","I","1019.4","24","999.9",,"999.9"," 0","  60.3","24"
"99495199999","SEBASTIAN INLET STATE PARK, FL US","27.862","-80.445","10.0","2015-02-28","9999.9"," 0","000000",,"999.9",,"  69.3","*","  60.3","*"," 22.0",," 0.00","I","1025.0","24","999.9",,"999.9"," 0","  66.6","24"
"99495199999","SEBASTIAN INLET STATE PARK, FL US","27.862","-80.445","10.0","2015-03-01","9999.9"," 0","000000",,"999.9",,"  69.8","*","  68.0","*"," 18.1",," 0.00","I","1027.5","24","999.9",,"999.9"," 0","  68.8","24"
"99495199999","SEBASTIAN INLET STATE PARK, FL US","27.862","-80.445","10.0","2015-03-02","9999.9"," 0","000000",,"999.9",,"  69.6","*","  61.9","*"," 12.0",," 0.00","I","1026.4","24","999.9",,"999.9"," 0","  65.5","24"
"99495199999","SEBASTIAN INLET STATE PARK, FL US","27.862","-80.445","10.0","2015-03-03","9999.9"," 0","000000",,"999.9",,"  72.0","*","  64.9","*","  8.9",," 0.00","I","1023.8","24","999.9",,"999.9"," 0","  68.3","24"
"99495199999","SEBASTIAN INLET STATE PARK, FL US","27.862","-80.445","10.0","2015-03-04","9999.9"," 0","000000",,"999.9",,"  72.7","*","  69.8","*"," 15.0",," 0.00","I","1021.5","24","999.9",,"999.9"," 0","  71.4","24"
"99495199999","SEBASTIAN INLET STATE PARK, FL US","27.862","-80.445","10.0","2015-03-05","9999.9"," 0","000000",,"999.9",,"  82.8","*","  70.9","*"," 15.0",," 0.00","I","1019.8","24","999.9",,"999.9"," 0","  74.2","24"
"99495199999","SEBASTIAN INLET STATE PARK, FL US","27.862","-80.445","10.0","2015-03-06","9999.9"," 0","000000",,"999.9",,"  77.4","*","  64.0","*"," 24.1",," 0.00","I","1021.9","24","999.9",,"999.9"," 0","  70.0","24"
"99495199999","SEBASTIAN INLET STATE PARK, FL US","27.862","-80.445","10.0","2015-03-07","9999.9"," 0","000000",,"999.9",,"  65.7","*","  59.7","*"," 27.0",," 0.00","I","1024.9","24","999.9",,"999.9"," 0","  62.4","24"
"99495199999","SEBASTIAN INLET STATE PARK, FL US","27.862","-80.445","10.0","2015-03-08","9999.9"," 0","000000",,"999.9",,"  69.6","*","  66.6","*"," 17.1",," 0.00","I","1024.9","24","999.9",,"999.9"," 0","  68.6","24"
"99495199999","SEBASTIAN INLET STATE PARK, FL US","27.862","-80.445","10.0","2015-03-09","9999.9"," 0","000000",,"999.9",,"  73.2","*","  69.4","*"," 11.1",," 0.00","I","1022.7","24","999.9",,"999.9"," 0","  71.0","24"
"99495199999","SEBASTIAN INLET STATE PARK, FL US","27.862","-80.445","10.0","2015-03-10","9999.9"," 0","000000",,"999.9",,"  74.5","*","  72.7","*"," 13.0",," 0.00","I","1022.0","24","999.9",,"999.9"," 0","  73.4","24"
"99495199999","SEBASTIAN INLET STATE PARK, FL US","27.862","-80.445","10.0","2015-03-11","9999.9"," 0","000000",,"999.9",,"  75.2","*","  73.2","*"," 15.0",," 0.00","I","1022.2","24","999.9",,"999.9"," 0","  74.3","24"
"99495199999","SEBASTIAN INLET STATE PARK, FL US","27.862","-80.445","10.0","2015-03-12","9999.9"," 0","000000",,"999.9",,"  75.6","*","  72.9","*"," 13.0",," 0.00","I","1023.0","24","999.9",,"999.9"," 0","  74.5","24"
"99495199999","SEBASTIAN INLET STATE PARK, FL US","27.862","-80.445","10.0","2015-03-13","9999.9"," 0","000000",,"999.9",,"  75.6","*","  74.5","*"," 19.0",," 0.00","I","1023.0","24","999.9",,"999.9"," 0","  74.9","24"
"99495199999","SEBASTIAN INLET STATE PARK, FL US","27.862","-80.445","10.0","2015-03-14","9999.9"," 0","000000",,"999.9",,"  75.9","*","  73.4","*"," 18.1",," 0.00","I","1021.0","23","999.9",,"999.9"," 0","  74.7","23"
"99495199999","SEBASTIAN INLET STATE PARK, FL US","27.862","-80.445","10.0","2015-03-15","9999.9"," 0","000000",,"999.9",,"  75.2","*","  71.2","*"," 18.1",," 0.00","I","1020.7","24","999.9",,"999.9"," 0","  73.5","24"
"99495199999","SEBASTIAN INLET STATE PARK, FL US","27.862","-80.445","10.0","2015-03-16","9999.9"," 0","000000",,"999.9",,"  74.7","*","  72.0","*"," 11.1",," 0.00","I","1021.3","24","999.9",,"999.9"," 0","  73.7","24"
"99495199999","SEBASTIAN INLET STATE PARK, FL US","27.862","-80.445","10.0","2015-03-17","9999.9"," 0","000000",,"999.9",,"  79.5","*","  69.1","*"," 12.0",," 0.00","I","1018.6","24","999.9",,"999.9"," 0","  73.3","24"
"99495199999","SEBASTIAN INLET STATE PARK, FL US","27.862","-80.445","10.0","2015-03-18","9999.9"," 0","000000",,"999.9",,"  76.8","*","  66.6","*","  9.9",," 0.00","I","1015.5","24","999.9",,"999.9"," 0","  70.9","24"
"99495199999","SEBASTIAN INLET STATE PARK, FL US","27.862","-80.445","10.0","2015-03-19","9999.9"," 0","000000",,"999.9",,"  77.2","*","  70.3","*"," 12.0",," 0.00","I","1017.1","24","999.9",,"999.9"," 0","  73.5","24"
"99495199999","SEBASTIAN INLET STATE PARK, FL US","27.862","-80.445","10.0","2015-03-20","9999.9"," 0","000000",,"999.9",,"  76.5","*","  69.3","*"," 12.0",," 0.00","I","1018.1","24","999.9",,"999.9"," 0","  73.9","24"
"99495199999","SEBASTIAN INLET STATE PARK, FL US","27.862","-80.445","10.0","2015-03-21","9999.9"," 0","000000",,"999.9",,"  75.6","*","  69.6","*","  9.9",," 0.00","I","1018.5","24","999.9",,"999.9"," 0","  73.1","24"
"99495199999","SEBASTIAN INLET STATE PARK, FL US","27.862","-80.445","10.0","2015-03-22","9999.9"," 0","000000",,"999.9",,"  76.8","*","  70.7","*"," 13.0",," 0.00","I","1016.6","24","999.9",,"999.9"," 0","  74.1","24"
"99495199999","SEBASTIAN INLET STATE PARK, FL US","27.862","-80.445","10.0","2015-03-23","9999.9"," 0","000000",,"999.9",,"  80.6","*","  68.7","*","  9.9",," 0.00","I","1014.4","24","999.9",,"999.9"," 0","  72.1","24"
"99495199999","SEBASTIAN INLET STATE PARK, FL US","27.862","-80.445","10.0","2015-03-24","9999.9"," 0","000000",,"999.9",,"  71.8","*","  66.9","*"," 13.0",," 0.00","I","1016.8","24","999.9",,"999.9"," 0","  69.3","24"
"99495199999","SEBASTIAN INLET STATE PARK, FL US","27.862","-80.445","10.0","2015-03-25","9999.9"," 0","000000",,"999.9",,"  70.9","*","  65.1","*"," 12.0",," 0.00","I","1019.7","24","999.9",,"999.9"," 0","  67.2","24"
"99495199999","SEBASTIAN INLET STATE PARK, FL US","27.862","-80.445","10.0","2015-03-26","9999.9"," 0","000000",,"999.9",,"  79.2","*","  71.4","*"," 18.1",," 0.00","I","1017.6","24","999.9",,"999.9"," 0","  74.2","24"
"99495199999","SEBASTIAN INLET STATE PARK, FL US","27.862","-80.445","10.0","2015-03-27","9999.9"," 0","000000",,"999.9",,"  79.9","*","  68.4","*"," 18.1",," 0.00","I","1012.5","24","999.9",,"999.9"," 0","  73.4","24"
"99495199999","SEBASTIAN INLET STATE PARK, FL US","27.862","-80.445","10.0","2015-03-28","9999.9"," 0","000000",,"999.9",,"  68.0","*","  56.7","*"," 19.0",," 0.00","I","1017.8","24","999.9",,"999.9"," 0","  62.8","24"
"99495199999","SEBASTIAN INLET STATE PARK, FL US","27.862","-80.445","10.0","2015-03-29","9999.9"," 0","000000",,"999.9",,"  65.1","*","  55.9","*"," 17.1",," 0.00","I","1025.3","24","999.9",,"999.9"," 0","  60.2","24"
"99495199999","SEBASTIAN INLET STATE PARK, FL US","27.862","-80.445","10.0","2015-03-30","9999.9"," 0","000000",,"999.9",,"  68.0","*","  57.9","*"," 13.0",," 0.00","I","1025.5","24","999.9",,"999.9"," 0","  63.3","24"
"99495199999","SEBASTIAN INLET STATE PARK, FL US","27.862","-80.445","10.0","2015-03-31","9999.9"," 0","000000",,"999.9",,"  72.5","*","  61.3","*"," 13.0",," 0.00","I","1021.5","24","999.9",,"999.9"," 0","  66.7","24"
"99495199999","SEBASTIAN INLET STATE PARK, FL US","27.862","-80.445","10.0","2015-04-01","9999.9"," 0","000000",,"999.9",,"  75.0","*","  61.7","*"," 13.0",," 0.00","I","1019.9","24","999.9",,"999.9"," 0","  69.6","24"
"99495199999","SEBASTIAN INLET STATE PARK, FL US","27.862","-80.445","10.0","2015-04-02","9999.9"," 0","000000",,"999.9",,"  75.4","*","  67.3","*"," 12.0",," 0.00","I","1021.8","24","999.9",,"999.9"," 0","  71.9","24"
"99495199999","SEBASTIAN INLET STATE PARK, FL US","27.862","-80.445","10.0","2015-04-03","9999.9"," 0","000000",,"999.9",,"  75.4","*","  69.1","*"," 12.0",," 0.00","I","1022.0","24","999.9",,"999.9"," 0","  73.7","24"
"99495199999","SEBASTIAN INLET STATE PARK, FL US","27.862","-80.445","10.0","2015-04-04","9999.9"," 0","000000",,"999.9",,"  78.1","*","  67.6","*"," 15.0",," 0.00","I","1019.8","24","999.9",,"999.9"," 0","  73.4","24"
"99495199999","SEBASTIAN INLET STATE PARK, FL US","27.862","-80.445","10.0","2015-04-05","9999.9"," 0","000000",,"999.9",,"  75.9","*","  69.6","*"," 15.9",," 0.00","I","1019.6","24","999.9",,"999.9"," 0","  73.4","24"
"99495199999","SEBASTIAN INLET STATE PARK, FL US","27.862","-80.445","10.0","2015-04-06","9999.9"," 0","000000",,"999.9",,"  75.9","*","  69.3","*"," 18.1",," 0.00","I","1021.3","24","999.9",,"999.9"," 0","  73.2","24"
"99495199999","SEBASTIAN INLET STATE PARK, FL US","27.862","-80.445","10.0","2015-04-07","9999.9"," 0","000000",,"999.9",,"  75.9","*","  73.8","*"," 14.0",," 0.00","I","1022.0","24","999.9",,"999.9"," 0","  75.3","24"
"99495199999","SEBASTIAN INLET STATE PARK, FL US","27.862","-80.445","10.0","2015-04-08","9999.9"," 0","000000",,"999.9",,"  76.3","*","  75.2","*"," 11.1",," 0.00","I","1021.6","24","999.9",,"999.9"," 0","  75.6","24"
"99495199999","SEBASTIAN INLET STATE PARK, FL US","27.862","-80.445","10.0","2015-04-09","9999.9"," 0","000000",,"999.9",,"  76.5","*","  74.7","*"," 13.0",," 0.00","I","1021.1","24","999.9",,"999.9"," 0","  75.5","24"
"99495199999","SEBASTIAN INLET STATE PARK, FL US","27.862","-80.445","10.0","2015-04-10","9999.9"," 0","000000",,"999.9",,"  77.2","*","  75.4","*"," 15.0",," 0.00","I","1020.5","24","999.9",,"999.9"," 0","  76.1","24"
"99495199999","SEBASTIAN INLET STATE PARK, FL US","27.862","-80.445","10.0","2015-04-11","9999.9"," 0","000000",,"999.9",,"  80.1","*","  74.1","*"," 14.0",," 0.00","I","1019.5","24","999.9",,"999.9"," 0","  76.3","24"
"99495199999","SEBASTIAN INLET STATE PARK, FL US","27.862","-80.445","10.0","2015-04-12","9999.9"," 0","000000",,"999.9",,"  77.9","*","  70.7","*"," 13.0",," 0.00","I","1019.8","24","999.9",,"999.9"," 0","  76.0","24"
"99495199999","SEBASTIAN INLET STATE PARK, FL US","27.862","-80.445","10.0","2015-04-13","9999.9"," 0","000000",,"999.9",,"  77.5","*","  75.9","*"," 17.1",," 0.00","I","1021.0","24","999.9",,"999.9"," 0","  77.0","24"
"99495199999","SEBASTIAN INLET STATE PARK, FL US","27.862","-80.445","10.0","2015-04-14","9999.9"," 0","000000",,"999.9",,"  77.5","*","  73.4","*"," 15.0",," 0.00","I","1021.4","24","999.9",,"999.9"," 0","  76.2","24"
"99495199999","SEBASTIAN INLET STATE PARK, FL US","27.862","-80.445","10.0","2015-04-15","9999.9"," 0","000000",,"999.9",,"  79.9","*","  73.6","*"," 14.0",," 0.00","I","1019.2","24","999.9",,"999.9"," 0","  76.6","24"
"99495199999","SEBASTIAN INLET STATE PARK, FL US","27.862","-80.445","10.0","2015-04-16","9999.9"," 0","000000",,"999.9",,"  78.8","*","  73.2","*"," 13.0",," 0.00","I","1019.2","24","999.9",,"999.9"," 0","  76.3","24"
"99495199999","SEBASTIAN INLET STATE PARK, FL US","27.862","-80.445","10.0","2015-04-17","9999.9"," 0","000000",,"999.9",,"  81.0","*","  72.1","*","  9.9",," 0.00","I","1018.4","24","999.9",,"999.9"," 0","  75.7","24"
"99495199999","SEBASTIAN INLET STATE PARK, FL US","27.862","-80.445","10.0","2015-04-18","9999.9"," 0","000000",,"999.9",,"  85.3","*","  73.2","*"," 11.1",," 0.00","I","1015.3","24","999.9",,"999.9"," 0","  78.5","24"
"99495199999","SEBASTIAN INLET STATE PARK, FL US","27.862","-80.445","10.0","2015-04-19","9999.9"," 0","000000",,"999.9",,"  79.9","*","  73.9","*"," 17.1",," 0.00","I","1014.3","24","999.9",,"999.9"," 0","  77.1","24"
"99495199999","SEBASTIAN INLET STATE PARK, FL US","27.862","-80.445","10.0","2015-04-20","9999.9"," 0","000000",,"999.9",,"  83.7","*","  73.9","*"," 17.1",," 0.00","I","1013.2","24","999.9",,"999.9"," 0","  77.3","24"
"99495199999","SEBASTIAN INLET STATE PARK, FL US","27.862","-80.445","10.0","2015-04-21","9999.9"," 0","000000",,"999.9",,"  79.3","*","  70.2","*"," 19.0",," 0.00","I","1014.8","24","999.9",,"999.9"," 0","  74.7","24"
"99495199999","SEBASTIAN INLET STATE PARK, FL US","27.862","-80.445","10.0","2015-04-22","9999.9"," 0","000000",,"999.9",,"  77.4","*","  71.4","*"," 13.0",," 0.00","I","1015.8","24","999.9",,"999.9"," 0","  75.1","24"
"99495199999","SEBASTIAN INLET STATE PARK, FL US","27.862","-80.445","10.0","2015-04-23","9999.9"," 0","000000",,"999.9",,"  76.6","*","  72.5","*"," 11.1",," 0.00","I","1015.3","24","999.9",,"999.9"," 0","  75.0","24"
"99495199999","SEBASTIAN INLET STATE PARK, FL US","27.862","-80.445","10.0","2015-04-24","9999.9"," 0","000000",,"999.9",,"  77.2","*","  72.1","*"," 18.1",," 0.00","I","1014.9","24","999.9",,"999.9"," 0","  75.0","24"
"99495199999","SEBASTIAN INLET STATE PARK, FL US","27.862","-80.445","10.0","2015-04-25","9999.9"," 0","000000",,"999.9",,"  79.2","*","  76.3","*"," 14.0",," 0.00","I","1014.0","24","999.9",,"999.9"," 0","  77.3","24"
"99495199999","SEBASTIAN INLET STATE PARK, FL US","27.862","-80.445","10.0","2015-04-26","9999.9"," 0","000000",,"999.9",,"  88.5","*","  74.1","*"," 15.9",," 0.00","I","1009.3","24","999.9",,"999.9"," 0","  80.5","24"
"99495199999","SEBASTIAN INLET STATE PARK, FL US","27.862","-80.445","10.0","2015-04-27","9999.9"," 0","000000",,"999.9",,"  84.6","*","  76.6","*"," 20.0",," 0.00","I","1009.0","24","999.9",,"999.9"," 0","  79.8","24"
"99495199999","SEBASTIAN INLET STATE PARK, FL US","27.862","-80.445","10.0","2015-04-28","9999.9"," 0","000000",,"999.9",,"  77.2","*","  70.9","*"," 14.0",," 0.00","I","1010.2","24","999.9",,"999.9"," 0","  74.4","24"
"99495199999","SEBASTIAN INLET STATE PARK, FL US","27.862","-80.445","10.0","2015-04-29","9999.9"," 0","000000",,"999.9",,"  84.7","*","  73.2","*","  9.9",," 0.00","I","1006.7","24","999.9",,"999.9"," 0","  77.2","24"
"99495199999","SEBASTIAN INLET STATE PARK, FL US","27.862","-80.445","10.0","2015-04-30","9999.9"," 0","000000",,"999.9",,"  83.1","*","  70.9","*"," 17.1",," 0.00","I","1007.4","24","999.9",,"999.9"," 0","  74.6","24"
"99495199999","SEBASTIAN INLET STATE PARK, FL US","27.862","-80.445","10.0","2015-05-01","9999.9"," 0","000000",,"999.9",,"  75.7","*","  66.2","*"," 13.0",," 0.00","I","1012.4","24","999.9",,"999.9"," 0","  71.5","24"
"99495199999","SEBASTIAN INLET STATE PARK, FL US","27.862","-80.445","10.0","2015-05-02","9999.9"," 0","000000",,"999.9",,"  75.0","*","  71.6","*"," 19.0",," 0.00","I","1016.2","24","999.9",,"999.9"," 0","  73.0","24"
"99495199999","SEBASTIAN INLET STATE PARK, FL US","27.862","-80.445","10.0","2015-05-03","9999.9"," 0","000000",,"999.9",,"  74.7","*","  73.0","*"," 15.0",," 0.00","I","1020.0","22","999.9",,"999.9"," 0","  73.7","22"
"99495199999","SEBASTIAN INLET STATE PARK, FL US","27.862","-80.445","10.0","2015-05-04","9999.9"," 0","000000",,"999.9",,"  75.0","*","  72.1","*"," 19.0",," 0.00","I","1022.3","24","999.9",,"999.9"," 0","  73.9","24"
"99495199999","SEBASTIAN INLET STATE PARK, FL US","27.862","-80.445","10.0","2015-05-05","9999.9"," 0","000000",,"999.9",,"  75.4","*","  70.3","*"," 21.0",," 0.00","I","1021.1","24","999.9",,"999.9"," 0","  73.8","24"
"99495199999","SEBASTIAN INLET STATE PARK, FL US","27.862","-80.445","10.0","2015-05-06","9999.9"," 0","000000",,"999.9",,"  73.4","*","  69.8","*"," 18.1",," 0.00","I","1018.0","24","999.9",,"999.9"," 0","  72.6","24"
"99495199999","SEBASTIAN INLET STATE PARK, FL US","27.862","-80.445","10.0","2015-05-07","9999.9"," 0","000000",,"999.9",,"  75.2","*","  67.6","*"," 13.0",," 0.00","I","1017.3","24","999.9",,"999.9"," 0","  71.9","24"
"99495199999","SEBASTIAN INLET STATE PARK, FL US","27.862","-80.445","10.0","2015-05-08","9999.9"," 0","000000",,"999.9",,"  76.6","*","  68.2","*"," 11.1",," 0.00","I","1017.0","24","999.9",,"999.9"," 0","  73.5","24"
"99495199999","SEBASTIAN INLET STATE PARK, FL US","27.862","-80.445","10.0","2015-05-09","9999.9"," 0","000000",,"999.9",,"  79.3","*","  74.1","*"," 11.1",," 0.00","I","1018.0","24","999.9",,"999.9"," 0","  76.8","24"
"99495199999","SEBASTIAN INLET STATE PARK, FL US","27.862","-80.445","10.0","2015-05-10","9999.9"," 0","000000",,"999.9",,"  79.7","*","  72.1","*"," 13.0",," 0.00","I","1019.5","24","999.9",,"999.9"," 0","  76.8","24"
"99495199999","SEBASTIAN INLET STATE PARK, FL US","27.862","-80.445","10.0","2015-05-11","9999.9"," 0","000000",,"999.9",,"  79.2","*","  75.2","*"," 13.0",," 0.00","I","1021.1","24","999.9",,"999.9"," 0","  78.1","24"
"99495199999","SEBASTIAN INLET STATE PARK, FL US","27.862","-80.445","10.0","2015-05-12","9999.9"," 0","000000",,"999.9",,"  79.3","*","  77.2","*"," 12.0",," 0.00","I","1021.8","24","999.9",,"999.9"," 0","  78.3","24"
"99495199999","SEBASTIAN INLET STATE PARK, FL US","27.862","-80.445","10.0","2015-05-13","9999.9"," 0","000000",,"999.9",,"  79.9","*","  77.2","*"," 12.0",," 0.00","I","1021.2","24","999.9",,"999.9"," 0","  78.9","24"
"99495199999","SEBASTIAN INLET STATE PARK, FL US","27.862","-80.445","10.0","2015-05-14","9999.9"," 0","000000",,"999.9",,"  79.5","*","  78.3","*"," 12.0",," 0.00","I","1021.5","24","999.9",,"999.9"," 0","  79.0","24"
"99495199999","SEBASTIAN INLET STATE PARK, FL US","27.862","-80.445","10.0","2015-05-15","9999.9"," 0","000000",,"999.9",,"  79.0","*","  77.2","*"," 18.1",," 0.00","I","1021.9","24","999.9",,"999.9"," 0","  78.2","24"
"99495199999","SEBASTIAN INLET STATE PARK, FL US","27.862","-80.445","10.0","2015-05-16","9999.9"," 0","000000",,"999.9",,"  78.4","*","  76.3","*"," 17.1",," 0.00","I","1022.1","24","999.9",,"999.9"," 0","  77.3","24"
"99495199999","SEBASTIAN INLET STATE PARK, FL US","27.862","-80.445","10.0","2015-05-17","9999.9"," 0","000000",,"999.9",,"  78.8","*","  73.6","*"," 18.1",," 0.00","I","1022.9","24","999.9",,"999.9"," 0","  77.4","24"
"99495199999","SEBASTIAN INLET STATE PARK, FL US","27.862","-80.445","10.0","2015-05-18","9999.9"," 0","000000",,"999.9",,"  78.4","*","  77.0","*"," 15.0",," 0.00","I","1022.8","24","999.9",,"999.9"," 0","  77.8","24"
"99495199999","SEBASTIAN INLET STATE PARK, FL US","27.862","-80.445","10.0","2015-05-19","9999.9"," 0","000000",,"999.9",,"  78.6","*","  73.8","*"," 12.0",," 0.00","I","1019.6","24","999.9",,"999.9"," 0","  77.3","24"
"99495199999","SEBASTIAN INLET STATE PARK, FL US","27.862","-80.445","10.0","2015-05-20","9999.9"," 0","000000",,"999.9",,"  81.3","*","  73.0","*"," 15.9",," 0.00","I","1016.5","24","999.9",,"999.9"," 0","  77.5","24"
"99495199999","SEBASTIAN INLET STATE PARK, FL US","27.862","-80.445","10.0","2015-05-21","9999.9"," 0","000000",,"999.9",,"  80.8","*","  74.5","*"," 15.0",," 0.00","I","1015.7","24","999.9",,"999.9"," 0","  78.6","24"
"99495199999","SEBASTIAN INLET STATE PARK, FL US","27.862","-80.445","10.0","2015-05-22","9999.9"," 0","000000",,"999.9",,"  80.8","*","  75.6","*"," 15.9",," 0.00","I","1017.9","24","999.9",,"999.9"," 0","  78.5","24"
"99495199999","SEBASTIAN INLET STATE PARK, FL US","27.862","-80.445","10.0","2015-05-23","9999.9"," 0","000000",,"999.9",,"  80.2","*","  77.2","*"," 12.0",," 0.00","I","1022.7","24","999.9",,"999.9"," 0","  79.2","24"
"99495199999","SEBASTIAN INLET STATE PARK, FL US","27.862","-80.445","10.0","2015-05-24","9999.9"," 0","000000",,"999.9",,"  80.1","*","  75.2","*"," 17.1",," 0.00","I","1023.0","24","999.9",,"999.9"," 0","  79.1","24"
"99495199999","SEBASTIAN INLET STATE PARK, FL US","27.862","-80.445","10.0","2015-05-25","9999.9"," 0","000000",,"999.9",,"  80.2","*","  78.8","*"," 17.1",," 0.00","I","1022.5","24","999.9",,"999.9"," 0","  79.6","24"
"99495199999","SEBASTIAN INLET STATE PARK, FL US","27.862","-80.445","10.0","2015-05-26","9999.9"," 0","000000",,"999.9",,"  80.2","*","  78.4","*"," 18.1",," 0.00","I","1022.6","24","999.9",,"999.9"," 0","  79.7","24"
"99495199999","SEBASTIAN INLET STATE PARK, FL US","27.862","-80.445","10.0","2015-05-27","9999.9"," 0","000000",,"999.9",,"  79.7","*","  78.3","*"," 19.0",," 0.00","I","1021.9","23","999.9",,"999.9"," 0","  78.9","23"
"99495199999","SEBASTIAN INLET STATE PARK, FL US","27.862","-80.445","10.0","2015-05-28","9999.9"," 0","000000",,"999.9",,"  78.6","*","  76.8","*"," 17.1",," 0.00","I","1020.6","24","999.9",,"999.9"," 0","  77.9","24"
"99495199999","SEBASTIAN INLET STATE PARK, FL US","27.862","-80.445","10.0","2015-05-29","9999.9"," 0","000000",,"999.9",,"  79.0","*","  75.9","*"," 15.9",," 0.00","I","1019.5","24","999.9",,"999.9"," 0","  77.7","24"
"99495199999","SEBASTIAN INLET STATE PARK, FL US","27.862","-80.445","10.0","2015-05-30","9999.9"," 0","000000",,"999.9",,"  79.3","*","  76.3","*"," 12.0",," 0.00","I","1018.8","24","999.9",,"999.9"," 0","  78.4","24"
"99495199999","SEBASTIAN INLET STATE PARK, FL US","27.862","-80.445","10.0","2015-05-31","9999.9"," 0","000000",,"999.9",,"  79.2","*","  74.3","*"," 14.0",," 0.00","I","1018.1","24","999.9",,"999.9"," 0","  78.2","24"
"99495199999","SEBASTIAN INLET STATE PARK, FL US","27.862","-80.445","10.0","2015-06-01","9999.9"," 0","000000",,"999.9",,"  79.9","*","  77.5","*"," 14.0",," 0.00","I","1018.6","23","999.9",,"999.9"," 0","  78.9","23"
"99495199999","SEBASTIAN INLET STATE PARK, FL US","27.862","-80.445","10.0","2015-06-02","9999.9"," 0","000000",,"999.9",,"  80.2","*","  74.5","*"," 13.0",," 0.00","I","1017.2","24","999.9",,"999.9"," 0","  77.8","24"
"99495199999","SEBASTIAN INLET STATE PARK, FL US","27.862","-80.445","10.0","2015-06-03","9999.9"," 0","000000",,"999.9",,"  78.1","*","  69.6","*"," 12.0",," 0.00","I","1015.2","24","999.9",,"999.9"," 0","  74.8","24"
"99495199999","SEBASTIAN INLET STATE PARK, FL US","27.862","-80.445","10.0","2015-06-04","9999.9"," 0","000000",,"999.9",,"  79.7","*","  74.5","*"," 13.0",," 0.00","I","1014.9","24","999.9",,"999.9"," 0","  78.1","24"
"99495199999","SEBASTIAN INLET STATE PARK, FL US","27.862","-80.445","10.0","2015-06-05","9999.9"," 0","000000",,"999.9",,"  79.9","*","  76.5","*"," 11.1",," 0.00","I","1016.1","24","999.9",,"999.9"," 0","  78.8","24"
"99495199999","SEBASTIAN INLET STATE PARK, FL US","27.862","-80.445","10.0","2015-06-06","9999.9"," 0","000000",,"999.9",,"  79.9","*","  75.0","*"," 11.1",," 0.00","I","1014.4","24","999.9",,"999.9"," 0","  78.4","24"
"99495199999","SEBASTIAN INLET STATE PARK, FL US","27.862","-80.445","10.0","2015-06-07","9999.9"," 0","000000",,"999.9",,"  80.4","*","  75.4","*"," 13.0",," 0.00","I","1015.9","24","999.9",,"999.9"," 0","  78.6","24"
"99495199999","SEBASTIAN INLET STATE PARK, FL US","27.862","-80.445","10.0","2015-06-08","9999.9"," 0","000000",,"999.9",,"  80.2","*","  76.5","*"," 13.0",," 0.00","I","1017.9","24","999.9",,"999.9"," 0","  79.6","24"
"99495199999","SEBASTIAN INLET STATE PARK, FL US","27.862","-80.445","10.0","2015-06-09","9999.9"," 0","000000",,"999.9",,"  82.9","*","  76.1","*"," 21.0",," 0.00","I","1016.5","24","999.9",,"999.9"," 0","  79.6","24"
"99495199999","SEBASTIAN INLET STATE PARK, FL US","27.862","-80.445","10.0","2015-06-10","9999.9"," 0","000000",,"999.9",,"  83.7","*","  72.5","*"," 21.0",," 0.00","I","1016.1","24","999.9",,"999.9"," 0","  75.9","24"
"99495199999","SEBASTIAN INLET STATE PARK, FL US","27.862","-80.445","10.0","2015-06-11","9999.9"," 0","000000",,"999.9",,"  81.1","*","  71.6","*"," 17.1",," 0.00","I","1018.1","24","999.9",,"999.9"," 0","  75.9","24"
"99495199999","SEBASTIAN INLET STATE PARK, FL US","27.862","-80.445","10.0","2015-06-12","9999.9"," 0","000000",,"999.9",,"  82.4","*","  76.3","*"," 15.0",," 0.00","I","1020.3","24","999.9",,"999.9"," 0","  80.2","24"
"99495199999","SEBASTIAN INLET STATE PARK, FL US","27.862","-80.445","10.0","2015-06-13","9999.9"," 0","000000",,"999.9",,"  81.9","*","  80.8","*"," 13.0",," 0.00","I","1021.1","24","999.9",,"999.9"," 0","  81.4","24"
"99495199999","SEBASTIAN INLET STATE PARK, FL US","27.862","-80.445","10.0","2015-06-14","9999.9"," 0","000000",,"999.9",,"  81.5","*","  80.1","*"," 12.0",," 0.00","I","1020.1","24","999.9",,"999.9"," 0","  80.8","24"
"99495199999","SEBASTIAN INLET STATE PARK, FL US","27.862","-80.445","10.0","2015-06-15","9999.9"," 0","000000",,"999.9",,"  81.7","*","  79.9","*","  9.9",," 0.00","I","1019.9","24","999.9",,"999.9"," 0","  80.7","24"
"99495199999","SEBASTIAN INLET STATE PARK, FL US","27.862","-80.445","10.0","2015-06-16","9999.9"," 0","000000",,"999.9",,"  82.0","*","  77.4","*","  9.9",," 0.00","I","1020.5","24","999.9",,"999.9"," 0","  80.4","24"
"99495199999","SEBASTIAN INLET STATE PARK, FL US","27.862","-80.445","10.0","2015-06-17","9999.9"," 0","000000",,"999.9",,"  86.7","*","  79.7","*"," 13.0",," 0.00","I","1020.0","24","999.9",,"999.9"," 0","  81.5","24"
"99495199999","SEBASTIAN INLET STATE PARK, FL US","27.862","-80.445","10.0","2015-06-18","9999.9"," 0","000000",,"999.9",,"  82.0","*","  78.8","*"," 13.0",," 0.00","I","1019.8","24","999.9",,"999.9"," 0","  80.9","24"
"99495199999","SEBASTIAN INLET STATE PARK, FL US","27.862","-80.445","10.0","2015-06-19","9999.9"," 0","000000",,"999.9",,"  84.7","*","  78.8","*"," 12.0",," 0.00","I","1019.5","24","999.9",,"999.9"," 0","  81.3","24"
"99495199999","SEBASTIAN INLET STATE PARK, FL US","27.862","-80.445","10.0","2015-06-20","9999.9"," 0","000000",,"999.9",,"  84.0","*","  77.0","*"," 11.1",," 0.00","I","1019.9","24","999.9",,"999.9"," 0","  81.1","24"
"99495199999","SEBASTIAN INLET STATE PARK, FL US","27.862","-80.445","10.0","2015-06-21","9999.9"," 0","000000",,"999.9",,"  84.2","*","  75.4","*"," 11.1",," 0.00","I","1020.2","24","999.9",,"999.9"," 0","  79.4","24"
"99495199999","SEBASTIAN INLET STATE PARK, FL US","27.862","-80.445","10.0","2015-06-22","9999.9"," 0","000000",,"999.9",,"  83.1","*","  77.2","*"," 13.0",," 0.00","I","1020.4","24","999.9",,"999.9"," 0","  81.1","24"
"99495199999","SEBASTIAN INLET STATE PARK, FL US","27.862","-80.445","10.0","2015-06-23","9999.9"," 0","000000",,"999.9",,"  82.8","*","  79.5","*"," 12.0",," 0.00","I","1021.2","24","999.9",,"999.9"," 0","  81.4","24"
"99495199999","SEBASTIAN INLET STATE PARK, FL US","27.862","-80.445","10.0","2015-06-24","9999.9"," 0","000000",,"999.9",,"  81.7","*","  77.4","*"," 12.0",," 0.00","I","1021.3","24","999.9",,"999.9"," 0","  80.2","24"
"99495199999","SEBASTIAN INLET STATE PARK, FL US","27.862","-80.445","10.0","2015-06-25","9999.9"," 0","000000",,"999.9",,"  82.6","*","  79.2","*"," 11.1",," 0.00","I","1020.7","24","999.9",,"999.9"," 0","  80.5","24"
"99495199999","SEBASTIAN INLET STATE PARK, FL US","27.862","-80.445","10.0","2015-06-26","9999.9"," 0","000000",,"999.9",,"  81.9","*","  75.6","*"," 14.0",," 0.00","I","1019.5","24","999.9",,"999.9"," 0","  78.7","24"
"99495199999","SEBASTIAN INLET STATE PARK, FL US","27.862","-80.445","10.0","2015-06-27","9999.9"," 0","000000",,"999.9",,"  85.8","*","  76.8","*"," 15.9",," 0.00","I","1018.2","24","999.9",,"999.9"," 0","  80.3","24"
"99495199999","SEBASTIAN INLET STATE PARK, FL US","27.862","-80.445","10.0","2015-06-28","9999.9"," 0","000000",,"999.9",,"  88.7","*","  77.0","*"," 15.9",," 0.00","I","1017.8","24","999.9",,"999.9"," 0","  81.2","24"
"99495199999","SEBASTIAN INLET STATE PARK, FL US","27.862","-80.445","10.0","2015-06-29","9999.9"," 0","000000",,"999.9",,"  86.7","*","  73.2","*"," 19.0",," 0.00","I","1018.6","24","999.9",,"999.9"," 0","  79.8","24"
"99495199999","SEBASTIAN INLET STATE PARK, FL US","27.862","-80.445","10.0","2015-06-30","9999.9"," 0","000000",,"999.9",,"  89.1","*","  73.8","*"," 15.9",," 0.00","I","1019.9","24","999.9",,"999.9"," 0","  78.7","24"
"99495199999","SEBASTIAN INLET STATE PARK, FL US","27.862","-80.445","10.0","2015-07-01","9999.9"," 0","000000",,"999.9",,"  82.0","*","  73.0","*"," 14.0",," 0.00","I","1021.0","24","999.9",,"999.9"," 0","  77.8","24"
"99495199999","SEBASTIAN INLET STATE PARK, FL US","27.862","-80.445","10.0","2015-07-02","9999.9"," 0","000000",,"999.9",,"  83.1","*","  75.4","*"," 12.0",," 0.00","I","1020.3","24","999.9",,"999.9"," 0","  79.2","24"
"99495199999","SEBASTIAN INLET STATE PARK, FL US","27.862","-80.445","10.0","2015-07-03","9999.9"," 0","000000",,"999.9",,"  81.9","*","  73.0","*"," 13.0",," 0.00","I","1019.9","24","999.9",,"999.9"," 0","  78.7","24"
"99495199999","SEBASTIAN INLET STATE PARK, FL US","27.862","-80.445","10.0","2015-07-04","9999.9"," 0","000000",,"999.9",,"  81.5","*","  74.1","*","  8.0",," 0.00","I","1020.4","24","999.9",,"999.9"," 0","  78.7","24"
"99495199999","SEBASTIAN INLET STATE PARK, FL US","27.862","-80.445","10.0","2015-07-05","9999.9"," 0","000000",,"999.9",,"  82.4","*","  77.2","*","  9.9",," 0.00","I","1021.5","24","999.9",,"999.9"," 0","  80.1","24"
"99495199999","SEBASTIAN INLET STATE PARK, FL US","27.862","-80.445","10.0","2015-07-06","9999.9"," 0","000000",,"999.9",,"  81.7","*","  73.2","*"," 11.1",," 0.00","I","1022.0","24","999.9",,"999.9"," 0","  78.4","24"
"99495199999","SEBASTIAN INLET STATE PARK, FL US","27.862","-80.445","10.0","2015-07-07","9999.9"," 0","000000",,"999.9",,"  81.1","*","  71.4","*"," 15.9",," 0.00","I","1021.8","24","999.9",,"999.9"," 0","  77.4","24"
"99495199999","SEBASTIAN INLET STATE PARK, FL US","27.862","-80.445","10.0","2015-07-08","9999.9"," 0","000000",,"999.9",,"  82.4","*","  78.3","*","  8.9",," 0.00","I","1021.8","24","999.9",,"999.9"," 0","  80.7","24"
"99495199999","SEBASTIAN INLET STATE PARK, FL US","27.862","-80.445","10.0","2015-07-09","9999.9"," 0","000000",,"999.9",,"  82.6","*","  79.7","*","  9.9",," 0.00","I","1021.7","24","999.9",,"999.9"," 0","  81.4","24"
"99495199999","SEBASTIAN INLET STATE PARK, FL US","27.862","-80.445","10.0","2015-07-10","9999.9"," 0","000000",,"999.9",,"  82.8","*","  80.1","*","  8.9",," 0.00","I","1021.4","24","999.9",,"999.9"," 0","  81.4","24"
"99495199999","SEBASTIAN INLET STATE PARK, FL US","27.862","-80.445","10.0","2015-07-11","9999.9"," 0","000000",,"999.9",,"  82.6","*","  77.4","*"," 11.1",," 0.00","I","1020.8","24","999.9",,"999.9"," 0","  80.8","24"
"99495199999","SEBASTIAN INLET STATE PARK, FL US","27.862","-80.445","10.0","2015-07-12","9999.9"," 0","000000",,"999.9",,"  83.5","*","  77.0","*","  9.9",," 0.00","I","1018.5","24","999.9",,"999.9"," 0","  80.8","24"
"99495199999","SEBASTIAN INLET STATE PARK, FL US","27.862","-80.445","10.0","2015-07-13","9999.9"," 0","000000",,"999.9",,"  85.6","*","  77.0","*"," 13.0",," 0.00","I","1015.7","24","999.9",,"999.9"," 0","  80.5","24"
"99495199999","SEBASTIAN INLET STATE PARK, FL US","27.862","-80.445","10.0","2015-07-14","9999.9"," 0","000000",,"999.9",,"  87.8","*","  77.7","*"," 12.0",," 0.00","I","1015.3","15","999.9",,"999.9"," 0","  83.5","15"
"99495199999","SEBASTIAN INLET STATE PARK, FL US","27.862","-80.445","10.0","2015-07-15","9999.9"," 0","000000",,"999.9",,"  86.2","*","  75.9","*"," 15.9",," 0.00","I","1016.0","24","999.9",,"999.9"," 0","  79.5","24"
"99495199999","SEBASTIAN INLET STATE PARK, FL US","27.862","-80.445","10.0","2015-07-16","9999.9"," 0","000000",,"999.9",,"  86.2","*","  74.1","*"," 21.0",," 0.00","I","1017.2","24","999.9",,"999.9"," 0","  76.9","24"
"99495199999","SEBASTIAN INLET STATE PARK, FL US","27.862","-80.445","10.0","2015-07-17","9999.9"," 0","000000",,"999.9",,"  82.9","*","  72.9","*"," 12.0",," 0.00","I","1017.4","24","999.9",,"999.9"," 0","  75.7","24"
"99495199999","SEBASTIAN INLET STATE PARK, FL US","27.862","-80.445","10.0","2015-07-18","9999.9"," 0","000000",,"999.9",,"  78.6","*","  75.6","*","  9.9",," 0.00","I","1017.9"," 8","999.9",,"999.9"," 0","  77.2"," 8"
"99495199999","SEBASTIAN INLET STATE PARK, FL US","27.862","-80.445","10.0","2015-07-21","9999.9"," 0","000000",,"999.9",,"  89.6","*","  78.6","*"," 12.0",," 0.00","I","1015.3","10","999.9",,"999.9"," 0","  83.6","10"
"99495199999","SEBASTIAN INLET STATE PARK, FL US","27.862","-80.445","10.0","2015-07-22","9999.9"," 0","000000",,"999.9",,"  86.9","*","  77.2","*","  9.9",," 0.00","I","1015.8","24","999.9",,"999.9"," 0","  80.3","24"
"99495199999","SEBASTIAN INLET STATE PARK, FL US","27.862","-80.445","10.0","2015-07-23","9999.9"," 0","000000",,"999.9",,"  84.7","*","  76.6","*"," 13.0",," 0.00","I","1017.0","24","999.9",,"999.9"," 0","  79.7","24"
"99495199999","SEBASTIAN INLET STATE PARK, FL US","27.862","-80.445","10.0","2015-07-24","9999.9"," 0","000000",,"999.9",,"  84.2","*","  75.7","*"," 15.0",," 0.00","I","1016.7","24","999.9",,"999.9"," 0","  78.3","24"
"99495199999","SEBASTIAN INLET STATE PARK, FL US","27.862","-80.445","10.0","2015-07-25","9999.9"," 0","000000",,"999.9",,"  83.1","*","  74.5","*"," 12.0",," 0.00","I","1013.8","24","999.9",,"999.9"," 0","  77.7","24"
"99495199999","SEBASTIAN INLET STATE PARK, FL US","27.862","-80.445","10.0","2015-07-26","9999.9"," 0","000000",,"999.9",,"  85.5","*","  75.0","*"," 20.0",," 0.00","I","1012.8","24","999.9",,"999.9"," 0","  79.0","24"
"99495199999","SEBASTIAN INLET STATE PARK, FL US","27.862","-80.445","10.0","2015-07-27","9999.9"," 0","000000",,"999.9",,"  86.7","*","  75.4","*"," 22.0",," 0.00","I","1014.7","24","999.9",,"999.9"," 0","  79.0","24"
"99495199999","SEBASTIAN INLET STATE PARK, FL US","27.862","-80.445","10.0","2015-07-28","9999.9"," 0","000000",,"999.9",,"  90.0","*","  76.6","*"," 18.1",," 0.00","I","1015.4","24","999.9",,"999.9"," 0","  81.0","24"
"99495199999","SEBASTIAN INLET STATE PARK, FL US","27.862","-80.445","10.0","2015-07-29","9999.9"," 0","000000",,"999.9",,"  85.8","*","  76.3","*"," 11.1",," 0.00","I","1015.3","24","999.9",,"999.9"," 0","  80.0","24"
"99495199999","SEBASTIAN INLET STATE PARK, FL US","27.862","-80.445","10.0","2015-07-30","9999.9"," 0","000000",,"999.9",,"  85.1","*","  73.9","*"," 12.0",," 0.00","I","1015.9","24","999.9",,"999.9"," 0","  79.2","24"
"99495199999","SEBASTIAN INLET STATE PARK, FL US","27.862","-80.445","10.0","2015-07-31","9999.9"," 0","000000",,"999.9",,"  88.5","*","  73.6","*"," 29.9",," 0.00","I","1016.6","23","999.9",,"999.9"," 0","  78.4","23"
"99495199999","SEBASTIAN INLET STATE PARK, FL US","27.862","-80.445","10.0","2015-08-01","9999.9"," 0","000000",,"999.9",,"  84.4","*","  74.3","*"," 17.1",," 0.00","I","1016.5","24","999.9",,"999.9"," 0","  76.9","24"
"99495199999","SEBASTIAN INLET STATE PARK, FL US","27.862","-80.445","10.0","2015-08-02","9999.9"," 0","000000",,"999.9",,"  84.7","*","  73.9","*"," 14.0",," 0.00","I","1015.6","24","999.9",,"999.9"," 0","  76.6","24"
"99495199999","SEBASTIAN INLET STATE PARK, FL US","27.862","-80.445","10.0","2015-08-03","9999.9"," 0","000000",,"999.9",,"  83.7","*","  74.5","*"," 14.0",," 0.00","I","1015.3","24","999.9",,"999.9"," 0","  78.4","24"
"99495199999","SEBASTIAN INLET STATE PARK, FL US","27.862","-80.445","10.0","2015-08-04","9999.9"," 0","000000",,"999.9",,"  84.6","*","  75.7","*"," 11.1",," 0.00","I","1017.8","24","999.9",,"999.9"," 0","  79.5","24"
"99495199999","SEBASTIAN INLET STATE PARK, FL US","27.862","-80.445","10.0","2015-08-05","9999.9"," 0","000000",,"999.9",,"  83.3","*","  77.9","*"," 12.0",," 0.00","I","1019.7","24","999.9",,"999.9"," 0","  80.3","24"
"99495199999","SEBASTIAN INLET STATE PARK, FL US","27.862","-80.445","10.0","2015-08-06","9999.9"," 0","000000",,"999.9",,"  86.0","*","  78.1","*"," 15.0",," 0.00","I","1018.4","24","999.9",,"999.9"," 0","  80.9","24"
"99495199999","SEBASTIAN INLET STATE PARK, FL US","27.862","-80.445","10.0","2015-08-07","9999.9"," 0","000000",,"999.9",,"  88.5","*","  78.1","*"," 11.1",," 0.00","I","1015.8","24","999.9",,"999.9"," 0","  81.9","24"
"99495199999","SEBASTIAN INLET STATE PARK, FL US","27.862","-80.445","10.0","2015-08-08","9999.9"," 0","000000",,"999.9",,"  86.4","*","  74.3","*"," 14.0",," 0.00","I","1013.9","24","999.9",,"999.9"," 0","  79.0","24"
"99495199999","SEBASTIAN INLET STATE PARK, FL US","27.862","-80.445","10.0","2015-08-09","9999.9"," 0","000000",,"999.9",,"  80.6","*","  74.3","*","  8.9",," 0.00","I","1014.5","24","999.9",,"999.9"," 0","  77.5","24"
"99495199999","SEBASTIAN INLET STATE PARK, FL US","27.862","-80.445","10.0","2015-08-10","9999.9"," 0","000000",,"999.9",,"  82.4","*","  77.5","*","  9.9",," 0.00","I","1014.7","24","999.9",,"999.9"," 0","  80.0","24"
"99495199999","SEBASTIAN INLET STATE PARK, FL US","27.862","-80.445","10.0","2015-08-11","9999.9"," 0","000000",,"999.9",,"  87.3","*","  77.2","*"," 13.0",," 0.00","I","1015.7","24","999.9",,"999.9"," 0","  81.5","24"
"99495199999","SEBASTIAN INLET STATE PARK, FL US","27.862","-80.445","10.0","2015-08-12","9999.9"," 0","000000",,"999.9",,"  89.1","*","  77.2","*"," 12.0",," 0.00","I","1016.2","24","999.9",,"999.9"," 0","  81.4","24"
"99495199999","SEBASTIAN INLET STATE PARK, FL US","27.862","-80.445","10.0","2015-08-13","9999.9"," 0","000000",,"999.9",,"  85.5","*","  73.2","*"," 18.1",," 0.00","I","1015.8","24","999.9",,"999.9"," 0","  79.2","24"
"99495199999","SEBASTIAN INLET STATE PARK, FL US","27.862","-80.445","10.0","2015-08-14","9999.9"," 0","000000",,"999.9",,"  81.1","*","  74.7","*","  8.9",," 0.00","I","1017.5","24","999.9",,"999.9"," 0","  77.7","24"
"99495199999","SEBASTIAN INLET STATE PARK, FL US","27.862","-80.445","10.0","2015-08-15","9999.9"," 0","000000",,"999.9",,"  82.2","*","  76.8","*"," 12.0",," 0.00","I","1018.2","24","999.9",,"999.9"," 0","  79.8","24"
"99495199999","SEBASTIAN INLET STATE PARK, FL US","27.862","-80.445","10.0","2015-08-16","9999.9"," 0","000000",,"999.9",,"  82.6","*","  75.7","*"," 15.9",," 0.00","I","1018.9","24","999.9",,"999.9"," 0","  79.9","24"
"99495199999","SEBASTIAN INLET STATE PARK, FL US","27.862","-80.445","10.0","2015-08-17","9999.9"," 0","000000",,"999.9",,"  82.9","*","  79.2","*","  8.9",," 0.00","I","1019.5","24","999.9",,"999.9"," 0","  81.7","24"
"99495199999","SEBASTIAN INLET STATE PARK, FL US","27.862","-80.445","10.0","2015-08-18","9999.9"," 0","000000",,"999.9",,"  84.7","*","  80.4","*"," 12.0",," 0.00","I","1018.2","24","999.9",,"999.9"," 0","  82.3","24"
"99495199999","SEBASTIAN INLET STATE PARK, FL US","27.862","-80.445","10.0","2015-08-19","9999.9"," 0","000000",,"999.9",,"  83.1","*","  81.0","*","  8.9",," 0.00","I","1017.2","24","999.9",,"999.9"," 0","  82.3","24"
"99495199999","SEBASTIAN INLET STATE PARK, FL US","27.862","-80.445","10.0","2015-08-20","9999.9"," 0","000000",,"999.9",,"  84.4","*","  78.6","*"," 11.1",," 0.00","I","1016.8","24","999.9",,"999.9"," 0","  82.0","24"
"99495199999","SEBASTIAN INLET STATE PARK, FL US","27.862","-80.445","10.0","2015-08-21","9999.9"," 0","000000",,"999.9",,"  86.5","*","  79.3","*","  8.9",," 0.00","I","1016.8","24","999.9",,"999.9"," 0","  82.7","24"
"99495199999","SEBASTIAN INLET STATE PARK, FL US","27.862","-80.445","10.0","2015-08-22","9999.9"," 0","000000",,"999.9",,"  84.6","*","  79.3","*","  9.9",," 0.00","I","1016.2","24","999.9",,"999.9"," 0","  82.1","24"
"99495199999","SEBASTIAN INLET STATE PARK, FL US","27.862","-80.445","10.0","2015-08-23","9999.9"," 0","000000",,"999.9",,"  84.4","*","  80.1","*"," 12.0",," 0.00","I","1015.2","24","999.9",,"999.9"," 0","  83.1","24"
"99495199999","SEBASTIAN INLET STATE PARK, FL US","27.862","-80.445","10.0","2015-08-24","9999.9"," 0","000000",,"999.9",,"  85.5","*","  79.7","*"," 12.0",," 0.00","I","1014.5","24","999.9",,"999.9"," 0","  83.1","24"
"99495199999","SEBASTIAN INLET STATE PARK, FL US","27.862","-80.445","10.0","2015-08-25","9999.9"," 0","000000",,"999.9",,"  87.4","*","  77.9","*"," 13.0",," 0.00","I","1013.8","24","999.9",,"999.9"," 0","  82.5","24"
"99495199999","SEBASTIAN INLET STATE PARK, FL US","27.862","-80.445","10.0","2015-08-26","9999.9"," 0","000000",,"999.9",,"  86.5","*","  74.8","*"," 17.1",," 0.00","I","1014.5","24","999.9",,"999.9"," 0","  82.2","24"
"99495199999","SEBASTIAN INLET STATE PARK, FL US","27.862","-80.445","10.0","2015-08-27","9999.9"," 0","000000",,"999.9",,"  85.1","*","  76.1","*"," 13.0",," 0.00","I","1014.8","24","999.9",,"999.9"," 0","  79.3","24"
"99495199999","SEBASTIAN INLET STATE PARK, FL US","27.862","-80.445","10.0","2015-08-28","9999.9"," 0","000000",,"999.9",,"  82.4","*","  77.0","*"," 14.0",," 0.00","I","1016.6","24","999.9",,"999.9"," 0","  80.4","24"
"99495199999","SEBASTIAN INLET STATE PARK, FL US","27.862","-80.445","10.0","2015-08-29","9999.9"," 0","000000",,"999.9",,"  84.2","*","  81.5","*"," 12.0",," 0.00","I","1018.2","24","999.9",,"999.9"," 0","  82.9","24"
"99495199999","SEBASTIAN INLET STATE PARK, FL US","27.862","-80.445","10.0","2015-08-30","9999.9"," 0","000000",,"999.9",,"  82.6","*","  76.1","*"," 24.1",," 0.00","I","1017.0","24","999.9",,"999.9"," 0","  79.0","24"
"99495199999","SEBASTIAN INLET STATE PARK, FL US","27.862","-80.445","10.0","2015-08-31","9999.9"," 0","000000",,"999.9",,"  83.8","*","  77.7","*"," 15.0",," 0.00","I","1017.6","24","999.9",,"999.9"," 0","  80.7","24"
"99495199999","SEBASTIAN INLET STATE PARK, FL US","27.862","-80.445","10.0","2015-09-01","9999.9"," 0","000000",,"999.9",,"  84.4","*","  76.8","*"," 11.1",," 0.00","I","1018.8","24","999.9",,"999.9"," 0","  80.6","24"
"99495199999","SEBASTIAN INLET STATE PARK, FL US","27.862","-80.445","10.0","2015-09-02","9999.9"," 0","000000",,"999.9",,"  87.1","*","  80.1","*"," 12.0",," 0.00","I","1018.6","24","999.9",,"999.9"," 0","  83.3","24"
"99495199999","SEBASTIAN INLET STATE PARK, FL US","27.862","-80.445","10.0","2015-09-03","9999.9"," 0","000000",,"999.9",,"  84.4","*","  79.3","*"," 12.0",," 0.00","I","1015.6","22","999.9",,"999.9"," 0","  82.3","22"
"99495199999","SEBASTIAN INLET STATE PARK, FL US","27.862","-80.445","10.0","2015-09-04","9999.9"," 0","000000",,"999.9",,"  84.9","*","  75.7","*"," 12.0",," 0.00","I","1014.8","24","999.9",,"999.9"," 0","  80.9","24"
"99495199999","SEBASTIAN INLET STATE PARK, FL US","27.862","-80.445","10.0","2015-09-05","9999.9"," 0","000000",,"999.9",,"  83.1","*","  77.4","*"," 11.1",," 0.00","I","1015.7","24","999.9",,"999.9"," 0","  80.0","24"
"99495199999","SEBASTIAN INLET STATE PARK, FL US","27.862","-80.445","10.0","2015-09-06","9999.9"," 0","000000",,"999.9",,"  83.5","*","  78.4","*","  8.9",," 0.00","I","1015.7","24","999.9",,"999.9"," 0","  82.1","24"
"99495199999","SEBASTIAN INLET STATE PARK, FL US","27.862","-80.445","10.0","2015-09-07","9999.9"," 0","000000",,"999.9",,"  83.5","*","  73.9","*"," 15.0",," 0.00","I","1015.2","24","999.9",,"999.9"," 0","  80.5","24"
"99495199999","SEBASTIAN INLET STATE PARK, FL US","27.862","-80.445","10.0","2015-09-08","9999.9"," 0","000000",,"999.9",,"  85.1","*","  78.4","*"," 19.0",," 0.00","I","1016.0","24","999.9",,"999.9"," 0","  81.7","24"
"99495199999","SEBASTIAN INLET STATE PARK, FL US","27.862","-80.445","10.0","2015-09-09","9999.9"," 0","000000",,"999.9",,"  86.4","*","  80.2","*"," 14.0",," 0.00","I","1016.5","24","999.9",,"999.9"," 0","  83.1","24"
"99495199999","SEBASTIAN INLET STATE PARK, FL US","27.862","-80.445","10.0","2015-09-10","9999.9"," 0","000000",,"999.9",,"  87.4","*","  79.7","*"," 11.1",," 0.00","I","1015.8","24","999.9",,"999.9"," 0","  82.7","24"
"99495199999","SEBASTIAN INLET STATE PARK, FL US","27.862","-80.445","10.0","2015-09-11","9999.9"," 0","000000",,"999.9",,"  85.6","*","  79.2","*"," 13.0",," 0.00","I","1015.5","23","999.9",,"999.9"," 0","  82.5","23"
"99495199999","SEBASTIAN INLET STATE PARK, FL US","27.862","-80.445","10.0","2015-09-12","9999.9"," 0","000000",,"999.9",,"  88.7","*","  75.6","*"," 15.0",," 0.00","I","1014.0","24","999.9",,"999.9"," 0","  80.7","24"
"99495199999","SEBASTIAN INLET STATE PARK, FL US","27.862","-80.445","10.0","2015-09-13","9999.9"," 0","000000",,"999.9",,"  84.9","*","  75.2","*","  9.9",," 0.00","I","1014.0","24","999.9",,"999.9"," 0","  79.0","24"
"99495199999","SEBASTIAN INLET STATE PARK, FL US","27.862","-80.445","10.0","2015-09-14","9999.9"," 0","000000",,"999.9",,"  82.8","*","  76.5","*"," 13.0",," 0.00","I","1018.0","24","999.9",,"999.9"," 0","  80.1","24"
"99495199999","SEBASTIAN INLET STATE PARK, FL US","27.862","-80.445","10.0","2015-09-15","9999.9"," 0","000000",,"999.9",,"  83.1","*","  76.8","*"," 19.0",," 0.00","I","1020.5","24","999.9",,"999.9"," 0","  80.9","24"
"99495199999","SEBASTIAN INLET STATE PARK, FL US","27.862","-80.445","10.0","2015-09-16","9999.9"," 0","000000",,"999.9",,"  80.8","*","  75.9","*"," 21.0",," 0.00","I","1020.7","24","999.9",,"999.9"," 0","  78.6","24"
"99495199999","SEBASTIAN INLET STATE PARK, FL US","27.862","-80.445","10.0","2015-09-17","9999.9"," 0","000000",,"999.9",,"  81.0","*","  72.5","*"," 18.1",," 0.00","I","1015.6","24","999.9",,"999.9"," 0","  77.5","24"
"99495199999","SEBASTIAN INLET STATE PARK, FL US","27.862","-80.445","10.0","2015-09-18","9999.9"," 0","000000",,"999.9",,"  80.1","*","  74.1","*","  7.0",," 0.00","I","1010.0","24","999.9",,"999.9"," 0","  77.0","24"
"99495199999","SEBASTIAN INLET STATE PARK, FL US","27.862","-80.445","10.0","2015-09-19","9999.9"," 0","000000",,"999.9",,"  81.1","*","  75.2","*"," 13.0",," 0.00","I","1009.8","24","999.9",,"999.9"," 0","  78.2","24"
"99495199999","SEBASTIAN INLET STATE PARK, FL US","27.862","-80.445","10.0","2015-09-20","9999.9"," 0","000000",,"999.9",,"  80.4","*","  75.6","*"," 17.1",," 0.00","I","1012.6","24","999.9",,"999.9"," 0","  79.1","24"
"99495199999","SEBASTIAN INLET STATE PARK, FL US","27.862","-80.445","10.0","2015-09-21","9999.9"," 0","000000",,"999.9",,"  81.1","*","  77.4","*"," 13.0",," 0.00","I","1013.8","24","999.9",,"999.9"," 0","  79.9","24"
"99495199999","SEBASTIAN INLET STATE PARK, FL US","27.862","-80.445","10.0","2015-09-22","9999.9"," 0","000000",,"999.9",,"  81.3","*","  80.2","*"," 12.0",," 0.00","I","1014.0","24","999.9",,"999.9"," 0","  80.8","24"
"99495199999","SEBASTIAN INLET STATE PARK, FL US","27.862","-80.445","10.0","2015-09-23","9999.9"," 0","000000",,"999.9",,"  81.3","*","  75.7","*"," 12.0",," 0.00","I","1013.7","24","999.9",,"999.9"," 0","  78.9","24"
"99495199999","SEBASTIAN INLET STATE PARK, FL US","27.862","-80.445","10.0","2015-09-24","9999.9"," 0","000000",,"999.9",,"  80.6","*","  74.3","*"," 12.0",," 0.00","I","1013.8","24","999.9",,"999.9"," 0","  77.4","24"
"99495199999","SEBASTIAN INLET STATE PARK, FL US","27.862","-80.445","10.0","2015-09-25","9999.9"," 0","000000",,"999.9",,"  81.9","*","  77.2","*"," 12.0",," 0.00","I","1014.3","24","999.9",,"999.9"," 0","  79.7","24"
"99495199999","SEBASTIAN INLET STATE PARK, FL US","27.862","-80.445","10.0","2015-09-26","9999.9"," 0","000000",,"999.9",,"  82.0","*","  77.2","*"," 11.1",," 0.00","I","1014.0","24","999.9",,"999.9"," 0","  80.9","24"
"99495199999","SEBASTIAN INLET STATE PARK, FL US","27.862","-80.445","10.0","2015-09-27","9999.9"," 0","000000",,"999.9",,"  82.8","*","  81.1","*","  8.9",," 0.00","I","1014.2","24","999.9",,"999.9"," 0","  81.9","24"
"99495199999","SEBASTIAN INLET STATE PARK, FL US","27.862","-80.445","10.0","2015-09-28","9999.9"," 0","000000",,"999.9",,"  83.7","*","  78.3","*"," 14.0",," 0.00","I","1013.4","24","999.9",,"999.9"," 0","  81.0","24"
"99495199999","SEBASTIAN INLET STATE PARK, FL US","27.862","-80.445","10.0","2015-09-29","9999.9"," 0","000000",,"999.9",,"  83.8","*","  75.4","*"," 11.1",," 0.00","I","1011.5","24","999.9",,"999.9"," 0","  79.2","24"
"99495199999","SEBASTIAN INLET STATE PARK, FL US","27.862","-80.445","10.0","2015-09-30","9999.9"," 0","000000",,"999.9",,"  86.7","*","  76.8","*","  9.9",," 0.00","I","1008.7","24","999.9",,"999.9"," 0","  79.9","24"
"99495199999","SEBASTIAN INLET STATE PARK, FL US","27.862","-80.445","10.0","2015-10-01","9999.9"," 0","000000",,"999.9",,"  82.0","*","  76.3","*"," 18.1",," 0.00","I","1005.4","24","999.9",,"999.9"," 0","  79.5","24"
"99495199999","SEBASTIAN INLET STATE PARK, FL US","27.862","-80.445","10.0","2015-10-02","9999.9"," 0","000000",,"999.9",,"  81.7","*","  77.0","*"," 17.1",," 0.00","I","1001.6","24","999.9",,"999.9"," 0","  79.9","24"
"99495199999","SEBASTIAN INLET STATE PARK, FL US","27.862","-80.445","10.0","2015-10-03","9999.9"," 0","000000",,"999.9",,"  81.7","*","  74.1","*"," 17.1",," 0.00","I","1000.9","24","999.9",,"999.9"," 0","  78.0","24"
"99495199999","SEBASTIAN INLET STATE PARK, FL US","27.862","-80.445","10.0","2015-10-04","9999.9"," 0","000000",,"999.9",,"  77.9","*","  68.5","*"," 12.0",," 0.00","I","1005.6","24","999.9",,"999.9"," 0","  71.8","24"
"99495199999","SEBASTIAN INLET STATE PARK, FL US","27.862","-80.445","10.0","2015-10-05","9999.9"," 0","000000",,"999.9",,"  79.0","*","  68.5","*","  8.9",," 0.00","I","1008.0","24","999.9",,"999.9"," 0","  73.0","24"
"99495199999","SEBASTIAN INLET STATE PARK, FL US","27.862","-80.445","10.0","2015-10-06","9999.9"," 0","000000",,"999.9",,"  77.9","*","  70.5","*"," 18.1",," 0.00","I","1012.1","24","999.9",,"999.9"," 0","  74.5","24"
"99495199999","SEBASTIAN INLET STATE PARK, FL US","27.862","-80.445","10.0","2015-10-07","9999.9"," 0","000000",,"999.9",,"  78.3","*","  71.8","*"," 21.0",," 0.00","I","1014.5","24","999.9",,"999.9"," 0","  76.3","24"
"99495199999","SEBASTIAN INLET STATE PARK, FL US","27.862","-80.445","10.0","2015-10-08","9999.9"," 0","000000",,"999.9",,"  79.5","*","  74.8","*"," 17.1",," 0.00","I","1016.4","24","999.9",,"999.9"," 0","  77.5","24"
"99495199999","SEBASTIAN INLET STATE PARK, FL US","27.862","-80.445","10.0","2015-10-09","9999.9"," 0","000000",,"999.9",,"  79.5","*","  75.7","*"," 22.0",," 0.00","I","1016.3","24","999.9",,"999.9"," 0","  77.6","24"
"99495199999","SEBASTIAN INLET STATE PARK, FL US","27.862","-80.445","10.0","2015-10-10","9999.9"," 0","000000",,"999.9",,"  83.3","*","  73.9","*"," 22.0",," 0.00","I","1014.9","24","999.9",,"999.9"," 0","  78.1","24"
"99495199999","SEBASTIAN INLET STATE PARK, FL US","27.862","-80.445","10.0","2015-10-11","9999.9"," 0","000000",,"999.9",,"  77.5","*","  72.3","*","  7.0",," 0.00","I","1012.6","12","999.9",,"999.9"," 0","  74.9","12"
"99495199999","SEBASTIAN INLET STATE PARK, FL US","27.862","-80.445","10.0","2015-10-12","9999.9"," 0","000000",,"999.9",,"  81.7","*","  69.4","*"," 12.0",," 0.00","I","1012.8","19","999.9",,"999.9"," 0","  75.3","19"
"99495199999","SEBASTIAN INLET STATE PARK, FL US","27.862","-80.445","10.0","2015-10-13","9999.9"," 0","000000",,"999.9",,"  79.7","*","  70.7","*","  9.9",," 0.00","I","1014.3","24","999.9",,"999.9"," 0","  75.6","24"
"99495199999","SEBASTIAN INLET STATE PARK, FL US","27.862","-80.445","10.0","2015-10-14","9999.9"," 0","000000",,"999.9",,"  85.1","*","  72.3","*","  8.0",," 0.00","I","1015.3","24","999.9",,"999.9"," 0","  77.7","24"
"99495199999","SEBASTIAN INLET STATE PARK, FL US","27.862","-80.445","10.0","2015-10-15","9999.9"," 0","000000",,"999.9",,"  81.0","*","  74.7","*"," 14.0",," 0.00","I","1017.1","24","999.9",,"999.9"," 0","  78.8","24"
"99495199999","SEBASTIAN INLET STATE PARK, FL US","27.862","-80.445","10.0","2015-10-16","9999.9"," 0","000000",,"999.9",,"  80.4","*","  78.8","*"," 14.0",," 0.00","I","1018.8","24","999.9",,"999.9"," 0","  79.4","24"
"99495199999","SEBASTIAN INLET STATE PARK, FL US","27.862","-80.445","10.0","2015-10-17","9999.9"," 0","000000",,"999.9",,"  79.5","*","  77.7","*"," 14.0",," 0.00","I","1018.5","24","999.9",,"999.9"," 0","  78.5","24"
"99495199999","SEBASTIAN INLET STATE PARK, FL US","27.862","-80.445","10.0","2015-10-18","9999.9"," 0","000000",,"999.9",,"  78.8","*","  77.4","*"," 25.1",," 0.00","I","1018.6","24","999.9",,"999.9"," 0","  78.3","24"
"99495199999","SEBASTIAN INLET STATE PARK, FL US","27.862","-80.445","10.0","2015-10-19","9999.9"," 0","000000",,"999.9",,"  77.2","*","  74.1","*"," 26.0",," 0.00","I","1021.8","24","999.9",,"999.9"," 0","  75.0","24"
"99495199999","SEBASTIAN INLET STATE PARK, FL US","27.862","-80.445","10.0","2015-10-20","9999.9"," 0","000000",,"999.9",,"  78.4","*","  75.0","*"," 24.1",," 0.00","I","1022.0","24","999.9",,"999.9"," 0","  76.8","24"
"99495199999","SEBASTIAN INLET STATE PARK, FL US","27.862","-80.445","10.0","2015-10-21","9999.9"," 0","000000",,"999.9",,"  78.6","*","  76.3","*"," 18.1",," 0.00","I","1021.3","24","999.9",,"999.9"," 0","  77.7","24"
"99495199999","SEBASTIAN INLET STATE PARK, FL US","27.862","-80.445","10.0","2015-10-22","9999.9"," 0","000000",,"999.9",,"  79.0","*","  75.9","*"," 20.0",," 0.00","I","1020.6","24","999.9",,"999.9"," 0","  78.2","24"
"99495199999","SEBASTIAN INLET STATE PARK, FL US","27.862","-80.445","10.0","2015-10-23","9999.9"," 0","000000",,"999.9",,"  79.2","*","  75.6","*"," 20.0",," 0.00","I","1018.5","24","999.9",,"999.9"," 0","  78.4","24"
"99495199999","SEBASTIAN INLET STATE PARK, FL US","27.862","-80.445","10.0","2015-10-24","9999.9"," 0","000000",,"999.9",,"  79.0","*","  77.2","*"," 17.1",," 0.00","I","1018.5","24","999.9",,"999.9"," 0","  78.2","24"
"99495199999","SEBASTIAN INLET STATE PARK, FL US","27.862","-80.445","10.0","2015-10-25","9999.9"," 0","000000",,"999.9",,"  79.2","*","  75.4","*"," 17.1",," 0.00","I","1018.0","24","999.9",,"999.9"," 0","  78.4","24"
"99495199999","SEBASTIAN INLET STATE PARK, FL US","27.862","-80.445","10.0","2015-10-26","9999.9"," 0","000000",,"999.9",,"  78.3","*","  77.4","*"," 17.1",," 0.00","I","1017.3","24","999.9",,"999.9"," 0","  77.9","24"
"99495199999","SEBASTIAN INLET STATE PARK, FL US","27.862","-80.445","10.0","2015-10-27","9999.9"," 0","000000",,"999.9",,"  78.8","*","  77.2","*"," 18.1",," 0.00","I","1016.1","24","999.9",,"999.9"," 0","  78.3","24"
"99495199999","SEBASTIAN INLET STATE PARK, FL US","27.862","-80.445","10.0","2015-10-28","9999.9"," 0","000000",,"999.9",,"  82.8","*","  74.7","*"," 15.0",," 0.00","I","1014.4","24","999.9",,"999.9"," 0","  78.1","24"
"99495199999","SEBASTIAN INLET STATE PARK, FL US","27.862","-80.445","10.0","2015-10-29","9999.9"," 0","000000",,"999.9",,"  78.1","*","  72.1","*","  8.9",," 0.00","I","1014.3","24","999.9",,"999.9"," 0","  74.9","24"
"99495199999","SEBASTIAN INLET STATE PARK, FL US","27.862","-80.445","10.0","2015-10-30","9999.9"," 0","000000",,"999.9",,"  78.4","*","  72.1","*"," 13.0",," 0.00","I","1015.5","24","999.9",,"999.9"," 0","  75.3","24"
"99495199999","SEBASTIAN INLET STATE PARK, FL US","27.862","-80.445","10.0","2015-10-31","9999.9"," 0","000000",,"999.9",,"  78.6","*","  76.5","*"," 11.1",," 0.00","I","1017.2","15","999.9",,"999.9"," 0","  77.5","15"
"99495199999","SEBASTIAN INLET STATE PARK, FL US","27.862","-80.445","10.0","2015-11-01","9999.9"," 0","000000",,"999.9",,"  80.1","*","  76.3","*"," 13.0",," 0.00","I","1017.3","24","999.9",,"999.9"," 0","  78.9","24"
"99495199999","SEBASTIAN INLET STATE PARK, FL US","27.862","-80.445","10.0","2015-11-02","9999.9"," 0","000000",,"999.9",,"  81.3","*","  76.1","*"," 13.0",," 0.00","I","1016.5","24","999.9",,"999.9"," 0","  79.2","24"
"99495199999","SEBASTIAN INLET STATE PARK, FL US","27.862","-80.445","10.0","2015-11-03","9999.9"," 0","000000",,"999.9",,"  80.8","*","  76.3","*"," 15.9",," 0.00","I","1017.2","24","999.9",,"999.9"," 0","  79.7","24"
"99495199999","SEBASTIAN INLET STATE PARK, FL US","27.862","-80.445","10.0","2015-11-04","9999.9"," 0","000000",,"999.9",,"  81.1","*","  79.0","*"," 13.0",," 0.00","I","1019.5","24","999.9",,"999.9"," 0","  80.4","24"
"99495199999","SEBASTIAN INLET STATE PARK, FL US","27.862","-80.445","10.0","2015-11-05","9999.9"," 0","000000",,"999.9",,"  80.8","*","  79.7","*"," 15.9",," 0.00","I","1021.2","23","999.9",,"999.9"," 0","  80.2","23"
"99495199999","SEBASTIAN INLET STATE PARK, FL US","27.862","-80.445","10.0","2015-11-06","9999.9"," 0","000000",,"999.9",,"  80.4","*","  78.8","*"," 14.0",," 0.00","I","1020.8","24","999.9",,"999.9"," 0","  79.8","24"
"99495199999","SEBASTIAN INLET STATE PARK, FL US","27.862","-80.445","10.0","2015-11-07","9999.9"," 0","000000",,"999.9",,"  80.8","*","  79.2","*"," 14.0",," 0.00","I","1018.8","24","999.9",,"999.9"," 0","  80.0","24"
"99495199999","SEBASTIAN INLET STATE PARK, FL US","27.862","-80.445","10.0","2015-11-08","9999.9"," 0","000000",,"999.9",,"  81.0","*","  76.1","*"," 14.0",," 0.00","I","1017.8","24","999.9",,"999.9"," 0","  79.5","24"
"99495199999","SEBASTIAN INLET STATE PARK, FL US","27.862","-80.445","10.0","2015-11-09","9999.9"," 0","000000",,"999.9",,"  81.3","*","  77.9","*"," 14.0",," 0.00","I","1017.4","24","999.9",,"999.9"," 0","  80.3","24"
"99495199999","SEBASTIAN INLET STATE PARK, FL US","27.862","-80.445","10.0","2015-11-10","9999.9"," 0","000000",,"999.9",,"  81.7","*","  74.5","*"," 15.9",," 0.00","I","1016.6","24","999.9",,"999.9"," 0","  78.8","24"
"99495199999","SEBASTIAN INLET STATE PARK, FL US","27.862","-80.445","10.0","2015-11-11","9999.9"," 0","000000",,"999.9",,"  79.0","*","  75.9","*"," 14.0",," 0.00","I","1017.5","24","999.9",,"999.9"," 0","  77.5","24"
"99495199999","SEBASTIAN INLET STATE PARK, FL US","27.862","-80.445","10.0","2015-11-12","9999.9"," 0","000000",,"999.9",,"  79.9","*","  73.9","*"," 11.1",," 0.00","I","1017.5","24","999.9",,"999.9"," 0","  78.3","24"
"99495199999","SEBASTIAN INLET STATE PARK, FL US","27.862","-80.445","10.0","2015-11-13","9999.9"," 0","000000",,"999.9",,"  80.1","*","  74.1","*"," 15.9",," 0.00","I","1017.0","24","999.9",,"999.9"," 0","  77.6","24"
"99495199999","SEBASTIAN INLET STATE PARK, FL US","27.862","-80.445","10.0","2015-11-14","9999.9"," 0","000000",,"999.9",,"  77.5","*","  74.8","*"," 20.0",," 0.00","I","1020.1","24","999.9",,"999.9"," 0","  76.1","24"
"99495199999","SEBASTIAN INLET STATE PARK, FL US","27.862","-80.445","10.0","2015-11-15","9999.9"," 0","000000",,"999.9",,"  76.3","*","  74.8","*"," 20.0",," 0.00","I","1023.7","24","999.9",,"999.9"," 0","  75.6","24"
"99495199999","SEBASTIAN INLET STATE PARK, FL US","27.862","-80.445","10.0","2015-11-16","9999.9"," 0","000000",,"999.9",,"  78.3","*","  76.6","*"," 17.1",," 0.00","I","1022.1","24","999.9",,"999.9"," 0","  77.3","24"
"99495199999","SEBASTIAN INLET STATE PARK, FL US","27.862","-80.445","10.0","2015-11-17","9999.9"," 0","000000",,"999.9",,"  79.2","*","  76.8","*"," 18.1",," 0.00","I","1018.8","24","999.9",,"999.9"," 0","  78.2","24"
"99495199999","SEBASTIAN INLET STATE PARK, FL US","27.862","-80.445","10.0","2015-11-18","9999.9"," 0","000000",,"999.9",,"  79.2","*","  74.1","*"," 21.0",," 0.00","I","1017.8","24","999.9",,"999.9"," 0","  78.6","24"
"99495199999","SEBASTIAN INLET STATE PARK, FL US","27.862","-80.445","10.0","2015-11-19","9999.9"," 0","000000",,"999.9",,"  79.2","*","  74.8","*"," 20.0",," 0.00","I","1018.2","24","999.9",,"999.9"," 0","  77.6","24"
"99495199999","SEBASTIAN INLET STATE PARK, FL US","27.862","-80.445","10.0","2015-11-20","9999.9"," 0","000000",,"999.9",,"  78.3","*","  73.2","*"," 11.1",," 0.00","I","1017.8"," 8","999.9",,"999.9"," 0","  76.4"," 9"
"99495199999","SEBASTIAN INLET STATE PARK, FL US","27.862","-80.445","10.0","2015-11-23","9999.9"," 0","000000",,"999.9",,"  67.5","*","  60.6","*"," 19.0",," 0.00","I","1018.5","13","999.9",,"999.9"," 0","  64.8","13"
"99495199999","SEBASTIAN INLET STATE PARK, FL US","27.862","-80.445","10.0","2015-11-24","9999.9"," 0","000000",,"999.9",,"  71.1","*","  68.4","*"," 20.0",," 0.00","I","1022.9","24","999.9",,"999.9"," 0","  70.0","24"
"99495199999","SEBASTIAN INLET STATE PARK, FL US","27.862","-80.445","10.0","2015-11-27","9999.9"," 0","000000",,"999.9",,"  75.4","*","  70.3","*"," 26.0",," 0.00","I","1024.3","19","999.9",,"999.9"," 0","  74.0","19"
"99495199999","SEBASTIAN INLET STATE PARK, FL US","27.862","-80.445","10.0","2015-11-28","9999.9"," 0","000000",,"999.9",,"  75.4","*","  71.4","*"," 18.1",," 0.00","I","1021.5","24","999.9",,"999.9"," 0","  73.9","24"
"99495199999","SEBASTIAN INLET STATE PARK, FL US","27.862","-80.445","10.0","2015-11-29","9999.9"," 0","000000",,"999.9",,"  74.8","*","  66.7","*"," 14.0",," 0.00","I","1020.0","24","999.9",,"999.9"," 0","  73.9","24"
"99495199999","SEBASTIAN INLET STATE PARK, FL US","27.862","-80.445","10.0","2015-11-30","9999.9"," 0","000000",,"999.9",,"  74.5","*","  73.9","*","  8.0",," 0.00","I","1018.6"," 8","999.9",,"999.9"," 0","  74.3"," 9"
"99495199999","SEBASTIAN INLET STATE PARK, FL US","27.862","-80.445","10.0","2015-12-01","9999.9"," 0","000000",,"999.9",,"  74.1","*","  73.8","*","  9.9",," 0.00","I","1016.4"," 5","999.9",,"999.9"," 0","  73.9"," 5"
"99495199999","SEBASTIAN INLET STATE PARK, FL US","27.862","-80.445","10.0","2015-12-02","9999.9"," 0","000000",,"999.9",,"  77.2","*","  72.5","*"," 12.0",," 0.00","I","1015.9","24","999.9",,"999.9"," 0","  75.0","24"
"99495199999","SEBASTIAN INLET STATE PARK, FL US","27.862","-80.445","10.0","2015-12-03","9999.9"," 0","000000",,"999.9",,"  75.4","*","  73.4","*","  7.0",," 0.00","I","1015.0"," 6","999.9",,"999.9"," 0","  74.2"," 7"
"99495199999","SEBASTIAN INLET STATE PARK, FL US","27.862","-80.445","10.0","2015-12-07","9999.9"," 0","000000",,"999.9",,"  69.4","*","  64.6","*"," 20.0",," 0.00","I","1019.5","15","999.9",,"999.9"," 0","  66.9","15"
"99495199999","SEBASTIAN INLET STATE PARK, FL US","27.862","-80.445","10.0","2015-12-09","9999.9"," 0","000000",,"999.9",,"  73.0","*","  68.0","*"," 12.0",," 0.00","I","1016.8","22","999.9",,"999.9"," 0","  70.7","22"
"99495199999","SEBASTIAN INLET STATE PARK, FL US","27.862","-80.445","10.0","2015-12-10","9999.9"," 0","000000",,"999.9",,"  71.1","*","  69.6","*"," 15.9",," 0.00","I","1016.0","24","999.9",,"999.9"," 0","  70.3","24"
"99495199999","SEBASTIAN INLET STATE PARK, FL US","27.862","-80.445","10.0","2015-12-11","9999.9"," 0","000000",,"999.9",,"  71.6","*","  68.7","*"," 15.9",," 0.00","I","1018.1","24","999.9",,"999.9"," 0","  70.8","24"
"99495199999","SEBASTIAN INLET STATE PARK, FL US","27.862","-80.445","10.0","2015-12-12","9999.9"," 0","000000",,"999.9",,"  75.0","*","  70.3","*"," 11.1",," 0.00","I","1021.5","24","999.9",,"999.9"," 0","  72.7","24"
"99495199999","SEBASTIAN INLET STATE PARK, FL US","27.862","-80.445","10.0","2015-12-13","9999.9"," 0","000000",,"999.9",,"  75.2","*","  73.2","*"," 15.0",," 0.00","I","1019.6","24","999.9",,"999.9"," 0","  74.5","24"
"99495199999","SEBASTIAN INLET STATE PARK, FL US","27.862","-80.445","10.0","2015-12-14","9999.9"," 0","000000",,"999.9",,"  81.9","*","  72.1","*"," 18.1",," 0.00","I","1014.9","24","999.9",,"999.9"," 0","  75.7","24"
"99495199999","SEBASTIAN INLET STATE PARK, FL US","27.862","-80.445","10.0","2015-12-15","9999.9"," 0","000000",,"999.9",,"  80.1","*","  70.9","*","  7.0",," 0.00","I","1013.8","24","999.9",,"999.9"," 0","  74.6","24"
"99495199999","SEBASTIAN INLET STATE PARK, FL US","27.862","-80.445","10.0","2015-12-16","9999.9"," 0","000000",,"999.9",,"  77.4","*","  72.5","*","  9.9",," 0.00","I","1014.7","24","999.9",,"999.9"," 0","  75.0","24"
"99495199999","SEBASTIAN INLET STATE PARK, FL US","27.862","-80.445","10.0","2015-12-17","9999.9"," 0","000000",,"999.9",,"  82.4","*","  72.9","*"," 14.0",," 0.00","I","1014.4","24","999.9",,"999.9"," 0","  76.0","24"
"99495199999","SEBASTIAN INLET STATE PARK, FL US","27.862","-80.445","10.0","2015-12-18","9999.9"," 0","000000",,"999.9",,"  77.7","*","  68.5","*"," 19.0",," 0.00","I","1015.4","24","999.9",,"999.9"," 0","  74.1","24"
"99495199999","SEBASTIAN INLET STATE PARK, FL US","27.862","-80.445","10.0","2015-12-19","9999.9"," 0","000000",,"999.9",,"  68.7","*","  63.7","*"," 25.1",," 0.00","I","1024.8","24","999.9",,"999.9"," 0","  66.3","24"
"99495199999","SEBASTIAN INLET STATE PARK, FL US","27.862","-80.445","10.0","2015-12-20","9999.9"," 0","000000",,"999.9",,"  72.1","*","  67.5","*"," 19.0",," 0.00","I","1028.1","24","999.9",,"999.9"," 0","  69.6","24"
"99495199999","SEBASTIAN INLET STATE PARK, FL US","27.862","-80.445","10.0","2015-12-21","9999.9"," 0","000000",,"999.9",,"  74.7","*","  72.5","*"," 19.0",," 0.00","I","1024.9","24","999.9",,"999.9"," 0","  73.7","24"
"99495199999","SEBASTIAN INLET STATE PARK, FL US","27.862","-80.445","10.0","2015-12-22","9999.9"," 0","000000",,"999.9",,"  75.7","*","  72.3","*"," 15.0",," 0.00","I","1019.4","24","999.9",,"999.9"," 0","  74.0","24"
"99495199999","SEBASTIAN INLET STATE PARK, FL US","27.862","-80.445","10.0","2015-12-23","9999.9"," 0","000000",,"999.9",,"  77.9","*","  72.7","*"," 18.1",," 0.00","I","1017.6","24","999.9",,"999.9"," 0","  75.0","24"
"99495199999","SEBASTIAN INLET STATE PARK, FL US","27.862","-80.445","10.0","2015-12-24","9999.9"," 0","000000",,"999.9",,"  76.8","*","  74.3","*"," 14.0",," 0.00","I","1020.9","24","999.9",,"999.9"," 0","  75.7","24"
"99495199999","SEBASTIAN INLET STATE PARK, FL US","27.862","-80.445","10.0","2015-12-25","9999.9"," 0","000000",,"999.9",,"  77.0","*","  76.1","*"," 11.1",," 0.00","I","1024.1","24","999.9",,"999.9"," 0","  76.5","24"
"99495199999","SEBASTIAN INLET STATE PARK, FL US","27.862","-80.445","10.0","2015-12-26","9999.9"," 0","000000",,"999.9",,"  76.6","*","  73.4","*"," 15.0",," 0.00","I","1024.0","24","999.9",,"999.9"," 0","  75.6","24"
"99495199999","SEBASTIAN INLET STATE PARK, FL US","27.862","-80.445","10.0","2015-12-27","9999.9"," 0","000000",,"999.9",,"  77.2","*","  74.7","*"," 15.9",," 0.00","I","1020.9","24","999.9",,"999.9"," 0","  76.3","24"
"99495199999","SEBASTIAN INLET STATE PARK, FL US","27.862","-80.445","10.0","2015-12-28","9999.9"," 0","000000",,"999.9",,"  77.9","*","  76.3","*"," 18.1",," 0.00","I","1017.6","24","999.9",,"999.9"," 0","  77.1","24"
"99495199999","SEBASTIAN INLET STATE PARK, FL US","27.862","-80.445","10.0","2015-12-29","9999.9"," 0","000000",,"999.9",,"  78.8","*","  74.5","*"," 17.1",," 0.00","I","1020.2","24","999.9",,"999.9"," 0","  76.8","24"
"99495199999","SEBASTIAN INLET STATE PARK, FL US","27.862","-80.445","10.0","2015-12-30","9999.9"," 0","000000",,"999.9",,"  77.9","*","  75.2","*"," 15.0",," 0.00","I","1023.1","24","999.9",,"999.9"," 0","  77.0","24"
"99495199999","SEBASTIAN INLET STATE PARK, FL US","27.862","-80.445","10.0","2015-12-31","9999.9"," 0","000000",,"999.9",,"  78.6","*","  74.5","*"," 13.0",," 0.00","I","1021.9","24","999.9",,"999.9"," 0","  76.9","24"
"99495199999","SEBASTIAN INLET STATE PARK, FL US","27.862","-80.445","10.0","2017-01-01","9999.9"," 0","000000",,"999.9",,"  73.4","*","  63.3","*","999.9",," 0.00","I","1022.6","24","999.9",,"999.9"," 0","  68.6","24"
"99495199999","SEBASTIAN INLET STATE PARK, FL US","27.862","-80.445","10.0","2017-01-02","9999.9"," 0","000000",,"999.9",,"  74.7","*","  71.1","*","999.9",," 0.00","I","1022.6","24","999.9",,"999.9"," 0","  72.9","24"
"99495199999","SEBASTIAN INLET STATE PARK, FL US","27.862","-80.445","10.0","2017-01-03","9999.9"," 0","000000",,"999.9",,"  82.0","*","  68.7","*","999.9",," 0.00","I","1017.8","24","999.9",,"999.9"," 0","  74.2","24"
"99495199999","SEBASTIAN INLET STATE PARK, FL US","27.862","-80.445","10.0","2017-01-04","9999.9"," 0","000000",,"999.9",,"  79.9","*","  70.2","*","999.9",," 0.00","I","1012.7","24","999.9",,"999.9"," 0","  74.4","24"
"99495199999","SEBASTIAN INLET STATE PARK, FL US","27.862","-80.445","10.0","2017-01-05","9999.9"," 0","000000",,"999.9",,"  73.9","*","  60.1","*","999.9",," 0.00","I","1013.2","24","999.9",,"999.9"," 0","  66.8","24"
"99495199999","SEBASTIAN INLET STATE PARK, FL US","27.862","-80.445","10.0","2017-01-06","9999.9"," 0","000000",,"999.9",,"  72.3","*","  61.7","*","999.9",," 0.00","I","1015.9","24","999.9",,"999.9"," 0","  66.8","24"
"99495199999","SEBASTIAN INLET STATE PARK, FL US","27.862","-80.445","10.0","2017-01-07","9999.9"," 0","000000",,"999.9",,"  76.3","*","  72.0","*","999.9",," 0.00","I","1015.2","17","999.9",,"999.9"," 0","  73.1","17"
"99495199999","SEBASTIAN INLET STATE PARK, FL US","27.862","-80.445","10.0","2017-01-08","9999.9"," 0","000000",,"999.9",,"  55.9","*","  48.0","*","999.9",," 0.00","I","1031.6"," 9","999.9",,"999.9"," 0","  54.2"," 9"
"99495199999","SEBASTIAN INLET STATE PARK, FL US","27.862","-80.445","10.0","2017-01-09","9999.9"," 0","000000",,"999.9",,"  63.5","*","  49.3","*","999.9",," 0.00","I","1033.4","24","999.9",,"999.9"," 0","  59.4","24"
"99495199999","SEBASTIAN INLET STATE PARK, FL US","27.862","-80.445","10.0","2017-01-10","9999.9"," 0","000000",,"999.9",,"  66.9","*","  61.2","*","999.9",," 0.00","I","1031.0","24","999.9",,"999.9"," 0","  64.5","24"
"99495199999","SEBASTIAN INLET STATE PARK, FL US","27.862","-80.445","10.0","2017-01-11","9999.9"," 0","000000",,"999.9",,"  70.2","*","  60.8","*","999.9",," 0.00","I","1028.5","17","999.9",,"999.9"," 0","  65.9","17"
"99495199999","SEBASTIAN INLET STATE PARK, FL US","27.862","-80.445","10.0","2017-01-12","9999.9"," 0","000000",,"999.9",,"  70.3","*","  66.4","*","999.9",," 0.00","I","1027.7","24","999.9",,"999.9"," 0","  69.2","24"
"99495199999","SEBASTIAN INLET STATE PARK, FL US","27.862","-80.445","10.0","2017-01-13","9999.9"," 0","000000",,"999.9",,"  71.6","*","  66.6","*","999.9",," 0.00","I","1029.5","24","999.9",,"999.9"," 0","  68.4","24"
"99495199999","SEBASTIAN INLET STATE PARK, FL US","27.862","-80.445","10.0","2017-01-14","9999.9"," 0","000000",,"999.9",,"  72.1","*","  69.6","*","999.9",," 0.00","I","1029.4","15","999.9",,"999.9"," 0","  71.3","15"
"99495199999","SEBASTIAN INLET STATE PARK, FL US","27.862","-80.445","10.0","2017-01-15","9999.9"," 0","000000",,"999.9",,"  72.5","*","  70.5","*","999.9",," 0.00","I","1026.2","24","999.9",,"999.9"," 0","  71.9","24"
"99495199999","SEBASTIAN INLET STATE PARK, FL US","27.862","-80.445","10.0","2017-01-16","9999.9"," 0","000000",,"999.9",,"  72.9","*","  71.6","*","999.9",," 0.00","I","1024.9","24","999.9",,"999.9"," 0","  72.2","24"
"99495199999","SEBASTIAN INLET STATE PARK, FL US","27.862","-80.445","10.0","2017-01-17","9999.9"," 0","000000",,"999.9",,"  73.6","*","  72.3","*","999.9",," 0.00","I","1024.4","24","999.9",,"999.9"," 0","  73.0","24"
"99495199999","SEBASTIAN INLET STATE PARK, FL US","27.862","-80.445","10.0","2017-01-18","9999.9"," 0","000000",,"999.9",,"  77.0","*","  64.6","*","999.9",," 0.00","I","1023.0","22","999.9",,"999.9"," 0","  71.1","22"
"99495199999","SEBASTIAN INLET STATE PARK, FL US","27.862","-80.445","10.0","2017-01-19","9999.9"," 0","000000",,"999.9",,"  73.8","*","  63.9","*","999.9",," 0.00","I","1018.9","24","999.9",,"999.9"," 0","  68.6","24"
"99495199999","SEBASTIAN INLET STATE PARK, FL US","27.862","-80.445","10.0","2017-01-20","9999.9"," 0","000000",,"999.9",,"  79.5","*","  65.3","*","999.9",," 0.00","I","1016.0","24","999.9",,"999.9"," 0","  71.3","24"
"99495199999","SEBASTIAN INLET STATE PARK, FL US","27.862","-80.445","10.0","2017-01-21","9999.9"," 0","000000",,"999.9",,"  79.3","*","  65.1","*","999.9",," 0.00","I","1014.7","24","999.9",,"999.9"," 0","  71.6","24"
"99495199999","SEBASTIAN INLET STATE PARK, FL US","27.862","-80.445","10.0","2017-01-22","9999.9"," 0","000000",,"999.9",,"  83.1","*","  68.7","*","999.9",," 0.00","I","1008.2","24","999.9",,"999.9"," 0","  74.4","24"
"99495199999","SEBASTIAN INLET STATE PARK, FL US","27.862","-80.445","10.0","2017-01-23","9999.9"," 0","000000",,"999.9",,"  78.6","*","  63.1","*","999.9",," 0.00","I","1000.4","24","999.9",,"999.9"," 0","  69.2","24"
"99495199999","SEBASTIAN INLET STATE PARK, FL US","27.862","-80.445","10.0","2017-01-24","9999.9"," 0","000000",,"999.9",,"  72.7","*","  57.2","*","999.9",," 0.00","I","1009.5","24","999.9",,"999.9"," 0","  64.0","24"
"99495199999","SEBASTIAN INLET STATE PARK, FL US","27.862","-80.445","10.0","2017-01-25","9999.9"," 0","000000",,"999.9",,"  71.2","*","  54.5","*","999.9",," 0.00","I","1016.5","24","999.9",,"999.9"," 0","  62.1","24"
"99495199999","SEBASTIAN INLET STATE PARK, FL US","27.862","-80.445","10.0","2017-01-26","9999.9"," 0","000000",,"999.9",,"  79.7","*","  61.3","*","999.9",," 0.00","I","1017.2","24","999.9",,"999.9"," 0","  69.3","24"
"99495199999","SEBASTIAN INLET STATE PARK, FL US","27.862","-80.445","10.0","2017-01-27","9999.9"," 0","000000",,"999.9",,"  74.3","*","  63.3","*","999.9",," 0.00","I","1018.0","20","999.9",,"999.9"," 0","  66.2","20"
"99495199999","SEBASTIAN INLET STATE PARK, FL US","27.862","-80.445","10.0","2017-01-28","9999.9"," 0","000000",,"999.9",,"  63.1","*","  52.7","*","999.9",," 0.00","I","1019.9","24","999.9",,"999.9"," 0","  56.6","24"
"99495199999","SEBASTIAN INLET STATE PARK, FL US","27.862","-80.445","10.0","2017-01-29","9999.9"," 0","000000",,"999.9",,"  57.6","*","  46.2","*","999.9",," 0.00","I","1021.2","24","999.9",,"999.9"," 0","  51.7","24"
"99495199999","SEBASTIAN INLET STATE PARK, FL US","27.862","-80.445","10.0","2017-01-30","9999.9"," 0","000000",,"999.9",,"  58.1","*","  53.2","*","999.9",," 0.00","I","1021.2","10","999.9",,"999.9"," 0","  55.4","10"
"99495199999","SEBASTIAN INLET STATE PARK, FL US","27.862","-80.445","10.0","2017-01-31","9999.9"," 0","000000",,"999.9",,"  64.6","*","  49.6","*","999.9",," 0.00","I","1025.1","24","999.9",,"999.9"," 0","  56.8","24"
"99495199999","SEBASTIAN INLET STATE PARK, FL US","27.862","-80.445","10.0","2017-02-01","9999.9"," 0","000000",,"999.9",,"  67.8","*","  52.5","*","999.9",," 0.00","I","1024.0","24","999.9",,"999.9"," 0","  61.6","24"
"99495199999","SEBASTIAN INLET STATE PARK, FL US","27.862","-80.445","10.0","2017-02-02","9999.9"," 0","000000",,"999.9",,"  70.2","*","  60.6","*","999.9",," 0.00","I","1023.3","24","999.9",,"999.9"," 0","  66.2","24"
"99495199999","SEBASTIAN INLET STATE PARK, FL US","27.862","-80.445","10.0","2017-02-03","9999.9"," 0","000000",,"999.9",,"  70.9","*","  61.9","*","999.9",," 0.00","I","1022.7","24","999.9",,"999.9"," 0","  68.1","24"
"99495199999","SEBASTIAN INLET STATE PARK, FL US","27.862","-80.445","10.0","2017-02-04","9999.9"," 0","000000",,"999.9",,"  70.3","*","  61.5","*","999.9",," 0.00","I","1022.8","24","999.9",,"999.9"," 0","  66.6","24"
"99495199999","SEBASTIAN INLET STATE PARK, FL US","27.862","-80.445","10.0","2017-02-05","9999.9"," 0","000000",,"999.9",,"  70.3","*","  57.4","*","999.9",," 0.00","I","1022.3","24","999.9",,"999.9"," 0","  65.1","24"
"99495199999","SEBASTIAN INLET STATE PARK, FL US","27.862","-80.445","10.0","2017-02-06","9999.9"," 0","000000",,"999.9",,"  68.2","*","  64.8","*","999.9",," 0.00","I","1022.6","17","999.9",,"999.9"," 0","  67.4","17"
"99495199999","SEBASTIAN INLET STATE PARK, FL US","27.862","-80.445","10.0","2017-02-07","9999.9"," 0","000000",,"999.9",,"  72.5","*","  66.2","*","999.9",," 0.00","I","1019.0","19","999.9",,"999.9"," 0","  70.6","19"
"99495199999","SEBASTIAN INLET STATE PARK, FL US","27.862","-80.445","10.0","2017-02-08","9999.9"," 0","000000",,"999.9",,"  81.3","*","  62.8","*","999.9",," 0.00","I","1015.2","24","999.9",,"999.9"," 0","  71.4","24"
"99495199999","SEBASTIAN INLET STATE PARK, FL US","27.862","-80.445","10.0","2017-02-09","9999.9"," 0","000000",,"999.9",,"  80.8","*","  69.1","*"," 15.0",," 0.00","I","1016.4","24","999.9",,"999.9"," 0","  73.7","24"
"99495199999","SEBASTIAN INLET STATE PARK, FL US","27.862","-80.445","10.0","2017-02-10","9999.9"," 0","000000",,"999.9",,"  71.1","*","  63.0","*"," 27.0",," 0.00","I","1026.1","24","999.9",,"999.9"," 0","  66.5","24"
"99495199999","SEBASTIAN INLET STATE PARK, FL US","27.862","-80.445","10.0","2017-02-11","9999.9"," 0","000000",,"999.9",,"  70.3","*","  62.6","*"," 11.1",," 0.00","I","1026.7","24","999.9",,"999.9"," 0","  68.0","24"
"99495199999","SEBASTIAN INLET STATE PARK, FL US","27.862","-80.445","10.0","2017-02-12","9999.9"," 0","000000",,"999.9",,"  73.8","*","  61.9","*"," 13.0",," 0.00","I","1023.7","24","999.9",,"999.9"," 0","  68.3","24"
"99495199999","SEBASTIAN INLET STATE PARK, FL US","27.862","-80.445","10.0","2017-02-13","9999.9"," 0","000000",,"999.9",,"  71.8","*","  61.5","*"," 17.1",," 0.00","I","1019.2","24","999.9",,"999.9"," 0","  67.4","24"
"99495199999","SEBASTIAN INLET STATE PARK, FL US","27.862","-80.445","10.0","2017-02-14","9999.9"," 0","000000",,"999.9",,"  72.9","*","  68.7","*"," 15.9",," 0.00","I","1015.9","19","999.9",,"999.9"," 0","  71.2","19"
"99495199999","SEBASTIAN INLET STATE PARK, FL US","27.862","-80.445","10.0","2017-02-15","9999.9"," 0","000000",,"999.9",,"  80.4","*","  62.6","*"," 22.9",," 0.00","I","1012.1","24","999.9",,"999.9"," 0","  71.5","24"
"99495199999","SEBASTIAN INLET STATE PARK, FL US","27.862","-80.445","10.0","2017-02-16","9999.9"," 0","000000",,"999.9",,"  73.4","*","  61.9","*"," 21.0",," 0.00","I","1013.6","24","999.9",,"999.9"," 0","  66.5","24"
"99495199999","SEBASTIAN INLET STATE PARK, FL US","27.862","-80.445","10.0","2017-02-17","9999.9"," 0","000000",,"999.9",,"  68.4","*","  54.5","*","  8.9",," 0.00","I","1019.0","24","999.9",,"999.9"," 0","  62.3","24"
"99495199999","SEBASTIAN INLET STATE PARK, FL US","27.862","-80.445","10.0","2017-02-18","9999.9"," 0","000000",,"999.9",,"  72.3","*","  64.0","*"," 15.0",," 0.00","I","1017.8","24","999.9",,"999.9"," 0","  68.6","24"
"99495199999","SEBASTIAN INLET STATE PARK, FL US","27.862","-80.445","10.0","2017-02-19","9999.9"," 0","000000",,"999.9",,"  72.0","*","  67.3","*"," 17.1",," 0.00","I","1017.3","24","999.9",,"999.9"," 0","  69.7","24"
"99495199999","SEBASTIAN INLET STATE PARK, FL US","27.862","-80.445","10.0","2017-02-20","9999.9"," 0","000000",,"999.9",,"  72.0","*","  62.1","*"," 11.1",," 0.00","I","1020.0","24","999.9",,"999.9"," 0","  68.7","24"
"99495199999","SEBASTIAN INLET STATE PARK, FL US","27.862","-80.445","10.0","2017-02-21","9999.9"," 0","000000",,"999.9",,"  72.5","*","  70.5","*"," 15.0",," 0.00","I","1019.4","24","999.9",,"999.9"," 0","  71.8","24"
"99495199999","SEBASTIAN INLET STATE PARK, FL US","27.862","-80.445","10.0","2017-02-22","9999.9"," 0","000000",,"999.9",,"9999.9"," ","9999.9"," "," 15.9",," 0.00","I","1014.9"," 8","999.9",,"999.9"," 0","  71.8"," 8"
"99495199999","SEBASTIAN INLET STATE PARK, FL US","27.862","-80.445","10.0","2017-02-23","9999.9"," 0","000000",,"999.9",,"  69.6","*","  59.7","*"," 11.1",," 0.00","I","1003.7","19","999.9",,"999.9"," 0","  64.5","19"
"99495199999","SEBASTIAN INLET STATE PARK, FL US","27.862","-80.445","10.0","2017-02-24","9999.9"," 0","000000",,"999.9",,"  72.7","*","  65.5","*"," 15.0",," 0.00","I","1007.9","24","999.9",,"999.9"," 0","  69.2","24"
"99495199999","SEBASTIAN INLET STATE PARK, FL US","27.862","-80.445","10.0","2017-02-25","9999.9"," 0","000000",,"999.9",,"  79.7","*","  63.5","*","  9.9",," 0.00","I","1012.2","24","999.9",,"999.9"," 0","  71.1","24"
"99495199999","SEBASTIAN INLET STATE PARK, FL US","27.862","-80.445","10.0","2017-02-26","9999.9"," 0","000000",,"999.9",,"  73.4","*","  65.5","*"," 20.0",," 0.00","I","1018.6","24","999.9",,"999.9"," 0","  68.9","24"
"99495199999","SEBASTIAN INLET STATE PARK, FL US","27.862","-80.445","10.0","2017-02-27","9999.9"," 0","000000",,"999.9",,"  73.6","*","  69.4","*"," 15.0",," 0.00","I","1024.0","24","999.9",,"999.9"," 0","  72.1","24"
"99495199999","SEBASTIAN INLET STATE PARK, FL US","27.862","-80.445","10.0","2017-02-28","9999.9"," 0","000000",,"999.9",,"  73.4","*","  71.1","*"," 17.1",," 0.00","I","1025.0","24","999.9",,"999.9"," 0","  72.5","24"
"99495199999","SEBASTIAN INLET STATE PARK, FL US","27.862","-80.445","10.0","2017-03-01","9999.9"," 0","000000",,"999.9",,"  73.9","*","  72.5","*"," 13.0",," 0.00","I","1022.1","24","999.9",,"999.9"," 0","  73.2","24"
"99495199999","SEBASTIAN INLET STATE PARK, FL US","27.862","-80.445","10.0","2017-03-02","9999.9"," 0","000000",,"999.9",,"  81.0","*","  70.7","*"," 13.0",," 0.00","I","1018.7","24","999.9",,"999.9"," 0","  74.5","24"
"99495199999","SEBASTIAN INLET STATE PARK, FL US","27.862","-80.445","10.0","2017-03-03","9999.9"," 0","000000",,"999.9",,"  71.4","*","  66.9","*"," 22.9",," 0.00","I","1024.2","24","999.9",,"999.9"," 0","  69.2","24"
"99495199999","SEBASTIAN INLET STATE PARK, FL US","27.862","-80.445","10.0","2017-03-04","9999.9"," 0","000000",,"999.9",,"  69.3","*","  66.7","*"," 20.0",," 0.00","I","1029.8","24","999.9",,"999.9"," 0","  67.8","24"
"99495199999","SEBASTIAN INLET STATE PARK, FL US","27.862","-80.445","10.0","2017-03-05","9999.9"," 0","000000",,"999.9",,"  69.6","*","  67.5","*"," 22.9",," 0.00","I","1029.2","24","999.9",,"999.9"," 0","  68.4","24"
"99495199999","SEBASTIAN INLET STATE PARK, FL US","27.862","-80.445","10.0","2017-03-06","9999.9"," 0","000000",,"999.9",,"  69.6","*","  67.5","*"," 22.9",," 0.00","I","1028.5","24","999.9",,"999.9"," 0","  68.4","24"
"99495199999","SEBASTIAN INLET STATE PARK, FL US","27.862","-80.445","10.0","2017-03-07","9999.9"," 0","000000",,"999.9",,"  71.2","*","  67.3","*"," 22.0",," 0.00","I","1027.2","24","999.9",,"999.9"," 0","  69.5","24"
"99495199999","SEBASTIAN INLET STATE PARK, FL US","27.862","-80.445","10.0","2017-03-08","9999.9"," 0","000000",,"999.9",,"  71.2","*","  65.8","*"," 15.0",," 0.00","I","1026.6","24","999.9",,"999.9"," 0","  69.0","24"
"99495199999","SEBASTIAN INLET STATE PARK, FL US","27.862","-80.445","10.0","2017-03-09","9999.9"," 0","000000",,"999.9",,"  75.2","*","  65.3","*","  8.0",," 0.00","I","1024.2","24","999.9",,"999.9"," 0","  69.9","24"
"99495199999","SEBASTIAN INLET STATE PARK, FL US","27.862","-80.445","10.0","2017-03-10","9999.9"," 0","000000",,"999.9",,"  80.4","*","  66.0","*"," 11.1",," 0.00","I","1020.3","24","999.9",,"999.9"," 0","  72.0","24"
"99495199999","SEBASTIAN INLET STATE PARK, FL US","27.862","-80.445","10.0","2017-03-11","9999.9"," 0","000000",,"999.9",,"  76.8","*","  66.4","*"," 19.0",," 0.00","I","1019.6","23","999.9",,"999.9"," 0","  71.4","23"
"99495199999","SEBASTIAN INLET STATE PARK, FL US","27.862","-80.445","10.0","2017-03-12","9999.9"," 0","000000",,"999.9",,"  74.7","*","  68.0","*"," 13.0",," 0.00","I","1019.0","24","999.9",,"999.9"," 0","  72.3","24"
"99495199999","SEBASTIAN INLET STATE PARK, FL US","27.862","-80.445","10.0","2017-03-13","9999.9"," 0","000000",,"999.9",,"  75.6","*","  67.1","*"," 15.9",," 0.00","I","1016.7","24","999.9",,"999.9"," 0","  72.1","24"
"99495199999","SEBASTIAN INLET STATE PARK, FL US","27.862","-80.445","10.0","2017-03-14","9999.9"," 0","000000",,"999.9",,"  71.2","*","  61.3","*"," 19.0",," 0.00","I","1012.8","24","999.9",,"999.9"," 0","  67.1","24"
"99495199999","SEBASTIAN INLET STATE PARK, FL US","27.862","-80.445","10.0","2017-03-15","9999.9"," 0","000000",,"999.9",,"  64.8","*","  50.0","*"," 18.1",," 0.00","I","1020.5","24","999.9",,"999.9"," 0","  54.1","24"
"99495199999","SEBASTIAN INLET STATE PARK, FL US","27.862","-80.445","10.0","2017-03-16","9999.9"," 0","000000",,"999.9",,"  57.4","*","  46.8","*"," 15.9",," 0.00","I","1026.3","24","999.9",,"999.9"," 0","  53.4","24"
"99495199999","SEBASTIAN INLET STATE PARK, FL US","27.862","-80.445","10.0","2017-03-17","9999.9"," 0","000000",,"999.9",,"  64.9","*","  55.2","*"," 13.0",," 0.00","I","1028.4","24","999.9",,"999.9"," 0","  61.1","24"
"99495199999","SEBASTIAN INLET STATE PARK, FL US","27.862","-80.445","10.0","2017-03-18","9999.9"," 0","000000",,"999.9",,"  68.4","*","  60.1","*","  9.9",," 0.00","I","1026.8","24","999.9",,"999.9"," 0","  64.8","24"
"99495199999","SEBASTIAN INLET STATE PARK, FL US","27.862","-80.445","10.0","2017-03-19","9999.9"," 0","000000",,"999.9",,"  73.4","*","  57.6","*"," 24.1",," 0.00","I","1021.6","24","999.9",,"999.9"," 0","  64.7","24"
"99495199999","SEBASTIAN INLET STATE PARK, FL US","27.862","-80.445","10.0","2017-03-20","9999.9"," 0","000000",,"999.9",,"  67.6","*","  65.3","*"," 24.1",," 0.00","I","1022.3","24","999.9",,"999.9"," 0","  66.4","24"
"99495199999","SEBASTIAN INLET STATE PARK, FL US","27.862","-80.445","10.0","2017-03-21","9999.9"," 0","000000",,"999.9",,"  70.7","*","  58.3","*"," 13.0",," 0.00","I","1021.9","24","999.9",,"999.9"," 0","  66.2","24"
"99495199999","SEBASTIAN INLET STATE PARK, FL US","27.862","-80.445","10.0","2017-03-22","9999.9"," 0","000000",,"999.9",,"  72.0","*","  59.7","*"," 12.0",," 0.00","I","1019.4","24","999.9",,"999.9"," 0","  66.9","24"
"99495199999","SEBASTIAN INLET STATE PARK, FL US","27.862","-80.445","10.0","2017-03-23","9999.9"," 0","000000",,"999.9",,"  72.1","*","  66.2","*"," 21.0",," 0.00","I","1022.5","24","999.9",,"999.9"," 0","  69.9","24"
"99495199999","SEBASTIAN INLET STATE PARK, FL US","27.862","-80.445","10.0","2017-03-24","9999.9"," 0","000000",,"999.9",,"  70.7","*","  66.6","*"," 25.1",," 0.00","I","1026.8","24","999.9",,"999.9"," 0","  69.2","24"
"99495199999","SEBASTIAN INLET STATE PARK, FL US","27.862","-80.445","10.0","2017-03-25","9999.9"," 0","000000",,"999.9",,"  71.6","*","  68.4","*"," 15.9",," 0.00","I","1024.2","24","999.9",,"999.9"," 0","  70.6","24"
"99495199999","SEBASTIAN INLET STATE PARK, FL US","27.862","-80.445","10.0","2017-03-26","9999.9"," 0","000000",,"999.9",,"  72.3","*","  70.2","*"," 17.1",," 0.00","I","1020.9","24","999.9",,"999.9"," 0","  71.4","24"
"99495199999","SEBASTIAN INLET STATE PARK, FL US","27.862","-80.445","10.0","2017-03-27","9999.9"," 0","000000",,"999.9",,"  72.0","*","  69.6","*"," 12.0",," 0.00","I","1019.6","24","999.9",,"999.9"," 0","  71.1","24"
"99495199999","SEBASTIAN INLET STATE PARK, FL US","27.862","-80.445","10.0","2017-03-28","9999.9"," 0","000000",,"999.9",,"  72.7","*","  66.7","*","  9.9",," 0.00","I","1017.8","20","999.9",,"999.9"," 0","  70.7","20"
"99495199999","SEBASTIAN INLET STATE PARK, FL US","27.862","-80.445","10.0","2017-03-29","9999.9"," 0","000000",,"999.9",,"  72.7","*","  72.1","*","  8.9",," 0.00","I","1017.7"," 6","999.9",,"999.9"," 0","  72.5"," 6"
"99495199999","SEBASTIAN INLET STATE PARK, FL US","27.862","-80.445","10.0","2017-04-27","9999.9"," 0","000000",,"999.9",,"  78.3","*","  77.4","*"," 17.1",," 0.00","I","1014.4"," 9","999.9",,"999.9"," 0","  77.9"," 9"
"99495199999","SEBASTIAN INLET STATE PARK, FL US","27.862","-80.445","10.0","2017-04-28","9999.9"," 0","000000",,"999.9",,"  78.3","*","  76.6","*"," 18.1",," 0.00","I","1017.8","24","999.9",,"999.9"," 0","  77.7","24"
"99495199999","SEBASTIAN INLET STATE PARK, FL US","27.862","-80.445","10.0","2017-04-29","9999.9"," 0","000000",,"999.9",,"  77.7","*","  77.2","*"," 15.9",," 0.00","I","1021.2","24","999.9",,"999.9"," 0","  77.5","24"
"99495199999","SEBASTIAN INLET STATE PARK, FL US","27.862","-80.445","10.0","2017-04-30","9999.9"," 0","000000",,"999.9",,"  77.2","*","  76.5","*"," 19.0",," 0.00","I","1020.7","24","999.9",,"999.9"," 0","  76.9","24"
"99495199999","SEBASTIAN INLET STATE PARK, FL US","27.862","-80.445","10.0","2017-05-01","9999.9"," 0","000000",,"999.9",,"  77.7","*","  71.4","*"," 24.1",," 0.00","I","1019.2","24","999.9",,"999.9"," 0","  76.3","24"
"99495199999","SEBASTIAN INLET STATE PARK, FL US","27.862","-80.445","10.0","2017-05-02","9999.9"," 0","000000",,"999.9",,"  82.6","*","  71.8","*"," 21.0",," 0.00","I","1017.0","24","999.9",,"999.9"," 0","  75.4","24"
"99495199999","SEBASTIAN INLET STATE PARK, FL US","27.862","-80.445","10.0","2017-05-03","9999.9"," 0","000000",,"999.9",,"  77.2","*","  73.6","*"," 14.0",," 0.00","I","1017.1","24","999.9",,"999.9"," 0","  75.5","24"
"99495199999","SEBASTIAN INLET STATE PARK, FL US","27.862","-80.445","10.0","2017-05-04","9999.9"," 0","000000",,"999.9",,"  77.7","*","  75.6","*"," 18.1",," 0.00","I","1014.2","24","999.9",,"999.9"," 0","  76.6","24"
"99495199999","SEBASTIAN INLET STATE PARK, FL US","27.862","-80.445","10.0","2017-05-05","9999.9"," 0","000000",,"999.9",,"  77.9","*","  70.3","*"," 18.1",," 0.00","I","1009.0","24","999.9",,"999.9"," 0","  73.9","24"
"99495199999","SEBASTIAN INLET STATE PARK, FL US","27.862","-80.445","10.0","2017-05-06","9999.9"," 0","000000",,"999.9",,"  78.1","*","  61.9","*"," 17.1",," 0.00","I","1011.5","24","999.9",,"999.9"," 0","  69.0","24"
"99495199999","SEBASTIAN INLET STATE PARK, FL US","27.862","-80.445","10.0","2017-05-07","9999.9"," 0","000000",,"999.9",,"  75.6","*","  61.2","*","  8.9",," 0.00","I","1015.8","24","999.9",,"999.9"," 0","  68.1","24"
"99495199999","SEBASTIAN INLET STATE PARK, FL US","27.862","-80.445","10.0","2017-05-08","9999.9"," 0","000000",,"999.9",,"  73.9","*","  64.2","*"," 11.1",," 0.00","I","1017.0","24","999.9",,"999.9"," 0","  70.6","24"
"99495199999","SEBASTIAN INLET STATE PARK, FL US","27.862","-80.445","10.0","2017-05-09","9999.9"," 0","000000",,"999.9",,"  75.0","*","  72.7","*","  9.9",," 0.00","I","1018.2","24","999.9",,"999.9"," 0","  73.9","24"
"99495199999","SEBASTIAN INLET STATE PARK, FL US","27.862","-80.445","10.0","2017-05-10","9999.9"," 0","000000",,"999.9",,"  77.0","*","  71.4","*"," 11.1",," 0.00","I","1018.9","24","999.9",,"999.9"," 0","  74.6","24"
"99495199999","SEBASTIAN INLET STATE PARK, FL US","27.862","-80.445","10.0","2017-05-11","9999.9"," 0","000000",,"999.9",,"  77.0","*","  69.6","*"," 12.0",," 0.00","I","1017.3","23","999.9",,"999.9"," 0","  74.4","23"
"99495199999","SEBASTIAN INLET STATE PARK, FL US","27.862","-80.445","10.0","2017-05-12","9999.9"," 0","000000",,"999.9",,"  78.4","*","  70.7","*"," 17.1",," 0.00","I","1014.2","21","999.9",,"999.9"," 0","  75.4","21"
"99495199999","SEBASTIAN INLET STATE PARK, FL US","27.862","-80.445","10.0","2017-05-13","9999.9"," 0","000000",,"999.9",,"  88.3","*","  71.2","*"," 17.1",," 0.00","I","1011.9","19","999.9",,"999.9"," 0","  77.8","19"
"99495199999","SEBASTIAN INLET STATE PARK, FL US","27.862","-80.445","10.0","2017-05-14","9999.9"," 0","000000",,"999.9",,"  75.4","*","  71.1","*"," 13.0",," 0.00","I","1011.5","24","999.9",,"999.9"," 0","  73.9","24"
"99495199999","SEBASTIAN INLET STATE PARK, FL US","27.862","-80.445","10.0","2017-05-15","9999.9"," 0","000000",,"999.9",,"  77.4","*","  73.6","*"," 12.0",," 0.00","I","1014.4","24","999.9",,"999.9"," 0","  75.3","24"
"99495199999","SEBASTIAN INLET STATE PARK, FL US","27.862","-80.445","10.0","2017-05-16","9999.9"," 0","000000",,"999.9",,"  77.9","*","  76.1","*"," 12.0",," 0.00","I","1017.2","24","999.9",,"999.9"," 0","  77.0","24"
"99495199999","SEBASTIAN INLET STATE PARK, FL US","27.862","-80.445","10.0","2017-05-17","9999.9"," 0","000000",,"999.9",,"  78.1","*","  76.3","*"," 17.1",," 0.00","I","1018.7","24","999.9",,"999.9"," 0","  77.5","24"
"99495199999","SEBASTIAN INLET STATE PARK, FL US","27.862","-80.445","10.0","2017-05-18","9999.9"," 0","000000",,"999.9",,"  78.3","*","  76.6","*"," 17.1",," 0.00","I","1018.8","24","999.9",,"999.9"," 0","  77.5","24"
"99495199999","SEBASTIAN INLET STATE PARK, FL US","27.862","-80.445","10.0","2017-05-19","9999.9"," 0","000000",,"999.9",,"  78.8","*","  76.6","*"," 15.9",," 0.00","I","1018.1","24","999.9",,"999.9"," 0","  78.0","24"
"99495199999","SEBASTIAN INLET STATE PARK, FL US","27.862","-80.445","10.0","2017-05-20","9999.9"," 0","000000",,"999.9",,"  79.2","*","  77.9","*"," 14.0",," 0.00","I","1019.0","24","999.9",,"999.9"," 0","  78.6","24"
"99495199999","SEBASTIAN INLET STATE PARK, FL US","27.862","-80.445","10.0","2017-05-21","9999.9"," 0","000000",,"999.9",,"  83.3","*","  76.3","*"," 14.0",," 0.00","I","1020.1","24","999.9",,"999.9"," 0","  78.4","24"
"99495199999","SEBASTIAN INLET STATE PARK, FL US","27.862","-80.445","10.0","2017-05-22","9999.9"," 0","000000",,"999.9",,"  78.8","*","  74.1","*"," 18.1",," 0.00","I","1018.8","24","999.9",,"999.9"," 0","  77.3","24"
"99495199999","SEBASTIAN INLET STATE PARK, FL US","27.862","-80.445","10.0","2017-05-23","9999.9"," 0","000000",,"999.9",,"  86.2","*","  75.2","*"," 19.0",," 0.00","I","1014.8","24","999.9",,"999.9"," 0","  78.7","24"
"99495199999","SEBASTIAN INLET STATE PARK, FL US","27.862","-80.445","10.0","2017-05-24","9999.9"," 0","000000",,"999.9",,"  88.3","*","  71.8","*"," 22.0",," 0.00","I","1009.9","24","999.9",,"999.9"," 0","  80.3","24"
"99495199999","SEBASTIAN INLET STATE PARK, FL US","27.862","-80.445","10.0","2017-05-25","9999.9"," 0","000000",,"999.9",,"  81.3","*","  71.1","*"," 14.0",," 0.00","I","1010.5","24","999.9",,"999.9"," 0","  74.8","24"
"99495199999","SEBASTIAN INLET STATE PARK, FL US","27.862","-80.445","10.0","2017-05-26","9999.9"," 0","000000",,"999.9",,"  79.9","*","  69.1","*"," 11.1",," 0.00","I","1016.9","24","999.9",,"999.9"," 0","  72.7","24"
"99495199999","SEBASTIAN INLET STATE PARK, FL US","27.862","-80.445","10.0","2017-05-27","9999.9"," 0","000000",,"999.9",,"  77.9","*","  70.0","*","  9.9",," 0.00","I","1018.4","24","999.9",,"999.9"," 0","  74.5","24"
"99495199999","SEBASTIAN INLET STATE PARK, FL US","27.862","-80.445","10.0","2017-05-28","9999.9"," 0","000000",,"999.9",,"  78.1","*","  69.6","*","  9.9",," 0.00","I","1016.9","24","999.9",,"999.9"," 0","  74.7","24"
"99495199999","SEBASTIAN INLET STATE PARK, FL US","27.862","-80.445","10.0","2017-05-29","9999.9"," 0","000000",,"999.9",,"  79.0","*","  75.2","*"," 14.0",," 0.00","I","1017.7","24","999.9",,"999.9"," 0","  77.1","24"
"99495199999","SEBASTIAN INLET STATE PARK, FL US","27.862","-80.445","10.0","2017-05-30","9999.9"," 0","000000",,"999.9",,"  83.8","*","  76.3","*"," 13.0",," 0.00","I","1019.5","24","999.9",,"999.9"," 0","  79.2","24"
"99495199999","SEBASTIAN INLET STATE PARK, FL US","27.862","-80.445","10.0","2017-05-31","9999.9"," 0","000000",,"999.9",,"  82.2","*","  77.4","*"," 11.1",," 0.00","I","1019.8","24","999.9",,"999.9"," 0","  79.7","24"
"99495199999","SEBASTIAN INLET STATE PARK, FL US","27.862","-80.445","10.0","2017-06-01","9999.9"," 0","000000",,"999.9",,"  79.7","*","  76.6","*"," 11.1",," 0.00","I","1019.3","24","999.9",,"999.9"," 0","  78.5","24"
"99495199999","SEBASTIAN INLET STATE PARK, FL US","27.862","-80.445","10.0","2017-06-02","9999.9"," 0","000000",,"999.9",,"  79.7","*","  73.2","*"," 19.0",," 0.00","I","1018.0","24","999.9",,"999.9"," 0","  77.0","24"
"99495199999","SEBASTIAN INLET STATE PARK, FL US","27.862","-80.445","10.0","2017-06-03","9999.9"," 0","000000",,"999.9",,"  77.4","*","  73.0","*"," 15.9",," 0.00","I","1017.4","24","999.9",,"999.9"," 0","  75.2","24"
"99495199999","SEBASTIAN INLET STATE PARK, FL US","27.862","-80.445","10.0","2017-06-04","9999.9"," 0","000000",,"999.9",,"  77.2","*","  73.2","*"," 12.0",," 0.00","I","1016.4","24","999.9",,"999.9"," 0","  74.9","24"
"99495199999","SEBASTIAN INLET STATE PARK, FL US","27.862","-80.445","10.0","2017-06-05","9999.9"," 0","000000",,"999.9",,"  82.6","*","  72.5","*"," 15.0",," 0.00","I","1014.8","24","999.9",,"999.9"," 0","  76.1","24"
"99495199999","SEBASTIAN INLET STATE PARK, FL US","27.862","-80.445","10.0","2017-06-06","9999.9"," 0","000000",,"999.9",,"  82.2","*","  73.6","*"," 18.1",," 0.00","I","1011.8","24","999.9",,"999.9"," 0","  75.8","24"
"99495199999","SEBASTIAN INLET STATE PARK, FL US","27.862","-80.445","10.0","2017-06-07","9999.9"," 0","000000",,"999.9",,"  81.1","*","  70.7","*"," 20.0",," 0.00","I","1009.5","24","999.9",,"999.9"," 0","  74.0","24"
"99495199999","SEBASTIAN INLET STATE PARK, FL US","27.862","-80.445","10.0","2017-06-08","9999.9"," 0","000000",,"999.9",,"  82.6","*","  71.1","*"," 15.0",," 0.00","I","1008.6","24","999.9",,"999.9"," 0","  74.7","24"
"99495199999","SEBASTIAN INLET STATE PARK, FL US","27.862","-80.445","10.0","2017-06-09","9999.9"," 0","000000",,"999.9",,"  77.0","*","  70.2","*"," 13.0",," 0.00","I","1012.7","24","999.9",,"999.9"," 0","  72.8","24"
"99495199999","SEBASTIAN INLET STATE PARK, FL US","27.862","-80.445","10.0","2017-06-10","9999.9"," 0","000000",,"999.9",,"  80.6","*","  72.1","*"," 14.0",," 0.00","I","1017.3","24","999.9",,"999.9"," 0","  76.7","24"
"99495199999","SEBASTIAN INLET STATE PARK, FL US","27.862","-80.445","10.0","2017-06-11","9999.9"," 0","000000",,"999.9",,"  78.8","*","  74.3","*","  8.9",," 0.00","I","1020.7","24","999.9",,"999.9"," 0","  76.7","24"
"99495199999","SEBASTIAN INLET STATE PARK, FL US","27.862","-80.445","10.0","2017-06-12","9999.9"," 0","000000",,"999.9",,"  79.3","*","  76.1","*","  7.0",," 0.00","I","1020.3","24","999.9",,"999.9"," 0","  77.9","24"
"99495199999","SEBASTIAN INLET STATE PARK, FL US","27.862","-80.445","10.0","2017-06-13","9999.9"," 0","000000",,"999.9",,"  79.9","*","  77.5","*","  9.9",," 0.00","I","1018.7","24","999.9",,"999.9"," 0","  78.7","24"
"99495199999","SEBASTIAN INLET STATE PARK, FL US","27.862","-80.445","10.0","2017-06-14","9999.9"," 0","000000",,"999.9",,"  79.9","*","  73.4","*"," 17.1",," 0.00","I","1018.3","24","999.9",,"999.9"," 0","  77.7","24"
"99495199999","SEBASTIAN INLET STATE PARK, FL US","27.862","-80.445","10.0","2017-06-15","9999.9"," 0","000000",,"999.9",,"  78.4","*","  73.0","*","  9.9",," 0.00","I","1018.0","23","999.9",,"999.9"," 0","  75.1","23"
"99495199999","SEBASTIAN INLET STATE PARK, FL US","27.862","-80.445","10.0","2017-06-16","9999.9"," 0","000000",,"999.9",,"  79.2","*","  70.7","*"," 14.0",," 0.00","I","1015.7","24","999.9",,"999.9"," 0","  74.9","24"
"99495199999","SEBASTIAN INLET STATE PARK, FL US","27.862","-80.445","10.0","2017-06-17","9999.9"," 0","000000",,"999.9",,"  79.5","*","  72.3","*"," 15.9",," 0.00","I","1014.5","24","999.9",,"999.9"," 0","  75.8","24"
"99495199999","SEBASTIAN INLET STATE PARK, FL US","27.862","-80.445","10.0","2017-06-18","9999.9"," 0","000000",,"999.9",,"  80.2","*","  77.0","*"," 15.0",," 0.00","I","1015.5","24","999.9",,"999.9"," 0","  78.4","24"
"99495199999","SEBASTIAN INLET STATE PARK, FL US","27.862","-80.445","10.0","2017-06-19","9999.9"," 0","000000",,"999.9",,"  79.9","*","  75.9","*"," 17.1",," 0.00","I","1016.7","24","999.9",,"999.9"," 0","  78.2","24"
"99495199999","SEBASTIAN INLET STATE PARK, FL US","27.862","-80.445","10.0","2017-06-20","9999.9"," 0","000000",,"999.9",,"  79.5","*","  76.1","*"," 13.0",," 0.00","I","1017.4","24","999.9",,"999.9"," 0","  78.6","24"
"99495199999","SEBASTIAN INLET STATE PARK, FL US","27.862","-80.445","10.0","2017-06-21","9999.9"," 0","000000",,"999.9",,"  78.8","*","  77.2","*"," 14.0",," 0.00","I","1017.5","24","999.9",,"999.9"," 0","  78.0","24"
"99495199999","SEBASTIAN INLET STATE PARK, FL US","27.862","-80.445","10.0","2017-06-22","9999.9"," 0","000000",,"999.9",,"  79.9","*","  75.7","*","  9.9",," 0.00","I","1019.2","24","999.9",,"999.9"," 0","  77.6","24"
"99495199999","SEBASTIAN INLET STATE PARK, FL US","27.862","-80.445","10.0","2017-06-23","9999.9"," 0","000000",,"999.9",,"  80.8","*","  77.0","*"," 11.1",," 0.00","I","1018.5","24","999.9",,"999.9"," 0","  78.9","24"
"99495199999","SEBASTIAN INLET STATE PARK, FL US","27.862","-80.445","10.0","2017-06-24","9999.9"," 0","000000",,"999.9",,"  79.9","*","  76.3","*"," 11.1",," 0.00","I","1018.7","24","999.9",,"999.9"," 0","  78.6","24"
"99495199999","SEBASTIAN INLET STATE PARK, FL US","27.862","-80.445","10.0","2017-06-25","9999.9"," 0","000000",,"999.9",,"  81.5","*","  77.2","*"," 13.0",," 0.00","I","1020.0","24","999.9",,"999.9"," 0","  78.9","24"
"99495199999","SEBASTIAN INLET STATE PARK, FL US","27.862","-80.445","10.0","2017-06-26","9999.9"," 0","000000",,"999.9",,"  84.0","*","  77.0","*"," 11.1",," 0.00","I","1018.7","24","999.9",,"999.9"," 0","  79.1","24"
"99495199999","SEBASTIAN INLET STATE PARK, FL US","27.862","-80.445","10.0","2017-06-27","9999.9"," 0","000000",,"999.9",,"  82.9","*","  74.1","*"," 14.0",," 0.00","I","1016.7","24","999.9",,"999.9"," 0","  79.3","24"
"99495199999","SEBASTIAN INLET STATE PARK, FL US","27.862","-80.445","10.0","2017-06-28","9999.9"," 0","000000",,"999.9",,"  80.4","*","  75.0","*"," 11.1",," 0.00","I","1017.6","24","999.9",,"999.9"," 0","  77.6","24"
"99495199999","SEBASTIAN INLET STATE PARK, FL US","27.862","-80.445","10.0","2017-06-29","9999.9"," 0","000000",,"999.9",,"  81.5","*","  78.3","*","  9.9",," 0.00","I","1019.5","24","999.9",,"999.9"," 0","  80.0","24"
"99495199999","SEBASTIAN INLET STATE PARK, FL US","27.862","-80.445","10.0","2017-06-30","9999.9"," 0","000000",,"999.9",,"  82.0","*","  80.1","*"," 13.0",," 0.00","I","1019.9","18","999.9",,"999.9"," 0","  81.4","18"
"99495199999","SEBASTIAN INLET STATE PARK, FL US","27.862","-80.445","10.0","2017-07-01","9999.9"," 0","000000",,"999.9",,"  83.3","*","  78.4","*"," 12.0",," 0.00","I","1020.9","24","999.9",,"999.9"," 0","  81.1","24"
"99495199999","SEBASTIAN INLET STATE PARK, FL US","27.862","-80.445","10.0","2017-07-02","9999.9"," 0","000000",,"999.9",,"  85.1","*","  77.9","*","  9.9",," 0.00","I","1021.9","24","999.9",,"999.9"," 0","  81.1","24"
"99495199999","SEBASTIAN INLET STATE PARK, FL US","27.862","-80.445","10.0","2017-07-03","9999.9"," 0","000000",,"999.9",,"  83.1","*","  77.4","*","  9.9",," 0.00","I","1020.6","24","999.9",,"999.9"," 0","  80.9","24"
"99495199999","SEBASTIAN INLET STATE PARK, FL US","27.862","-80.445","10.0","2017-07-04","9999.9"," 0","000000",,"999.9",,"  82.6","*","  77.9","*"," 14.0",," 0.00","I","1020.2","24","999.9",,"999.9"," 0","  81.0","24"
"99495199999","SEBASTIAN INLET STATE PARK, FL US","27.862","-80.445","10.0","2017-07-05","9999.9"," 0","000000",,"999.9",,"  83.1","*","  79.0","*","  9.9",," 0.00","I","1021.1","24","999.9",,"999.9"," 0","  81.3","24"
"99495199999","SEBASTIAN INLET STATE PARK, FL US","27.862","-80.445","10.0","2017-07-06","9999.9"," 0","000000",,"999.9",,"  82.9","*","  81.3","*"," 13.0",," 0.00","I","1021.3","24","999.9",,"999.9"," 0","  82.1","24"
"99495199999","SEBASTIAN INLET STATE PARK, FL US","27.862","-80.445","10.0","2017-07-07","9999.9"," 0","000000",,"999.9",,"  83.5","*","  78.8","*","  9.9",," 0.00","I","1020.6","24","999.9",,"999.9"," 0","  81.5","24"
"99495199999","SEBASTIAN INLET STATE PARK, FL US","27.862","-80.445","10.0","2017-07-08","9999.9"," 0","000000",,"999.9",,"  84.6","*","  76.6","*"," 13.0",," 0.00","I","1019.4","24","999.9",,"999.9"," 0","  81.0","24"
"99495199999","SEBASTIAN INLET STATE PARK, FL US","27.862","-80.445","10.0","2017-07-09","9999.9"," 0","000000",,"999.9",,"  81.7","*","  75.9","*"," 11.1",," 0.00","I","1019.1","24","999.9",,"999.9"," 0","  78.9","24"
"99495199999","SEBASTIAN INLET STATE PARK, FL US","27.862","-80.445","10.0","2017-07-10","9999.9"," 0","000000",,"999.9",,"  82.6","*","  79.0","*","  9.9",," 0.00","I","1019.2","24","999.9",,"999.9"," 0","  80.8","24"
"99495199999","SEBASTIAN INLET STATE PARK, FL US","27.862","-80.445","10.0","2017-07-11","9999.9"," 0","000000",,"999.9",,"  82.8","*","  79.0","*"," 11.1",," 0.00","I","1019.6","24","999.9",,"999.9"," 0","  81.1","24"
"99495199999","SEBASTIAN INLET STATE PARK, FL US","27.862","-80.445","10.0","2017-07-12","9999.9"," 0","000000",,"999.9",,"  82.6","*","  75.7","*"," 14.0",," 0.00","I","1020.0","24","999.9",,"999.9"," 0","  81.2","24"
"99495199999","SEBASTIAN INLET STATE PARK, FL US","27.862","-80.445","10.0","2017-07-13","9999.9"," 0","000000",,"999.9",,"  82.6","*","  73.4","*"," 11.1",," 0.00","I","1020.4","24","999.9",,"999.9"," 0","  80.2","24"
"99495199999","SEBASTIAN INLET STATE PARK, FL US","27.862","-80.445","10.0","2017-07-14","9999.9"," 0","000000",,"999.9",,"  82.2","*","  78.8","*"," 11.1",," 0.00","I","1020.7","24","999.9",,"999.9"," 0","  81.2","24"
"99495199999","SEBASTIAN INLET STATE PARK, FL US","27.862","-80.445","10.0","2017-07-15","9999.9"," 0","000000",,"999.9",,"  82.9","*","  81.0","*"," 13.0",," 0.00","I","1019.1","24","999.9",,"999.9"," 0","  81.9","24"
"99495199999","SEBASTIAN INLET STATE PARK, FL US","27.862","-80.445","10.0","2017-07-16","9999.9"," 0","000000",,"999.9",,"  82.9","*","  81.1","*","  8.9",," 0.00","I","1016.8","24","999.9",,"999.9"," 0","  82.1","24"
"99495199999","SEBASTIAN INLET STATE PARK, FL US","27.862","-80.445","10.0","2017-07-17","9999.9"," 0","000000",,"999.9",,"  83.3","*","  80.2","*"," 15.9",," 0.00","I","1016.5","24","999.9",,"999.9"," 0","  82.1","24"
"99495199999","SEBASTIAN INLET STATE PARK, FL US","27.862","-80.445","10.0","2017-07-18","9999.9"," 0","000000",,"999.9",,"  84.0","*","  77.7","*"," 15.9",," 0.00","I","1019.1","24","999.9",,"999.9"," 0","  80.8","24"
"99495199999","SEBASTIAN INLET STATE PARK, FL US","27.862","-80.445","10.0","2017-07-19","9999.9"," 0","000000",,"999.9",,"  86.4","*","  72.3","*"," 15.0",," 0.00","I","1020.0","24","999.9",,"999.9"," 0","  80.4","24"
"99495199999","SEBASTIAN INLET STATE PARK, FL US","27.862","-80.445","10.0","2017-07-20","9999.9"," 0","000000",,"999.9",,"  81.0","*","  73.9","*"," 13.0",," 0.00","I","1019.5","24","999.9",,"999.9"," 0","  78.4","24"
"99495199999","SEBASTIAN INLET STATE PARK, FL US","27.862","-80.445","10.0","2017-07-21","9999.9"," 0","000000",,"999.9",,"  81.1","*","  76.3","*","  8.0",," 0.00","I","1018.3","15","999.9",,"999.9"," 0","  78.3","15"
"99495199999","SEBASTIAN INLET STATE PARK, FL US","27.862","-80.445","10.0","2017-07-22","9999.9"," 0","000000",,"999.9",,"  83.1","*","  73.4","*"," 18.1",," 0.00","I","1019.2","19","999.9",,"999.9"," 0","  77.5","19"
"99495199999","SEBASTIAN INLET STATE PARK, FL US","27.862","-80.445","10.0","2017-07-23","9999.9"," 0","000000",,"999.9",,"  83.8","*","  75.7","*","  7.0",," 0.00","I","1018.3","24","999.9",,"999.9"," 0","  78.7","24"
"99495199999","SEBASTIAN INLET STATE PARK, FL US","27.862","-80.445","10.0","2017-07-24","9999.9"," 0","000000",,"999.9",,"  86.7","*","  77.4","*"," 11.1",," 0.00","I","1018.2","24","999.9",,"999.9"," 0","  80.5","24"
"99495199999","SEBASTIAN INLET STATE PARK, FL US","27.862","-80.445","10.0","2017-07-25","9999.9"," 0","000000",,"999.9",,"  85.5","*","  78.3","*"," 13.0",," 0.00","I","1020.2","24","999.9",,"999.9"," 0","  81.6","24"
"99495199999","SEBASTIAN INLET STATE PARK, FL US","27.862","-80.445","10.0","2017-07-26","9999.9"," 0","000000",,"999.9",,"  84.7","*","  80.4","*","  9.9",," 0.00","I","1019.5","24","999.9",,"999.9"," 0","  82.0","24"
"99495199999","SEBASTIAN INLET STATE PARK, FL US","27.862","-80.445","10.0","2017-07-27","9999.9"," 0","000000",,"999.9",,"  84.7","*","  79.2","*","  9.9",," 0.00","I","1017.5","24","999.9",,"999.9"," 0","  81.4","24"
"99495199999","SEBASTIAN INLET STATE PARK, FL US","27.862","-80.445","10.0","2017-07-28","9999.9"," 0","000000",,"999.9",,"  86.4","*","  74.5","*"," 14.0",," 0.00","I","1015.3","24","999.9",,"999.9"," 0","  80.9","24"
"99495199999","SEBASTIAN INLET STATE PARK, FL US","27.862","-80.445","10.0","2017-07-29","9999.9"," 0","000000",,"999.9",,"  88.2","*","  76.6","*"," 13.0",," 0.00","I","1013.4","23","999.9",,"999.9"," 0","  80.4","23"
"99495199999","SEBASTIAN INLET STATE PARK, FL US","27.862","-80.445","10.0","2017-07-30","9999.9"," 0","000000",,"999.9",,"  86.5","*","  73.9","*"," 13.0",," 0.00","I","1012.9","24","999.9",,"999.9"," 0","  80.5","24"
"99495199999","SEBASTIAN INLET STATE PARK, FL US","27.862","-80.445","10.0","2017-07-31","9999.9"," 0","000000",,"999.9",,"  78.3","*","  73.6","*"," 13.0",," 0.00","I","1014.4","24","999.9",,"999.9"," 0","  75.8","24"
"99495199999","SEBASTIAN INLET STATE PARK, FL US","27.862","-80.445","10.0","2017-08-01","9999.9"," 0","000000",,"999.9",,"  84.0","*","  74.3","*"," 13.0",," 0.00","I","1015.3","24","999.9",,"999.9"," 0","  77.4","24"
"99495199999","SEBASTIAN INLET STATE PARK, FL US","27.862","-80.445","10.0","2017-08-02","9999.9"," 0","000000",,"999.9",,"  81.9","*","  74.5","*"," 15.9",," 0.00","I","1019.0","24","999.9",,"999.9"," 0","  78.3","24"
"99495199999","SEBASTIAN INLET STATE PARK, FL US","27.862","-80.445","10.0","2017-08-03","9999.9"," 0","000000",,"999.9",,"  82.6","*","  76.1","*"," 12.0",," 0.00","I","1020.8","24","999.9",,"999.9"," 0","  79.0","24"
"99495199999","SEBASTIAN INLET STATE PARK, FL US","27.862","-80.445","10.0","2017-08-04","9999.9"," 0","000000",,"999.9",,"  82.8","*","  76.8","*"," 12.0",," 0.00","I","1020.9","24","999.9",,"999.9"," 0","  80.0","24"
"99495199999","SEBASTIAN INLET STATE PARK, FL US","27.862","-80.445","10.0","2017-08-05","9999.9"," 0","000000",,"999.9",,"  83.7","*","  80.1","*"," 11.1",," 0.00","I","1019.5","24","999.9",,"999.9"," 0","  81.7","24"
"99495199999","SEBASTIAN INLET STATE PARK, FL US","27.862","-80.445","10.0","2017-08-06","9999.9"," 0","000000",,"999.9",,"  83.1","*","  79.5","*"," 12.0",," 0.00","I","1019.3","24","999.9",,"999.9"," 0","  81.4","24"
"99495199999","SEBASTIAN INLET STATE PARK, FL US","27.862","-80.445","10.0","2017-08-07","9999.9"," 0","000000",,"999.9",,"  82.8","*","  80.1","*"," 15.9",," 0.00","I","1018.9","24","999.9",,"999.9"," 0","  81.4","24"
"99495199999","SEBASTIAN INLET STATE PARK, FL US","27.862","-80.445","10.0","2017-08-08","9999.9"," 0","000000",,"999.9",,"  82.8","*","  80.1","*"," 12.0",," 0.00","I","1017.5","24","999.9",,"999.9"," 0","  81.4","24"
"99495199999","SEBASTIAN INLET STATE PARK, FL US","27.862","-80.445","10.0","2017-08-09","9999.9"," 0","000000",,"999.9",,"  82.2","*","  78.1","*"," 12.0",," 0.00","I","1018.1","15","999.9",,"999.9"," 0","  80.3","15"
"99495199999","SEBASTIAN INLET STATE PARK, FL US","27.862","-80.445","10.0","2017-10-03","9999.9"," 0","000000",,"999.9",,"  79.7","*","  76.5","*"," 27.0",," 0.00","I","1020.1"," 9","999.9",,"999.9"," 0","  78.6"," 9"
"99495199999","SEBASTIAN INLET STATE PARK, FL US","27.862","-80.445","10.0","2017-10-04","9999.9"," 0","000000",,"999.9",,"  80.4","*","  76.1","*"," 28.0",," 0.00","I","1019.4","24","999.9",,"999.9"," 0","  79.1","24"
"99495199999","SEBASTIAN INLET STATE PARK, FL US","27.862","-80.445","10.0","2017-10-05","9999.9"," 0","000000",,"999.9",,"  80.1","*","  74.7","*"," 27.0",," 0.00","I","1015.1","24","999.9",,"999.9"," 0","  77.6","24"
"99495199999","SEBASTIAN INLET STATE PARK, FL US","27.862","-80.445","10.0","2017-10-06","9999.9"," 0","000000",,"999.9",,"  81.7","*","  78.3","*"," 14.0",," 0.00","I","1014.5","24","999.9",,"999.9"," 0","  80.2","24"
"99495199999","SEBASTIAN INLET STATE PARK, FL US","27.862","-80.445","10.0","2017-10-07","9999.9"," 0","000000",,"999.9",,"  82.4","*","  80.2","*"," 14.0",," 0.00","I","1015.2","24","999.9",,"999.9"," 0","  81.4","24"
"99495199999","SEBASTIAN INLET STATE PARK, FL US","27.862","-80.445","10.0","2017-10-08","9999.9"," 0","000000",,"999.9",,"  82.4","*","  79.3","*"," 15.9",," 0.00","I","1015.3","24","999.9",,"999.9"," 0","  81.3","24"
"99495199999","SEBASTIAN INLET STATE PARK, FL US","27.862","-80.445","10.0","2017-10-09","9999.9"," 0","000000",,"999.9",,"  82.4","*","  80.4","*"," 14.0",," 0.00","I","1015.6","24","999.9",,"999.9"," 0","  81.7","24"
"99495199999","SEBASTIAN INLET STATE PARK, FL US","27.862","-80.445","10.0","2017-10-10","9999.9"," 0","000000",,"999.9",,"  82.6","*","  79.3","*"," 17.1",," 0.00","I","1017.2","24","999.9",,"999.9"," 0","  81.7","24"
"99495199999","SEBASTIAN INLET STATE PARK, FL US","27.862","-80.445","10.0","2017-10-11","9999.9"," 0","000000",,"999.9",,"  81.7","*","  80.8","*"," 15.0",," 0.00","I","1016.9","24","999.9",,"999.9"," 0","  81.2","24"
"99495199999","SEBASTIAN INLET STATE PARK, FL US","27.862","-80.445","10.0","2017-10-12","9999.9"," 0","000000",,"999.9",,"  81.0","*","  77.2","*"," 19.0",," 0.00","I","1014.9","24","999.9",,"999.9"," 0","  79.9","24"
"99495199999","SEBASTIAN INLET STATE PARK, FL US","27.862","-80.445","10.0","2017-10-13","9999.9"," 0","000000",,"999.9",,"  81.3","*","  76.5","*"," 19.0",," 0.00","I","1015.8","24","999.9",,"999.9"," 0","  79.5","24"
"99495199999","SEBASTIAN INLET STATE PARK, FL US","27.862","-80.445","10.0","2017-10-14","9999.9"," 0","000000",,"999.9",,"  80.8","*","  76.5","*"," 15.9",," 0.00","I","1018.4","24","999.9",,"999.9"," 0","  80.0","24"
"99495199999","SEBASTIAN INLET STATE PARK, FL US","27.862","-80.445","10.0","2017-10-15","9999.9"," 0","000000",,"999.9",,"  81.7","*","  79.7","*"," 13.0",," 0.00","I","1018.0","24","999.9",,"999.9"," 0","  80.7","24"
"99495199999","SEBASTIAN INLET STATE PARK, FL US","27.862","-80.445","10.0","2017-10-16","9999.9"," 0","000000",,"999.9",,"  81.0","*","  77.4","*","  9.9",," 0.00","I","1015.8","24","999.9",,"999.9"," 0","  80.0","24"
"99495199999","SEBASTIAN INLET STATE PARK, FL US","27.862","-80.445","10.0","2017-10-17","9999.9"," 0","000000",,"999.9",,"  81.0","*","  75.6","*"," 19.0",," 0.00","I","1016.4","24","999.9",,"999.9"," 0","  78.6","24"
"99495199999","SEBASTIAN INLET STATE PARK, FL US","27.862","-80.445","10.0","2017-10-18","9999.9"," 0","000000",,"999.9",,"  79.3","*","  75.2","*"," 22.9",," 0.00","I","1018.0","24","999.9",,"999.9"," 0","  77.8","24"
"99495199999","SEBASTIAN INLET STATE PARK, FL US","27.862","-80.445","10.0","2017-10-19","9999.9"," 0","000000",,"999.9",,"  80.4","*","  78.3","*"," 21.0",," 0.00","I","1018.1","24","999.9",,"999.9"," 0","  79.7","24"
"99495199999","SEBASTIAN INLET STATE PARK, FL US","27.862","-80.445","10.0","2017-10-20","9999.9"," 0","000000",,"999.9",,"  80.1","*","  78.8","*"," 22.0",," 0.00","I","1018.9","24","999.9",,"999.9"," 0","  79.4","24"
"99495199999","SEBASTIAN INLET STATE PARK, FL US","27.862","-80.445","10.0","2017-10-21","9999.9"," 0","000000",,"999.9",,"  80.4","*","  78.6","*"," 19.0",," 0.00","I","1019.9","24","999.9",,"999.9"," 0","  79.7","24"
"99495199999","SEBASTIAN INLET STATE PARK, FL US","27.862","-80.445","10.0","2017-10-22","9999.9"," 0","000000",,"999.9",,"  81.0","*","  78.3","*"," 18.1",," 0.00","I","1020.2","24","999.9",,"999.9"," 0","  80.4","24"
"99495199999","SEBASTIAN INLET STATE PARK, FL US","27.862","-80.445","10.0","2017-10-23","9999.9"," 0","000000",,"999.9",,"  80.8","*","  79.7","*"," 19.0",," 0.00","I","1018.1","24","999.9",,"999.9"," 0","  80.4","24"
"99495199999","SEBASTIAN INLET STATE PARK, FL US","27.862","-80.445","10.0","2017-10-24","9999.9"," 0","000000",,"999.9",,"  84.7","*","  72.9","*"," 18.1",," 0.00","I","1014.2","24","999.9",,"999.9"," 0","  77.5","24"
"99495199999","SEBASTIAN INLET STATE PARK, FL US","27.862","-80.445","10.0","2017-10-25","9999.9"," 0","000000",,"999.9",,"  75.2","*","  64.0","*"," 22.0",," 0.00","I","1013.0","24","999.9",,"999.9"," 0","  69.9","24"
"99495199999","SEBASTIAN INLET STATE PARK, FL US","27.862","-80.445","10.0","2017-10-26","9999.9"," 0","000000",,"999.9",,"  69.8","*","  59.9","*"," 17.1",," 0.00","I","1016.3","24","999.9",,"999.9"," 0","  64.5","24"
"99495199999","SEBASTIAN INLET STATE PARK, FL US","27.862","-80.445","10.0","2017-10-27","9999.9"," 0","000000",,"999.9",,"  74.5","*","  65.3","*"," 12.0",," 0.00","I","1017.5","24","999.9",,"999.9"," 0","  70.5","24"
"99495199999","SEBASTIAN INLET STATE PARK, FL US","27.862","-80.445","10.0","2017-10-28","9999.9"," 0","000000",,"999.9",,"  77.5","*","  71.8","*"," 18.1",," 0.00","I","1013.8","23","999.9",,"999.9"," 0","  75.4","23"
"99495199999","SEBASTIAN INLET STATE PARK, FL US","27.862","-80.445","10.0","2017-10-29","9999.9"," 0","000000",,"999.9",,"  74.1","*","  64.0","*"," 21.0",," 0.00","I","1007.0","24","999.9",,"999.9"," 0","  69.8","24"
"99495199999","SEBASTIAN INLET STATE PARK, FL US","27.862","-80.445","10.0","2017-10-30","9999.9"," 0","000000",,"999.9",,"  64.0","*","  52.0","*"," 17.1",," 0.00","I","1016.5","24","999.9",,"999.9"," 0","  57.7","24"
"99495199999","SEBASTIAN INLET STATE PARK, FL US","27.862","-80.445","10.0","2017-10-31","9999.9"," 0","000000",,"999.9",,"  71.1","*","  58.1","*"," 15.9",," 0.00","I","1020.8","24","999.9",,"999.9"," 0","  63.7","24"
"99495199999","SEBASTIAN INLET STATE PARK, FL US","27.862","-80.445","10.0","2017-11-01","9999.9"," 0","000000",,"999.9",,"  75.4","*","  66.7","*"," 15.0",," 0.00","I","1020.2","24","999.9",,"999.9"," 0","  71.4","24"
"99495199999","SEBASTIAN INLET STATE PARK, FL US","27.862","-80.445","10.0","2017-11-02","9999.9"," 0","000000",,"999.9",,"  76.5","*","  67.5","*"," 18.1",," 0.00","I","1020.6","24","999.9",,"999.9"," 0","  72.9","24"
"99495199999","SEBASTIAN INLET STATE PARK, FL US","27.862","-80.445","10.0","2017-11-03","9999.9"," 0","000000",,"999.9",,"  77.0","*","  68.9","*"," 22.0",," 0.00","I","1019.5","24","999.9",,"999.9"," 0","  73.9","24"
"99495199999","SEBASTIAN INLET STATE PARK, FL US","27.862","-80.445","10.0","2017-11-04","9999.9"," 0","000000",,"999.9",,"  76.8","*","  71.4","*"," 18.1",," 0.00","I","1017.3","24","999.9",,"999.9"," 0","  75.4","24"
"99495199999","SEBASTIAN INLET STATE PARK, FL US","27.862","-80.445","10.0","2017-11-05","9999.9"," 0","000000",,"999.9",,"  76.6","*","  69.8","*"," 18.1",," 0.00","I","1016.7","24","999.9",,"999.9"," 0","  73.6","24"
"99495199999","SEBASTIAN INLET STATE PARK, FL US","27.862","-80.445","10.0","2017-11-06","9999.9"," 0","000000",,"999.9",,"  76.3","*","  71.6","*"," 15.0",," 0.00","I","1018.0","24","999.9",,"999.9"," 0","  74.2","24"
"99495199999","SEBASTIAN INLET STATE PARK, FL US","27.862","-80.445","10.0","2017-11-07","9999.9"," 0","000000",,"999.9",,"  75.9","*","  71.6","*"," 14.0",," 0.00","I","1018.0","24","999.9",,"999.9"," 0","  74.5","24"
"99495199999","SEBASTIAN INLET STATE PARK, FL US","27.862","-80.445","10.0","2017-11-08","9999.9"," 0","000000",,"999.9",,"  76.5","*","  69.8","*"," 12.0",," 0.00","I","1016.7","24","999.9",,"999.9"," 0","  74.4","24"
"99495199999","SEBASTIAN INLET STATE PARK, FL US","27.862","-80.445","10.0","2017-11-09","9999.9"," 0","000000",,"999.9",,"  77.4","*","  72.1","*","  9.9",," 0.00","I","1016.5","24","999.9",,"999.9"," 0","  75.7","24"
"99495199999","SEBASTIAN INLET STATE PARK, FL US","27.862","-80.445","10.0","2017-11-10","9999.9"," 0","000000",,"999.9",,"  77.4","*","  71.8","*"," 22.9",," 0.00","I","1017.2","24","999.9",,"999.9"," 0","  74.4","24"
"99495199999","SEBASTIAN INLET STATE PARK, FL US","27.862","-80.445","10.0","2017-11-11","9999.9"," 0","000000",,"999.9",,"  75.7","*","  72.1","*"," 22.0",," 0.00","I","1019.4","13","999.9",,"999.9"," 0","  74.9","13"
"99495199999","SEBASTIAN INLET STATE PARK, FL US","27.862","-80.445","10.0","2017-11-12","9999.9"," 0","000000",,"999.9",,"  76.5","*","  72.3","*"," 24.1",," 0.00","I","1020.7","19","999.9",,"999.9"," 0","  74.4","19"
"99495199999","SEBASTIAN INLET STATE PARK, FL US","27.862","-80.445","10.0","2017-11-13","9999.9"," 0","000000",,"999.9",,"  77.2","*","  73.9","*"," 21.0",," 0.00","I","1019.9","24","999.9",,"999.9"," 0","  76.4","24"
"99495199999","SEBASTIAN INLET STATE PARK, FL US","27.862","-80.445","10.0","2017-11-14","9999.9"," 0","000000",,"999.9",,"  76.1","*","  70.7","*"," 28.0",," 0.00","I","1016.8","24","999.9",,"999.9"," 0","  74.8","24"
"99495199999","SEBASTIAN INLET STATE PARK, FL US","27.862","-80.445","10.0","2017-11-15","9999.9"," 0","000000",,"999.9",,"  74.5","*","  70.7","*"," 25.1",," 0.00","I","1014.4","24","999.9",,"999.9"," 0","  73.6","24"
"99495199999","SEBASTIAN INLET STATE PARK, FL US","27.862","-80.445","10.0","2017-11-16","9999.9"," 0","000000",,"999.9",,"  70.3","*","  67.1","*"," 24.1",," 0.00","I","1016.0","24","999.9",,"999.9"," 0","  69.5","24"
"99495199999","SEBASTIAN INLET STATE PARK, FL US","27.862","-80.445","10.0","2017-11-17","9999.9"," 0","000000",,"999.9",,"  72.7","*","  64.9","*"," 19.0",," 0.00","I","1017.9","24","999.9",,"999.9"," 0","  70.1","24"
"99495199999","SEBASTIAN INLET STATE PARK, FL US","27.862","-80.445","10.0","2017-11-18","9999.9"," 0","000000",,"999.9",,"  73.8","*","  65.1","*","  9.9",," 0.00","I","1016.6","17","999.9",,"999.9"," 0","  70.8","17"
"99495199999","SEBASTIAN INLET STATE PARK, FL US","27.862","-80.445","10.0","2017-11-19","9999.9"," 0","000000",,"999.9",,"  80.1","*","  64.2","*"," 11.1",," 0.00","I","1014.4","24","999.9",,"999.9"," 0","  71.3","24"
"99495199999","SEBASTIAN INLET STATE PARK, FL US","27.862","-80.445","10.0","2017-11-20","9999.9"," 0","000000",,"999.9",,"  73.8","*","  68.0","*"," 22.9",," 0.00","I","1018.0","24","999.9",,"999.9"," 0","  71.0","24"
"99495199999","SEBASTIAN INLET STATE PARK, FL US","27.862","-80.445","10.0","2017-11-21","9999.9"," 0","000000",,"999.9",,"  74.3","*","  69.6","*"," 24.1",," 0.00","I","1017.3","24","999.9",,"999.9"," 0","  73.2","24"
"99495199999","SEBASTIAN INLET STATE PARK, FL US","27.862","-80.445","10.0","2017-11-22","9999.9"," 0","000000",,"999.9",,"  74.3","*","  67.5","*"," 13.0",," 0.00","I","1014.5","24","999.9",,"999.9"," 0","  71.4","24"
"99495199999","SEBASTIAN INLET STATE PARK, FL US","27.862","-80.445","10.0","2017-11-23","9999.9"," 0","000000",,"999.9",,"  79.7","*","  72.7","*"," 13.0",," 0.00","I","1012.9","24","999.9",,"999.9"," 0","  74.9","24"
"99495199999","SEBASTIAN INLET STATE PARK, FL US","27.862","-80.445","10.0","2017-11-24","9999.9"," 0","000000",,"999.9",,"  73.4","*","  65.1","*","  9.9",," 0.00","I","1011.4","24","999.9",,"999.9"," 0","  68.6","24"
"99495199999","SEBASTIAN INLET STATE PARK, FL US","27.862","-80.445","10.0","2017-11-25","9999.9"," 0","000000",,"999.9",,"  69.1","*","  60.6","*","  9.9",," 0.00","I","1016.5","24","999.9",,"999.9"," 0","  64.8","24"
"99495199999","SEBASTIAN INLET STATE PARK, FL US","27.862","-80.445","10.0","2017-11-26","9999.9"," 0","000000",,"999.9",,"  68.2","*","  64.6","*","  5.1",," 0.00","I","1017.8"," 6","999.9",,"999.9"," 0","  66.4"," 6"
"99495199999","SEBASTIAN INLET STATE PARK, FL US","27.862","-80.445","10.0","2017-11-27","9999.9"," 0","000000",,"999.9",,"  71.6","*","  62.6","*"," 14.0",," 0.00","I","1018.9","18","999.9",,"999.9"," 0","  68.5","18"
"99495199999","SEBASTIAN INLET STATE PARK, FL US","27.862","-80.445","10.0","2017-11-28","9999.9"," 0","000000",,"999.9",,"  75.4","*","  71.6","*"," 14.0",," 0.00","I","1020.8","24","999.9",,"999.9"," 0","  73.9","24"
"99495199999","SEBASTIAN INLET STATE PARK, FL US","27.862","-80.445","10.0","2017-11-29","9999.9"," 0","000000",,"999.9",,"  75.2","*","  69.8","*"," 21.0",," 0.00","I","1021.3","24","999.9",,"999.9"," 0","  74.1","24"
"99495199999","SEBASTIAN INLET STATE PARK, FL US","27.862","-80.445","10.0","2017-11-30","9999.9"," 0","000000",,"999.9",,"  74.5","*","  72.3","*"," 15.9",," 0.00","I","1019.8","24","999.9",,"999.9"," 0","  73.4","24"
"99495199999","SEBASTIAN INLET STATE PARK, FL US","27.862","-80.445","10.0","2017-12-01","9999.9"," 0","000000",,"999.9",,"  74.1","*","  68.4","*"," 13.0",," 0.00","I","1019.2","24","999.9",,"999.9"," 0","  72.0","24"
"99495199999","SEBASTIAN INLET STATE PARK, FL US","27.862","-80.445","10.0","2017-12-02","9999.9"," 0","000000",,"999.9",,"  73.9","*","  72.7","*","  8.0",," 0.00","I","1020.8","24","999.9",,"999.9"," 0","  73.4","24"
"99495199999","SEBASTIAN INLET STATE PARK, FL US","27.862","-80.445","10.0","2017-12-03","9999.9"," 0","000000",,"999.9",,"  73.4","*","  66.6","*"," 11.1",," 0.00","I","1020.5","24","999.9",,"999.9"," 0","  70.8","24"
"99495199999","SEBASTIAN INLET STATE PARK, FL US","27.862","-80.445","10.0","2017-12-04","9999.9"," 0","000000",,"999.9",,"  74.3","*","  68.5","*"," 14.0",," 0.00","I","1021.3","24","999.9",,"999.9"," 0","  72.0","24"
"99495199999","SEBASTIAN INLET STATE PARK, FL US","27.862","-80.445","10.0","2017-12-05","9999.9"," 0","000000",,"999.9",,"  75.2","*","  70.5","*","  8.9",," 0.00","I","1022.7","24","999.9",,"999.9"," 0","  73.8","24"
"99495199999","SEBASTIAN INLET STATE PARK, FL US","27.862","-80.445","10.0","2017-12-06","9999.9"," 0","000000",,"999.9",,"  75.7","*","  68.4","*","  9.9",," 0.00","I","1020.4","24","999.9",,"999.9"," 0","  73.1","24"
"99495199999","SEBASTIAN INLET STATE PARK, FL US","27.862","-80.445","10.0","2017-12-07","9999.9"," 0","000000",,"999.9",,"  74.5","*","  68.7","*","  8.0",," 0.00","I","1017.3","24","999.9",,"999.9"," 0","  71.1","24"
"99495199999","SEBASTIAN INLET STATE PARK, FL US","27.862","-80.445","10.0","2017-12-08","9999.9"," 0","000000",,"999.9",,"  80.6","*","  68.9","*"," 13.0",," 0.00","I","1012.8","24","999.9",,"999.9"," 0","  74.6","24"
"99495199999","SEBASTIAN INLET STATE PARK, FL US","27.862","-80.445","10.0","2017-12-09","9999.9"," 0","000000",,"999.9",,"  78.1","*","  56.5","*"," 17.1",," 0.00","I","1012.4","24","999.9",,"999.9"," 0","  67.1","24"
"99495199999","SEBASTIAN INLET STATE PARK, FL US","27.862","-80.445","10.0","2017-12-10","9999.9"," 0","000000",,"999.9",,"  55.4","*","  44.2","*"," 19.0",," 0.00","I","1023.6","24","999.9",,"999.9"," 0","  50.0","24"
"99495199999","SEBASTIAN INLET STATE PARK, FL US","27.862","-80.445","10.0","2017-12-11","9999.9"," 0","000000",,"999.9",,"  59.5","*","  48.0","*"," 11.1",," 0.00","I","1025.2","24","999.9",,"999.9"," 0","  52.9","24"
"99495199999","SEBASTIAN INLET STATE PARK, FL US","27.862","-80.445","10.0","2017-12-12","9999.9"," 0","000000",,"999.9",,"  70.3","*","  49.5","*"," 15.0",," 0.00","I","1018.6","24","999.9",,"999.9"," 0","  58.2","24"
"99495199999","SEBASTIAN INLET STATE PARK, FL US","27.862","-80.445","10.0","2017-12-13","9999.9"," 0","000000",,"999.9",,"  65.7","*","  49.3","*"," 14.0",," 0.00","I","1017.5","24","999.9",,"999.9"," 0","  57.0","24"
"99495199999","SEBASTIAN INLET STATE PARK, FL US","27.862","-80.445","10.0","2017-12-14","9999.9"," 0","000000",,"999.9",,"  70.0","*","  49.1","*","  8.0",," 0.00","I","1018.5","24","999.9",,"999.9"," 0","  58.0","24"
"99495199999","SEBASTIAN INLET STATE PARK, FL US","27.862","-80.445","10.0","2017-12-15","9999.9"," 0","000000",,"999.9",,"  73.6","*","  57.4","*","  8.9",," 0.00","I","1019.2","24","999.9",,"999.9"," 0","  64.3","24"
"99495199999","SEBASTIAN INLET STATE PARK, FL US","27.862","-80.445","10.0","2017-12-16","9999.9"," 0","000000",,"999.9",,"  69.4","*","  58.6","*"," 13.0",," 0.00","I","1022.8","24","999.9",,"999.9"," 0","  63.9","24"
"99495199999","SEBASTIAN INLET STATE PARK, FL US","27.862","-80.445","10.0","2017-12-17","9999.9"," 0","000000",,"999.9",,"  72.3","*","  62.6","*"," 11.1",," 0.00","I","1024.5","24","999.9",,"999.9"," 0","  68.0","24"
"99495199999","SEBASTIAN INLET STATE PARK, FL US","27.862","-80.445","10.0","2017-12-18","9999.9"," 0","000000",,"999.9",,"  73.9","*","  66.4","*","  7.0",," 0.00","I","1024.2","24","999.9",,"999.9"," 0","  70.3","24"
"99495199999","SEBASTIAN INLET STATE PARK, FL US","27.862","-80.445","10.0","2017-12-19","9999.9"," 0","000000",,"999.9",,"  75.2","*","  64.8","*","  8.0",," 0.00","I","1024.3","24","999.9",,"999.9"," 0","  69.8","24"
"99495199999","SEBASTIAN INLET STATE PARK, FL US","27.862","-80.445","10.0","2017-12-20","9999.9"," 0","000000",,"999.9",,"  77.9","*","  66.2","*"," 12.0",," 0.00","I","1020.8","24","999.9",,"999.9"," 0","  71.3","24"
"99495199999","SEBASTIAN INLET STATE PARK, FL US","27.862","-80.445","10.0","2017-12-21","9999.9"," 0","000000",,"999.9",,"  78.4","*","  65.5","*"," 11.1",," 0.00","I","1018.4","24","999.9",,"999.9"," 0","  70.2","24"
"99495199999","SEBASTIAN INLET STATE PARK, FL US","27.862","-80.445","10.0","2017-12-22","9999.9"," 0","000000",,"999.9",,"  73.2","*","  68.5","*"," 12.0",," 0.00","I","1021.5","24","999.9",,"999.9"," 0","  70.6","24"
"99495199999","SEBASTIAN INLET STATE PARK, FL US","27.862","-80.445","10.0","2017-12-23","9999.9"," 0","000000",,"999.9",,"  74.8","*","  68.5","*","  8.0",," 0.00","I","1022.8","24","999.9",,"999.9"," 0","  71.9","24"
"99495199999","SEBASTIAN INLET STATE PARK, FL US","27.862","-80.445","10.0","2017-12-24","9999.9"," 0","000000",,"999.9",,"  76.5","*","  67.1","*","  8.9",," 0.00","I","1021.6","24","999.9",,"999.9"," 0","  71.3","24"
"99495199999","SEBASTIAN INLET STATE PARK, FL US","27.862","-80.445","10.0","2017-12-25","9999.9"," 0","000000",,"999.9",,"  72.3","*","  64.9","*"," 19.0",," 0.00","I","1022.3","24","999.9",,"999.9"," 0","  67.2","24"
"99495199999","SEBASTIAN INLET STATE PARK, FL US","27.862","-80.445","10.0","2017-12-26","9999.9"," 0","000000",,"999.9",,"  71.6","*","  65.5","*"," 18.1",," 0.00","I","1025.0","24","999.9",,"999.9"," 0","  69.0","24"
"99495199999","SEBASTIAN INLET STATE PARK, FL US","27.862","-80.445","10.0","2017-12-27","9999.9"," 0","000000",,"999.9",,"  71.8","*","  66.7","*"," 18.1",," 0.00","I","1024.8","24","999.9",,"999.9"," 0","  70.1","24"
"99495199999","SEBASTIAN INLET STATE PARK, FL US","27.862","-80.445","10.0","2017-12-28","9999.9"," 0","000000",,"999.9",,"  70.2","*","  67.3","*"," 20.0",," 0.00","I","1023.5","24","999.9",,"999.9"," 0","  69.0","24"
"99495199999","SEBASTIAN INLET STATE PARK, FL US","27.862","-80.445","10.0","2017-12-29","9999.9"," 0","000000",,"999.9",,"  67.8","*","  57.2","*"," 17.1",," 0.00","I","1022.5","24","999.9",,"999.9"," 0","  61.0","24"
"99495199999","SEBASTIAN INLET STATE PARK, FL US","27.862","-80.445","10.0","2017-12-30","9999.9"," 0","000000",,"999.9",,"  65.3","*","  52.3","*","999.9",," 0.00","I","1021.5","24","999.9",,"999.9"," 0","  57.2","24"
"99495199999","SEBASTIAN INLET STATE PARK, FL US","27.862","-80.445","10.0","2017-12-31","9999.9"," 0","000000",,"999.9",,"  62.4","*","  51.1","*","999.9",," 0.00","I","1021.5","24","999.9",,"999.9"," 0","  56.5","24"
"99495199999","SEBASTIAN INLET STATE PARK, FL US","27.862","-80.445","10.0","2018-01-01","9999.9"," 0","000000",,"999.9",,"  68.5","*","  59.9","*","999.9",," 0.00","I","1020.3","24","999.9",,"999.9"," 0","  62.2","24"
"99495199999","SEBASTIAN INLET STATE PARK, FL US","27.862","-80.445","10.0","2018-01-02","9999.9"," 0","000000",,"999.9",,"  63.3","*","  59.4","*","999.9",," 0.00","I","1020.8","13","999.9",,"999.9"," 0","  61.4","13"
"99495199999","SEBASTIAN INLET STATE PARK, FL US","27.862","-80.445","10.0","2018-01-03","9999.9"," 0","000000",,"999.9",,"  66.7","*","  47.3","*","999.9",," 0.00","I","1015.8","24","999.9",,"999.9"," 0","  59.1","24"
"99495199999","SEBASTIAN INLET STATE PARK, FL US","27.862","-80.445","10.0","2018-01-04","9999.9"," 0","000000",,"999.9",,"  52.2","*","  37.2","*","999.9",," 0.00","I","1019.0","24","999.9",,"999.9"," 0","  43.9","24"
"99495199999","SEBASTIAN INLET STATE PARK, FL US","27.862","-80.445","10.0","2018-01-05","9999.9"," 0","000000",,"999.9",,"  50.7","*","  39.6","*","999.9",," 0.00","I","1025.2","24","999.9",,"999.9"," 0","  45.3","24"
"99495199999","SEBASTIAN INLET STATE PARK, FL US","27.862","-80.445","10.0","2018-01-06","9999.9"," 0","000000",,"999.9",,"  52.7","*","  46.9","*","999.9",," 0.00","I","1029.0","24","999.9",,"999.9"," 0","  50.4","24"
"99495199999","SEBASTIAN INLET STATE PARK, FL US","27.862","-80.445","10.0","2018-01-07","9999.9"," 0","000000",,"999.9",,"  62.4","*","  52.3","*","999.9",," 0.00","I","1028.6","24","999.9",,"999.9"," 0","  57.6","24"
"99495199999","SEBASTIAN INLET STATE PARK, FL US","27.862","-80.445","10.0","2018-01-08","9999.9"," 0","000000",,"999.9",,"  65.3","*","  61.3","*","999.9",," 0.00","I","1023.7","23","999.9",,"999.9"," 0","  63.8","24"
"99495199999","SEBASTIAN INLET STATE PARK, FL US","27.862","-80.445","10.0","2018-01-09","9999.9"," 0","000000",,"999.9",,"  66.4","*","  64.2","*","999.9",," 0.00","I","1020.2"," 5","999.9",,"999.9"," 0","  65.5"," 6"
"99495199999","SEBASTIAN INLET STATE PARK, FL US","27.862","-80.445","10.0","2018-01-12","9999.9"," 0","000000",,"999.9",,"  79.3","*","  66.4","*","999.9",," 0.00","I","1013.8","18","999.9",,"999.9"," 0","  72.5","18"
"99495199999","SEBASTIAN INLET STATE PARK, FL US","27.862","-80.445","10.0","2018-01-13","9999.9"," 0","000000",,"999.9",,"  71.4","*","  58.5","*","999.9",," 0.00","I","1017.8","24","999.9",,"999.9"," 0","  64.3","24"
"99495199999","SEBASTIAN INLET STATE PARK, FL US","27.862","-80.445","10.0","2018-01-14","9999.9"," 0","000000",,"999.9",,"  58.3","*","  50.0","*","999.9",," 0.00","I","1025.6","24","999.9",,"999.9"," 0","  53.9","24"
"99495199999","SEBASTIAN INLET STATE PARK, FL US","27.862","-80.445","10.0","2018-01-15","9999.9"," 0","000000",,"999.9",,"  60.3","*","  50.7","*","999.9",," 0.00","I","1025.7","24","999.9",,"999.9"," 0","  55.7","24"
"99495199999","SEBASTIAN INLET STATE PARK, FL US","27.862","-80.445","10.0","2018-01-16","9999.9"," 0","000000",,"999.9",,"  65.5","*","  59.4","*","999.9",," 0.00","I","1026.9","24","999.9",,"999.9"," 0","  63.5","24"
"99495199999","SEBASTIAN INLET STATE PARK, FL US","27.862","-80.445","10.0","2018-01-17","9999.9"," 0","000000",,"999.9",,"  64.6","*","  56.7","*","999.9",," 0.00","I","1024.1","24","999.9",,"999.9"," 0","  60.7","24"
"99495199999","SEBASTIAN INLET STATE PARK, FL US","27.862","-80.445","10.0","2018-01-18","9999.9"," 0","000000",,"999.9",,"  63.3","*","  36.9","*","999.9",," 0.00","I","1025.1","12","999.9",,"999.9"," 0","  48.7","12"
"99495199999","SEBASTIAN INLET STATE PARK, FL US","27.862","-80.445","10.0","2018-01-19","9999.9"," 0","000000",,"999.9",,"  58.6","*","  55.6","*","999.9",," 0.00","I","1026.1"," 8","999.9",,"999.9"," 0","  57.2"," 8"
"99495199999","SEBASTIAN INLET STATE PARK, FL US","27.862","-80.445","10.0","2018-01-20","9999.9"," 0","000000",,"999.9",,"  61.3","*","  58.1","*","999.9",," 0.00","I","1025.3","24","999.9",,"999.9"," 0","  59.8","24"
"99495199999","SEBASTIAN INLET STATE PARK, FL US","27.862","-80.445","10.0","2018-01-21","9999.9"," 0","000000",,"999.9",,"  68.0","*","  60.8","*","999.9",," 0.00","I","1024.1","24","999.9",,"999.9"," 0","  62.4","24"
"99495199999","SEBASTIAN INLET STATE PARK, FL US","27.862","-80.445","10.0","2018-01-22","9999.9"," 0","000000",,"999.9",,"  67.5","*","  64.9","*","999.9",," 0.00","I","1021.6","24","999.9",,"999.9"," 0","  66.3","24"
"99495199999","SEBASTIAN INLET STATE PARK, FL US","27.862","-80.445","10.0","2018-01-23","9999.9"," 0","000000",,"999.9",,"  77.9","*","  65.8","*","999.9",," 0.00","I","1018.9","24","999.9",,"999.9"," 0","  69.8","24"
"99495199999","SEBASTIAN INLET STATE PARK, FL US","27.862","-80.445","10.0","2018-01-24","9999.9"," 0","000000",,"999.9",,"  72.3","*","  60.6","*","999.9",," 0.00","I","1020.4","24","999.9",,"999.9"," 0","  64.2","24"
"99495199999","SEBASTIAN INLET STATE PARK, FL US","27.862","-80.445","10.0","2018-01-25","9999.9"," 0","000000",,"999.9",,"  66.6","*","  60.3","*","999.9",," 0.00","I","1025.8","24","999.9",,"999.9"," 0","  63.9","24"
"99495199999","SEBASTIAN INLET STATE PARK, FL US","27.862","-80.445","10.0","2018-01-26","9999.9"," 0","000000",,"999.9",,"  67.6","*","  64.9","*","999.9",," 0.00","I","1029.7","24","999.9",,"999.9"," 0","  66.1","24"
"99495199999","SEBASTIAN INLET STATE PARK, FL US","27.862","-80.445","10.0","2018-01-27","9999.9"," 0","000000",,"999.9",,"  68.2","*","  66.9","*","999.9",," 0.00","I","1027.8","24","999.9",,"999.9"," 0","  67.6","24"
"99495199999","SEBASTIAN INLET STATE PARK, FL US","27.862","-80.445","10.0","2018-01-28","9999.9"," 0","000000",,"999.9",,"  70.3","*","  67.6","*","999.9",," 0.00","I","1022.7","24","999.9",,"999.9"," 0","  68.6","24"
"99495199999","SEBASTIAN INLET STATE PARK, FL US","27.862","-80.445","10.0","2018-01-29","9999.9"," 0","000000",,"999.9",,"  74.1","*","  65.8","*","999.9",," 0.00","I","1016.0","24","999.9",,"999.9"," 0","  69.9","24"
"99495199999","SEBASTIAN INLET STATE PARK, FL US","27.862","-80.445","10.0","2018-01-30","9999.9"," 0","000000",,"999.9",,"  64.2","*","  54.5","*","999.9",," 0.00","I","1020.4","24","999.9",,"999.9"," 0","  58.1","24"
"99495199999","SEBASTIAN INLET STATE PARK, FL US","27.862","-80.445","10.0","2018-01-31","9999.9"," 0","000000",,"999.9",,"  63.9","*","  52.0","*","999.9",," 0.00","I","1025.1","24","999.9",,"999.9"," 0","  58.5","24"
"99495199999","SEBASTIAN INLET STATE PARK, FL US","27.862","-80.445","10.0","2018-02-01","9999.9"," 0","000000",,"999.9",,"  66.4","*","  58.3","*","999.9",," 0.00","I","1024.2","24","999.9",,"999.9"," 0","  63.5","24"
"99495199999","SEBASTIAN INLET STATE PARK, FL US","27.862","-80.445","10.0","2018-02-02","9999.9"," 0","000000",,"999.9",,"  73.0","*","  61.9","*"," 18.1",," 0.00","I","1022.6","24","999.9",,"999.9"," 0","  66.2","24"
"99495199999","SEBASTIAN INLET STATE PARK, FL US","27.862","-80.445","10.0","2018-02-03","9999.9"," 0","000000",,"999.9",,"  66.6","*","  63.1","*"," 21.0",," 0.00","I","1024.1","24","999.9",,"999.9"," 0","  65.2","24"
"99495199999","SEBASTIAN INLET STATE PARK, FL US","27.862","-80.445","10.0","2018-02-04","9999.9"," 0","000000",,"999.9",,"  76.5","*","  66.7","*"," 15.9",," 0.00","I","1020.2","24","999.9",,"999.9"," 0","  68.5","24"
"99495199999","SEBASTIAN INLET STATE PARK, FL US","27.862","-80.445","10.0","2018-02-05","9999.9"," 0","000000",,"999.9",,"  73.9","*","  60.8","*"," 14.0",," 0.00","I","1019.7","24","999.9",,"999.9"," 0","  65.5","24"
"99495199999","SEBASTIAN INLET STATE PARK, FL US","27.862","-80.445","10.0","2018-02-06","9999.9"," 0","000000",,"999.9",,"  70.0","*","  60.8","*","  9.9",," 0.00","I","1025.0","24","999.9",,"999.9"," 0","  67.0","24"
"99495199999","SEBASTIAN INLET STATE PARK, FL US","27.862","-80.445","10.0","2018-02-07","9999.9"," 0","000000",,"999.9",,"  71.2","*","  68.9","*"," 13.0",," 0.00","I","1024.9","24","999.9",,"999.9"," 0","  69.7","24"
"99495199999","SEBASTIAN INLET STATE PARK, FL US","27.862","-80.445","10.0","2018-02-08","9999.9"," 0","000000",,"999.9",,"  73.0","*","  66.9","*"," 17.1",," 0.00","I","1024.4","24","999.9",,"999.9"," 0","  69.6","24"
"99495199999","SEBASTIAN INLET STATE PARK, FL US","27.862","-80.445","10.0","2018-02-09","9999.9"," 0","000000",,"999.9",,"  72.5","*","  67.3","*"," 15.9",," 0.00","I","1025.0","24","999.9",,"999.9"," 0","  70.9","24"
"99495199999","SEBASTIAN INLET STATE PARK, FL US","27.862","-80.445","10.0","2018-02-10","9999.9"," 0","000000",,"999.9",,"  72.1","*","  70.2","*"," 12.0",," 0.00","I","1023.1","24","999.9",,"999.9"," 0","  71.2","24"
"99495199999","SEBASTIAN INLET STATE PARK, FL US","27.862","-80.445","10.0","2018-02-11","9999.9"," 0","000000",,"999.9",,"  73.8","*","  71.1","*"," 18.1",," 0.00","I","1021.7","24","999.9",,"999.9"," 0","  72.3","24"
"99495199999","SEBASTIAN INLET STATE PARK, FL US","27.862","-80.445","10.0","2018-02-12","9999.9"," 0","000000",,"999.9",,"  75.6","*","  72.5","*"," 15.9",," 0.00","I","1024.8","24","999.9",,"999.9"," 0","  74.2","24"
"99495199999","SEBASTIAN INLET STATE PARK, FL US","27.862","-80.445","10.0","2018-02-13","9999.9"," 0","000000",,"999.9",,"  74.7","*","  73.6","*"," 12.0",," 0.00","I","1028.9","24","999.9",,"999.9"," 0","  74.1","24"
"99495199999","SEBASTIAN INLET STATE PARK, FL US","27.862","-80.445","10.0","2018-02-14","9999.9"," 0","000000",,"999.9",,"  74.1","*","  65.7","*"," 18.1",," 0.00","I","1029.7","24","999.9",,"999.9"," 0","  68.9","24"
"99495199999","SEBASTIAN INLET STATE PARK, FL US","27.862","-80.445","10.0","2018-02-15","9999.9"," 0","000000",,"999.9",,"  71.2","*","  63.9","*"," 13.0",," 0.00","I","1027.2","24","999.9",,"999.9"," 0","  66.4","24"
"99495199999","SEBASTIAN INLET STATE PARK, FL US","27.862","-80.445","10.0","2018-02-16","9999.9"," 0","000000",,"999.9",,"  75.9","*","  66.9","*"," 12.0",," 0.00","I","1023.5","24","999.9",,"999.9"," 0","  71.0","24"
"99495199999","SEBASTIAN INLET STATE PARK, FL US","27.862","-80.445","10.0","2018-02-17","9999.9"," 0","000000",,"999.9",,"  74.8","*","  66.6","*"," 12.0",," 0.00","I","1022.8","24","999.9",,"999.9"," 0","  70.9","24"
"99495199999","SEBASTIAN INLET STATE PARK, FL US","27.862","-80.445","10.0","2018-02-18","9999.9"," 0","000000",,"999.9",,"  75.2","*","  66.0","*"," 12.0",," 0.00","I","1023.6","24","999.9",,"999.9"," 0","  71.3","24"
"99495199999","SEBASTIAN INLET STATE PARK, FL US","27.862","-80.445","10.0","2018-02-19","9999.9"," 0","000000",,"999.9",,"  74.7","*","  73.2","*"," 14.0",," 0.00","I","1025.8","24","999.9",,"999.9"," 0","  74.0","24"
"99495199999","SEBASTIAN INLET STATE PARK, FL US","27.862","-80.445","10.0","2018-02-20","9999.9"," 0","000000",,"999.9",,"  74.8","*","  73.8","*"," 15.9",," 0.00","I","1027.2","24","999.9",,"999.9"," 0","  74.4","24"
"99495199999","SEBASTIAN INLET STATE PARK, FL US","27.862","-80.445","10.0","2018-02-21","9999.9"," 0","000000",,"999.9",,"  74.8","*","  73.9","*"," 17.1",," 0.00","I","1029.1","24","999.9",,"999.9"," 0","  74.5","24"
"99495199999","SEBASTIAN INLET STATE PARK, FL US","27.862","-80.445","10.0","2018-02-22","9999.9"," 0","000000",,"999.9",,"  74.8","*","  73.6","*"," 15.9",," 0.00","I","1029.1","24","999.9",,"999.9"," 0","  74.2","24"
"99495199999","SEBASTIAN INLET STATE PARK, FL US","27.862","-80.445","10.0","2018-02-23","9999.9"," 0","000000",,"999.9",,"  74.8","*","  73.0","*"," 18.1",," 0.00","I","1028.2","24","999.9",,"999.9"," 0","  74.3","24"
"99495199999","SEBASTIAN INLET STATE PARK, FL US","27.862","-80.445","10.0","2018-02-24","9999.9"," 0","000000",,"999.9",,"  74.5","*","  73.0","*"," 15.0",," 0.00","I","1024.5","24","999.9",,"999.9"," 0","  74.0","24"
"99495199999","SEBASTIAN INLET STATE PARK, FL US","27.862","-80.445","10.0","2018-02-25","9999.9"," 0","000000",,"999.9",,"  75.2","*","  69.8","*"," 15.9",," 0.00","I","1022.3","22","999.9",,"999.9"," 0","  73.7","22"
"99495199999","SEBASTIAN INLET STATE PARK, FL US","27.862","-80.445","10.0","2018-02-26","9999.9"," 0","000000",,"999.9",,"  80.6","*","  68.9","*"," 15.0",," 0.00","I","1022.0","24","999.9",,"999.9"," 0","  74.0","24"
"99495199999","SEBASTIAN INLET STATE PARK, FL US","27.862","-80.445","10.0","2018-02-27","9999.9"," 0","000000",,"999.9",,"  75.2","*","  72.0","*"," 18.1",," 0.00","I","1022.5","24","999.9",,"999.9"," 0","  73.2","24"
"99495199999","SEBASTIAN INLET STATE PARK, FL US","27.862","-80.445","10.0","2018-02-28","9999.9"," 0","000000",,"999.9",,"  73.8","*","  72.5","*"," 17.1",," 0.00","I","1021.2","24","999.9",,"999.9"," 0","  73.3","24"
"99495199999","SEBASTIAN INLET STATE PARK, FL US","27.862","-80.445","10.0","2018-03-01","9999.9"," 0","000000",,"999.9",,"  82.6","*","  68.2","*"," 15.0",," 0.00","I","1017.9","24","999.9",,"999.9"," 0","  74.3","24"
"99495199999","SEBASTIAN INLET STATE PARK, FL US","27.862","-80.445","10.0","2018-03-02","9999.9"," 0","000000",,"999.9",,"  79.2","*","  69.6","*"," 17.1",," 0.00","I","1018.0","24","999.9",,"999.9"," 0","  71.5","24"
"99495199999","SEBASTIAN INLET STATE PARK, FL US","27.862","-80.445","10.0","2018-03-03","9999.9"," 0","000000",,"999.9",,"  70.3","*","  57.6","*"," 27.0",," 0.00","I","1019.0","24","999.9",,"999.9"," 0","  65.4","24"
"99495199999","SEBASTIAN INLET STATE PARK, FL US","27.862","-80.445","10.0","2018-03-04","9999.9"," 0","000000",,"999.9",,"  65.7","*","  56.5","*"," 22.0",," 0.00","I","1019.0","24","999.9",,"999.9"," 0","  62.7","24"
"99495199999","SEBASTIAN INLET STATE PARK, FL US","27.862","-80.445","10.0","2018-03-05","9999.9"," 0","000000",,"999.9",,"  66.7","*","  56.1","*"," 21.0",," 0.00","I","1019.2","24","999.9",,"999.9"," 0","  62.0","24"
"99495199999","SEBASTIAN INLET STATE PARK, FL US","27.862","-80.445","10.0","2018-03-06","9999.9"," 0","000000",,"999.9",,"  76.1","*","  61.5","*"," 14.0",," 0.00","I","1017.4","24","999.9",,"999.9"," 0","  68.3","24"
"99495199999","SEBASTIAN INLET STATE PARK, FL US","27.862","-80.445","10.0","2018-03-07","9999.9"," 0","000000",,"999.9",,"  73.8","*","  65.3","*"," 20.0",," 0.00","I","1014.6","24","999.9",,"999.9"," 0","  68.1","24"
"99495199999","SEBASTIAN INLET STATE PARK, FL US","27.862","-80.445","10.0","2018-03-08","9999.9"," 0","000000",,"999.9",,"  68.2","*","  52.5","*"," 17.1",," 0.00","I","1017.1","24","999.9",,"999.9"," 0","  58.7","24"
"99495199999","SEBASTIAN INLET STATE PARK, FL US","27.862","-80.445","10.0","2018-03-09","9999.9"," 0","000000",,"999.9",,"  60.1","*","  49.3","*"," 13.0",," 0.00","I","1021.1","24","999.9",,"999.9"," 0","  54.6","24"
"99495199999","SEBASTIAN INLET STATE PARK, FL US","27.862","-80.445","10.0","2018-03-10","9999.9"," 0","000000",,"999.9",,"  69.4","*","  60.1","*"," 15.0",," 0.00","I","1020.2","24","999.9",,"999.9"," 0","  64.4","24"
"99495199999","SEBASTIAN INLET STATE PARK, FL US","27.862","-80.445","10.0","2018-03-11","9999.9"," 0","000000",,"999.9",,"  72.0","*","  64.2","*"," 14.0",," 0.00","I","1015.2","24","999.9",,"999.9"," 0","  67.9","24"
"99495199999","SEBASTIAN INLET STATE PARK, FL US","27.862","-80.445","10.0","2018-03-12","9999.9"," 0","000000",,"999.9",,"  71.8","*","  64.4","*"," 19.0",," 0.00","I","1009.9","24","999.9",,"999.9"," 0","  69.6","24"
"99495199999","SEBASTIAN INLET STATE PARK, FL US","27.862","-80.445","10.0","2018-03-13","9999.9"," 0","000000",,"999.9",,"  65.5","*","  49.6","*"," 20.0",," 0.00","I","1017.5","24","999.9",,"999.9"," 0","  56.0","24"
"99495199999","SEBASTIAN INLET STATE PARK, FL US","27.862","-80.445","10.0","2018-03-14","9999.9"," 0","000000",,"999.9",,"  61.9","*","  50.9","*"," 15.0",," 0.00","I","1019.0","24","999.9",,"999.9"," 0","  57.0","24"
"99495199999","SEBASTIAN INLET STATE PARK, FL US","27.862","-80.445","10.0","2018-03-15","9999.9"," 0","000000",,"999.9",,"  63.0","*","  50.7","*"," 12.0",," 0.00","I","1021.3","24","999.9",,"999.9"," 0","  57.2","24"
"99495199999","SEBASTIAN INLET STATE PARK, FL US","27.862","-80.445","10.0","2018-03-16","9999.9"," 0","000000",,"999.9",,"  67.3","*","  52.3","*","  8.9",," 0.00","I","1020.5","24","999.9",,"999.9"," 0","  59.2","24"
"99495199999","SEBASTIAN INLET STATE PARK, FL US","27.862","-80.445","10.0","2018-03-17","9999.9"," 0","000000",,"999.9",,"  73.9","*","  62.1","*"," 15.9",," 0.00","I","1019.0","24","999.9",,"999.9"," 0","  67.3","24"
"99495199999","SEBASTIAN INLET STATE PARK, FL US","27.862","-80.445","10.0","2018-03-18","9999.9"," 0","000000",,"999.9",,"  78.1","*","  59.9","*"," 15.0",," 0.00","I","1015.6","24","999.9",,"999.9"," 0","  68.0","24"
"99495199999","SEBASTIAN INLET STATE PARK, FL US","27.862","-80.445","10.0","2018-03-19","9999.9"," 0","000000",,"999.9",,"  81.9","*","  64.0","*"," 11.1",," 0.00","I","1011.8","24","999.9",,"999.9"," 0","  70.9","24"
"99495199999","SEBASTIAN INLET STATE PARK, FL US","27.862","-80.445","10.0","2018-03-20","9999.9"," 0","000000",,"999.9",,"  84.0","*","  66.4","*"," 22.0",," 0.00","I","1009.0","24","999.9",,"999.9"," 0","  73.4","24"
"99495199999","SEBASTIAN INLET STATE PARK, FL US","27.862","-80.445","10.0","2018-03-21","9999.9"," 0","000000",,"999.9",,"  69.8","*","  60.6","*"," 17.1",," 0.00","I","1012.2","24","999.9",,"999.9"," 0","  65.8","24"
"99495199999","SEBASTIAN INLET STATE PARK, FL US","27.862","-80.445","10.0","2018-03-22","9999.9"," 0","000000",,"999.9",,"  63.3","*","  52.7","*"," 17.1",," 0.00","I","1021.3","24","999.9",,"999.9"," 0","  57.7","24"
"99495199999","SEBASTIAN INLET STATE PARK, FL US","27.862","-80.445","10.0","2018-03-23","9999.9"," 0","000000",,"999.9",,"  63.3","*","  52.5","*"," 14.0",," 0.00","I","1024.5","24","999.9",,"999.9"," 0","  58.7","24"
"99495199999","SEBASTIAN INLET STATE PARK, FL US","27.862","-80.445","10.0","2018-03-24","9999.9"," 0","000000",,"999.9",,"  68.5","*","  58.8","*"," 17.1",," 0.00","I","1023.2","24","999.9",,"999.9"," 0","  65.3","24"
"99495199999","SEBASTIAN INLET STATE PARK, FL US","27.862","-80.445","10.0","2018-03-25","9999.9"," 0","000000",,"999.9",,"  80.8","*","  62.2","*"," 15.9",," 0.00","I","1019.8","24","999.9",,"999.9"," 0","  69.6","24"
"99495199999","SEBASTIAN INLET STATE PARK, FL US","27.862","-80.445","10.0","2018-03-26","9999.9"," 0","000000",,"999.9",,"  73.0","*","  66.2","*"," 19.0",," 0.00","I","1021.5","24","999.9",,"999.9"," 0","  69.6","24"
"99495199999","SEBASTIAN INLET STATE PARK, FL US","27.862","-80.445","10.0","2018-03-27","9999.9"," 0","000000",,"999.9",,"  70.2","*","  68.2","*","999.9",," 0.00","I","1025.8","24","999.9",,"999.9"," 0","  69.0","24"
"99495199999","SEBASTIAN INLET STATE PARK, FL US","27.862","-80.445","10.0","2018-03-28","9999.9"," 0","000000",,"999.9",,"  69.6","*","  68.5","*","999.9",," 0.00","I","1023.3","24","999.9",,"999.9"," 0","  69.0","24"
"99495199999","SEBASTIAN INLET STATE PARK, FL US","27.862","-80.445","10.0","2018-03-29","9999.9"," 0","000000",,"999.9",,"  73.8","*","  69.6","*","999.9",," 0.00","I","1020.7","24","999.9",,"999.9"," 0","  70.8","24"
"99495199999","SEBASTIAN INLET STATE PARK, FL US","27.862","-80.445","10.0","2018-03-30","9999.9"," 0","000000",,"999.9",,"  75.0","*","  68.0","*","999.9",," 0.00","I","1020.0","24","999.9",,"999.9"," 0","  71.5","24"
"99495199999","SEBASTIAN INLET STATE PARK, FL US","27.862","-80.445","10.0","2018-03-31","9999.9"," 0","000000",,"999.9",,"  73.2","*","  68.5","*","999.9",," 0.00","I","1020.4","24","999.9",,"999.9"," 0","  71.4","24"
"99495199999","SEBASTIAN INLET STATE PARK, FL US","27.862","-80.445","10.0","2018-04-01","9999.9"," 0","000000",,"999.9",,"  72.3","*","  67.1","*","999.9",," 0.00","I","1020.0","24","999.9",,"999.9"," 0","  69.9","24"
"99495199999","SEBASTIAN INLET STATE PARK, FL US","27.862","-80.445","10.0","2018-04-02","9999.9"," 0","000000",,"999.9",,"  74.1","*","  69.4","*","999.9",," 0.00","I","1018.5","24","999.9",,"999.9"," 0","  72.1","24"
"99495199999","SEBASTIAN INLET STATE PARK, FL US","27.862","-80.445","10.0","2018-04-03","9999.9"," 0","000000",,"999.9",,"  74.3","*","  72.9","*","999.9",," 0.00","I","1018.4","24","999.9",,"999.9"," 0","  73.5","24"
"99495199999","SEBASTIAN INLET STATE PARK, FL US","27.862","-80.445","10.0","2018-04-04","9999.9"," 0","000000",,"999.9",,"  78.1","*","  68.9","*","999.9",," 0.00","I","1017.0","24","999.9",,"999.9"," 0","  73.7","24"
"99495199999","SEBASTIAN INLET STATE PARK, FL US","27.862","-80.445","10.0","2018-04-05","9999.9"," 0","000000",,"999.9",,"  75.7","*","  68.5","*","999.9",," 0.00","I","1017.8","24","999.9",,"999.9"," 0","  71.3","24"
"99495199999","SEBASTIAN INLET STATE PARK, FL US","27.862","-80.445","10.0","2018-04-06","9999.9"," 0","000000",,"999.9",,"  73.8","*","  69.8","*","999.9",," 0.00","I","1018.3","24","999.9",,"999.9"," 0","  72.9","24"
"99495199999","SEBASTIAN INLET STATE PARK, FL US","27.862","-80.445","10.0","2018-04-07","9999.9"," 0","000000",,"999.9",,"  82.9","*","  69.4","*","999.9",," 0.00","I","1013.3","24","999.9",,"999.9"," 0","  75.3","24"
"99495199999","SEBASTIAN INLET STATE PARK, FL US","27.862","-80.445","10.0","2018-04-08","9999.9"," 0","000000",,"999.9",,"  79.5","*","  68.0","*","999.9",," 0.00","I","1012.3","24","999.9",,"999.9"," 0","  71.3","24"
"99495199999","SEBASTIAN INLET STATE PARK, FL US","27.862","-80.445","10.0","2018-04-09","9999.9"," 0","000000",,"999.9",,"  86.4","*","  71.1","*","999.9",," 0.00","I","1015.0","24","999.9",,"999.9"," 0","  77.0","24"
"99495199999","SEBASTIAN INLET STATE PARK, FL US","27.862","-80.445","10.0","2018-04-10","9999.9"," 0","000000",,"999.9",,"  80.6","*","  68.9","*","999.9",," 0.00","I","1017.8","22","999.9",,"999.9"," 0","  74.2","22"
"99495199999","SEBASTIAN INLET STATE PARK, FL US","27.862","-80.445","10.0","2018-04-11","9999.9"," 0","000000",,"999.9",,"  70.2","*","  67.6","*","999.9",," 0.00","I","1017.6","15","999.9",,"999.9"," 0","  68.7","15"
"99495199999","SEBASTIAN INLET STATE PARK, FL US","27.862","-80.445","10.0","2018-04-12","9999.9"," 0","000000",,"999.9",,"  72.7","*","  68.5","*"," 15.0",," 0.00","I","1021.4","24","999.9",,"999.9"," 0","  70.9","24"
"99495199999","SEBASTIAN INLET STATE PARK, FL US","27.862","-80.445","10.0","2018-04-13","9999.9"," 0","000000",,"999.9",,"  73.9","*","  71.6","*"," 19.0",," 0.00","I","1021.2","24","999.9",,"999.9"," 0","  72.5","24"
"99495199999","SEBASTIAN INLET STATE PARK, FL US","27.862","-80.445","10.0","2018-04-14","9999.9"," 0","000000",,"999.9",,"  76.8","*","  69.8","*"," 15.9",," 0.00","I","1019.2","24","999.9",,"999.9"," 0","  74.4","24"
"99495199999","SEBASTIAN INLET STATE PARK, FL US","27.862","-80.445","10.0","2018-04-15","9999.9"," 0","000000",,"999.9",,"  78.1","*","  75.9","*"," 26.0",," 0.00","I","1016.2","24","999.9",,"999.9"," 0","  77.0","24"
"99495199999","SEBASTIAN INLET STATE PARK, FL US","27.862","-80.445","10.0","2018-04-16","9999.9"," 0","000000",,"999.9",,"  77.0","*","  62.1","*"," 15.9",," 0.00","I","1017.2","24","999.9",,"999.9"," 0","  67.2","24"
"99495199999","SEBASTIAN INLET STATE PARK, FL US","27.862","-80.445","10.0","2018-04-17","9999.9"," 0","000000",,"999.9",,"  68.2","*","  57.0","*"," 17.1",," 0.00","I","1020.2","24","999.9",,"999.9"," 0","  62.6","24"
"99495199999","SEBASTIAN INLET STATE PARK, FL US","27.862","-80.445","10.0","2018-04-18","9999.9"," 0","000000",,"999.9",,"  74.1","*","  59.4","*","  9.9",," 0.00","I","1020.3","24","999.9",,"999.9"," 0","  67.5","24"
"99495199999","SEBASTIAN INLET STATE PARK, FL US","27.862","-80.445","10.0","2018-04-19","9999.9"," 0","000000",,"999.9",,"  77.2","*","  64.9","*"," 15.0",," 0.00","I","1019.6","24","999.9",,"999.9"," 0","  71.7","24"
"99495199999","SEBASTIAN INLET STATE PARK, FL US","27.862","-80.445","10.0","2018-04-20","9999.9"," 0","000000",,"999.9",,"  75.7","*","  66.7","*"," 14.0",," 0.00","I","1019.7","24","999.9",,"999.9"," 0","  71.5","24"
"99495199999","SEBASTIAN INLET STATE PARK, FL US","27.862","-80.445","10.0","2018-04-21","9999.9"," 0","000000",,"999.9",,"  75.7","*","  74.1","*"," 22.0",," 0.00","I","1021.0","24","999.9",,"999.9"," 0","  75.0","24"
"99495199999","SEBASTIAN INLET STATE PARK, FL US","27.862","-80.445","10.0","2018-04-22","9999.9"," 0","000000",,"999.9",,"  75.0","*","  71.8","*"," 22.0",," 0.00","I","1020.3","24","999.9",,"999.9"," 0","  73.8","24"
"99495199999","SEBASTIAN INLET STATE PARK, FL US","27.862","-80.445","10.0","2018-04-23","9999.9"," 0","000000",,"999.9",,"  77.2","*","  72.0","*"," 20.0",," 0.00","I","1017.5","24","999.9",,"999.9"," 0","  75.1","24"
"99495199999","SEBASTIAN INLET STATE PARK, FL US","27.862","-80.445","10.0","2018-04-24","9999.9"," 0","000000",,"999.9",,"  82.2","*","  70.2","*"," 12.0",," 0.00","I","1014.7","24","999.9",,"999.9"," 0","  74.5","24"
"99495199999","SEBASTIAN INLET STATE PARK, FL US","27.862","-80.445","10.0","2018-04-25","9999.9"," 0","000000",,"999.9",,"  79.3","*","  63.7","*"," 11.1",," 0.00","I","1014.2","24","999.9",,"999.9"," 0","  71.7","24"
"99495199999","SEBASTIAN INLET STATE PARK, FL US","27.862","-80.445","10.0","2018-04-26","9999.9"," 0","000000",,"999.9",,"  79.3","*","  63.3","*"," 13.0",," 0.00","I","1013.6","24","999.9",,"999.9"," 0","  70.2","24"
"99495199999","SEBASTIAN INLET STATE PARK, FL US","27.862","-80.445","10.0","2018-04-27","9999.9"," 0","000000",,"999.9",,"  81.0","*","  66.9","*"," 21.0",," 0.00","I","1012.7","24","999.9",,"999.9"," 0","  73.4","24"
"99495199999","SEBASTIAN INLET STATE PARK, FL US","27.862","-80.445","10.0","2018-04-28","9999.9"," 0","000000",,"999.9",,"  73.9","*","  64.4","*"," 15.0",," 0.00","I","1013.2","24","999.9",,"999.9"," 0","  70.6","24"
"99495199999","SEBASTIAN INLET STATE PARK, FL US","27.862","-80.445","10.0","2018-04-29","9999.9"," 0","000000",,"999.9",,"  75.4","*","  67.1","*"," 11.1",," 0.00","I","1018.0","24","999.9",,"999.9"," 0","  72.5","24"
"99495199999","SEBASTIAN INLET STATE PARK, FL US","27.862","-80.445","10.0","2018-04-30","9999.9"," 0","000000",,"999.9",,"  75.9","*","  73.4","*"," 15.9",," 0.00","I","1021.2","24","999.9",,"999.9"," 0","  74.8","24"
"99495199999","SEBASTIAN INLET STATE PARK, FL US","27.862","-80.445","10.0","2018-05-01","9999.9"," 0","000000",,"999.9",,"  74.7","*","  73.0","*"," 15.9",," 0.00","I","1023.2","24","999.9",,"999.9"," 0","  73.7","24"
"99495199999","SEBASTIAN INLET STATE PARK, FL US","27.862","-80.445","10.0","2018-05-02","9999.9"," 0","000000",,"999.9",,"  73.9","*","  72.3","*"," 17.1",," 0.00","I","1024.2","24","999.9",,"999.9"," 0","  73.4","24"
"99495199999","SEBASTIAN INLET STATE PARK, FL US","27.862","-80.445","10.0","2018-05-03","9999.9"," 0","000000",,"999.9",,"  74.5","*","  72.7","*"," 18.1",," 0.00","I","1023.4","24","999.9",,"999.9"," 0","  73.7","24"
"99495199999","SEBASTIAN INLET STATE PARK, FL US","27.862","-80.445","10.0","2018-05-04","9999.9"," 0","000000",,"999.9",,"  75.6","*","  74.3","*"," 17.1",," 0.00","I","1021.2","24","999.9",,"999.9"," 0","  75.0","24"
"99495199999","SEBASTIAN INLET STATE PARK, FL US","27.862","-80.445","10.0","2018-05-05","9999.9"," 0","000000",,"999.9",,"  76.5","*","  74.1","*"," 18.1",," 0.00","I","1016.2","24","999.9",,"999.9"," 0","  75.2","24"
"99495199999","SEBASTIAN INLET STATE PARK, FL US","27.862","-80.445","10.0","2018-05-06","9999.9"," 0","000000",,"999.9",,"  81.9","*","  72.1","*"," 22.9",," 0.00","I","1014.5","24","999.9",,"999.9"," 0","  76.2","24"
"99495199999","SEBASTIAN INLET STATE PARK, FL US","27.862","-80.445","10.0","2018-05-07","9999.9"," 0","000000",,"999.9",,"  76.6","*","  71.2","*"," 15.9",," 0.00","I","1014.9","24","999.9",,"999.9"," 0","  73.3","24"
"99495199999","SEBASTIAN INLET STATE PARK, FL US","27.862","-80.445","10.0","2018-05-08","9999.9"," 0","000000",,"999.9",,"  77.4","*","  75.4","*"," 21.0",," 0.00","I","1016.5","24","999.9",,"999.9"," 0","  76.4","24"
"99495199999","SEBASTIAN INLET STATE PARK, FL US","27.862","-80.445","10.0","2018-05-09","9999.9"," 0","000000",,"999.9",,"  76.5","*","  74.5","*"," 20.0",," 0.00","I","1018.9","24","999.9",,"999.9"," 0","  75.3","24"
"99495199999","SEBASTIAN INLET STATE PARK, FL US","27.862","-80.445","10.0","2018-05-10","9999.9"," 0","000000",,"999.9",,"  76.5","*","  75.2","*"," 14.0",," 0.00","I","1019.9","24","999.9",,"999.9"," 0","  75.6","24"
"99495199999","SEBASTIAN INLET STATE PARK, FL US","27.862","-80.445","10.0","2018-05-11","9999.9"," 0","000000",,"999.9",,"  77.9","*","  70.3","*"," 11.1",," 0.00","I","1020.0","24","999.9",,"999.9"," 0","  75.3","24"
"99495199999","SEBASTIAN INLET STATE PARK, FL US","27.862","-80.445","10.0","2018-05-12","9999.9"," 0","000000",,"999.9",,"  77.2","*","  74.5","*"," 13.0",," 0.00","I","1020.4","24","999.9",,"999.9"," 0","  76.3","24"
"99495199999","SEBASTIAN INLET STATE PARK, FL US","27.862","-80.445","10.0","2018-05-13","9999.9"," 0","000000",,"999.9",,"  76.3","*","  72.5","*"," 13.0",," 0.00","I","1018.6","24","999.9",,"999.9"," 0","  75.6","24"
"99495199999","SEBASTIAN INLET STATE PARK, FL US","27.862","-80.445","10.0","2018-05-14","9999.9"," 0","000000",,"999.9",,"  74.5","*","  70.5","*"," 19.0",," 0.00","I","1016.5","24","999.9",,"999.9"," 0","  73.0","24"
"99495199999","SEBASTIAN INLET STATE PARK, FL US","27.862","-80.445","10.0","2018-05-15","9999.9"," 0","000000",,"999.9",,"  77.2","*","  70.2","*"," 15.9",," 0.00","I","1015.6","24","999.9",,"999.9"," 0","  75.3","24"
"99495199999","SEBASTIAN INLET STATE PARK, FL US","27.862","-80.445","10.0","2018-05-16","9999.9"," 0","000000",,"999.9",,"  77.9","*","  73.6","*"," 22.0",," 0.00","I","1015.5","24","999.9",,"999.9"," 0","  75.7","24"
"99495199999","SEBASTIAN INLET STATE PARK, FL US","27.862","-80.445","10.0","2018-05-17","9999.9"," 0","000000",,"999.9",,"  80.1","*","  72.3","*"," 14.0",," 0.00","I","1015.8","24","999.9",,"999.9"," 0","  75.9","24"
"99495199999","SEBASTIAN INLET STATE PARK, FL US","27.862","-80.445","10.0","2018-05-18","9999.9"," 0","000000",,"999.9",,"  76.8","*","  70.9","*"," 14.0",," 0.00","I","1016.0","24","999.9",,"999.9"," 0","  75.0","24"
"99495199999","SEBASTIAN INLET STATE PARK, FL US","27.862","-80.445","10.0","2018-05-19","9999.9"," 0","000000",,"999.9",,"  78.1","*","  72.1","*"," 15.0",," 0.00","I","1018.1","24","999.9",,"999.9"," 0","  75.6","24"
"99495199999","SEBASTIAN INLET STATE PARK, FL US","27.862","-80.445","10.0","2018-05-20","9999.9"," 0","000000",,"999.9",,"  77.5","*","  70.3","*"," 18.1",," 0.00","I","1019.7","24","999.9",,"999.9"," 0","  75.0","24"
"99495199999","SEBASTIAN INLET STATE PARK, FL US","27.862","-80.445","10.0","2018-05-21","9999.9"," 0","000000",,"999.9",,"  77.4","*","  72.0","*"," 15.0",," 0.00","I","1019.1","24","999.9",,"999.9"," 0","  76.5","24"
"99495199999","SEBASTIAN INLET STATE PARK, FL US","27.862","-80.445","10.0","2018-05-22","9999.9"," 0","000000",,"999.9",,"  77.0","*","  71.2","*"," 13.0",," 0.00","I","1019.5","24","999.9",,"999.9"," 0","  75.3","24"
"99495199999","SEBASTIAN INLET STATE PARK, FL US","27.862","-80.445","10.0","2018-05-23","9999.9"," 0","000000",,"999.9",,"  78.1","*","  75.9","*","  9.9",," 0.00","I","1019.7","24","999.9",,"999.9"," 0","  76.9","24"
"99495199999","SEBASTIAN INLET STATE PARK, FL US","27.862","-80.445","10.0","2018-05-24","9999.9"," 0","000000",,"999.9",,"  78.1","*","  75.2","*"," 11.1",," 0.00","I","1019.4","24","999.9",,"999.9"," 0","  77.1","24"
"99495199999","SEBASTIAN INLET STATE PARK, FL US","27.862","-80.445","10.0","2018-05-25","9999.9"," 0","000000",,"999.9",,"  78.4","*","  75.4","*"," 18.1",," 0.00","I","1017.7","24","999.9",,"999.9"," 0","  77.5","24"
"99495199999","SEBASTIAN INLET STATE PARK, FL US","27.862","-80.445","10.0","2018-05-26","9999.9"," 0","000000",,"999.9",,"  77.7","*","  74.3","*"," 18.1",," 0.00","I","1015.2","24","999.9",,"999.9"," 0","  76.3","24"
"99495199999","SEBASTIAN INLET STATE PARK, FL US","27.862","-80.445","10.0","2018-05-27","9999.9"," 0","000000",,"999.9",,"  76.1","*","  71.4","*"," 26.0",," 0.00","I","1011.0","24","999.9",,"999.9"," 0","  75.0","24"
"99495199999","SEBASTIAN INLET STATE PARK, FL US","27.862","-80.445","10.0","2018-05-28","9999.9"," 0","000000",,"999.9",,"  82.4","*","  74.8","*"," 21.0",," 0.00","I","1011.7","24","999.9",,"999.9"," 0","  77.7","24"
"99495199999","SEBASTIAN INLET STATE PARK, FL US","27.862","-80.445","10.0","2018-05-29","9999.9"," 0","000000",,"999.9",,"  79.9","*","  75.2","*"," 17.1",," 0.00","I","1014.5","24","999.9",,"999.9"," 0","  76.4","24"
"99495199999","SEBASTIAN INLET STATE PARK, FL US","27.862","-80.445","10.0","2018-05-30","9999.9"," 0","000000",,"999.9",,"  77.9","*","  72.7","*"," 18.1",," 0.00","I","1016.3","24","999.9",,"999.9"," 0","  75.6","24"
"99495199999","SEBASTIAN INLET STATE PARK, FL US","27.862","-80.445","10.0","2018-05-31","9999.9"," 0","000000",,"999.9",,"  77.7","*","  72.7","*"," 12.0",," 0.00","I","1017.1","24","999.9",,"999.9"," 0","  76.0","24"
"99495199999","SEBASTIAN INLET STATE PARK, FL US","27.862","-80.445","10.0","2018-06-01","9999.9"," 0","000000",,"999.9",,"  80.6","*","  71.4","*"," 12.0",," 0.00","I","1016.8","24","999.9",,"999.9"," 0","  75.4","24"
"99495199999","SEBASTIAN INLET STATE PARK, FL US","27.862","-80.445","10.0","2018-06-02","9999.9"," 0","000000",,"999.9",,"  79.3","*","  74.3","*"," 13.0",," 0.00","I","1015.2","24","999.9",,"999.9"," 0","  77.1","24"
"99495199999","SEBASTIAN INLET STATE PARK, FL US","27.862","-80.445","10.0","2018-06-03","9999.9"," 0","000000",,"999.9",,"  88.5","*","  75.6","*"," 14.0",," 0.00","I","1015.0","24","999.9",,"999.9"," 0","  80.7","24"
"99495199999","SEBASTIAN INLET STATE PARK, FL US","27.862","-80.445","10.0","2018-06-04","9999.9"," 0","000000",,"999.9",,"  90.0","*","  77.7","*"," 17.1",," 0.00","I","1014.8","24","999.9",,"999.9"," 0","  82.3","24"
"99495199999","SEBASTIAN INLET STATE PARK, FL US","27.862","-80.445","10.0","2018-06-05","9999.9"," 0","000000",,"999.9",,"  87.6","*","  77.0","*"," 13.0",," 0.00","I","1013.4","24","999.9",,"999.9"," 0","  79.8","24"
"99495199999","SEBASTIAN INLET STATE PARK, FL US","27.862","-80.445","10.0","2018-06-06","9999.9"," 0","000000",,"999.9",,"  84.7","*","  73.4","*"," 17.1",," 0.00","I","1012.9","24","999.9",,"999.9"," 0","  77.7","24"
"99495199999","SEBASTIAN INLET STATE PARK, FL US","27.862","-80.445","10.0","2018-06-07","9999.9"," 0","000000",,"999.9",,"  80.4","*","  73.6","*"," 13.0",," 0.00","I","1015.9","24","999.9",,"999.9"," 0","  75.9","24"
"99495199999","SEBASTIAN INLET STATE PARK, FL US","27.862","-80.445","10.0","2018-06-08","9999.9"," 0","000000",,"999.9",,"  80.1","*","  70.9","*"," 14.0",," 0.00","I","1020.0","24","999.9",,"999.9"," 0","  76.1","24"
"99495199999","SEBASTIAN INLET STATE PARK, FL US","27.862","-80.445","10.0","2018-06-09","9999.9"," 0","000000",,"999.9",,"  80.6","*","  70.7","*"," 14.0",," 0.00","I","1021.0","24","999.9",,"999.9"," 0","  76.2","24"
"99495199999","SEBASTIAN INLET STATE PARK, FL US","27.862","-80.445","10.0","2018-06-10","9999.9"," 0","000000",,"999.9",,"  80.6","*","  75.7","*"," 13.0",," 0.00","I","1018.8","24","999.9",,"999.9"," 0","  78.4","24"
"99495199999","SEBASTIAN INLET STATE PARK, FL US","27.862","-80.445","10.0","2018-06-11","9999.9"," 0","000000",,"999.9",,"  81.1","*","  73.8","*"," 13.0",," 0.00","I","1017.4","24","999.9",,"999.9"," 0","  77.4","24"
"99495199999","SEBASTIAN INLET STATE PARK, FL US","27.862","-80.445","10.0","2018-06-12","9999.9"," 0","000000",,"999.9",,"  80.4","*","  73.8","*"," 14.0",," 0.00","I","1018.4","24","999.9",,"999.9"," 0","  76.8","24"
"99495199999","SEBASTIAN INLET STATE PARK, FL US","27.862","-80.445","10.0","2018-06-13","9999.9"," 0","000000",,"999.9",,"  81.0","*","  77.9","*"," 14.0",," 0.00","I","1019.4","24","999.9",,"999.9"," 0","  79.6","24"
"99495199999","SEBASTIAN INLET STATE PARK, FL US","27.862","-80.445","10.0","2018-06-14","9999.9"," 0","000000",,"999.9",,"  82.6","*","  75.7","*"," 15.0",," 0.00","I","1019.0","24","999.9",,"999.9"," 0","  78.4","24"
"99495199999","SEBASTIAN INLET STATE PARK, FL US","27.862","-80.445","10.0","2018-06-15","9999.9"," 0","000000",,"999.9",,"  81.0","*","  76.6","*"," 13.0",," 0.00","I","1018.4","24","999.9",,"999.9"," 0","  79.1","24"
"99495199999","SEBASTIAN INLET STATE PARK, FL US","27.862","-80.445","10.0","2018-06-16","9999.9"," 0","000000",,"999.9",,"  82.0","*","  74.1","*","  8.9",," 0.00","I","1018.5","24","999.9",,"999.9"," 0","  77.6","24"
"99495199999","SEBASTIAN INLET STATE PARK, FL US","27.862","-80.445","10.0","2018-06-17","9999.9"," 0","000000",,"999.9",,"  81.5","*","  76.6","*"," 13.0",," 0.00","I","1020.1","24","999.9",,"999.9"," 0","  78.7","24"
"99495199999","SEBASTIAN INLET STATE PARK, FL US","27.862","-80.445","10.0","2018-06-18","9999.9"," 0","000000",,"999.9",,"  81.7","*","  80.1","*","  9.9",," 0.00","I","1020.0","24","999.9",,"999.9"," 0","  80.9","24"
"99495199999","SEBASTIAN INLET STATE PARK, FL US","27.862","-80.445","10.0","2018-06-19","9999.9"," 0","000000",,"999.9",,"  80.8","*","  79.0","*","  9.9",," 0.00","I","1018.1","24","999.9",,"999.9"," 0","  80.0","24"
"99495199999","SEBASTIAN INLET STATE PARK, FL US","27.862","-80.445","10.0","2018-06-20","9999.9"," 0","000000",,"999.9",,"  81.9","*","  77.2","*"," 12.0",," 0.00","I","1015.6","24","999.9",,"999.9"," 0","  80.3","24"
"99495199999","SEBASTIAN INLET STATE PARK, FL US","27.862","-80.445","10.0","2018-06-21","9999.9"," 0","000000",,"999.9",,"  87.8","*","  77.0","*"," 11.1",," 0.00","I","1014.4","24","999.9",,"999.9"," 0","  81.1","24"
"99495199999","SEBASTIAN INLET STATE PARK, FL US","27.862","-80.445","10.0","2018-06-22","9999.9"," 0","000000",,"999.9",,"  84.0","*","  76.3","*"," 14.0",," 0.00","I","1015.2","24","999.9",,"999.9"," 0","  79.7","24"
"99495199999","SEBASTIAN INLET STATE PARK, FL US","27.862","-80.445","10.0","2018-06-23","9999.9"," 0","000000",,"999.9",,"  83.1","*","  76.6","*","  8.0",," 0.00","I","1016.6","24","999.9",,"999.9"," 0","  79.6","24"
"99495199999","SEBASTIAN INLET STATE PARK, FL US","27.862","-80.445","10.0","2018-06-24","9999.9"," 0","000000",,"999.9",,"  82.6","*","  78.1","*"," 11.1",," 0.00","I","1017.8","24","999.9",,"999.9"," 0","  80.4","24"
"99495199999","SEBASTIAN INLET STATE PARK, FL US","27.862","-80.445","10.0","2018-06-25","9999.9"," 0","000000",,"999.9",,"  82.9","*","  77.5","*"," 14.0",," 0.00","I","1019.4","24","999.9",,"999.9"," 0","  80.9","24"
"99495199999","SEBASTIAN INLET STATE PARK, FL US","27.862","-80.445","10.0","2018-06-26","9999.9"," 0","000000",,"999.9",,"  82.4","*","  79.7","*","  9.9",," 0.00","I","1019.9","24","999.9",,"999.9"," 0","  81.2","24"
"99495199999","SEBASTIAN INLET STATE PARK, FL US","27.862","-80.445","10.0","2018-06-27","9999.9"," 0","000000",,"999.9",,"  83.1","*","  74.5","*","  9.9",," 0.00","I","1019.3","24","999.9",,"999.9"," 0","  79.1","24"
"99495199999","SEBASTIAN INLET STATE PARK, FL US","27.862","-80.445","10.0","2018-06-28","9999.9"," 0","000000",,"999.9",,"  82.2","*","  74.1","*"," 11.1",," 0.00","I","1018.2","24","999.9",,"999.9"," 0","  78.2","24"
"99495199999","SEBASTIAN INLET STATE PARK, FL US","27.862","-80.445","10.0","2018-06-29","9999.9"," 0","000000",,"999.9",,"  83.8","*","  74.7","*"," 18.1",," 0.00","I","1017.5","24","999.9",,"999.9"," 0","  77.2","24"
"99495199999","SEBASTIAN INLET STATE PARK, FL US","27.862","-80.445","10.0","2018-06-30","9999.9"," 0","000000",,"999.9",,"  80.6","*","  75.7","*"," 12.0",," 0.00","I","1018.0","24","999.9",,"999.9"," 0","  78.3","24"
"99495199999","SEBASTIAN INLET STATE PARK, FL US","27.862","-80.445","10.0","2018-07-01","9999.9"," 0","000000",,"999.9",,"  81.9","*","  75.6","*","  8.9",," 0.00","I","1018.4","24","999.9",,"999.9"," 0","  79.1","24"
"99495199999","SEBASTIAN INLET STATE PARK, FL US","27.862","-80.445","10.0","2018-07-02","9999.9"," 0","000000",,"999.9",,"  81.7","*","  77.7","*","  8.0",," 0.00","I","1018.2","22","999.9",,"999.9"," 0","  80.0","22"
"99495199999","SEBASTIAN INLET STATE PARK, FL US","27.862","-80.445","10.0","2018-07-03","9999.9"," 0","000000",,"999.9",,"  85.5","*","  79.0","*"," 12.0",," 0.00","I","1017.1","14","999.9",,"999.9"," 0","  81.5","14"
"99495199999","SEBASTIAN INLET STATE PARK, FL US","27.862","-80.445","10.0","2018-07-04","9999.9"," 0","000000",,"999.9",,"  82.6","*","  80.1","*","  8.9",," 0.00","I","1017.9","24","999.9",,"999.9"," 0","  80.7","24"
"99495199999","SEBASTIAN INLET STATE PARK, FL US","27.862","-80.445","10.0","2018-07-05","9999.9"," 0","000000",,"999.9",,"  82.6","*","  76.5","*"," 13.0",," 0.00","I","1020.4","24","999.9",,"999.9"," 0","  79.9","24"
"99495199999","SEBASTIAN INLET STATE PARK, FL US","27.862","-80.445","10.0","2018-07-06","9999.9"," 0","000000",,"999.9",,"  81.5","*","  74.1","*"," 11.1",," 0.00","I","1021.2","24","999.9",,"999.9"," 0","  78.7","24"
"99495199999","SEBASTIAN INLET STATE PARK, FL US","27.862","-80.445","10.0","2018-07-07","9999.9"," 0","000000",,"999.9",,"  81.3","*","  73.2","*","  9.9",," 0.00","I","1019.8","24","999.9",,"999.9"," 0","  76.5","24"
"99495199999","SEBASTIAN INLET STATE PARK, FL US","27.862","-80.445","10.0","2018-07-08","9999.9"," 0","000000",,"999.9",,"  80.4","*","  74.8","*","  8.0",," 0.00","I","1021.3","24","999.9",,"999.9"," 0","  77.4","24"
"99495199999","SEBASTIAN INLET STATE PARK, FL US","27.862","-80.445","10.0","2018-07-09","9999.9"," 0","000000",,"999.9",,"  81.7","*","  77.4","*"," 13.0",," 0.00","I","1021.6","24","999.9",,"999.9"," 0","  80.0","24"
"99495199999","SEBASTIAN INLET STATE PARK, FL US","27.862","-80.445","10.0","2018-07-10","9999.9"," 0","000000",,"999.9",,"  81.7","*","  77.9","*"," 12.0",," 0.00","I","1019.3","24","999.9",,"999.9"," 0","  80.3","24"
"99495199999","SEBASTIAN INLET STATE PARK, FL US","27.862","-80.445","10.0","2018-07-11","9999.9"," 0","000000",,"999.9",,"  82.4","*","  77.5","*"," 11.1",," 0.00","I","1017.5","24","999.9",,"999.9"," 0","  81.2","24"
"99495199999","SEBASTIAN INLET STATE PARK, FL US","27.862","-80.445","10.0","2018-07-12","9999.9"," 0","000000",,"999.9",,"  82.6","*","  78.6","*"," 11.1",," 0.00","I","1018.9","24","999.9",,"999.9"," 0","  81.3","24"
"99495199999","SEBASTIAN INLET STATE PARK, FL US","27.862","-80.445","10.0","2018-07-13","9999.9"," 0","000000",,"999.9",,"  84.2","*","  77.2","*"," 11.1",," 0.00","I","1020.4","24","999.9",,"999.9"," 0","  81.4","24"
"99495199999","SEBASTIAN INLET STATE PARK, FL US","27.862","-80.445","10.0","2018-07-14","9999.9"," 0","000000",,"999.9",,"  83.8","*","  76.8","*","  9.9",," 0.00","I","1019.6","24","999.9",,"999.9"," 0","  80.5","24"
"99495199999","SEBASTIAN INLET STATE PARK, FL US","27.862","-80.445","10.0","2018-07-15","9999.9"," 0","000000",,"999.9",,"  85.3","*","  79.3","*"," 12.0",," 0.00","I","1018.4","24","999.9",,"999.9"," 0","  82.5","24"
"99495199999","SEBASTIAN INLET STATE PARK, FL US","27.862","-80.445","10.0","2018-07-16","9999.9"," 0","000000",,"999.9",,"  84.4","*","  79.5","*"," 17.1",," 0.00","I","1018.5","24","999.9",,"999.9"," 0","  82.6","24"
"99495199999","SEBASTIAN INLET STATE PARK, FL US","27.862","-80.445","10.0","2018-07-17","9999.9"," 0","000000",,"999.9",,"  88.2","*","  74.3","*"," 15.9",," 0.00","I","1019.0","24","999.9",,"999.9"," 0","  81.8","24"
"99495199999","SEBASTIAN INLET STATE PARK, FL US","27.862","-80.445","10.0","2018-07-18","9999.9"," 0","000000",,"999.9",,"  89.1","*","  74.8","*","  9.9",," 0.00","I","1018.3","23","999.9",,"999.9"," 0","  80.8","23"
"99495199999","SEBASTIAN INLET STATE PARK, FL US","27.862","-80.445","10.0","2018-07-19","9999.9"," 0","000000",,"999.9",,"  89.6","*","  78.1","*"," 11.1",," 0.00","I","1016.4","24","999.9",,"999.9"," 0","  82.5","24"
"99495199999","SEBASTIAN INLET STATE PARK, FL US","27.862","-80.445","10.0","2018-07-20","9999.9"," 0","000000",,"999.9",,"  89.4","*","  79.2","*"," 11.1",," 0.00","I","1016.2","24","999.9",,"999.9"," 0","  83.4","24"
"99495199999","SEBASTIAN INLET STATE PARK, FL US","27.862","-80.445","10.0","2018-07-21","9999.9"," 0","000000",,"999.9",,"  86.7","*","  77.7","*"," 15.0",," 0.00","I","1015.3","23","999.9",,"999.9"," 0","  81.8","23"
"99495199999","SEBASTIAN INLET STATE PARK, FL US","27.862","-80.445","10.0","2018-07-22","9999.9"," 0","000000",,"999.9",,"  89.4","*","  75.6","*"," 32.1",," 0.00","I","1013.7","22","999.9",,"999.9"," 0","  80.8","22"
"99495199999","SEBASTIAN INLET STATE PARK, FL US","27.862","-80.445","10.0","2018-07-23","9999.9"," 0","000000",,"999.9",,"  88.7","*","  75.0","*"," 19.0",," 0.00","I","1011.5","24","999.9",,"999.9"," 0","  80.2","24"
"99495199999","SEBASTIAN INLET STATE PARK, FL US","27.862","-80.445","10.0","2018-07-24","9999.9"," 0","000000",,"999.9",,"  86.7","*","  76.8","*"," 17.1",," 0.00","I","1013.7","24","999.9",,"999.9"," 0","  81.3","24"
"99495199999","SEBASTIAN INLET STATE PARK, FL US","27.862","-80.445","10.0","2018-07-25","9999.9"," 0","000000",,"999.9",,"  86.5","*","  78.1","*"," 15.9",," 0.00","I","1015.5","24","999.9",,"999.9"," 0","  80.5","24"
"99495199999","SEBASTIAN INLET STATE PARK, FL US","27.862","-80.445","10.0","2018-07-26","9999.9"," 0","000000",,"999.9",,"  89.6","*","  78.1","*"," 12.0",," 0.00","I","1016.6","24","999.9",,"999.9"," 0","  82.0","24"
"99495199999","SEBASTIAN INLET STATE PARK, FL US","27.862","-80.445","10.0","2018-07-27","9999.9"," 0","000000",,"999.9",,"  83.7","*","  78.3","*"," 13.0",," 0.00","I","1017.7","24","999.9",,"999.9"," 0","  81.0","24"
"99495199999","SEBASTIAN INLET STATE PARK, FL US","27.862","-80.445","10.0","2018-07-28","9999.9"," 0","000000",,"999.9",,"  82.9","*","  77.0","*"," 12.0",," 0.00","I","1018.4","24","999.9",,"999.9"," 0","  79.4","24"
"99495199999","SEBASTIAN INLET STATE PARK, FL US","27.862","-80.445","10.0","2018-07-29","9999.9"," 0","000000",,"999.9",,"  81.7","*","  75.9","*"," 15.9",," 0.00","I","1017.6","24","999.9",,"999.9"," 0","  79.6","24"
"99495199999","SEBASTIAN INLET STATE PARK, FL US","27.862","-80.445","10.0","2018-07-30","9999.9"," 0","000000",,"999.9",,"  84.6","*","  76.1","*"," 15.0",," 0.00","I","1018.5","24","999.9",,"999.9"," 0","  79.2","24"
"99495199999","SEBASTIAN INLET STATE PARK, FL US","27.862","-80.445","10.0","2018-07-31","9999.9"," 0","000000",,"999.9",,"  81.7","*","  76.6","*","  9.9",," 0.00","I","1019.9","18","999.9",,"999.9"," 0","  78.5","18"
"99495199999","SEBASTIAN INLET STATE PARK, FL US","27.862","-80.445","10.0","2018-08-01","9999.9"," 0","000000",,"999.9",,"  82.2","*","  79.0","*"," 13.0",," 0.00","I","1019.1","14","999.9",,"999.9"," 0","  80.8","14"
"99495199999","SEBASTIAN INLET STATE PARK, FL US","27.862","-80.445","10.0","2018-08-02","9999.9"," 0","000000",,"999.9",,"  81.7","*","  78.6","*"," 11.1",," 0.00","I","1019.6","24","999.9",,"999.9"," 0","  80.4","24"
"99495199999","SEBASTIAN INLET STATE PARK, FL US","27.862","-80.445","10.0","2018-08-03","9999.9"," 0","000000",,"999.9",,"  82.0","*","  79.0","*","  9.9",," 0.00","I","1020.3","24","999.9",,"999.9"," 0","  80.7","24"
"99495199999","SEBASTIAN INLET STATE PARK, FL US","27.862","-80.445","10.0","2018-08-04","9999.9"," 0","000000",,"999.9",,"  82.2","*","  79.7","*","  9.9",," 0.00","I","1020.9","24","999.9",,"999.9"," 0","  81.1","24"
"99495199999","SEBASTIAN INLET STATE PARK, FL US","27.862","-80.445","10.0","2018-08-05","9999.9"," 0","000000",,"999.9",,"  82.6","*","  79.5","*"," 11.1",," 0.00","I","1021.8","24","999.9",,"999.9"," 0","  81.4","24"
"99495199999","SEBASTIAN INLET STATE PARK, FL US","27.862","-80.445","10.0","2018-08-06","9999.9"," 0","000000",,"999.9",,"  82.8","*","  80.8","*"," 14.0",," 0.00","I","1020.6","24","999.9",,"999.9"," 0","  82.0","24"
"99495199999","SEBASTIAN INLET STATE PARK, FL US","27.862","-80.445","10.0","2018-08-07","9999.9"," 0","000000",,"999.9",,"  83.3","*","  79.0","*"," 14.0",," 0.00","I","1019.3","24","999.9",,"999.9"," 0","  82.1","24"
"99495199999","SEBASTIAN INLET STATE PARK, FL US","27.862","-80.445","10.0","2018-08-08","9999.9"," 0","000000",,"999.9",,"  83.5","*","  80.2","*"," 14.0",," 0.00","I","1019.8","24","999.9",,"999.9"," 0","  82.3","24"
"99495199999","SEBASTIAN INLET STATE PARK, FL US","27.862","-80.445","10.0","2018-08-09","9999.9"," 0","000000",,"999.9",,"  83.3","*","  76.3","*"," 13.0",," 0.00","I","1020.0","24","999.9",,"999.9"," 0","  80.2","24"
"99495199999","SEBASTIAN INLET STATE PARK, FL US","27.862","-80.445","10.0","2018-08-10","9999.9"," 0","000000",,"999.9",,"  85.6","*","  73.2","*","  9.9",," 0.00","I","1019.0","24","999.9",,"999.9"," 0","  77.4","24"
"99495199999","SEBASTIAN INLET STATE PARK, FL US","27.862","-80.445","10.0","2018-08-11","9999.9"," 0","000000",,"999.9",,"  83.3","*","  74.7","*","  8.9",," 0.00","I","1017.4","24","999.9",,"999.9"," 0","  78.5","24"
"99495199999","SEBASTIAN INLET STATE PARK, FL US","27.862","-80.445","10.0","2018-08-12","9999.9"," 0","000000",,"999.9",,"  81.0","*","  75.2","*"," 15.0",," 0.00","I","1018.4","24","999.9",,"999.9"," 0","  77.8","24"
"99495199999","SEBASTIAN INLET STATE PARK, FL US","27.862","-80.445","10.0","2018-08-13","9999.9"," 0","000000",,"999.9",,"  83.8","*","  75.2","*"," 13.0",," 0.00","I","1019.1","23","999.9",,"999.9"," 0","  78.6","23"
"99495199999","SEBASTIAN INLET STATE PARK, FL US","27.862","-80.445","10.0","2018-08-14","9999.9"," 0","000000",,"999.9",,"  80.6","*","  74.1","*"," 19.0",," 0.00","I","1019.0","24","999.9",,"999.9"," 0","  77.8","24"
"99495199999","SEBASTIAN INLET STATE PARK, FL US","27.862","-80.445","10.0","2018-08-15","9999.9"," 0","000000",,"999.9",,"  81.7","*","  75.0","*","  8.9",," 0.00","I","1019.7","24","999.9",,"999.9"," 0","  78.5","24"
"99495199999","SEBASTIAN INLET STATE PARK, FL US","27.862","-80.445","10.0","2018-08-16","9999.9"," 0","000000",,"999.9",,"  82.4","*","  77.9","*","  8.9",," 0.00","I","1021.4","24","999.9",,"999.9"," 0","  80.5","24"
"99495199999","SEBASTIAN INLET STATE PARK, FL US","27.862","-80.445","10.0","2018-08-17","9999.9"," 0","000000",,"999.9",,"  82.2","*","  78.8","*","  8.9",," 0.00","I","1022.9","24","999.9",,"999.9"," 0","  80.7","24"
"99495199999","SEBASTIAN INLET STATE PARK, FL US","27.862","-80.445","10.0","2018-08-18","9999.9"," 0","000000",,"999.9",,"  83.1","*","  79.0","*"," 12.0",," 0.00","I","1021.1","24","999.9",,"999.9"," 0","  81.2","24"
"99495199999","SEBASTIAN INLET STATE PARK, FL US","27.862","-80.445","10.0","2018-08-19","9999.9"," 0","000000",,"999.9",,"  82.8","*","  78.8","*"," 13.0",," 0.00","I","1018.5","24","999.9",,"999.9"," 0","  81.0","24"
"99495199999","SEBASTIAN INLET STATE PARK, FL US","27.862","-80.445","10.0","2018-08-20","9999.9"," 0","000000",,"999.9",,"  81.3","*","  77.9","*","  8.9",," 0.00","I","1019.7","24","999.9",,"999.9"," 0","  79.0","24"
"99495199999","SEBASTIAN INLET STATE PARK, FL US","27.862","-80.445","10.0","2018-08-21","9999.9"," 0","000000",,"999.9",,"  82.8","*","  76.8","*","  9.9",," 0.00","I","1020.3","23","999.9",,"999.9"," 0","  80.2","23"
"99495199999","SEBASTIAN INLET STATE PARK, FL US","27.862","-80.445","10.0","2018-08-22","9999.9"," 0","000000",,"999.9",,"  84.0","*","  77.7","*"," 17.1",," 0.00","I","1019.0","24","999.9",,"999.9"," 0","  80.4","24"
"99495199999","SEBASTIAN INLET STATE PARK, FL US","27.862","-80.445","10.0","2018-08-23","9999.9"," 0","000000",,"999.9",,"  83.7","*","  75.7","*"," 13.0",," 0.00","I","1016.7","24","999.9",,"999.9"," 0","  79.0","24"
"99495199999","SEBASTIAN INLET STATE PARK, FL US","27.862","-80.445","10.0","2018-08-24","9999.9"," 0","000000",,"999.9",,"  82.6","*","  77.4","*"," 12.0",," 0.00","I","1016.4","24","999.9",,"999.9"," 0","  80.4","24"
"99495199999","SEBASTIAN INLET STATE PARK, FL US","27.862","-80.445","10.0","2018-08-25","9999.9"," 0","000000",,"999.9",,"  82.4","*","  79.5","*"," 12.0",," 0.00","I","1019.2","21","999.9",,"999.9"," 0","  80.8","21"
"99495199999","SEBASTIAN INLET STATE PARK, FL US","27.862","-80.445","10.0","2018-08-26","9999.9"," 0","000000",,"999.9",,"  83.1","*","  79.5","*"," 13.0",," 0.00","I","1021.0","24","999.9",,"999.9"," 0","  81.5","24"
"99495199999","SEBASTIAN INLET STATE PARK, FL US","27.862","-80.445","10.0","2018-08-27","9999.9"," 0","000000",,"999.9",,"  83.1","*","  79.7","*"," 11.1",," 0.00","I","1019.9","24","999.9",,"999.9"," 0","  82.0","24"
"99495199999","SEBASTIAN INLET STATE PARK, FL US","27.862","-80.445","10.0","2018-08-28","9999.9"," 0","000000",,"999.9",,"  82.9","*","  77.9","*"," 12.0",," 0.00","I","1020.2","24","999.9",,"999.9"," 0","  81.8","24"
"99495199999","SEBASTIAN INLET STATE PARK, FL US","27.862","-80.445","10.0","2018-08-29","9999.9"," 0","000000",,"999.9",,"  83.5","*","  80.2","*"," 13.0",," 0.00","I","1020.6","24","999.9",,"999.9"," 0","  82.1","24"
"99495199999","SEBASTIAN INLET STATE PARK, FL US","27.862","-80.445","10.0","2018-08-30","9999.9"," 0","000000",,"999.9",,"  83.3","*","  81.5","*"," 13.0",," 0.00","I","1019.7","24","999.9",,"999.9"," 0","  82.6","24"
"99495199999","SEBASTIAN INLET STATE PARK, FL US","27.862","-80.445","10.0","2018-08-31","9999.9"," 0","000000",,"999.9",,"  83.3","*","  80.4","*"," 11.1",," 0.00","I","1018.6","24","999.9",,"999.9"," 0","  82.1","24"
"99495199999","SEBASTIAN INLET STATE PARK, FL US","27.862","-80.445","10.0","2018-09-01","9999.9"," 0","000000",,"999.9",,"  82.8","*","  75.6","*"," 15.0",," 0.00","I","1019.0","24","999.9",,"999.9"," 0","  80.3","24"
"99495199999","SEBASTIAN INLET STATE PARK, FL US","27.862","-80.445","10.0","2018-09-02","9999.9"," 0","000000",,"999.9",,"  82.0","*","  78.4","*"," 15.0",," 0.00","I","1018.9","24","999.9",,"999.9"," 0","  80.5","24"
"99495199999","SEBASTIAN INLET STATE PARK, FL US","27.862","-80.445","10.0","2018-09-03","9999.9"," 0","000000",,"999.9",,"  82.0","*","  75.6","*"," 21.0",," 0.00","I","1018.7","24","999.9",,"999.9"," 0","  79.8","24"
"99495199999","SEBASTIAN INLET STATE PARK, FL US","27.862","-80.445","10.0","2018-09-04","9999.9"," 0","000000",,"999.9",,"  82.4","*","  78.6","*"," 15.9",," 0.00","I","1019.0","24","999.9",,"999.9"," 0","  80.9","24"
"99495199999","SEBASTIAN INLET STATE PARK, FL US","27.862","-80.445","10.0","2018-09-05","9999.9"," 0","000000",,"999.9",,"  82.6","*","  80.2","*"," 12.0",," 0.00","I","1018.9","24","999.9",,"999.9"," 0","  81.7","24"
"99495199999","SEBASTIAN INLET STATE PARK, FL US","27.862","-80.445","10.0","2018-09-06","9999.9"," 0","000000",,"999.9",,"  82.0","*","  79.9","*"," 15.0",," 0.00","I","1018.0","24","999.9",,"999.9"," 0","  81.4","24"
"99495199999","SEBASTIAN INLET STATE PARK, FL US","27.862","-80.445","10.0","2018-09-07","9999.9"," 0","000000",,"999.9",,"  81.7","*","  78.6","*"," 13.0",," 0.00","I","1016.7","24","999.9",,"999.9"," 0","  80.6","24"
"99495199999","SEBASTIAN INLET STATE PARK, FL US","27.862","-80.445","10.0","2018-09-08","9999.9"," 0","000000",,"999.9",,"  81.1","*","  77.2","*","  9.9",," 0.00","I","1014.8","24","999.9",,"999.9"," 0","  80.0","24"
"99495199999","SEBASTIAN INLET STATE PARK, FL US","27.862","-80.445","10.0","2018-09-09","9999.9"," 0","000000",,"999.9",,"  82.0","*","  75.7","*"," 11.1",," 0.00","I","1013.6","24","999.9",,"999.9"," 0","  79.5","24"
"99495199999","SEBASTIAN INLET STATE PARK, FL US","27.862","-80.445","10.0","2018-09-10","9999.9"," 0","000000",,"999.9",,"  82.2","*","  75.9","*","  8.9",," 0.00","I","1015.1","24","999.9",,"999.9"," 0","  79.2","24"
"99495199999","SEBASTIAN INLET STATE PARK, FL US","27.862","-80.445","10.0","2018-09-11","9999.9"," 0","000000",,"999.9",,"  82.6","*","  76.6","*","  8.0",," 0.00","I","1016.6","23","999.9",,"999.9"," 0","  80.0","23"
"99495199999","SEBASTIAN INLET STATE PARK, FL US","27.862","-80.445","10.0","2018-09-12","9999.9"," 0","000000",,"999.9",,"  82.9","*","  81.5","*","  9.9",," 0.00","I","1016.0","24","999.9",,"999.9"," 0","  82.3","24"
"99495199999","SEBASTIAN INLET STATE PARK, FL US","27.862","-80.445","10.0","2018-09-13","9999.9"," 0","000000",,"999.9",,"  82.9","*","  81.5","*","  9.9",," 0.00","I","1015.5","23","999.9",,"999.9"," 0","  82.3","23"
"99495199999","SEBASTIAN INLET STATE PARK, FL US","27.862","-80.445","10.0","2018-09-14","9999.9"," 0","000000",,"999.9",,"  83.7","*","  76.6","*"," 11.1",," 0.00","I","1014.5","24","999.9",,"999.9"," 0","  81.2","24"
"99495199999","SEBASTIAN INLET STATE PARK, FL US","27.862","-80.445","10.0","2018-09-15","9999.9"," 0","000000",,"999.9",,"  90.1","*","  77.9","*"," 12.0",," 0.00","I","1012.6","19","999.9",,"999.9"," 0","  82.1","19"
"99495199999","SEBASTIAN INLET STATE PARK, FL US","27.862","-80.445","10.0","2018-09-16","9999.9"," 0","000000",,"999.9",,"  85.6","*","  78.4","*"," 18.1",," 0.00","I","1012.8","13","999.9",,"999.9"," 0","  82.2","13"
"99495199999","SEBASTIAN INLET STATE PARK, FL US","27.862","-80.445","10.0","2018-09-17","9999.9"," 0","000000",,"999.9",,"  83.8","*","  82.0","*"," 18.1",," 0.00","I","1014.5"," 4","999.9",,"999.9"," 0","  83.4"," 4"
"99495199999","SEBASTIAN INLET STATE PARK, FL US","27.862","-80.445","10.0","2018-09-18","9999.9"," 0","000000",,"999.9",,"  83.3","*","  80.2","*"," 12.0",," 0.00","I","1015.6","14","999.9",,"999.9"," 0","  82.5","14"
"99495199999","SEBASTIAN INLET STATE PARK, FL US","27.862","-80.445","10.0","2018-09-19","9999.9"," 0","000000",,"999.9",,"  86.5","*","  78.4","*"," 12.0",," 0.00","I","1015.0","22","999.9",,"999.9"," 0","  82.1","22"
"99495199999","SEBASTIAN INLET STATE PARK, FL US","27.862","-80.445","10.0","2018-09-20","9999.9"," 0","000000",,"999.9",,"  84.4","*","  79.9","*"," 11.1",," 0.00","I","1017.6","16","999.9",,"999.9"," 0","  82.2","16"
"99495199999","SEBASTIAN INLET STATE PARK, FL US","27.862","-80.445","10.0","2018-09-21","9999.9"," 0","000000",,"999.9",,"  83.3","*","  78.1","*"," 15.0",," 0.00","I","1018.3","24","999.9",,"999.9"," 0","  82.2","24"
"99495199999","SEBASTIAN INLET STATE PARK, FL US","27.862","-80.445","10.0","2018-09-22","9999.9"," 0","000000",,"999.9",,"  82.9","*","  75.2","*"," 15.0",," 0.00","I","1017.4","24","999.9",,"999.9"," 0","  80.6","24"
"99495199999","SEBASTIAN INLET STATE PARK, FL US","27.862","-80.445","10.0","2018-09-23","9999.9"," 0","000000",,"999.9",,"  82.8","*","  79.2","*"," 13.0",," 0.00","I","1016.1","24","999.9",,"999.9"," 0","  81.4","24"
"99495199999","SEBASTIAN INLET STATE PARK, FL US","27.862","-80.445","10.0","2018-09-24","9999.9"," 0","000000",,"999.9",,"  83.1","*","  80.8","*"," 13.0",," 0.00","I","1017.0","24","999.9",,"999.9"," 0","  82.2","24"
"99495199999","SEBASTIAN INLET STATE PARK, FL US","27.862","-80.445","10.0","2018-09-25","9999.9"," 0","000000",,"999.9",,"  82.9","*","  81.9","*"," 14.0",," 0.00","I","1018.7","24","999.9",,"999.9"," 0","  82.5","24"
"99495199999","SEBASTIAN INLET STATE PARK, FL US","27.862","-80.445","10.0","2018-09-26","9999.9"," 0","000000",,"999.9",,"  86.5","*","  79.9","*"," 12.0",," 0.00","I","1019.2","24","999.9",,"999.9"," 0","  82.5","24"
"99495199999","SEBASTIAN INLET STATE PARK, FL US","27.862","-80.445","10.0","2018-09-27","9999.9"," 0","000000",,"999.9",,"  83.7","*","  82.0","*"," 15.0",," 0.00","I","1018.0","24","999.9",,"999.9"," 0","  82.9","24"
"99495199999","SEBASTIAN INLET STATE PARK, FL US","27.862","-80.445","10.0","2018-09-28","9999.9"," 0","000000",,"999.9",,"  83.8","*","  81.7","*"," 15.0",," 0.00","I","1018.8","24","999.9",,"999.9"," 0","  82.8","24"
"99495199999","SEBASTIAN INLET STATE PARK, FL US","27.862","-80.445","10.0","2018-09-29","9999.9"," 0","000000",,"999.9",,"  83.3","*","  82.4","*"," 13.0",," 0.00","I","1019.8","24","999.9",,"999.9"," 0","  82.9","24"
"99495199999","SEBASTIAN INLET STATE PARK, FL US","27.862","-80.445","10.0","2018-09-30","9999.9"," 0","000000",,"999.9",,"  82.9","*","  82.0","*"," 15.0",," 0.00","I","1019.7","24","999.9",,"999.9"," 0","  82.7","24"
"99495199999","SEBASTIAN INLET STATE PARK, FL US","27.862","-80.445","10.0","2018-10-01","9999.9"," 0","000000",,"999.9",,"  82.8","*","  78.8","*"," 15.0",," 0.00","I","1019.8","24","999.9",,"999.9"," 0","  82.2","24"
"99495199999","SEBASTIAN INLET STATE PARK, FL US","27.862","-80.445","10.0","2018-10-02","9999.9"," 0","000000",,"999.9",,"  82.8","*","  78.4","*"," 19.0",," 0.00","I","1019.1","24","999.9",,"999.9"," 0","  82.0","24"
"99495199999","SEBASTIAN INLET STATE PARK, FL US","27.862","-80.445","10.0","2018-10-03","9999.9"," 0","000000",,"999.9",,"  82.2","*","  79.2","*"," 17.1",," 0.00","I","1017.5","24","999.9",,"999.9"," 0","  81.5","24"
"99495199999","SEBASTIAN INLET STATE PARK, FL US","27.862","-80.445","10.0","2018-10-04","9999.9"," 0","000000",,"999.9",,"  82.8","*","  79.5","*"," 18.1",," 0.00","I","1017.0","24","999.9",,"999.9"," 0","  81.6","24"
"99495199999","SEBASTIAN INLET STATE PARK, FL US","27.862","-80.445","10.0","2018-10-05","9999.9"," 0","000000",,"999.9",,"  82.4","*","  77.9","*"," 15.9",," 0.00","I","1017.4","24","999.9",,"999.9"," 0","  80.8","24"
"99495199999","SEBASTIAN INLET STATE PARK, FL US","27.862","-80.445","10.0","2018-10-06","9999.9"," 0","000000",,"999.9",,"  81.9","*","  79.3","*"," 15.0",," 0.00","I","1018.2","24","999.9",,"999.9"," 0","  81.3","24"
"99495199999","SEBASTIAN INLET STATE PARK, FL US","27.862","-80.445","10.0","2018-10-07","9999.9"," 0","000000",,"999.9",,"  82.2","*","  79.9","*"," 19.0",," 0.00","I","1017.5","24","999.9",,"999.9"," 0","  81.4","24"
"99495199999","SEBASTIAN INLET STATE PARK, FL US","27.862","-80.445","10.0","2018-10-08","9999.9"," 0","000000",,"999.9",,"  82.6","*","  79.2","*"," 21.0",," 0.00","I","1015.9","24","999.9",,"999.9"," 0","  81.6","24"
"99495199999","SEBASTIAN INLET STATE PARK, FL US","27.862","-80.445","10.0","2018-10-09","9999.9"," 0","000000",,"999.9",,"  82.0","*","  79.5","*"," 22.9",," 0.00","I","1013.2","24","999.9",,"999.9"," 0","  81.3","24"
"99495199999","SEBASTIAN INLET STATE PARK, FL US","27.862","-80.445","10.0","2018-10-10","9999.9"," 0","000000",,"999.9",,"  82.9","*","  80.8","*"," 21.0",," 0.00","I","1012.1","24","999.9",,"999.9"," 0","  82.0","24"
"99495199999","SEBASTIAN INLET STATE PARK, FL US","27.862","-80.445","10.0","2018-10-11","9999.9"," 0","000000",,"999.9",,"  86.9","*","  77.9","*"," 14.0",," 0.00","I","1011.7","24","999.9",,"999.9"," 0","  81.7","24"
"99495199999","SEBASTIAN INLET STATE PARK, FL US","27.862","-80.445","10.0","2018-10-12","9999.9"," 0","000000",,"999.9",,"  81.3","*","  76.6","*"," 11.1",," 0.00","I","1011.3","24","999.9",,"999.9"," 0","  79.0","24"
"99495199999","SEBASTIAN INLET STATE PARK, FL US","27.862","-80.445","10.0","2018-10-13","9999.9"," 0","000000",,"999.9",,"  81.3","*","  72.9","*"," 14.0",," 0.00","I","1012.2","24","999.9",,"999.9"," 0","  78.3","24"
"99495199999","SEBASTIAN INLET STATE PARK, FL US","27.862","-80.445","10.0","2018-10-14","9999.9"," 0","000000",,"999.9",,"  81.9","*","  80.4","*"," 14.0",," 0.00","I","1016.5","24","999.9",,"999.9"," 0","  81.2","24"
"99495199999","SEBASTIAN INLET STATE PARK, FL US","27.862","-80.445","10.0","2018-10-15","9999.9"," 0","000000",,"999.9",,"  82.0","*","  81.3","*"," 15.0",," 0.00","I","1019.2","24","999.9",,"999.9"," 0","  81.8","24"
"99495199999","SEBASTIAN INLET STATE PARK, FL US","27.862","-80.445","10.0","2018-10-16","9999.9"," 0","000000",,"999.9",,"  82.0","*","  81.3","*"," 14.0",," 0.00","I","1020.0","24","999.9",,"999.9"," 0","  81.8","24"
"99495199999","SEBASTIAN INLET STATE PARK, FL US","27.862","-80.445","10.0","2018-10-17","9999.9"," 0","000000",,"999.9",,"  82.0","*","  81.3","*"," 12.0",," 0.00","I","1020.5","24","999.9",,"999.9"," 0","  81.6","24"
"99495199999","SEBASTIAN INLET STATE PARK, FL US","27.862","-80.445","10.0","2018-10-18","9999.9"," 0","000000",,"999.9",,"  81.5","*","  80.8","*"," 11.1",," 0.00","I","1021.6","24","999.9",,"999.9"," 0","  81.3","24"
"99495199999","SEBASTIAN INLET STATE PARK, FL US","27.862","-80.445","10.0","2018-10-19","9999.9"," 0","000000",,"999.9",,"  81.5","*","  80.4","*"," 12.0",," 0.00","I","1021.9","24","999.9",,"999.9"," 0","  81.1","24"
"99495199999","SEBASTIAN INLET STATE PARK, FL US","27.862","-80.445","10.0","2018-10-20","9999.9"," 0","000000",,"999.9",,"  81.7","*","  75.9","*","  9.9",," 0.00","I","1018.2","24","999.9",,"999.9"," 0","  79.5","24"
"99495199999","SEBASTIAN INLET STATE PARK, FL US","27.862","-80.445","10.0","2018-10-21","9999.9"," 0","000000",,"999.9",,"  81.3","*","  74.1","*"," 22.0",," 0.00","I","1016.7","24","999.9",,"999.9"," 0","  76.8","24"
"99495199999","SEBASTIAN INLET STATE PARK, FL US","27.862","-80.445","10.0","2018-10-22","9999.9"," 0","000000",,"999.9",,"  77.4","*","  74.5","*"," 18.1",," 0.00","I","1020.0","24","999.9",,"999.9"," 0","  76.3","24"
"99495199999","SEBASTIAN INLET STATE PARK, FL US","27.862","-80.445","10.0","2018-10-23","9999.9"," 0","000000",,"999.9",,"  81.5","*","  72.7","*"," 11.1",," 0.00","I","1019.3","23","999.9",,"999.9"," 0","  77.9","23"
"99495199999","SEBASTIAN INLET STATE PARK, FL US","27.862","-80.445","10.0","2018-10-24","9999.9"," 0","000000",,"999.9",,"  79.3","*","  74.8","*"," 19.0",," 0.00","I","1016.9","23","999.9",,"999.9"," 0","  77.8","23"
"99495199999","SEBASTIAN INLET STATE PARK, FL US","27.862","-80.445","10.0","2018-10-25","9999.9"," 0","000000",,"999.9",,"  79.7","*","  75.7","*"," 19.0",," 0.00","I","1014.7","24","999.9",,"999.9"," 0","  77.4","24"
"99495199999","SEBASTIAN INLET STATE PARK, FL US","27.862","-80.445","10.0","2018-10-26","9999.9"," 0","000000",,"999.9",,"  84.4","*","  71.6","*"," 15.0",," 0.00","I","1011.0","24","999.9",,"999.9"," 0","  78.1","24"
"99495199999","SEBASTIAN INLET STATE PARK, FL US","27.862","-80.445","10.0","2018-10-27","9999.9"," 0","000000",,"999.9",,"  80.4","*","  70.0","*"," 13.0",," 0.00","I","1012.1","24","999.9",,"999.9"," 0","  74.3","24"
"99495199999","SEBASTIAN INLET STATE PARK, FL US","27.862","-80.445","10.0","2018-10-28","9999.9"," 0","000000",,"999.9",,"  72.0","*","  63.3","*"," 18.1",," 0.00","I","1019.5","24","999.9",,"999.9"," 0","  67.2","24"
"99495199999","SEBASTIAN INLET STATE PARK, FL US","27.862","-80.445","10.0","2018-10-29","9999.9"," 0","000000",,"999.9",,"  74.5","*","  61.3","*","  8.9",," 0.00","I","1020.7","24","999.9",,"999.9"," 0","  67.7","24"
"99495199999","SEBASTIAN INLET STATE PARK, FL US","27.862","-80.445","10.0","2018-10-30","9999.9"," 0","000000",,"999.9",,"  77.5","*","  66.6","*"," 14.0",," 0.00","I","1020.0","24","999.9",,"999.9"," 0","  72.4","24"
"99495199999","SEBASTIAN INLET STATE PARK, FL US","27.862","-80.445","10.0","2018-10-31","9999.9"," 0","000000",,"999.9",,"  76.8","*","  75.9","*"," 14.0",," 0.00","I","1021.2","24","999.9",,"999.9"," 0","  76.3","24"
"99495199999","SEBASTIAN INLET STATE PARK, FL US","27.862","-80.445","10.0","2018-11-01","9999.9"," 0","000000",,"999.9",,"  79.0","*","  72.5","*"," 19.0",," 0.00","I","1017.7","24","999.9",,"999.9"," 0","  77.1","24"
"99495199999","SEBASTIAN INLET STATE PARK, FL US","27.862","-80.445","10.0","2018-11-02","9999.9"," 0","000000",,"999.9",,"  85.5","*","  68.7","*"," 15.0",," 0.00","I","1014.8","24","999.9",,"999.9"," 0","  77.0","24"
"99495199999","SEBASTIAN INLET STATE PARK, FL US","27.862","-80.445","10.0","2018-11-03","9999.9"," 0","000000",,"999.9",,"  73.8","*","  66.0","*"," 19.0",," 0.00","I","1018.3","24","999.9",,"999.9"," 0","  69.4","24"
"99495199999","SEBASTIAN INLET STATE PARK, FL US","27.862","-80.445","10.0","2018-11-04","9999.9"," 0","000000",,"999.9",,"  78.4","*","  74.1","*"," 18.1",," 0.00","I","1020.8","24","999.9",,"999.9"," 0","  76.3","24"
"99495199999","SEBASTIAN INLET STATE PARK, FL US","27.862","-80.445","10.0","2018-11-05","9999.9"," 0","000000",,"999.9",,"  79.2","*","  76.3","*"," 13.0",," 0.00","I","1019.5","24","999.9",,"999.9"," 0","  78.3","24"
"99495199999","SEBASTIAN INLET STATE PARK, FL US","27.862","-80.445","10.0","2018-11-06","9999.9"," 0","000000",,"999.9",,"  79.0","*","  73.8","*"," 12.0",," 0.00","I","1018.0","24","999.9",,"999.9"," 0","  77.5","24"
"99495199999","SEBASTIAN INLET STATE PARK, FL US","27.862","-80.445","10.0","2018-11-07","9999.9"," 0","000000",,"999.9",,"  79.3","*","  74.8","*","  8.9",," 0.00","I","1017.5","24","999.9",,"999.9"," 0","  77.3","24"
"99495199999","SEBASTIAN INLET STATE PARK, FL US","27.862","-80.445","10.0","2018-11-08","9999.9"," 0","000000",,"999.9",,"  79.3","*","  73.8","*","  8.9",," 0.00","I","1017.1","24","999.9",,"999.9"," 0","  77.4","24"
"99495199999","SEBASTIAN INLET STATE PARK, FL US","27.862","-80.445","10.0","2018-11-09","9999.9"," 0","000000",,"999.9",,"  80.4","*","  77.0","*","  8.9",," 0.00","I","1016.9","24","999.9",,"999.9"," 0","  78.9","24"
"99495199999","SEBASTIAN INLET STATE PARK, FL US","27.862","-80.445","10.0","2018-11-10","9999.9"," 0","000000",,"999.9",,"  79.2","*","  72.9","*"," 19.0",," 0.00","I","1017.4","24","999.9",,"999.9"," 0","  76.1","24"
"99495199999","SEBASTIAN INLET STATE PARK, FL US","27.862","-80.445","10.0","2018-11-11","9999.9"," 0","000000",,"999.9",,"  78.6","*","  74.7","*"," 18.1",," 0.00","I","1019.5","24","999.9",,"999.9"," 0","  76.7","24"
"99495199999","SEBASTIAN INLET STATE PARK, FL US","27.862","-80.445","10.0","2018-11-12","9999.9"," 0","000000",,"999.9",,"  79.0","*","  76.5","*"," 20.0",," 0.00","I","1019.3","24","999.9",,"999.9"," 0","  78.3","24"
"99495199999","SEBASTIAN INLET STATE PARK, FL US","27.862","-80.445","10.0","2018-11-13","9999.9"," 0","000000",,"999.9",,"  80.8","*","  73.6","*"," 18.1",," 0.00","I","1018.0","24","999.9",,"999.9"," 0","  77.2","24"
"99495199999","SEBASTIAN INLET STATE PARK, FL US","27.862","-80.445","10.0","2018-11-14","9999.9"," 0","000000",,"999.9",,"  79.3","*","  72.9","*","  9.9",," 0.00","I","1018.4","24","999.9",,"999.9"," 0","  76.8","24"
"99495199999","SEBASTIAN INLET STATE PARK, FL US","27.862","-80.445","10.0","2018-11-15","9999.9"," 0","000000",,"999.9",,"  79.2","*","  68.4","*"," 15.9",," 0.00","I","1015.9","24","999.9",,"999.9"," 0","  74.6","24"
"99495199999","SEBASTIAN INLET STATE PARK, FL US","27.862","-80.445","10.0","2018-11-16","9999.9"," 0","000000",,"999.9",,"  68.2","*","  54.7","*"," 17.1",," 0.00","I","1018.7","24","999.9",,"999.9"," 0","  61.2","24"
"99495199999","SEBASTIAN INLET STATE PARK, FL US","27.862","-80.445","10.0","2018-11-17","9999.9"," 0","000000",,"999.9",,"  73.0","*","  57.0","*"," 15.9",," 0.00","I","1020.5","24","999.9",,"999.9"," 0","  64.8","24"
"99495199999","SEBASTIAN INLET STATE PARK, FL US","27.862","-80.445","10.0","2018-11-18","9999.9"," 0","000000",,"999.9",,"  76.5","*","  72.9","*"," 14.0",," 0.00","I","1020.2","24","999.9",,"999.9"," 0","  75.2","24"
"99495199999","SEBASTIAN INLET STATE PARK, FL US","27.862","-80.445","10.0","2018-11-19","9999.9"," 0","000000",,"999.9",,"  75.7","*","  72.9","*","  9.9",," 0.00","I","1019.5","24","999.9",,"999.9"," 0","  74.4","24"
"99495199999","SEBASTIAN INLET STATE PARK, FL US","27.862","-80.445","10.0","2018-11-20","9999.9"," 0","000000",,"999.9",,"  77.4","*","  71.8","*"," 12.0",," 0.00","I","1018.5","24","999.9",,"999.9"," 0","  74.4","24"
"99495199999","SEBASTIAN INLET STATE PARK, FL US","27.862","-80.445","10.0","2018-11-21","9999.9"," 0","000000",,"999.9",,"  73.2","*","  64.8","*"," 20.0",," 0.00","I","1020.5","24","999.9",,"999.9"," 0","  69.9","24"
"99495199999","SEBASTIAN INLET STATE PARK, FL US","27.862","-80.445","10.0","2018-11-22","9999.9"," 0","000000",,"999.9",,"  72.7","*","  69.1","*"," 18.1",," 0.00","I","1021.1","24","999.9",,"999.9"," 0","  70.6","24"
"99495199999","SEBASTIAN INLET STATE PARK, FL US","27.862","-80.445","10.0","2018-11-23","9999.9"," 0","000000",,"999.9",,"  75.0","*","  67.6","*"," 25.1",," 0.00","I","1018.2","24","999.9",,"999.9"," 0","  72.2","24"
"99495199999","SEBASTIAN INLET STATE PARK, FL US","27.862","-80.445","10.0","2018-11-24","9999.9"," 0","000000",,"999.9",,"  81.7","*","  67.3","*"," 15.0",," 0.00","I","1012.6","24","999.9",,"999.9"," 0","  73.6","24"
"99495199999","SEBASTIAN INLET STATE PARK, FL US","27.862","-80.445","10.0","2018-11-25","9999.9"," 0","000000",,"999.9",,"  78.6","*","  66.2","*","  9.9",," 0.00","I","1013.4","24","999.9",,"999.9"," 0","  72.1","24"
"99495199999","SEBASTIAN INLET STATE PARK, FL US","27.862","-80.445","10.0","2018-11-26","9999.9"," 0","000000",,"999.9",,"  81.7","*","  66.0","*"," 15.0",," 0.00","I","1014.2","24","999.9",,"999.9"," 0","  73.2","24"
"99495199999","SEBASTIAN INLET STATE PARK, FL US","27.862","-80.445","10.0","2018-11-27","9999.9"," 0","000000",,"999.9",,"  77.2","*","  56.5","*"," 14.0",," 0.00","I","1014.1","24","999.9",,"999.9"," 0","  64.2","24"
"99495199999","SEBASTIAN INLET STATE PARK, FL US","27.862","-80.445","10.0","2018-11-28","9999.9"," 0","000000",,"999.9",,"  58.1","*","  42.8","*"," 18.1",," 0.00","I","1018.7","24","999.9",,"999.9"," 0","  51.1","24"
"99495199999","SEBASTIAN INLET STATE PARK, FL US","27.862","-80.445","10.0","2018-11-29","9999.9"," 0","000000",,"999.9",,"  62.1","*","  49.1","*"," 14.0",," 0.00","I","1021.8","24","999.9",,"999.9"," 0","  54.6","24"
"99495199999","SEBASTIAN INLET STATE PARK, FL US","27.862","-80.445","10.0","2018-11-30","9999.9"," 0","000000",,"999.9",,"  71.6","*","  58.8","*"," 13.0",," 0.00","I","1021.7","24","999.9",,"999.9"," 0","  66.5","24"
"99495199999","SEBASTIAN INLET STATE PARK, FL US","27.862","-80.445","10.0","2018-12-01","9999.9"," 0","000000",,"999.9",,"  77.0","*","  69.8","*"," 22.0",," 0.00","I","1017.7","24","999.9",,"999.9"," 0","  72.8","24"
"99495199999","SEBASTIAN INLET STATE PARK, FL US","27.862","-80.445","10.0","2018-12-02","9999.9"," 0","000000",,"999.9",,"  83.3","*","  71.2","*"," 14.0",," 0.00","I","1015.5","24","999.9",,"999.9"," 0","  76.4","24"
"99495199999","SEBASTIAN INLET STATE PARK, FL US","27.862","-80.445","10.0","2018-12-03","9999.9"," 0","000000",,"999.9",,"  84.6","*","  71.6","*"," 14.0",," 0.00","I","1015.7","24","999.9",,"999.9"," 0","  76.9","24"
"99495199999","SEBASTIAN INLET STATE PARK, FL US","27.862","-80.445","10.0","2018-12-04","9999.9"," 0","000000",,"999.9",,"  78.6","*","  69.3","*"," 20.0",," 0.00","I","1016.3","24","999.9",,"999.9"," 0","  72.6","24"
"99495199999","SEBASTIAN INLET STATE PARK, FL US","27.862","-80.445","10.0","2018-12-05","9999.9"," 0","000000",,"999.9",,"  69.6","*","  54.9","*"," 22.9",," 0.00","I","1020.3","24","999.9",,"999.9"," 0","  61.8","24"
"99495199999","SEBASTIAN INLET STATE PARK, FL US","27.862","-80.445","10.0","2018-12-06","9999.9"," 0","000000",,"999.9",,"  68.2","*","  49.8","*"," 19.0",," 0.00","I","1025.9","24","999.9",,"999.9"," 0","  58.0","24"
"99495199999","SEBASTIAN INLET STATE PARK, FL US","27.862","-80.445","10.0","2018-12-07","9999.9"," 0","000000",,"999.9",,"  71.8","*","  61.9","*"," 15.9",," 0.00","I","1027.2","24","999.9",,"999.9"," 0","  67.1","24"
"99495199999","SEBASTIAN INLET STATE PARK, FL US","27.862","-80.445","10.0","2018-12-08","9999.9"," 0","000000",,"999.9",,"  73.4","*","  66.7","*"," 12.0",," 0.00","I","1024.2","24","999.9",,"999.9"," 0","  70.8","24"
"99495199999","SEBASTIAN INLET STATE PARK, FL US","27.862","-80.445","10.0","2018-12-09","9999.9"," 0","000000",,"999.9",,"  75.4","*","  69.4","*"," 15.0",," 0.00","I","1016.8","24","999.9",,"999.9"," 0","  72.7","24"
"99495199999","SEBASTIAN INLET STATE PARK, FL US","27.862","-80.445","10.0","2018-12-10","9999.9"," 0","000000",,"999.9",,"  69.8","*","  57.4","*"," 13.0",," 0.00","I","1016.6","24","999.9",,"999.9"," 0","  62.6","24"
"99495199999","SEBASTIAN INLET STATE PARK, FL US","27.862","-80.445","10.0","2018-12-11","9999.9"," 0","000000",,"999.9",,"  56.8","*","  45.7","*"," 19.0",," 0.00","I","1023.5","24","999.9",,"999.9"," 0","  50.3","24"
"99495199999","SEBASTIAN INLET STATE PARK, FL US","27.862","-80.445","10.0","2018-12-12","9999.9"," 0","000000",,"999.9",,"  63.7","*","  51.1","*"," 21.0",," 0.00","I","1025.3","24","999.9",,"999.9"," 0","  56.6","24"
"99495199999","SEBASTIAN INLET STATE PARK, FL US","27.862","-80.445","10.0","2018-12-13","9999.9"," 0","000000",,"999.9",,"  70.5","*","  63.7","*"," 15.0",," 0.00","I","1022.4","24","999.9",,"999.9"," 0","  67.3","24"
"99495199999","SEBASTIAN INLET STATE PARK, FL US","27.862","-80.445","10.0","2018-12-14","9999.9"," 0","000000",,"999.9",,"  75.4","*","  68.9","*"," 19.0",," 0.00","I","1018.4","24","999.9",,"999.9"," 0","  71.4","24"
"99495199999","SEBASTIAN INLET STATE PARK, FL US","27.862","-80.445","10.0","2018-12-15","9999.9"," 0","000000",,"999.9",,"  73.8","*","  65.8","*"," 14.0",," 0.00","I","1017.7","24","999.9",,"999.9"," 0","  70.5","24"
"99495199999","SEBASTIAN INLET STATE PARK, FL US","27.862","-80.445","10.0","2018-12-16","9999.9"," 0","000000",,"999.9",,"  67.8","*","  61.3","*"," 11.1",," 0.00","I","1019.8","24","999.9",,"999.9"," 0","  65.2","24"
"99495199999","SEBASTIAN INLET STATE PARK, FL US","27.862","-80.445","10.0","2018-12-17","9999.9"," 0","000000",,"999.9",,"  66.0","*","  51.4","*"," 11.1",," 0.00","I","1020.5","24","999.9",,"999.9"," 0","  58.3","24"
"99495199999","SEBASTIAN INLET STATE PARK, FL US","27.862","-80.445","10.0","2018-12-18","9999.9"," 0","000000",,"999.9",,"  67.5","*","  53.4","*","  8.0",," 0.00","I","1019.8","24","999.9",,"999.9"," 0","  60.0","24"
"99495199999","SEBASTIAN INLET STATE PARK, FL US","27.862","-80.445","10.0","2018-12-19","9999.9"," 0","000000",,"999.9",,"  73.2","*","  60.8","*"," 12.0",," 0.00","I","1018.5","24","999.9",,"999.9"," 0","  68.3","24"
"99495199999","SEBASTIAN INLET STATE PARK, FL US","27.862","-80.445","10.0","2018-12-20","9999.9"," 0","000000",,"999.9",,"  80.2","*","  64.2","*"," 25.1",," 0.00","I","1010.9","24","999.9",,"999.9"," 0","  72.1","24"
"99495199999","SEBASTIAN INLET STATE PARK, FL US","27.862","-80.445","10.0","2018-12-21","9999.9"," 0","000000",,"999.9",,"  64.9","*","  59.5","*"," 25.1",," 0.00","I","1006.4","24","999.9",,"999.9"," 0","  63.0","24"
"99495199999","SEBASTIAN INLET STATE PARK, FL US","27.862","-80.445","10.0","2018-12-22","9999.9"," 0","000000",,"999.9",,"  61.9","*","  51.6","*"," 15.0",," 0.00","I","1018.4","24","999.9",,"999.9"," 0","  56.2","24"
"99495199999","SEBASTIAN INLET STATE PARK, FL US","27.862","-80.445","10.0","2018-12-23","9999.9"," 0","000000",,"999.9",,"  64.6","*","  51.3","*","  8.0",," 0.00","I","1024.4","24","999.9",,"999.9"," 0","  57.8","24"
"99495199999","SEBASTIAN INLET STATE PARK, FL US","27.862","-80.445","10.0","2018-12-24","9999.9"," 0","000000",,"999.9",,"  66.7","*","  55.0","*"," 12.0",," 0.00","I","1024.5","24","999.9",,"999.9"," 0","  60.9","24"
"99495199999","SEBASTIAN INLET STATE PARK, FL US","27.862","-80.445","10.0","2018-12-25","9999.9"," 0","000000",,"999.9",,"  71.4","*","  60.6","*"," 18.1",," 0.00","I","1023.2","24","999.9",,"999.9"," 0","  65.2","24"
"99495199999","SEBASTIAN INLET STATE PARK, FL US","27.862","-80.445","10.0","2018-12-26","9999.9"," 0","000000",,"999.9",,"  72.5","*","  70.5","*"," 15.0",," 0.00","I","1024.5","24","999.9",,"999.9"," 0","  71.4","24"
"99495199999","SEBASTIAN INLET STATE PARK, FL US","27.862","-80.445","10.0","2018-12-27","9999.9"," 0","000000",,"999.9",,"  73.8","*","  72.1","*"," 21.0",," 0.00","I","1023.2","24","999.9",,"999.9"," 0","  73.0","24"
"99495199999","SEBASTIAN INLET STATE PARK, FL US","27.862","-80.445","10.0","2018-12-28","9999.9"," 0","000000",,"999.9",,"  75.9","*","  72.1","*"," 24.1",," 0.00","I","1021.2","24","999.9",,"999.9"," 0","  73.5","24"
"99495199999","SEBASTIAN INLET STATE PARK, FL US","27.862","-80.445","10.0","2018-12-29","9999.9"," 0","000000",,"999.9",,"  74.8","*","  69.6","*"," 17.1",," 0.00","I","1022.5","24","999.9",,"999.9"," 0","  73.0","24"
"99495199999","SEBASTIAN INLET STATE PARK, FL US","27.862","-80.445","10.0","2018-12-30","9999.9"," 0","000000",,"999.9",,"  75.2","*","  69.3","*","  8.0",," 0.00","I","1022.4","24","999.9",,"999.9"," 0","  73.0","24"
"99495199999","SEBASTIAN INLET STATE PARK, FL US","27.862","-80.445","10.0","2018-12-31","9999.9"," 0","000000",,"999.9",,"  74.3","*","  73.4","*"," 14.0",," 0.00","I","1022.3","24","999.9",,"999.9"," 0","  73.9","24"
"99495199999","SEBASTIAN INLET STATE PARK, FL US","27.862","-80.445","10.0","2019-01-01","9999.9"," 0","000000",,"999.9",,"  75.0","*","  69.6","*"," 11.1",," 0.00","I","1022.2","24","999.9",,"999.9"," 0","  72.9","24"
"99495199999","SEBASTIAN INLET STATE PARK, FL US","27.862","-80.445","10.0","2019-01-02","9999.9"," 0","000000",,"999.9",,"  74.7","*","  68.2","*","  9.9",," 0.00","I","1022.5","24","999.9",,"999.9"," 0","  72.1","24"
"99495199999","SEBASTIAN INLET STATE PARK, FL US","27.862","-80.445","10.0","2019-01-03","9999.9"," 0","000000",,"999.9",,"  76.3","*","  70.5","*"," 14.0",," 0.00","I","1019.3","24","999.9",,"999.9"," 0","  73.9","24"
"99495199999","SEBASTIAN INLET STATE PARK, FL US","27.862","-80.445","10.0","2019-01-04","9999.9"," 0","000000",,"999.9",,"  81.3","*","  69.8","*"," 15.9",," 0.00","I","1016.5","24","999.9",,"999.9"," 0","  74.7","24"
"99495199999","SEBASTIAN INLET STATE PARK, FL US","27.862","-80.445","10.0","2019-01-05","9999.9"," 0","000000",,"999.9",,"  77.9","*","  64.0","*"," 13.0",," 0.00","I","1016.1","24","999.9",,"999.9"," 0","  68.6","24"
"99495199999","SEBASTIAN INLET STATE PARK, FL US","27.862","-80.445","10.0","2019-01-06","9999.9"," 0","000000",,"999.9",,"  67.6","*","  55.0","*"," 12.0",," 0.00","I","1020.8","24","999.9",,"999.9"," 0","  60.4","24"
"99495199999","SEBASTIAN INLET STATE PARK, FL US","27.862","-80.445","10.0","2019-01-07","9999.9"," 0","000000",,"999.9",,"  73.2","*","  67.6","*","  9.9",," 0.00","I","1023.3","24","999.9",,"999.9"," 0","  70.9","24"
"99495199999","SEBASTIAN INLET STATE PARK, FL US","27.862","-80.445","10.0","2019-01-08","9999.9"," 0","000000",,"999.9",,"  73.2","*","  65.3","*","  8.0",," 0.00","I","1022.9","24","999.9",,"999.9"," 0","  69.5","24"
"99495199999","SEBASTIAN INLET STATE PARK, FL US","27.862","-80.445","10.0","2019-01-09","9999.9"," 0","000000",,"999.9",,"  72.5","*","  61.0","*"," 14.0",," 0.00","I","1019.8","24","999.9",,"999.9"," 0","  66.5","24"
"99495199999","SEBASTIAN INLET STATE PARK, FL US","27.862","-80.445","10.0","2019-01-10","9999.9"," 0","000000",,"999.9",,"  67.3","*","  48.6","*"," 22.0",," 0.00","I","1018.5","24","999.9",,"999.9"," 0","  56.3","24"
"99495199999","SEBASTIAN INLET STATE PARK, FL US","27.862","-80.445","10.0","2019-01-11","9999.9"," 0","000000",,"999.9",,"  68.0","*","  51.1","*"," 15.0",," 0.00","I","1021.0","24","999.9",,"999.9"," 0","  58.5","24"
"99495199999","SEBASTIAN INLET STATE PARK, FL US","27.862","-80.445","10.0","2019-01-12","9999.9"," 0","000000",,"999.9",,"  71.4","*","  67.8","*"," 15.0",," 0.00","I","1023.3","24","999.9",,"999.9"," 0","  69.7","24"
"99495199999","SEBASTIAN INLET STATE PARK, FL US","27.862","-80.445","10.0","2019-01-13","9999.9"," 0","000000",,"999.9",,"  78.6","*","  64.8","*"," 11.1",," 0.00","I","1021.6","24","999.9",,"999.9"," 0","  71.0","24"
"99495199999","SEBASTIAN INLET STATE PARK, FL US","27.862","-80.445","10.0","2019-01-14","9999.9"," 0","000000",,"999.9",,"  72.5","*","  58.5","*"," 17.1",," 0.00","I","1021.3","24","999.9",,"999.9"," 0","  64.1","24"
"99495199999","SEBASTIAN INLET STATE PARK, FL US","27.862","-80.445","10.0","2019-01-15","9999.9"," 0","000000",,"999.9",,"  61.0","*","  51.6","*"," 17.1",," 0.00","I","1021.9","24","999.9",,"999.9"," 0","  57.0","24"
"99495199999","SEBASTIAN INLET STATE PARK, FL US","27.862","-80.445","10.0","2019-01-16","9999.9"," 0","000000",,"999.9",,"  60.3","*","  48.2","*"," 18.1",," 0.00","I","1023.1","24","999.9",,"999.9"," 0","  54.9","24"
"99495199999","SEBASTIAN INLET STATE PARK, FL US","27.862","-80.445","10.0","2019-01-17","9999.9"," 0","000000",,"999.9",,"  67.1","*","  55.9","*"," 17.1",," 0.00","I","1023.3","24","999.9",,"999.9"," 0","  61.2","24"
"99495199999","SEBASTIAN INLET STATE PARK, FL US","27.862","-80.445","10.0","2019-01-18","9999.9"," 0","000000",,"999.9",,"  67.5","*","  55.8","*","  8.9",," 0.00","I","1022.0","24","999.9",,"999.9"," 0","  61.8","24"
"99495199999","SEBASTIAN INLET STATE PARK, FL US","27.862","-80.445","10.0","2019-01-19","9999.9"," 0","000000",,"999.9",,"  73.0","*","  60.8","*"," 15.0",," 0.00","I","1018.7","24","999.9",,"999.9"," 0","  66.3","24"
"99495199999","SEBASTIAN INLET STATE PARK, FL US","27.862","-80.445","10.0","2019-01-20","9999.9"," 0","000000",,"999.9",,"  71.2","*","  58.8","*"," 21.0",," 0.00","I","1012.0","24","999.9",,"999.9"," 0","  66.3","24"
"99495199999","SEBASTIAN INLET STATE PARK, FL US","27.862","-80.445","10.0","2019-01-21","9999.9"," 0","000000",,"999.9",,"  59.2","*","  42.6","*"," 22.0",," 0.00","I","1023.4","24","999.9",,"999.9"," 0","  50.1","24"
"99495199999","SEBASTIAN INLET STATE PARK, FL US","27.862","-80.445","10.0","2019-01-22","9999.9"," 0","000000",,"999.9",,"  68.7","*","  60.1","*"," 20.0",," 0.00","I","1028.4","24","999.9",,"999.9"," 0","  66.0","24"
"99495199999","SEBASTIAN INLET STATE PARK, FL US","27.862","-80.445","10.0","2019-01-23","9999.9"," 0","000000",,"999.9",,"  70.9","*","  68.0","*"," 22.9",," 0.00","I","1024.8","24","999.9",,"999.9"," 0","  69.6","24"
"99495199999","SEBASTIAN INLET STATE PARK, FL US","27.862","-80.445","10.0","2019-01-24","9999.9"," 0","000000",,"999.9",,"  72.1","*","  65.1","*"," 22.0",," 0.00","I","1015.8","24","999.9",,"999.9"," 0","  69.8","24"
"99495199999","SEBASTIAN INLET STATE PARK, FL US","27.862","-80.445","10.0","2019-01-25","9999.9"," 0","000000",,"999.9",,"  68.4","*","  50.9","*"," 20.0",," 0.00","I","1020.4","24","999.9",,"999.9"," 0","  57.1","24"
"99495199999","SEBASTIAN INLET STATE PARK, FL US","27.862","-80.445","10.0","2019-01-26","9999.9"," 0","000000",,"999.9",,"  62.1","*","  54.3","*"," 26.0",," 0.00","I","1021.5","24","999.9",,"999.9"," 0","  60.1","24"
"99495199999","SEBASTIAN INLET STATE PARK, FL US","27.862","-80.445","10.0","2019-01-27","9999.9"," 0","000000",,"999.9",,"  68.0","*","  60.8","*"," 28.9",," 0.00","I","1015.0","24","999.9",,"999.9"," 0","  64.6","24"
"99495199999","SEBASTIAN INLET STATE PARK, FL US","27.862","-80.445","10.0","2019-01-28","9999.9"," 0","000000",,"999.9",,"  61.3","*","  50.5","*"," 34.0",," 0.00","I","1012.9","24","999.9",,"999.9"," 0","  54.9","24"
"99495199999","SEBASTIAN INLET STATE PARK, FL US","27.862","-80.445","10.0","2019-01-29","9999.9"," 0","000000",,"999.9",,"  66.0","*","  48.6","*"," 15.0",," 0.00","I","1017.2","24","999.9",,"999.9"," 0","  55.2","24"
"99495199999","SEBASTIAN INLET STATE PARK, FL US","27.862","-80.445","10.0","2019-01-30","9999.9"," 0","000000",,"999.9",,"  61.3","*","  52.9","*"," 26.0",," 0.00","I","1019.8","21","999.9",,"999.9"," 0","  56.9","21"
"99495199999","SEBASTIAN INLET STATE PARK, FL US","27.862","-80.445","10.0","2019-01-31","9999.9"," 0","000000",,"999.9",,"  64.0","*","  53.6","*"," 25.1",," 0.00","I","1024.7","24","999.9",,"999.9"," 0","  60.6","24"
"99495199999","SEBASTIAN INLET STATE PARK, FL US","27.862","-80.445","10.0","2019-02-01","9999.9"," 0","000000",,"999.9",,"  66.9","*","  62.1","*"," 14.0",," 0.00","I","1024.2","24","999.9",,"999.9"," 0","  65.1","24"
"99495199999","SEBASTIAN INLET STATE PARK, FL US","27.862","-80.445","10.0","2019-02-02","9999.9"," 0","000000",,"999.9",,"  68.0","*","  63.1","*"," 15.9",," 0.00","I","1021.5","24","999.9",,"999.9"," 0","  66.2","24"
"99495199999","SEBASTIAN INLET STATE PARK, FL US","27.862","-80.445","10.0","2019-02-03","9999.9"," 0","000000",,"999.9",,"  68.2","*","  62.1","*","  9.9",," 0.00","I","1017.5","24","999.9",,"999.9"," 0","  64.1","24"
"99495199999","SEBASTIAN INLET STATE PARK, FL US","27.862","-80.445","10.0","2019-02-04","9999.9"," 0","000000",,"999.9",,"  62.8","*","  59.0","*"," 17.1",," 0.00","I","1017.8","24","999.9",,"999.9"," 0","  60.8","24"
"99495199999","SEBASTIAN INLET STATE PARK, FL US","27.862","-80.445","10.0","2019-02-05","9999.9"," 0","000000",,"999.9",,"  63.3","*","  57.4","*"," 11.1",," 0.00","I","1019.7","24","999.9",,"999.9"," 0","  60.7","24"
"99495199999","SEBASTIAN INLET STATE PARK, FL US","27.862","-80.445","10.0","2019-02-06","9999.9"," 0","000000",,"999.9",,"  65.3","*","  61.7","*","  8.9",," 0.00","I","1021.7","24","999.9",,"999.9"," 0","  63.6","24"
"99495199999","SEBASTIAN INLET STATE PARK, FL US","27.862","-80.445","10.0","2019-02-07","9999.9"," 0","000000",,"999.9",,"  70.5","*","  65.1","*","  7.0",," 0.00","I","1022.4","24","999.9",,"999.9"," 0","  67.6","24"
"99495199999","SEBASTIAN INLET STATE PARK, FL US","27.862","-80.445","10.0","2019-02-08","9999.9"," 0","000000",,"999.9",,"  68.7","*","  63.9","*","  9.9",," 0.00","I","1023.6","24","999.9",,"999.9"," 0","  66.1","24"
"99495199999","SEBASTIAN INLET STATE PARK, FL US","27.862","-80.445","10.0","2019-02-09","9999.9"," 0","000000",,"999.9",,"  70.5","*","  63.7","*"," 19.0",," 0.00","I","1026.0","24","999.9",,"999.9"," 0","  66.1","24"
"99495199999","SEBASTIAN INLET STATE PARK, FL US","27.862","-80.445","10.0","2019-02-10","9999.9"," 0","000000",,"999.9",,"  67.8","*","  65.3","*"," 18.1",," 0.00","I","1026.5","24","999.9",,"999.9"," 0","  66.8","24"
"99495199999","SEBASTIAN INLET STATE PARK, FL US","27.862","-80.445","10.0","2019-02-11","9999.9"," 0","000000",,"999.9",,"  69.6","*","  66.7","*"," 13.0",," 0.00","I","1022.5","24","999.9",,"999.9"," 0","  68.2","24"
"99495199999","SEBASTIAN INLET STATE PARK, FL US","27.862","-80.445","10.0","2019-02-12","9999.9"," 0","000000",,"999.9",,"  71.4","*","  68.2","*"," 19.0",," 0.00","I","1019.0","24","999.9",,"999.9"," 0","  69.8","24"
"99495199999","SEBASTIAN INLET STATE PARK, FL US","27.862","-80.445","10.0","2019-02-13","9999.9"," 0","000000",,"999.9",,"  74.7","*","  58.1","*"," 25.1",," 0.00","I","1018.0","24","999.9",,"999.9"," 0","  63.6","24"
"99495199999","SEBASTIAN INLET STATE PARK, FL US","27.862","-80.445","10.0","2019-02-14","9999.9"," 0","000000",,"999.9",,"  65.5","*","  53.6","*"," 22.9",," 0.00","I","1019.2","24","999.9",,"999.9"," 0","  59.4","24"
"99495199999","SEBASTIAN INLET STATE PARK, FL US","27.862","-80.445","10.0","2019-02-15","9999.9"," 0","000000",,"999.9",,"  66.6","*","  62.2","*"," 14.0",," 0.00","I","1016.8","24","999.9",,"999.9"," 0","  64.0","24"
"99495199999","SEBASTIAN INLET STATE PARK, FL US","27.862","-80.445","10.0","2019-02-16","9999.9"," 0","000000",,"999.9",,"  77.0","*","  60.4","*"," 13.0",," 0.00","I","1014.0","24","999.9",,"999.9"," 0","  68.0","24"
"99495199999","SEBASTIAN INLET STATE PARK, FL US","27.862","-80.445","10.0","2019-02-17","9999.9"," 0","000000",,"999.9",,"  74.8","*","  63.7","*"," 13.0",," 0.00","I","1015.5","24","999.9",,"999.9"," 0","  68.0","24"
"99495199999","SEBASTIAN INLET STATE PARK, FL US","27.862","-80.445","10.0","2019-02-18","9999.9"," 0","000000",,"999.9",,"  74.3","*","  69.1","*"," 12.0",," 0.00","I","1017.6"," 9","999.9",,"999.9"," 0","  71.5"," 9"
"99495199999","SEBASTIAN INLET STATE PARK, FL US","27.862","-80.445","10.0","2019-03-07","9999.9"," 0","000000",,"999.9",,"  65.7","*","  63.3","*","  8.0",," 0.00","I","1026.0"," 7","999.9",,"999.9"," 0","  65.0"," 7"
"99495199999","SEBASTIAN INLET STATE PARK, FL US","27.862","-80.445","10.0","2019-03-08","9999.9"," 0","000000",,"999.9",,"  68.5","*","  62.1","*","  9.9",," 0.00","I","1024.4","24","999.9",,"999.9"," 0","  65.9","24"
"99495199999","SEBASTIAN INLET STATE PARK, FL US","27.862","-80.445","10.0","2019-03-09","9999.9"," 0","000000",,"999.9",,"  71.1","*","  67.3","*","  8.0",," 0.00","I","1020.9","24","999.9",,"999.9"," 0","  69.0","24"
"99495199999","SEBASTIAN INLET STATE PARK, FL US","27.862","-80.445","10.0","2019-03-10","9999.9"," 0","000000",,"999.9",,"  72.3","*","  69.1","*"," 14.0",," 0.00","I","1021.5","24","999.9",,"999.9"," 0","  71.0","24"
"99495199999","SEBASTIAN INLET STATE PARK, FL US","27.862","-80.445","10.0","2019-03-11","9999.9"," 0","000000",,"999.9",,"  77.0","*","  69.4","*"," 12.0",," 0.00","I","1022.6","24","999.9",,"999.9"," 0","  72.2","24"
"99495199999","SEBASTIAN INLET STATE PARK, FL US","27.862","-80.445","10.0","2019-03-12","9999.9"," 0","000000",,"999.9",,"  74.1","*","  67.5","*"," 18.1",," 0.00","I","1021.3","24","999.9",,"999.9"," 0","  69.9","24"
"99495199999","SEBASTIAN INLET STATE PARK, FL US","27.862","-80.445","10.0","2019-03-13","9999.9"," 0","000000",,"999.9",,"  70.5","*","  69.6","*"," 12.0",," 0.00","I","1021.7","13","999.9",,"999.9"," 0","  70.1","13"
"99495199999","SEBASTIAN INLET STATE PARK, FL US","27.862","-80.445","10.0","2019-03-14","9999.9"," 0","000000",,"999.9",,"  71.4","*","  70.2","*"," 15.0",," 0.00","I","1021.6","23","999.9",,"999.9"," 0","  70.7","23"
"99495199999","SEBASTIAN INLET STATE PARK, FL US","27.862","-80.445","10.0","2019-03-15","9999.9"," 0","000000",,"999.9",,"  76.8","*","  69.6","*"," 12.0",," 0.00","I","1021.2","24","999.9",,"999.9"," 0","  71.5","24"
"99495199999","SEBASTIAN INLET STATE PARK, FL US","27.862","-80.445","10.0","2019-03-16","9999.9"," 0","000000",,"999.9",,"  74.3","*","  65.5","*"," 15.0",," 0.00","I","1020.4","24","999.9",,"999.9"," 0","  70.5","24"
"99495199999","SEBASTIAN INLET STATE PARK, FL US","27.862","-80.445","10.0","2019-03-17","9999.9"," 0","000000",,"999.9",,"  68.0","*","  64.0","*"," 24.1",," 0.00","I","1018.9","24","999.9",,"999.9"," 0","  66.6","24"
"99495199999","SEBASTIAN INLET STATE PARK, FL US","27.862","-80.445","10.0","2019-03-18","9999.9"," 0","000000",,"999.9",,"  66.2","*","  62.8","*"," 26.0",," 0.00","I","1018.2","24","999.9",,"999.9"," 0","  64.5","24"
"99495199999","SEBASTIAN INLET STATE PARK, FL US","27.862","-80.445","10.0","2019-03-19","9999.9"," 0","000000",,"999.9",,"  66.7","*","  63.0","*"," 22.9",," 0.00","I","1019.5","24","999.9",,"999.9"," 0","  64.6","24"
"99495199999","SEBASTIAN INLET STATE PARK, FL US","27.862","-80.445","10.0","2019-03-20","9999.9"," 0","000000",,"999.9",,"  68.7","*","  61.5","*"," 26.0",," 0.00","I","1017.8","24","999.9",,"999.9"," 0","  64.9","24"
"99495199999","SEBASTIAN INLET STATE PARK, FL US","27.862","-80.445","10.0","2019-03-21","9999.9"," 0","000000",,"999.9",,"  71.4","*","  63.3","*"," 22.0",," 0.00","I","1016.2","20","999.9",,"999.9"," 0","  65.0","20"
"99495199999","SEBASTIAN INLET STATE PARK, FL US","27.862","-80.445","10.0","2019-03-22","9999.9"," 0","000000",,"999.9",,"  70.3","*","  55.9","*"," 12.0",," 0.00","I","1017.5","24","999.9",,"999.9"," 0","  62.2","24"
"99495199999","SEBASTIAN INLET STATE PARK, FL US","27.862","-80.445","10.0","2019-03-23","9999.9"," 0","000000",,"999.9",,"  70.5","*","  56.3","*"," 11.1",," 0.00","I","1021.7","24","999.9",,"999.9"," 0","  62.7","24"
"99495199999","SEBASTIAN INLET STATE PARK, FL US","27.862","-80.445","10.0","2019-03-24","9999.9"," 0","000000",,"999.9",,"  71.2","*","  67.5","*"," 11.1",," 0.00","I","1024.3","24","999.9",,"999.9"," 0","  69.4","24"
"99495199999","SEBASTIAN INLET STATE PARK, FL US","27.862","-80.445","10.0","2019-03-25","9999.9"," 0","000000",,"999.9",,"  72.3","*","  68.2","*","  8.9",," 0.00","I","1021.0","24","999.9",,"999.9"," 0","  70.4","24"
"99495199999","SEBASTIAN INLET STATE PARK, FL US","27.862","-80.445","10.0","2019-03-26","9999.9"," 0","000000",,"999.9",,"  72.3","*","  64.9","*","  9.9",," 0.00","I","1016.9","24","999.9",,"999.9"," 0","  69.1","24"
"99495199999","SEBASTIAN INLET STATE PARK, FL US","27.862","-80.445","10.0","2019-03-27","9999.9"," 0","000000",,"999.9",,"  70.5","*","  60.4","*"," 35.0",," 0.00","I","1017.2","24","999.9",,"999.9"," 0","  65.5","24"
"99495199999","SEBASTIAN INLET STATE PARK, FL US","27.862","-80.445","10.0","2019-03-28","9999.9"," 0","000000",,"999.9",,"  70.3","*","  63.1","*"," 26.0",," 0.00","I","1021.3","24","999.9",,"999.9"," 0","  68.6","24"
"99495199999","SEBASTIAN INLET STATE PARK, FL US","27.862","-80.445","10.0","2019-03-29","9999.9"," 0","000000",,"999.9",,"  70.9","*","  68.5","*"," 15.9",," 0.00","I","1022.0","24","999.9",,"999.9"," 0","  70.1","24"
"99495199999","SEBASTIAN INLET STATE PARK, FL US","27.862","-80.445","10.0","2019-03-30","9999.9"," 0","000000",,"999.9",,"  72.0","*","  68.5","*"," 14.0",," 0.00","I","1019.9","24","999.9",,"999.9"," 0","  70.4","24"
"99495199999","SEBASTIAN INLET STATE PARK, FL US","27.862","-80.445","10.0","2019-03-31","9999.9"," 0","000000",,"999.9",,"  73.4","*","  66.4","*"," 13.0",," 0.00","I","1017.8","24","999.9",,"999.9"," 0","  69.9","24"
"99495199999","SEBASTIAN INLET STATE PARK, FL US","27.862","-80.445","10.0","2019-04-01","9999.9"," 0","000000",,"999.9",,"  73.8","*","  67.3","*"," 17.1",," 0.00","I","1018.0","24","999.9",,"999.9"," 0","  69.7","24"
"99495199999","SEBASTIAN INLET STATE PARK, FL US","27.862","-80.445","10.0","2019-04-02","9999.9"," 0","000000",,"999.9",,"  75.2","*","  62.2","*"," 15.0",," 0.00","I","1018.2","24","999.9",,"999.9"," 0","  67.9","24"
"99495199999","SEBASTIAN INLET STATE PARK, FL US","27.862","-80.445","10.0","2019-04-03","9999.9"," 0","000000",,"999.9",,"  70.5","*","  66.4","*"," 19.0",," 0.00","I","1023.8","24","999.9",,"999.9"," 0","  68.2","24"
"99495199999","SEBASTIAN INLET STATE PARK, FL US","27.862","-80.445","10.0","2019-04-04","9999.9"," 0","000000",,"999.9",,"  72.7","*","  70.2","*"," 15.9",," 0.00","I","1025.4","24","999.9",,"999.9"," 0","  71.4","24"
"99495199999","SEBASTIAN INLET STATE PARK, FL US","27.862","-80.445","10.0","2019-04-05","9999.9"," 0","000000",,"999.9",,"  74.3","*","  72.1","*"," 17.1",," 0.00","I","1021.1","24","999.9",,"999.9"," 0","  72.8","24"
"99495199999","SEBASTIAN INLET STATE PARK, FL US","27.862","-80.445","10.0","2019-04-06","9999.9"," 0","000000",,"999.9",,"  75.4","*","  70.2","*","  9.9",," 0.00","I","1021.1","24","999.9",,"999.9"," 0","  72.5","24"
"99495199999","SEBASTIAN INLET STATE PARK, FL US","27.862","-80.445","10.0","2019-04-07","9999.9"," 0","000000",,"999.9",,"  75.7","*","  73.8","*","  9.9",," 0.00","I","1022.0","24","999.9",,"999.9"," 0","  74.7","24"
"99495199999","SEBASTIAN INLET STATE PARK, FL US","27.862","-80.445","10.0","2019-04-08","9999.9"," 0","000000",,"999.9",,"  76.3","*","  74.5","*"," 21.0",," 0.00","I","1019.2","24","999.9",,"999.9"," 0","  75.4","24"
"99495199999","SEBASTIAN INLET STATE PARK, FL US","27.862","-80.445","10.0","2019-04-09","9999.9"," 0","000000",,"999.9",,"  82.0","*","  71.8","*"," 18.1",," 0.00","I","1013.1","24","999.9",,"999.9"," 0","  76.1","24"
"99495199999","SEBASTIAN INLET STATE PARK, FL US","27.862","-80.445","10.0","2019-04-10","9999.9"," 0","000000",,"999.9",,"  78.8","*","  69.4","*"," 15.9",," 0.00","I","1009.2","24","999.9",,"999.9"," 0","  74.1","24"
"99495199999","SEBASTIAN INLET STATE PARK, FL US","27.862","-80.445","10.0","2019-04-11","9999.9"," 0","000000",,"999.9",,"  75.9","*","  74.1","*"," 11.1",," 0.00","I","1011.9","24","999.9",,"999.9"," 0","  75.0","24"
"99495199999","SEBASTIAN INLET STATE PARK, FL US","27.862","-80.445","10.0","2019-04-12","9999.9"," 0","000000",,"999.9",,"  77.0","*","  75.2","*"," 12.0",," 0.00","I","1015.8","24","999.9",,"999.9"," 0","  76.1","24"
"99495199999","SEBASTIAN INLET STATE PARK, FL US","27.862","-80.445","10.0","2019-04-13","9999.9"," 0","000000",,"999.9",,"  77.0","*","  75.6","*"," 15.0",," 0.00","I","1017.0","24","999.9",,"999.9"," 0","  76.3","24"
"99495199999","SEBASTIAN INLET STATE PARK, FL US","27.862","-80.445","10.0","2019-04-14","9999.9"," 0","000000",,"999.9",,"  79.0","*","  75.4","*"," 20.0",," 0.00","I","1014.8","24","999.9",,"999.9"," 0","  76.8","24"
"99495199999","SEBASTIAN INLET STATE PARK, FL US","27.862","-80.445","10.0","2019-04-15","9999.9"," 0","000000",,"999.9",,"  81.3","*","  71.2","*"," 14.0",," 0.00","I","1014.9","24","999.9",,"999.9"," 0","  75.2","24"
"99495199999","SEBASTIAN INLET STATE PARK, FL US","27.862","-80.445","10.0","2019-04-16","9999.9"," 0","000000",,"999.9",,"  73.8","*","  66.6","*"," 13.0",," 0.00","I","1020.8","24","999.9",,"999.9"," 0","  72.2","24"
"99495199999","SEBASTIAN INLET STATE PARK, FL US","27.862","-80.445","10.0","2019-04-17","9999.9"," 0","000000",,"999.9",,"  74.8","*","  73.8","*"," 13.0",," 0.00","I","1020.4","24","999.9",,"999.9"," 0","  74.4","24"
"99495199999","SEBASTIAN INLET STATE PARK, FL US","27.862","-80.445","10.0","2019-04-18","9999.9"," 0","000000",,"999.9",,"  77.4","*","  74.3","*"," 19.0",," 0.00","I","1017.2","24","999.9",,"999.9"," 0","  75.5","24"
"99495199999","SEBASTIAN INLET STATE PARK, FL US","27.862","-80.445","10.0","2019-04-19","9999.9"," 0","000000",,"999.9",,"  82.2","*","  70.0","*"," 21.0",," 0.00","I","1012.5","24","999.9",,"999.9"," 0","  76.9","24"
"99495199999","SEBASTIAN INLET STATE PARK, FL US","27.862","-80.445","10.0","2019-04-20","9999.9"," 0","000000",,"999.9",,"  73.8","*","  62.2","*"," 15.9",," 0.00","I","1013.8","24","999.9",,"999.9"," 0","  68.9","24"
"99495199999","SEBASTIAN INLET STATE PARK, FL US","27.862","-80.445","10.0","2019-04-21","9999.9"," 0","000000",,"999.9",,"  69.8","*","  61.3","*","  8.9",," 0.00","I","1019.4","24","999.9",,"999.9"," 0","  66.1","24"
"99495199999","SEBASTIAN INLET STATE PARK, FL US","27.862","-80.445","10.0","2019-04-22","9999.9"," 0","000000",,"999.9",,"  72.0","*","  62.6","*"," 11.1",," 0.00","I","1021.8","24","999.9",,"999.9"," 0","  69.2","24"
"99495199999","SEBASTIAN INLET STATE PARK, FL US","27.862","-80.445","10.0","2019-04-23","9999.9"," 0","000000",,"999.9",,"  72.9","*","  71.8","*"," 11.1",," 0.00","I","1020.5","24","999.9",,"999.9"," 0","  72.3","24"
"99495199999","SEBASTIAN INLET STATE PARK, FL US","27.862","-80.445","10.0","2019-04-24","9999.9"," 0","000000",,"999.9",,"  74.8","*","  71.4","*","  9.9",," 0.00","I","1018.5","24","999.9",,"999.9"," 0","  73.1","24"
"99495199999","SEBASTIAN INLET STATE PARK, FL US","27.862","-80.445","10.0","2019-04-25","9999.9"," 0","000000",,"999.9",,"  76.5","*","  70.5","*"," 15.0",," 0.00","I","1016.7","24","999.9",,"999.9"," 0","  73.7","24"
"99495199999","SEBASTIAN INLET STATE PARK, FL US","27.862","-80.445","10.0","2019-04-26","9999.9"," 0","000000",,"999.9",,"  82.9","*","  70.3","*"," 19.0",," 0.00","I","1013.6","24","999.9",,"999.9"," 0","  76.3","24"
"99495199999","SEBASTIAN INLET STATE PARK, FL US","27.862","-80.445","10.0","2019-04-27","9999.9"," 0","000000",,"999.9",,"  79.7","*","  70.3","*"," 20.0",," 0.00","I","1015.4","24","999.9",,"999.9"," 0","  74.2","24"
"99495199999","SEBASTIAN INLET STATE PARK, FL US","27.862","-80.445","10.0","2019-04-28","9999.9"," 0","000000",,"999.9",,"  75.6","*","  73.9","*"," 13.0",," 0.00","I","1018.0","24","999.9",,"999.9"," 0","  74.9","24"
"99495199999","SEBASTIAN INLET STATE PARK, FL US","27.862","-80.445","10.0","2019-04-29","9999.9"," 0","000000",,"999.9",,"  75.9","*","  74.7","*"," 13.0",," 0.00","I","1020.5","24","999.9",,"999.9"," 0","  75.3","24"
"99495199999","SEBASTIAN INLET STATE PARK, FL US","27.862","-80.445","10.0","2019-04-30","9999.9"," 0","000000",,"999.9",,"  77.0","*","  75.2","*"," 15.0",," 0.00","I","1022.5","24","999.9",,"999.9"," 0","  76.1","24"
"99495199999","SEBASTIAN INLET STATE PARK, FL US","27.862","-80.445","10.0","2019-05-01","9999.9"," 0","000000",,"999.9",,"  76.6","*","  74.3","*"," 20.0",," 0.00","I","1022.2","24","999.9",,"999.9"," 0","  76.0","24"
"99495199999","SEBASTIAN INLET STATE PARK, FL US","27.862","-80.445","10.0","2019-05-02","9999.9"," 0","000000",,"999.9",,"  77.0","*","  74.3","*"," 19.0",," 0.00","I","1018.8","24","999.9",,"999.9"," 0","  75.9","24"
"99495199999","SEBASTIAN INLET STATE PARK, FL US","27.862","-80.445","10.0","2019-05-03","9999.9"," 0","000000",,"999.9",,"  80.1","*","  73.8","*"," 20.0",," 0.00","I","1016.6","24","999.9",,"999.9"," 0","  75.8","24"
"99495199999","SEBASTIAN INLET STATE PARK, FL US","27.862","-80.445","10.0","2019-05-04","9999.9"," 0","000000",,"999.9",,"  80.8","*","  71.8","*"," 20.0",," 0.00","I","1015.8","24","999.9",,"999.9"," 0","  75.7","24"
"99495199999","SEBASTIAN INLET STATE PARK, FL US","27.862","-80.445","10.0","2019-05-05","9999.9"," 0","000000",,"999.9",,"  85.3","*","  71.8","*"," 14.0",," 0.00","I","1014.0","24","999.9",,"999.9"," 0","  76.4","24"
"99495199999","SEBASTIAN INLET STATE PARK, FL US","27.862","-80.445","10.0","2019-05-06","9999.9"," 0","000000",,"999.9",,"  81.0","*","  72.7","*"," 14.0",," 0.00","I","1015.3","24","999.9",,"999.9"," 0","  75.5","24"
"99495199999","SEBASTIAN INLET STATE PARK, FL US","27.862","-80.445","10.0","2019-05-07","9999.9"," 0","000000",,"999.9",,"  78.6","*","  74.8","*"," 14.0",," 0.00","I","1017.8","24","999.9",,"999.9"," 0","  76.8","24"
"99495199999","SEBASTIAN INLET STATE PARK, FL US","27.862","-80.445","10.0","2019-05-08","9999.9"," 0","000000",,"999.9",,"  77.9","*","  76.8","*"," 15.0",," 0.00","I","1018.0","24","999.9",,"999.9"," 0","  77.2","24"
"99495199999","SEBASTIAN INLET STATE PARK, FL US","27.862","-80.445","10.0","2019-05-09","9999.9"," 0","000000",,"999.9",,"  77.9","*","  77.0","*"," 15.0",," 0.00","I","1017.2","24","999.9",,"999.9"," 0","  77.3","24"
"99495199999","SEBASTIAN INLET STATE PARK, FL US","27.862","-80.445","10.0","2019-05-10","9999.9"," 0","000000",,"999.9",,"  78.3","*","  74.7","*"," 14.0",," 0.00","I","1017.3","24","999.9",,"999.9"," 0","  77.5","24"
"99495199999","SEBASTIAN INLET STATE PARK, FL US","27.862","-80.445","10.0","2019-05-11","9999.9"," 0","000000",,"999.9",,"  79.5","*","  77.0","*"," 18.1",," 0.00","I","1016.2","24","999.9",,"999.9"," 0","  78.2","24"
"99495199999","SEBASTIAN INLET STATE PARK, FL US","27.862","-80.445","10.0","2019-05-12","9999.9"," 0","000000",,"999.9",,"  85.3","*","  74.3","*"," 18.1",," 0.00","I","1014.2","24","999.9",,"999.9"," 0","  78.2","24"
"99495199999","SEBASTIAN INLET STATE PARK, FL US","27.862","-80.445","10.0","2019-05-13","9999.9"," 0","000000",,"999.9",,"  86.5","*","  71.8","*"," 27.0",," 0.00","I","1013.5","23","999.9",,"999.9"," 0","  76.0","23"
"99495199999","SEBASTIAN INLET STATE PARK, FL US","27.862","-80.445","10.0","2019-05-14","9999.9"," 0","000000",,"999.9",,"  81.3","*","  71.4","*"," 20.0",," 0.00","I","1014.0","24","999.9",,"999.9"," 0","  75.0","24"
"99495199999","SEBASTIAN INLET STATE PARK, FL US","27.862","-80.445","10.0","2019-05-15","9999.9"," 0","000000",,"999.9",,"  75.9","*","  72.9","*"," 13.0",," 0.00","I","1015.2","24","999.9",,"999.9"," 0","  74.7","24"
"99495199999","SEBASTIAN INLET STATE PARK, FL US","27.862","-80.445","10.0","2019-05-16","9999.9"," 0","000000",,"999.9",,"  76.3","*","  75.6","*"," 13.0",," 0.00","I","1017.3","24","999.9",,"999.9"," 0","  76.0","24"
"99495199999","SEBASTIAN INLET STATE PARK, FL US","27.862","-80.445","10.0","2019-05-17","9999.9"," 0","000000",,"999.9",,"  76.5","*","  74.5","*"," 12.0",," 0.00","I","1017.8","24","999.9",,"999.9"," 0","  75.6","24"
"99495199999","SEBASTIAN INLET STATE PARK, FL US","27.862","-80.445","10.0","2019-05-18","9999.9"," 0","000000",,"999.9",,"  76.6","*","  75.0","*","  8.9",," 0.00","I","1017.8","24","999.9",,"999.9"," 0","  76.0","24"
"99495199999","SEBASTIAN INLET STATE PARK, FL US","27.862","-80.445","10.0","2019-05-19","9999.9"," 0","000000",,"999.9",,"  79.2","*","  75.0","*"," 13.0",," 0.00","I","1017.6","24","999.9",,"999.9"," 0","  77.6","24"
"99495199999","SEBASTIAN INLET STATE PARK, FL US","27.862","-80.445","10.0","2019-05-20","9999.9"," 0","000000",,"999.9",,"  79.0","*","  75.7","*"," 15.0",," 0.00","I","1017.3","24","999.9",,"999.9"," 0","  77.9","24"
"99495199999","SEBASTIAN INLET STATE PARK, FL US","27.862","-80.445","10.0","2019-05-21","9999.9"," 0","000000",,"999.9",,"  79.3","*","  75.4","*"," 13.0",," 0.00","I","1015.8","24","999.9",,"999.9"," 0","  78.2","24"
"99495199999","SEBASTIAN INLET STATE PARK, FL US","27.862","-80.445","10.0","2019-05-22","9999.9"," 0","000000",,"999.9",,"  79.0","*","  74.3","*"," 15.0",," 0.00","I","1018.3","24","999.9",,"999.9"," 0","  77.7","24"
"99495199999","SEBASTIAN INLET STATE PARK, FL US","27.862","-80.445","10.0","2019-05-23","9999.9"," 0","000000",,"999.9",,"  78.6","*","  77.2","*"," 18.1",," 0.00","I","1021.4","24","999.9",,"999.9"," 0","  78.0","24"
"99495199999","SEBASTIAN INLET STATE PARK, FL US","27.862","-80.445","10.0","2019-05-24","9999.9"," 0","000000",,"999.9",,"  77.5","*","  75.9","*"," 17.1",," 0.00","I","1020.9","24","999.9",,"999.9"," 0","  76.7","24"
"99495199999","SEBASTIAN INLET STATE PARK, FL US","27.862","-80.445","10.0","2019-05-25","9999.9"," 0","000000",,"999.9",,"  78.3","*","  75.9","*"," 12.0",," 0.00","I","1020.4","24","999.9",,"999.9"," 0","  77.0","24"
"99495199999","SEBASTIAN INLET STATE PARK, FL US","27.862","-80.445","10.0","2019-05-26","9999.9"," 0","000000",,"999.9",,"  78.4","*","  77.2","*"," 12.0",," 0.00","I","1021.0","24","999.9",,"999.9"," 0","  78.0","24"
"99495199999","SEBASTIAN INLET STATE PARK, FL US","27.862","-80.445","10.0","2019-05-27","9999.9"," 0","000000",,"999.9",,"  80.1","*","  75.0","*"," 11.1",," 0.00","I","1019.0","24","999.9",,"999.9"," 0","  78.1","24"
"99495199999","SEBASTIAN INLET STATE PARK, FL US","27.862","-80.445","10.0","2019-05-28","9999.9"," 0","000000",,"999.9",,"  79.9","*","  73.2","*"," 15.0",," 0.00","I","1016.4","24","999.9",,"999.9"," 0","  77.6","24"
"99495199999","SEBASTIAN INLET STATE PARK, FL US","27.862","-80.445","10.0","2019-05-29","9999.9"," 0","000000",,"999.9",,"  79.5","*","  73.9","*"," 14.0",," 0.00","I","1015.9","24","999.9",,"999.9"," 0","  77.8","24"
"99495199999","SEBASTIAN INLET STATE PARK, FL US","27.862","-80.445","10.0","2019-05-30","9999.9"," 0","000000",,"999.9",,"  79.9","*","  75.6","*"," 15.9",," 0.00","I","1016.3","24","999.9",,"999.9"," 0","  78.4","24"
"99495199999","SEBASTIAN INLET STATE PARK, FL US","27.862","-80.445","10.0","2019-05-31","9999.9"," 0","000000",,"999.9",,"  84.4","*","  75.6","*"," 15.0",," 0.00","I","1016.1","23","999.9",,"999.9"," 0","  78.7","23"
"99495199999","SEBASTIAN INLET STATE PARK, FL US","27.862","-80.445","10.0","2019-06-01","9999.9"," 0","000000",,"999.9",,"  83.5","*","  76.3","*"," 17.1",," 0.00","I","1014.2","24","999.9",,"999.9"," 0","  79.0","24"
"99495199999","SEBASTIAN INLET STATE PARK, FL US","27.862","-80.445","10.0","2019-06-02","9999.9"," 0","000000",,"999.9",,"  80.2","*","  72.9","*"," 13.0",," 0.00","I","1013.9","24","999.9",,"999.9"," 0","  76.3","24"
"99495199999","SEBASTIAN INLET STATE PARK, FL US","27.862","-80.445","10.0","2019-06-03","9999.9"," 0","000000",,"999.9",,"  87.8","*","  75.4","*"," 13.0",," 0.00","I","1014.6","24","999.9",,"999.9"," 0","  79.9","24"
"99495199999","SEBASTIAN INLET STATE PARK, FL US","27.862","-80.445","10.0","2019-06-04","9999.9"," 0","000000",,"999.9",,"  81.1","*","  75.6","*","  8.9",," 0.00","I","1017.2","24","999.9",,"999.9"," 0","  78.7","24"
"99495199999","SEBASTIAN INLET STATE PARK, FL US","27.862","-80.445","10.0","2019-06-05","9999.9"," 0","000000",,"999.9",,"  81.3","*","  78.8","*"," 11.1",," 0.00","I","1017.6","24","999.9",,"999.9"," 0","  80.1","24"
"99495199999","SEBASTIAN INLET STATE PARK, FL US","27.862","-80.445","10.0","2019-06-06","9999.9"," 0","000000",,"999.9",,"  80.6","*","  78.1","*"," 14.0",," 0.00","I","1015.2","24","999.9",,"999.9"," 0","  79.6","24"
"99495199999","SEBASTIAN INLET STATE PARK, FL US","27.862","-80.445","10.0","2019-06-07","9999.9"," 0","000000",,"999.9",,"  85.1","*","  76.1","*"," 15.0",," 0.00","I","1012.9","24","999.9",,"999.9"," 0","  79.6","24"
"99495199999","SEBASTIAN INLET STATE PARK, FL US","27.862","-80.445","10.0","2019-06-08","9999.9"," 0","000000",,"999.9",,"  84.9","*","  73.0","*"," 19.0",," 0.00","I","1013.5","24","999.9",,"999.9"," 0","  77.8","24"
"99495199999","SEBASTIAN INLET STATE PARK, FL US","27.862","-80.445","10.0","2019-06-09","9999.9"," 0","000000",,"999.9",,"  85.5","*","  71.2","*"," 14.0",," 0.00","I","1015.6","24","999.9",,"999.9"," 0","  76.6","24"
"99495199999","SEBASTIAN INLET STATE PARK, FL US","27.862","-80.445","10.0","2019-06-10","9999.9"," 0","000000",,"999.9",,"  86.7","*","  73.6","*"," 13.0",," 0.00","I","1016.8","24","999.9",,"999.9"," 0","  77.9","24"
"99495199999","SEBASTIAN INLET STATE PARK, FL US","27.862","-80.445","10.0","2019-06-11","9999.9"," 0","000000",,"999.9",,"  81.7","*","  73.9","*"," 12.0",," 0.00","I","1017.0","24","999.9",,"999.9"," 0","  77.2","24"
"99495199999","SEBASTIAN INLET STATE PARK, FL US","27.862","-80.445","10.0","2019-06-12","9999.9"," 0","000000",,"999.9",,"  80.1","*","  75.4","*"," 14.0",," 0.00","I","1016.5","24","999.9",,"999.9"," 0","  77.7","24"
"99495199999","SEBASTIAN INLET STATE PARK, FL US","27.862","-80.445","10.0","2019-06-13","9999.9"," 0","000000",,"999.9",,"  83.1","*","  72.7","*","  9.9",," 0.00","I","1017.8","24","999.9",,"999.9"," 0","  77.0","24"
"99495199999","SEBASTIAN INLET STATE PARK, FL US","27.862","-80.445","10.0","2019-06-14","9999.9"," 0","000000",,"999.9",,"  77.9","*","  73.8","*","  9.9",," 0.00","I","1019.4","24","999.9",,"999.9"," 0","  75.4","24"
"99495199999","SEBASTIAN INLET STATE PARK, FL US","27.862","-80.445","10.0","2019-06-15","9999.9"," 0","000000",,"999.9",,"  80.1","*","  76.6","*"," 11.1",," 0.00","I","1019.7","24","999.9",,"999.9"," 0","  78.5","24"
"99495199999","SEBASTIAN INLET STATE PARK, FL US","27.862","-80.445","10.0","2019-06-16","9999.9"," 0","000000",,"999.9",,"  80.1","*","  75.7","*"," 15.9",," 0.00","I","1018.4","24","999.9",,"999.9"," 0","  78.6","24"
"99495199999","SEBASTIAN INLET STATE PARK, FL US","27.862","-80.445","10.0","2019-06-17","9999.9"," 0","000000",,"999.9",,"  78.3","*","  75.9","*"," 19.0",," 0.00","I","1018.3","24","999.9",,"999.9"," 0","  77.3","24"
"99495199999","SEBASTIAN INLET STATE PARK, FL US","27.862","-80.445","10.0","2019-06-18","9999.9"," 0","000000",,"999.9",,"  84.6","*","  73.6","*"," 21.0",," 0.00","I","1018.3","24","999.9",,"999.9"," 0","  77.4","24"
"99495199999","SEBASTIAN INLET STATE PARK, FL US","27.862","-80.445","10.0","2019-06-19","9999.9"," 0","000000",,"999.9",,"  87.8","*","  73.2","*"," 13.0",," 0.00","I","1017.3","24","999.9",,"999.9"," 0","  78.3","24"
"99495199999","SEBASTIAN INLET STATE PARK, FL US","27.862","-80.445","10.0","2019-06-20","9999.9"," 0","000000",,"999.9",,"  88.5","*","  71.4","*"," 18.1",," 0.00","I","1017.5","24","999.9",,"999.9"," 0","  78.2","24"
"99495199999","SEBASTIAN INLET STATE PARK, FL US","27.862","-80.445","10.0","2019-06-21","9999.9"," 0","000000",,"999.9",,"  91.4","*","  77.4","*"," 15.0",," 0.00","I","1018.5","24","999.9",,"999.9"," 0","  81.6","24"
"99495199999","SEBASTIAN INLET STATE PARK, FL US","27.862","-80.445","10.0","2019-06-22","9999.9"," 0","000000",,"999.9",,"  84.2","*","  78.4","*"," 11.1",," 0.00","I","1020.0","24","999.9",,"999.9"," 0","  80.7","24"
"99495199999","SEBASTIAN INLET STATE PARK, FL US","27.862","-80.445","10.0","2019-06-23","9999.9"," 0","000000",,"999.9",,"  83.3","*","  77.7","*","  8.9",," 0.00","I","1019.4","24","999.9",,"999.9"," 0","  80.6","24"
"99495199999","SEBASTIAN INLET STATE PARK, FL US","27.862","-80.445","10.0","2019-06-24","9999.9"," 0","000000",,"999.9",,"  82.2","*","  78.4","*","  8.0",," 0.00","I","1017.2","24","999.9",,"999.9"," 0","  80.7","24"
"99495199999","SEBASTIAN INLET STATE PARK, FL US","27.862","-80.445","10.0","2019-06-25","9999.9"," 0","000000",,"999.9",,"  82.8","*","  78.1","*"," 11.1",," 0.00","I","1017.8","24","999.9",,"999.9"," 0","  80.9","24"
"99495199999","SEBASTIAN INLET STATE PARK, FL US","27.862","-80.445","10.0","2019-06-26","9999.9"," 0","000000",,"999.9",,"  82.4","*","  76.8","*"," 11.1",," 0.00","I","1019.2","24","999.9",,"999.9"," 0","  80.5","24"
"99495199999","SEBASTIAN INLET STATE PARK, FL US","27.862","-80.445","10.0","2019-06-27","9999.9"," 0","000000",,"999.9",,"  82.6","*","  79.9","*","  8.9",," 0.00","I","1019.6","24","999.9",,"999.9"," 0","  81.3","24"
"99495199999","SEBASTIAN INLET STATE PARK, FL US","27.862","-80.445","10.0","2019-06-28","9999.9"," 0","000000",,"999.9",,"  82.8","*","  77.7","*"," 17.1",," 0.00","I","1019.6","24","999.9",,"999.9"," 0","  81.2","24"
"99495199999","SEBASTIAN INLET STATE PARK, FL US","27.862","-80.445","10.0","2019-06-29","9999.9"," 0","000000",,"999.9",,"  81.3","*","  77.0","*"," 15.0",," 0.00","I","1020.4","24","999.9",,"999.9"," 0","  79.2","24"
"99495199999","SEBASTIAN INLET STATE PARK, FL US","27.862","-80.445","10.0","2019-06-30","9999.9"," 0","000000",,"999.9",,"  82.8","*","  76.6","*"," 12.0",," 0.00","I","1019.0","24","999.9",,"999.9"," 0","  79.5","24"
"99495199999","SEBASTIAN INLET STATE PARK, FL US","27.862","-80.445","10.0","2019-07-01","9999.9"," 0","000000",,"999.9",,"  83.5","*","  75.2","*"," 15.9",," 0.00","I","1017.8","24","999.9",,"999.9"," 0","  79.1","24"
"99495199999","SEBASTIAN INLET STATE PARK, FL US","27.862","-80.445","10.0","2019-07-02","9999.9"," 0","000000",,"999.9",,"  84.6","*","  78.8","*","  8.9",," 0.00","I","1016.4","24","999.9",,"999.9"," 0","  81.7","24"
"99495199999","SEBASTIAN INLET STATE PARK, FL US","27.862","-80.445","10.0","2019-07-03","9999.9"," 0","000000",,"999.9",,"  83.7","*","  79.7","*"," 11.1",," 0.00","I","1015.2","24","999.9",,"999.9"," 0","  82.0","24"
"99495199999","SEBASTIAN INLET STATE PARK, FL US","27.862","-80.445","10.0","2019-07-04","9999.9"," 0","000000",,"999.9",,"  84.2","*","  79.5","*","  9.9",," 0.00","I","1016.4","24","999.9",,"999.9"," 0","  82.1","24"
"99495199999","SEBASTIAN INLET STATE PARK, FL US","27.862","-80.445","10.0","2019-07-05","9999.9"," 0","000000",,"999.9",,"  83.8","*","  79.2","*"," 12.0",," 0.00","I","1018.8","24","999.9",,"999.9"," 0","  82.5","24"
"99495199999","SEBASTIAN INLET STATE PARK, FL US","27.862","-80.445","10.0","2019-07-06","9999.9"," 0","000000",,"999.9",,"  84.9","*","  77.9","*"," 14.0",," 0.00","I","1019.9","24","999.9",,"999.9"," 0","  81.4","24"
"99495199999","SEBASTIAN INLET STATE PARK, FL US","27.862","-80.445","10.0","2019-07-07","9999.9"," 0","000000",,"999.9",,"  84.6","*","  76.8","*"," 14.0",," 0.00","I","1018.0","24","999.9",,"999.9"," 0","  79.6","24"
"99495199999","SEBASTIAN INLET STATE PARK, FL US","27.862","-80.445","10.0","2019-07-08","9999.9"," 0","000000",,"999.9",,"  84.6","*","  75.0","*"," 12.0",," 0.00","I","1015.2","24","999.9",,"999.9"," 0","  78.2","24"
"99495199999","SEBASTIAN INLET STATE PARK, FL US","27.862","-80.445","10.0","2019-07-09","9999.9"," 0","000000",,"999.9",,"  85.3","*","  75.7","*","  9.9",," 0.00","I","1015.2","24","999.9",,"999.9"," 0","  78.0","24"
"99495199999","SEBASTIAN INLET STATE PARK, FL US","27.862","-80.445","10.0","2019-07-10","9999.9"," 0","000000",,"999.9",,"  81.0","*","  76.3","*"," 13.0",," 0.00","I","1016.8","24","999.9",,"999.9"," 0","  78.5","24"
"99495199999","SEBASTIAN INLET STATE PARK, FL US","27.862","-80.445","10.0","2019-07-11","9999.9"," 0","000000",,"999.9",,"  85.5","*","  71.6","*"," 15.0",," 0.00","I","1017.0","24","999.9",,"999.9"," 0","  79.1","24"
"99495199999","SEBASTIAN INLET STATE PARK, FL US","27.862","-80.445","10.0","2019-07-12","9999.9"," 0","000000",,"999.9",,"  85.5","*","  74.3","*"," 15.9",," 0.00","I","1017.0","24","999.9",,"999.9"," 0","  78.5","24"
"99495199999","SEBASTIAN INLET STATE PARK, FL US","27.862","-80.445","10.0","2019-07-13","9999.9"," 0","000000",,"999.9",,"  84.7","*","  75.4","*"," 11.1",," 0.00","I","1019.5","24","999.9",,"999.9"," 0","  79.9","24"
"99495199999","SEBASTIAN INLET STATE PARK, FL US","27.862","-80.445","10.0","2019-07-14","9999.9"," 0","000000",,"999.9",,"  84.0","*","  80.6","*","  7.0",," 0.00","I","1020.8","24","999.9",,"999.9"," 0","  82.2","24"
"99495199999","SEBASTIAN INLET STATE PARK, FL US","27.862","-80.445","10.0","2019-07-15","9999.9"," 0","000000",,"999.9",,"  84.0","*","  81.9","*","  8.0",," 0.00","I","1020.1","24","999.9",,"999.9"," 0","  82.9","24"
"99495199999","SEBASTIAN INLET STATE PARK, FL US","27.862","-80.445","10.0","2019-07-16","9999.9"," 0","000000",,"999.9",,"  84.0","*","  81.9","*","  9.9",," 0.00","I","1020.5","23","999.9",,"999.9"," 0","  83.0","23"
"99495199999","SEBASTIAN INLET STATE PARK, FL US","27.862","-80.445","10.0","2019-07-17","9999.9"," 0","000000",,"999.9",,"  83.8","*","  80.2","*"," 12.0",," 0.00","I","1020.6","24","999.9",,"999.9"," 0","  82.2","24"
"99495199999","SEBASTIAN INLET STATE PARK, FL US","27.862","-80.445","10.0","2019-07-18","9999.9"," 0","000000",,"999.9",,"  82.9","*","  78.4","*"," 11.1",," 0.00","I","1020.0","24","999.9",,"999.9"," 0","  80.9","24"
"99495199999","SEBASTIAN INLET STATE PARK, FL US","27.862","-80.445","10.0","2019-07-19","9999.9"," 0","000000",,"999.9",,"  82.9","*","  77.9","*","  9.9",," 0.00","I","1019.7","24","999.9",,"999.9"," 0","  80.4","24"
"99495199999","SEBASTIAN INLET STATE PARK, FL US","27.862","-80.445","10.0","2019-07-20","9999.9"," 0","000000",,"999.9",,"  82.2","*","  78.6","*","  8.9",," 0.00","I","1019.2","24","999.9",,"999.9"," 0","  80.6","24"
"99495199999","SEBASTIAN INLET STATE PARK, FL US","27.862","-80.445","10.0","2019-07-21","9999.9"," 0","000000",,"999.9",,"  82.8","*","  80.4","*"," 11.1",," 0.00","I","1018.8","24","999.9",,"999.9"," 0","  81.6","24"
"99495199999","SEBASTIAN INLET STATE PARK, FL US","27.862","-80.445","10.0","2019-07-22","9999.9"," 0","000000",,"999.9",,"  82.6","*","  77.2","*"," 14.0",," 0.00","I","1017.8","23","999.9",,"999.9"," 0","  80.2","23"
"99495199999","SEBASTIAN INLET STATE PARK, FL US","27.862","-80.445","10.0","2019-07-23","9999.9"," 0","000000",,"999.9",,"  82.9","*","  74.8","*"," 19.0",," 0.00","I","1015.6","24","999.9",,"999.9"," 0","  78.5","24"
"99495199999","SEBASTIAN INLET STATE PARK, FL US","27.862","-80.445","10.0","2019-07-24","9999.9"," 0","000000",,"999.9",,"  86.4","*","  74.5","*"," 11.1",," 0.00","I","1015.2","24","999.9",,"999.9"," 0","  79.2","24"
"99495199999","SEBASTIAN INLET STATE PARK, FL US","27.862","-80.445","10.0","2019-07-25","9999.9"," 0","000000",,"999.9",,"  83.1","*","  74.8","*"," 11.1",," 0.00","I","1017.5","24","999.9",,"999.9"," 0","  77.3","24"
"99495199999","SEBASTIAN INLET STATE PARK, FL US","27.862","-80.445","10.0","2019-07-26","9999.9"," 0","000000",,"999.9",,"  82.0","*","  72.9","*"," 15.9",," 0.00","I","1020.3","24","999.9",,"999.9"," 0","  77.7","24"
"99495199999","SEBASTIAN INLET STATE PARK, FL US","27.862","-80.445","10.0","2019-07-27","9999.9"," 0","000000",,"999.9",,"  81.9","*","  74.5","*","  9.9",," 0.00","I","1021.5","24","999.9",,"999.9"," 0","  77.8","24"
"99495199999","SEBASTIAN INLET STATE PARK, FL US","27.862","-80.445","10.0","2019-07-28","9999.9"," 0","000000",,"999.9",,"  82.0","*","  78.8","*","  8.9",," 0.00","I","1020.2","24","999.9",,"999.9"," 0","  81.2","24"
"99495199999","SEBASTIAN INLET STATE PARK, FL US","27.862","-80.445","10.0","2019-07-29","9999.9"," 0","000000",,"999.9",,"  85.3","*","  79.2","*","  9.9",," 0.00","I","1017.5","24","999.9",,"999.9"," 0","  81.5","24"
"99495199999","SEBASTIAN INLET STATE PARK, FL US","27.862","-80.445","10.0","2019-07-30","9999.9"," 0","000000",,"999.9",,"  83.8","*","  77.0","*"," 12.0",," 0.00","I","1017.0","24","999.9",,"999.9"," 0","  82.1","24"
"99495199999","SEBASTIAN INLET STATE PARK, FL US","27.862","-80.445","10.0","2019-07-31","9999.9"," 0","000000",,"999.9",,"  84.2","*","  79.3","*","  9.9",," 0.00","I","1017.8","24","999.9",,"999.9"," 0","  82.5","24"
"99495199999","SEBASTIAN INLET STATE PARK, FL US","27.862","-80.445","10.0","2019-08-01","9999.9"," 0","000000",,"999.9",,"  84.0","*","  75.6","*"," 19.0",," 0.00","I","1017.8","24","999.9",,"999.9"," 0","  80.9","24"
"99495199999","SEBASTIAN INLET STATE PARK, FL US","27.862","-80.445","10.0","2019-08-02","9999.9"," 0","000000",,"999.9",,"  81.5","*","  75.7","*"," 20.0",," 0.00","I","1015.3","24","999.9",,"999.9"," 0","  79.4","24"
"99495199999","SEBASTIAN INLET STATE PARK, FL US","27.862","-80.445","10.0","2019-08-03","9999.9"," 0","000000",,"999.9",,"  86.4","*","  76.1","*"," 11.1",," 0.00","I","1014.7","24","999.9",,"999.9"," 0","  79.5","24"
"99495199999","SEBASTIAN INLET STATE PARK, FL US","27.862","-80.445","10.0","2019-08-04","9999.9"," 0","000000",,"999.9",,"  84.9","*","  73.8","*","  9.9",," 0.00","I","1016.3","24","999.9",,"999.9"," 0","  78.3","24"
"99495199999","SEBASTIAN INLET STATE PARK, FL US","27.862","-80.445","10.0","2019-08-05","9999.9"," 0","000000",,"999.9",,"  85.6","*","  75.6","*"," 11.1",," 0.00","I","1016.9","24","999.9",,"999.9"," 0","  78.3","24"
"99495199999","SEBASTIAN INLET STATE PARK, FL US","27.862","-80.445","10.0","2019-08-06","9999.9"," 0","000000",,"999.9",,"  83.5","*","  75.6","*"," 14.0",," 0.00","I","1017.0","24","999.9",,"999.9"," 0","  78.4","24"
"99495199999","SEBASTIAN INLET STATE PARK, FL US","27.862","-80.445","10.0","2019-08-07","9999.9"," 0","000000",,"999.9",,"  84.7","*","  73.2","*"," 12.0",," 0.00","I","1016.8","24","999.9",,"999.9"," 0","  77.7","24"
"99495199999","SEBASTIAN INLET STATE PARK, FL US","27.862","-80.445","10.0","2019-08-08","9999.9"," 0","000000",,"999.9",,"  86.9","*","  73.8","*"," 14.0",," 0.00","I","1016.5","24","999.9",,"999.9"," 0","  79.4","24"
"99495199999","SEBASTIAN INLET STATE PARK, FL US","27.862","-80.445","10.0","2019-08-09","9999.9"," 0","000000",,"999.9",,"  86.2","*","  76.1","*"," 11.1",," 0.00","I","1015.9","24","999.9",,"999.9"," 0","  79.9","24"
"99495199999","SEBASTIAN INLET STATE PARK, FL US","27.862","-80.445","10.0","2019-08-10","9999.9"," 0","000000",,"999.9",,"  85.5","*","  78.6","*","  9.9",," 0.00","I","1015.5","24","999.9",,"999.9"," 0","  81.8","24"
"99495199999","SEBASTIAN INLET STATE PARK, FL US","27.862","-80.445","10.0","2019-08-11","9999.9"," 0","000000",,"999.9",,"  87.3","*","  76.8","*"," 19.0",," 0.00","I","1015.6","24","999.9",,"999.9"," 0","  80.8","24"
"99495199999","SEBASTIAN INLET STATE PARK, FL US","27.862","-80.445","10.0","2019-08-12","9999.9"," 0","000000",,"999.9",,"  84.2","*","  76.5","*"," 15.9",," 0.00","I","1014.8","24","999.9",,"999.9"," 0","  79.1","24"
"99495199999","SEBASTIAN INLET STATE PARK, FL US","27.862","-80.445","10.0","2019-08-13","9999.9"," 0","000000",,"999.9",,"  86.4","*","  73.8","*"," 13.0",," 0.00","I","1014.2","24","999.9",,"999.9"," 0","  78.9","24"
"99495199999","SEBASTIAN INLET STATE PARK, FL US","27.862","-80.445","10.0","2019-08-14","9999.9"," 0","000000",,"999.9",,"  86.7","*","  76.6","*"," 15.9",," 0.00","I","1015.1","24","999.9",,"999.9"," 0","  79.8","24"
"99495199999","SEBASTIAN INLET STATE PARK, FL US","27.862","-80.445","10.0","2019-08-15","9999.9"," 0","000000",,"999.9",,"  85.1","*","  73.9","*"," 12.0",," 0.00","I","1016.8","24","999.9",,"999.9"," 0","  79.3","24"
"99495199999","SEBASTIAN INLET STATE PARK, FL US","27.862","-80.445","10.0","2019-08-16","9999.9"," 0","000000",,"999.9",,"  86.2","*","  74.8","*"," 21.0",," 0.00","I","1018.1","23","999.9",,"999.9"," 0","  78.6","23"
"99495199999","SEBASTIAN INLET STATE PARK, FL US","27.862","-80.445","10.0","2019-08-17","9999.9"," 0","000000",,"999.9",,"  82.6","*","  75.9","*"," 18.1",," 0.00","I","1019.3","24","999.9",,"999.9"," 0","  79.4","24"
"99495199999","SEBASTIAN INLET STATE PARK, FL US","27.862","-80.445","10.0","2019-08-18","9999.9"," 0","000000",,"999.9",,"  84.0","*","  76.6","*","  8.9",," 0.00","I","1019.8","24","999.9",,"999.9"," 0","  79.8","24"
"99495199999","SEBASTIAN INLET STATE PARK, FL US","27.862","-80.445","10.0","2019-08-19","9999.9"," 0","000000",,"999.9",,"  84.0","*","  79.2","*","  8.9",," 0.00","I","1019.3","24","999.9",,"999.9"," 0","  82.0","24"
"99495199999","SEBASTIAN INLET STATE PARK, FL US","27.862","-80.445","10.0","2019-08-20","9999.9"," 0","000000",,"999.9",,"  83.7","*","  79.7","*"," 13.0",," 0.00","I","1019.5","24","999.9",,"999.9"," 0","  81.5","24"
"99495199999","SEBASTIAN INLET STATE PARK, FL US","27.862","-80.445","10.0","2019-08-21","9999.9"," 0","000000",,"999.9",,"  83.1","*","  78.6","*"," 12.0",," 0.00","I","1019.7","24","999.9",,"999.9"," 0","  81.4","24"
"99495199999","SEBASTIAN INLET STATE PARK, FL US","27.862","-80.445","10.0","2019-08-22","9999.9"," 0","000000",,"999.9",,"  83.3","*","  78.8","*"," 11.1",," 0.00","I","1018.3","24","999.9",,"999.9"," 0","  82.1","24"
"99495199999","SEBASTIAN INLET STATE PARK, FL US","27.862","-80.445","10.0","2019-08-23","9999.9"," 0","000000",,"999.9",,"  82.9","*","  78.8","*"," 14.0",," 0.00","I","1016.2","24","999.9",,"999.9"," 0","  81.5","24"
"99495199999","SEBASTIAN INLET STATE PARK, FL US","27.862","-80.445","10.0","2019-08-24","9999.9"," 0","000000",,"999.9",,"  81.7","*","  80.2","*"," 12.0",," 0.00","I","1014.8","24","999.9",,"999.9"," 0","  81.2","24"
"99495199999","SEBASTIAN INLET STATE PARK, FL US","27.862","-80.445","10.0","2019-08-25","9999.9"," 0","000000",,"999.9",,"  82.0","*","  78.8","*"," 13.0",," 0.00","I","1014.2","24","999.9",,"999.9"," 0","  80.9","24"
"99495199999","SEBASTIAN INLET STATE PARK, FL US","27.862","-80.445","10.0","2019-08-26","9999.9"," 0","000000",,"999.9",,"  83.1","*","  80.6","*"," 11.1",," 0.00","I","1015.0","24","999.9",,"999.9"," 0","  81.9","24"
"99495199999","SEBASTIAN INLET STATE PARK, FL US","27.862","-80.445","10.0","2019-08-27","9999.9"," 0","000000",,"999.9",,"  83.1","*","  77.0","*"," 15.9",," 0.00","I","1015.6","24","999.9",,"999.9"," 0","  80.6","24"
"99495199999","SEBASTIAN INLET STATE PARK, FL US","27.862","-80.445","10.0","2019-08-28","9999.9"," 0","000000",,"999.9",,"  84.0","*","  77.9","*"," 14.0",," 0.00","I","1014.1","24","999.9",,"999.9"," 0","  80.3","24"
"99495199999","SEBASTIAN INLET STATE PARK, FL US","27.862","-80.445","10.0","2019-08-29","9999.9"," 0","000000",,"999.9",,"  82.0","*","  78.1","*"," 15.0",," 0.00","I","1013.2","24","999.9",,"999.9"," 0","  81.0","24"
"99495199999","SEBASTIAN INLET STATE PARK, FL US","27.862","-80.445","10.0","2019-08-30","9999.9"," 0","000000",,"999.9",,"  83.3","*","  80.4","*"," 11.1",," 0.00","I","1014.5","24","999.9",,"999.9"," 0","  81.9","24"
"99495199999","SEBASTIAN INLET STATE PARK, FL US","27.862","-80.445","10.0","2019-08-31","9999.9"," 0","000000",,"999.9",,"  84.0","*","  80.8","*"," 14.0",," 0.00","I","1015.4","24","999.9",,"999.9"," 0","  83.0","24"
"99495199999","SEBASTIAN INLET STATE PARK, FL US","27.862","-80.445","10.0","2019-09-01","9999.9"," 0","000000",,"999.9",,"  83.5","*","  80.4","*"," 19.0",," 0.00","I","1014.0","24","999.9",,"999.9"," 0","  82.6","24"
"99495199999","SEBASTIAN INLET STATE PARK, FL US","27.862","-80.445","10.0","2019-09-02","9999.9"," 0","000000",,"999.9",,"  83.5","*","  79.7","*"," 27.0",," 0.00","I","1008.3","24","999.9",,"999.9"," 0","  82.7","24"
"99495199999","SEBASTIAN INLET STATE PARK, FL US","27.862","-80.445","10.0","2019-09-03","9999.9"," 0","000000",,"999.9",,"  83.1","*","  78.4","*"," 41.0",," 0.00","I","1004.2","24","999.9",,"999.9"," 0","  81.4","24"
"99495199999","SEBASTIAN INLET STATE PARK, FL US","27.862","-80.445","10.0","2019-09-04","9999.9"," 0","000000",,"999.9",,"  85.5","*","  74.8","*"," 42.0",," 0.00","I","1004.8","24","999.9",,"999.9"," 0","  78.9","24"
"99495199999","SEBASTIAN INLET STATE PARK, FL US","27.862","-80.445","10.0","2019-09-05","9999.9"," 0","000000",,"999.9",,"  91.2","*","  78.1","*"," 15.9",," 0.00","I","1012.5","24","999.9",,"999.9"," 0","  83.8","24"
"99495199999","SEBASTIAN INLET STATE PARK, FL US","27.862","-80.445","10.0","2019-09-06","9999.9"," 0","000000",,"999.9",,"  91.6","*","  79.2","*"," 12.0",," 0.00","I","1013.3","24","999.9",,"999.9"," 0","  83.9","24"
"99495199999","SEBASTIAN INLET STATE PARK, FL US","27.862","-80.445","10.0","2019-09-07","9999.9"," 0","000000",,"999.9",,"  83.7","*","  78.1","*"," 12.0",," 0.00","I","1014.2","24","999.9",,"999.9"," 0","  81.6","24"
"99495199999","SEBASTIAN INLET STATE PARK, FL US","27.862","-80.445","10.0","2019-09-08","9999.9"," 0","000000",,"999.9",,"  88.5","*","  77.7","*"," 13.0",," 0.00","I","1016.2","24","999.9",,"999.9"," 0","  82.4","24"
"99495199999","SEBASTIAN INLET STATE PARK, FL US","27.862","-80.445","10.0","2019-09-09","9999.9"," 0","000000",,"999.9",,"  84.7","*","  79.7","*"," 13.0",," 0.00","I","1019.5","24","999.9",,"999.9"," 0","  82.8","24"
"99495199999","SEBASTIAN INLET STATE PARK, FL US","27.862","-80.445","10.0","2019-09-10","9999.9"," 0","000000",,"999.9",,"  83.5","*","  79.5","*"," 14.0",," 0.00","I","1021.6","24","999.9",,"999.9"," 0","  82.6","24"
"99495199999","SEBASTIAN INLET STATE PARK, FL US","27.862","-80.445","10.0","2019-09-11","9999.9"," 0","000000",,"999.9",,"  83.1","*","  80.4","*"," 17.1",," 0.00","I","1020.4","24","999.9",,"999.9"," 0","  82.5","24"
"99495199999","SEBASTIAN INLET STATE PARK, FL US","27.862","-80.445","10.0","2019-09-12","9999.9"," 0","000000",,"999.9",,"  83.3","*","  82.0","*"," 19.0",," 0.00","I","1016.8","24","999.9",,"999.9"," 0","  82.7","24"
"99495199999","SEBASTIAN INLET STATE PARK, FL US","27.862","-80.445","10.0","2019-09-13","9999.9"," 0","000000",,"999.9",,"  83.3","*","  77.7","*"," 22.9",," 0.00","I","1015.8","24","999.9",,"999.9"," 0","  82.4","24"
"99495199999","SEBASTIAN INLET STATE PARK, FL US","27.862","-80.445","10.0","2019-09-14","9999.9"," 0","000000",,"999.9",,"  83.1","*","  81.1","*"," 21.0",," 0.00","I","1015.3","24","999.9",,"999.9"," 0","  82.6","24"
"99495199999","SEBASTIAN INLET STATE PARK, FL US","27.862","-80.445","10.0","2019-09-15","9999.9"," 0","000000",,"999.9",,"  82.8","*","  77.4","*"," 18.1",," 0.00","I","1013.3","24","999.9",,"999.9"," 0","  80.8","24"
"99495199999","SEBASTIAN INLET STATE PARK, FL US","27.862","-80.445","10.0","2019-09-16","9999.9"," 0","000000",,"999.9",,"  83.1","*","  77.0","*"," 21.0",," 0.00","I","1013.6","23","999.9",,"999.9"," 0","  80.3","23"
"99495199999","SEBASTIAN INLET STATE PARK, FL US","27.862","-80.445","10.0","2019-09-17","9999.9"," 0","000000",,"999.9",,"  82.9","*","  75.6","*"," 22.0",," 0.00","I","1013.9","24","999.9",,"999.9"," 0","  80.3","24"
"99495199999","SEBASTIAN INLET STATE PARK, FL US","27.862","-80.445","10.0","2019-09-18","9999.9"," 0","000000",,"999.9",,"  82.8","*","  81.5","*"," 17.1",," 0.00","I","1014.8","22","999.9",,"999.9"," 0","  82.2","22"
"99495199999","SEBASTIAN INLET STATE PARK, FL US","27.862","-80.445","10.0","2019-09-19","9999.9"," 0","000000",,"999.9",,"  81.3","*","  74.1","*"," 24.1",," 0.00","I","1016.0","24","999.9",,"999.9"," 0","  79.7","24"
"99495199999","SEBASTIAN INLET STATE PARK, FL US","27.862","-80.445","10.0","2019-09-20","9999.9"," 0","000000",,"999.9",,"  81.0","*","  75.2","*"," 24.1",," 0.00","I","1018.3","24","999.9",,"999.9"," 0","  79.1","24"
"99495199999","SEBASTIAN INLET STATE PARK, FL US","27.862","-80.445","10.0","2019-09-21","9999.9"," 0","000000",,"999.9",,"  80.6","*","  78.6","*"," 22.0",," 0.00","I","1020.8","20","999.9",,"999.9"," 0","  80.0","20"
"99495199999","SEBASTIAN INLET STATE PARK, FL US","27.862","-80.445","10.0","2019-09-22","9999.9"," 0","000000",,"999.9",,"  80.2","*","  79.2","*"," 20.0",," 0.00","I","1019.5","24","999.9",,"999.9"," 0","  79.6","24"
"99495199999","SEBASTIAN INLET STATE PARK, FL US","27.862","-80.445","10.0","2019-09-23","9999.9"," 0","000000",,"999.9",,"  79.9","*","  79.0","*"," 17.1",," 0.00","I","1017.2","24","999.9",,"999.9"," 0","  79.5","24"
"99495199999","SEBASTIAN INLET STATE PARK, FL US","27.862","-80.445","10.0","2019-09-24","9999.9"," 0","000000",,"999.9",,"  79.7","*","  75.4","*"," 15.0",," 0.00","I","1013.9","24","999.9",,"999.9"," 0","  78.6","24"
"99495199999","SEBASTIAN INLET STATE PARK, FL US","27.862","-80.445","10.0","2019-09-25","9999.9"," 0","000000",,"999.9",,"  79.9","*","  78.8","*","  8.9",," 0.00","I","1013.4","17","999.9",,"999.9"," 0","  79.3","17"
"99495199999","SEBASTIAN INLET STATE PARK, FL US","27.862","-80.445","10.0","2019-09-26","9999.9"," 0","000000",,"999.9",,"  81.0","*","  75.4","*"," 13.0",," 0.00","I","1014.3","24","999.9",,"999.9"," 0","  79.6","24"
"99495199999","SEBASTIAN INLET STATE PARK, FL US","27.862","-80.445","10.0","2019-09-27","9999.9"," 0","000000",,"999.9",,"  81.5","*","  79.9","*"," 12.0",," 0.00","I","1015.6","24","999.9",,"999.9"," 0","  80.7","24"
"99495199999","SEBASTIAN INLET STATE PARK, FL US","27.862","-80.445","10.0","2019-09-28","9999.9"," 0","000000",,"999.9",,"  81.9","*","  80.2","*"," 14.0",," 0.00","I","1018.2","24","999.9",,"999.9"," 0","  81.1","24"
"99495199999","SEBASTIAN INLET STATE PARK, FL US","27.862","-80.445","10.0","2019-09-29","9999.9"," 0","000000",,"999.9",,"  81.5","*","  80.2","*"," 18.1",," 0.00","I","1019.3","24","999.9",,"999.9"," 0","  80.9","24"
"99495199999","SEBASTIAN INLET STATE PARK, FL US","27.862","-80.445","10.0","2019-09-30","9999.9"," 0","000000",,"999.9",,"  81.9","*","  80.6","*"," 19.0",," 0.00","I","1018.0","24","999.9",,"999.9"," 0","  81.2","24"
"99495199999","SEBASTIAN INLET STATE PARK, FL US","27.862","-80.445","10.0","2019-10-01","9999.9"," 0","000000",,"999.9",,"  81.9","*","  79.9","*"," 20.0",," 0.00","I","1015.3","24","999.9",,"999.9"," 0","  80.8","24"
"99495199999","SEBASTIAN INLET STATE PARK, FL US","27.862","-80.445","10.0","2019-10-02","9999.9"," 0","000000",,"999.9",,"  80.8","*","  79.9","*"," 20.0",," 0.00","I","1014.5","21","999.9",,"999.9"," 0","  80.4","21"
"99495199999","SEBASTIAN INLET STATE PARK, FL US","27.862","-80.445","10.0","2019-10-03","9999.9"," 0","000000",,"999.9",,"  80.4","*","  79.7","*"," 13.0",," 0.00","I","1015.9","24","999.9",,"999.9"," 0","  80.1","24"
"99495199999","SEBASTIAN INLET STATE PARK, FL US","27.862","-80.445","10.0","2019-10-04","9999.9"," 0","000000",,"999.9",,"  81.5","*","  76.3","*"," 13.0",," 0.00","I","1016.3","24","999.9",,"999.9"," 0","  80.0","24"
"99495199999","SEBASTIAN INLET STATE PARK, FL US","27.862","-80.445","10.0","2019-10-05","9999.9"," 0","000000",,"999.9",,"  81.3","*","  78.6","*"," 15.9",," 0.00","I","1015.7","24","999.9",,"999.9"," 0","  80.8","24"
"99495199999","SEBASTIAN INLET STATE PARK, FL US","27.862","-80.445","10.0","2019-10-06","9999.9"," 0","000000",,"999.9",,"  81.0","*","  76.8","*"," 21.0",," 0.00","I","1015.9","24","999.9",,"999.9"," 0","  80.2","24"
"99495199999","SEBASTIAN INLET STATE PARK, FL US","27.862","-80.445","10.0","2019-10-07","9999.9"," 0","000000",,"999.9",,"  81.3","*","  75.7","*"," 21.0",," 0.00","I","1013.4","24","999.9",,"999.9"," 0","  80.2","24"
"99495199999","SEBASTIAN INLET STATE PARK, FL US","27.862","-80.445","10.0","2019-10-08","9999.9"," 0","000000",,"999.9",,"  78.6","*","  77.0","*"," 11.1",," 0.00","I","1011.6"," 5","999.9",,"999.9"," 0","  77.9"," 8"
"99495199999","SEBASTIAN INLET STATE PARK, FL US","27.862","-80.445","10.0","2019-10-09","9999.9"," 0","000000",,"999.9",,"  81.3","*","  72.9","*"," 21.0",," 0.00","I","1014.9","10","999.9",,"999.9"," 0","  77.1","10"
"99495199999","SEBASTIAN INLET STATE PARK, FL US","27.862","-80.445","10.0","2019-10-10","9999.9"," 0","000000",,"999.9",,"  80.1","*","  76.3","*"," 21.0",," 0.00","I","1015.3","24","999.9",,"999.9"," 0","  78.9","24"
"99495199999","SEBASTIAN INLET STATE PARK, FL US","27.862","-80.445","10.0","2019-10-11","9999.9"," 0","000000",,"999.9",,"  80.1","*","  74.3","*"," 19.0",," 0.00","I","1016.0","24","999.9",,"999.9"," 0","  78.2","24"
"99495199999","SEBASTIAN INLET STATE PARK, FL US","27.862","-80.445","10.0","2019-10-12","9999.9"," 0","000000",,"999.9",,"  79.0","*","  77.5","*"," 14.0",," 0.00","I","1016.9","15","999.9",,"999.9"," 0","  78.6","16"
"99495199999","SEBASTIAN INLET STATE PARK, FL US","27.862","-80.445","10.0","2019-10-13","9999.9"," 0","000000",,"999.9",,"  79.5","*","  77.9","*"," 13.0",," 0.00","I","1017.7","23","999.9",,"999.9"," 0","  78.7","24"
"99495199999","SEBASTIAN INLET STATE PARK, FL US","27.862","-80.445","10.0","2019-10-14","9999.9"," 0","000000",,"999.9",,"  79.7","*","  75.9","*"," 13.0",," 0.00","I","1018.2","13","999.9",,"999.9"," 0","  78.6","15"
"99495199999","SEBASTIAN INLET STATE PARK, FL US","27.862","-80.445","10.0","2019-10-15","9999.9"," 0","000000",,"999.9",,"  79.7","*","  74.5","*","  9.9",," 0.00","I","1018.5","24","999.9",,"999.9"," 0","  78.8","24"
"99495199999","SEBASTIAN INLET STATE PARK, FL US","27.862","-80.445","10.0","2019-10-16","9999.9"," 0","000000",,"999.9",,"  79.2","*","  75.2","*"," 12.0",," 0.00","I","1016.1","10","999.9",,"999.9"," 0","  77.5","11"
"99495199999","SEBASTIAN INLET STATE PARK, FL US","27.862","-80.445","10.0","2019-10-17","9999.9"," 0","000000",,"999.9",,"  77.9","*","  75.2","*","  8.9",," 0.00","I","1013.9","11","999.9",,"999.9"," 0","  76.9","11"
"99495199999","SEBASTIAN INLET STATE PARK, FL US","27.862","-80.445","10.0","2019-10-18","9999.9"," 0","000000",,"999.9",,"  80.1","*","  76.5","*","  9.9",," 0.00","I","1014.0","24","999.9",,"999.9"," 0","  78.3","24"
"99495199999","SEBASTIAN INLET STATE PARK, FL US","27.862","-80.445","10.0","2019-10-19","9999.9"," 0","000000",,"999.9",,"  80.8","*","  78.3","*"," 18.1",," 0.00","I","1012.9"," 7","999.9",,"999.9"," 0","  80.1"," 8"
"99495199999","SEBASTIAN INLET STATE PARK, FL US","27.862","-80.445","10.0","2019-10-20","9999.9"," 0","000000",,"999.9",,"  85.6","*","  82.2","*","  8.0",," 0.00","I","1013.5"," 6","999.9",,"999.9"," 0","  84.3"," 6"
"99495199999","SEBASTIAN INLET STATE PARK, FL US","27.862","-80.445","10.0","2019-10-21","9999.9"," 0","000000",,"999.9",,"  82.9","*","  77.4","*"," 14.0",," 0.00","I","1015.9","22","999.9",,"999.9"," 0","  80.5","24"
"99495199999","SEBASTIAN INLET STATE PARK, FL US","27.862","-80.445","10.0","2019-10-22","9999.9"," 0","000000",,"999.9",,"  82.2","*","  79.2","*"," 13.0",," 0.00","I","1016.7"," 6","999.9",,"999.9"," 0","  81.0"," 7"
"99495199999","SEBASTIAN INLET STATE PARK, FL US","27.862","-80.445","10.0","2019-10-23","9999.9"," 0","000000",,"999.9",,"  79.3","*","  78.3","*"," 19.0",," 0.00","I","1017.8","10","999.9",,"999.9"," 0","  78.9","10"
"99495199999","SEBASTIAN INLET STATE PARK, FL US","27.862","-80.445","10.0","2019-10-24","9999.9"," 0","000000",,"999.9",,"  81.1","*","  78.3","*"," 17.1",," 0.00","I","1019.2","24","999.9",,"999.9"," 0","  80.2","24"
"99495199999","SEBASTIAN INLET STATE PARK, FL US","27.862","-80.445","10.0","2019-10-25","9999.9"," 0","000000",,"999.9",,"  80.8","*","  79.9","*"," 19.0",," 0.00","I","1020.0"," 8","999.9",,"999.9"," 0","  80.4","10"
"99495199999","SEBASTIAN INLET STATE PARK, FL US","27.862","-80.445","10.0","2019-10-26","9999.9"," 0","000000",,"999.9",,"  78.8","*","  74.3","*"," 15.9",," 0.00","I","1015.4"," 8","999.9",,"999.9"," 0","  77.2"," 8"
"99495199999","SEBASTIAN INLET STATE PARK, FL US","27.862","-80.445","10.0","2019-10-27","9999.9"," 0","000000",,"999.9",,"  78.8","*","  77.0","*"," 12.0",," 0.00","I","1015.9"," 7","999.9",,"999.9"," 0","  77.7"," 8"
"99495199999","SEBASTIAN INLET STATE PARK, FL US","27.862","-80.445","10.0","2019-10-28","9999.9"," 0","000000",,"999.9",,"  81.9","*","  80.2","*","  9.9",," 0.00","I","1018.3","11","999.9",,"999.9"," 0","  81.3","11"
"99495199999","SEBASTIAN INLET STATE PARK, FL US","27.862","-80.445","10.0","2019-10-29","9999.9"," 0","000000",,"999.9",,"  81.9","*","  80.8","*"," 11.1",," 0.00","I","1018.8","24","999.9",,"999.9"," 0","  81.5","24"
"99495199999","SEBASTIAN INLET STATE PARK, FL US","27.862","-80.445","10.0","2019-10-30","9999.9"," 0","000000",,"999.9",,"  81.5","*","  79.7","*"," 13.0",," 0.00","I","1018.7","24","999.9",,"999.9"," 0","  81.1","24"
"99495199999","SEBASTIAN INLET STATE PARK, FL US","27.862","-80.445","10.0","2019-10-31","9999.9"," 0","000000",,"999.9",,"  81.7","*","  77.7","*"," 13.0",," 0.00","I","1017.8","24","999.9",,"999.9"," 0","  80.5","24"
"99495199999","SEBASTIAN INLET STATE PARK, FL US","27.862","-80.445","10.0","2019-11-02","9999.9"," 0","000000",,"999.9",,"  79.5","*","  77.5","*"," 14.0",," 0.00","I","1017.2"," 9","999.9",,"999.9"," 0","  78.7"," 9"
"99495199999","SEBASTIAN INLET STATE PARK, FL US","27.862","-80.445","10.0","2019-11-03","9999.9"," 0","000000",,"999.9",,"  78.6","*","  75.2","*"," 22.0",," 0.00","I","1017.0","12","999.9",,"999.9"," 0","  76.8","16"
"99495199999","SEBASTIAN INLET STATE PARK, FL US","27.862","-80.445","10.0","2019-11-05","9999.9"," 0","000000",,"999.9",,"  79.7","*","  78.1","*"," 14.0",," 0.00","I","1020.1"," 8","999.9",,"999.9"," 0","  79.0"," 8"
"99495199999","SEBASTIAN INLET STATE PARK, FL US","27.862","-80.445","10.0","2019-11-06","9999.9"," 0","000000",,"999.9",,"  80.8","*","  75.6","*"," 18.1",," 0.00","I","1021.5","19","999.9",,"999.9"," 0","  79.0","19"
"99495199999","SEBASTIAN INLET STATE PARK, FL US","27.862","-80.445","10.0","2019-11-07","9999.9"," 0","000000",,"999.9",,"  80.2","*","  78.1","*"," 14.0",," 0.00","I","1020.5","11","999.9",,"999.9"," 0","  79.7","13"
"99495199999","SEBASTIAN INLET STATE PARK, FL US","27.862","-80.445","10.0","2019-11-08","9999.9"," 0","000000",,"999.9",,"  82.2","*","  74.1","*"," 22.0",," 0.00","I","1016.6","22","999.9",,"999.9"," 0","  77.3","24"
"99495199999","SEBASTIAN INLET STATE PARK, FL US","27.862","-80.445","10.0","2019-11-10","9999.9"," 0","000000",,"999.9",,"  76.1","*","  73.2","*"," 19.0",," 0.00","I","1020.8"," 9","999.9",,"999.9"," 0","  74.3"," 9"
"99495199999","SEBASTIAN INLET STATE PARK, FL US","27.862","-80.445","10.0","2019-11-11","9999.9"," 0","000000",,"999.9",,"  77.2","*","  71.1","*"," 18.1",," 0.00","I","1020.0","24","999.9",,"999.9"," 0","  74.7","24"
"99495199999","SEBASTIAN INLET STATE PARK, FL US","27.862","-80.445","10.0","2019-11-12","9999.9"," 0","000000",,"999.9",,"  75.2","*","  73.2","*","  7.0",," 0.00","I","9999.9"," 0","999.9",,"999.9"," 0","  74.2"," 5"
"99495199999","SEBASTIAN INLET STATE PARK, FL US","27.862","-80.445","10.0","2019-11-13","9999.9"," 0","000000",,"999.9",,"  71.4","*","  69.6","*"," 22.9",," 0.00","I","1018.7","10","999.9",,"999.9"," 0","  70.5","10"
"99495199999","SEBASTIAN INLET STATE PARK, FL US","27.862","-80.445","10.0","2019-11-14","9999.9"," 0","000000",,"999.9",,"  73.8","*","  71.4","*"," 21.0",," 0.00","I","1019.6"," 7","999.9",,"999.9"," 0","  73.1"," 8"
"99495199999","SEBASTIAN INLET STATE PARK, FL US","27.862","-80.445","10.0","2019-11-16","9999.9"," 0","000000",,"999.9",,"  63.5","*","  58.8","*"," 15.0",," 0.00","I","1012.1","11","999.9",,"999.9"," 0","  61.7","11"
"99495199999","SEBASTIAN INLET STATE PARK, FL US","27.862","-80.445","10.0","2019-11-17","9999.9"," 0","000000",,"999.9",,"  57.9","*","  52.5","*"," 15.9",," 0.00","I","1013.2"," 8","999.9",,"999.9"," 0","  55.1"," 9"
"99495199999","SEBASTIAN INLET STATE PARK, FL US","27.862","-80.445","10.0","2019-11-18","9999.9"," 0","000000",,"999.9",,"  70.3","*","  61.0","*","  9.9",," 0.00","I","1010.9"," 8","999.9",,"999.9"," 0","  66.9"," 8"
"99495199999","SEBASTIAN INLET STATE PARK, FL US","27.862","-80.445","10.0","2019-11-19","9999.9"," 0","000000",,"999.9",,"  70.9","*","  59.5","*","  9.9",," 0.00","I","1013.4","16","999.9",,"999.9"," 0","  65.5","17"
"99495199999","SEBASTIAN INLET STATE PARK, FL US","27.862","-80.445","10.0","2019-11-20","9999.9"," 0","000000",,"999.9",,"  68.5","*","  55.8","*"," 12.0",," 0.00","I","1019.3","24","999.9",,"999.9"," 0","  62.1","24"
"99495199999","SEBASTIAN INLET STATE PARK, FL US","27.862","-80.445","10.0","2019-11-21","9999.9"," 0","000000",,"999.9",,"  72.3","*","  60.3","*"," 15.9",," 0.00","I","1021.9","24","999.9",,"999.9"," 0","  68.6","24"
"99495199999","SEBASTIAN INLET STATE PARK, FL US","27.862","-80.445","10.0","2019-11-22","9999.9"," 0","000000",,"999.9",,"  72.1","*","  65.1","*"," 12.0",," 0.00","I","1020.7","24","999.9",,"999.9"," 0","  70.4","24"
"99495199999","SEBASTIAN INLET STATE PARK, FL US","27.862","-80.445","10.0","2019-11-23","9999.9"," 0","000000",,"999.9",,"  72.9","*","  64.2","*","  7.0",," 0.00","I","1017.9","24","999.9",,"999.9"," 0","  69.1","24"
"99495199999","SEBASTIAN INLET STATE PARK, FL US","27.862","-80.445","10.0","2019-11-24","9999.9"," 0","000000",,"999.9",,"  76.3","*","  66.9","*","  8.9",," 0.00","I","1013.0","24","999.9",,"999.9"," 0","  70.3","24"
"99495199999","SEBASTIAN INLET STATE PARK, FL US","27.862","-80.445","10.0","2019-11-25","9999.9"," 0","000000",,"999.9",,"  67.8","*","  53.8","*"," 11.1",," 0.00","I","1014.0","24","999.9",,"999.9"," 0","  60.3","24"
"99495199999","SEBASTIAN INLET STATE PARK, FL US","27.862","-80.445","10.0","2019-11-26","9999.9"," 0","000000",,"999.9",,"  69.4","*","  56.1","*","  7.0",," 0.00","I","1017.0","24","999.9",,"999.9"," 0","  63.1","24"
"99495199999","SEBASTIAN INLET STATE PARK, FL US","27.862","-80.445","10.0","2019-11-27","9999.9"," 0","000000",,"999.9",,"  75.9","*","  61.0","*","  8.9",," 0.00","I","1020.5","24","999.9",,"999.9"," 0","  68.2","24"
"99495199999","SEBASTIAN INLET STATE PARK, FL US","27.862","-80.445","10.0","2019-11-28","9999.9"," 0","000000",,"999.9",,"  73.4","*","  62.8","*"," 14.0",," 0.00","I","1022.2","24","999.9",,"999.9"," 0","  68.1","24"
"99495199999","SEBASTIAN INLET STATE PARK, FL US","27.862","-80.445","10.0","2019-11-29","9999.9"," 0","000000",,"999.9",,"  74.3","*","  66.2","*"," 18.1",," 0.00","I","1020.6","24","999.9",,"999.9"," 0","  72.9","24"
"99495199999","SEBASTIAN INLET STATE PARK, FL US","27.862","-80.445","10.0","2019-11-30","9999.9"," 0","000000",,"999.9",,"  73.6","*","  63.9","*"," 12.0",," 0.00","I","1018.5","24","999.9",,"999.9"," 0","  70.2","24"
"99495199999","SEBASTIAN INLET STATE PARK, FL US","27.862","-80.445","10.0","2019-12-01","9999.9"," 0","000000",,"999.9",,"  79.5","*","  65.3","*"," 15.9",," 0.00","I","1015.6","24","999.9",,"999.9"," 0","  71.8","24"
"99495199999","SEBASTIAN INLET STATE PARK, FL US","27.862","-80.445","10.0","2019-12-02","9999.9"," 0","000000",,"999.9",,"  75.0","*","  60.6","*"," 15.0",," 0.00","I","1012.3","24","999.9",,"999.9"," 0","  68.8","24"
"99495199999","SEBASTIAN INLET STATE PARK, FL US","27.862","-80.445","10.0","2019-12-03","9999.9"," 0","000000",,"999.9",,"  60.4","*","  47.1","*"," 15.0",," 0.00","I","1015.8","24","999.9",,"999.9"," 0","  53.5","24"
"99495199999","SEBASTIAN INLET STATE PARK, FL US","27.862","-80.445","10.0","2019-12-04","9999.9"," 0","000000",,"999.9",,"  65.3","*","  51.3","*"," 14.0",," 0.00","I","1015.1","24","999.9",,"999.9"," 0","  56.5","24"
"99495199999","SEBASTIAN INLET STATE PARK, FL US","27.862","-80.445","10.0","2019-12-05","9999.9"," 0","000000",,"999.9",,"  66.0","*","  52.7","*","  9.9",," 0.00","I","1018.5","24","999.9",,"999.9"," 0","  58.7","24"
"99495199999","SEBASTIAN INLET STATE PARK, FL US","27.862","-80.445","10.0","2019-12-06","9999.9"," 0","000000",,"999.9",,"  71.8","*","  59.0","*","  8.9",," 0.00","I","1021.9","24","999.9",,"999.9"," 0","  64.5","24"
"99495199999","SEBASTIAN INLET STATE PARK, FL US","27.862","-80.445","10.0","2019-12-07","9999.9"," 0","000000",,"999.9",,"  71.1","*","  59.4","*","  9.9",," 0.00","I","1021.7","24","999.9",,"999.9"," 0","  65.4","24"
"99495199999","SEBASTIAN INLET STATE PARK, FL US","27.862","-80.445","10.0","2019-12-08","9999.9"," 0","000000",,"999.9",,"  73.6","*","  65.7","*"," 11.1",," 0.00","I","1021.8","24","999.9",,"999.9"," 0","  71.7","24"
"99495199999","SEBASTIAN INLET STATE PARK, FL US","27.862","-80.445","10.0","2019-12-09","9999.9"," 0","000000",,"999.9",,"  74.1","*","  66.0","*","  9.9",," 0.00","I","1020.9","22","999.9",,"999.9"," 0","  71.2","22"
"99495199999","SEBASTIAN INLET STATE PARK, FL US","27.862","-80.445","10.0","2019-12-10","9999.9"," 0","000000",,"999.9",,"  75.7","*","  70.9","*"," 15.0",," 0.00","I","1020.3","24","999.9",,"999.9"," 0","  73.4","24"
"99495199999","SEBASTIAN INLET STATE PARK, FL US","27.862","-80.445","10.0","2019-12-11","9999.9"," 0","000000",,"999.9",,"  75.4","*","  70.3","*"," 22.0",," 0.00","I","1021.9","24","999.9",,"999.9"," 0","  72.3","24"
"99495199999","SEBASTIAN INLET STATE PARK, FL US","27.862","-80.445","10.0","2019-12-12","9999.9"," 0","000000",,"999.9",,"  74.3","*","  69.4","*"," 21.0",," 0.00","I","1023.9","24","999.9",,"999.9"," 0","  72.2","24"
"99495199999","SEBASTIAN INLET STATE PARK, FL US","27.862","-80.445","10.0","2019-12-13","9999.9"," 0","000000",,"999.9",,"  76.5","*","  70.0","*"," 20.0",," 0.00","I","1017.3","24","999.9",,"999.9"," 0","  73.1","24"
"99495199999","SEBASTIAN INLET STATE PARK, FL US","27.862","-80.445","10.0","2019-12-14","9999.9"," 0","000000",,"999.9",,"  76.1","*","  67.8","*"," 14.0",," 0.00","I","1010.5","24","999.9",,"999.9"," 0","  71.6","24"
"99495199999","SEBASTIAN INLET STATE PARK, FL US","27.862","-80.445","10.0","2019-12-15","9999.9"," 0","000000",,"999.9",,"  73.4","*","  57.6","*","  9.9",," 0.00","I","1018.9","24","999.9",,"999.9"," 0","  65.3","24"
"99495199999","SEBASTIAN INLET STATE PARK, FL US","27.862","-80.445","10.0","2019-12-16","9999.9"," 0","000000",,"999.9",,"  75.2","*","  72.3","*"," 15.9",," 0.00","I","1021.9","24","999.9",,"999.9"," 0","  73.9","24"
"99495199999","SEBASTIAN INLET STATE PARK, FL US","27.862","-80.445","10.0","2019-12-17","9999.9"," 0","000000",,"999.9",,"  81.1","*","  72.9","*"," 15.9",," 0.00","I","1016.8","24","999.9",,"999.9"," 0","  75.8","24"
"99495199999","SEBASTIAN INLET STATE PARK, FL US","27.862","-80.445","10.0","2019-12-18","9999.9"," 0","000000",,"999.9",,"  75.9","*","  58.5","*"," 28.0",," 0.00","I","1014.3","24","999.9",,"999.9"," 0","  66.8","24"
"99495199999","SEBASTIAN INLET STATE PARK, FL US","27.862","-80.445","10.0","2019-12-19","9999.9"," 0","000000",,"999.9",,"  68.4","*","  64.0","*"," 27.0",," 0.00","I","1020.8","24","999.9",,"999.9"," 0","  66.4","24"
"99495199999","SEBASTIAN INLET STATE PARK, FL US","27.862","-80.445","10.0","2019-12-20","9999.9"," 0","000000",,"999.9",,"  71.4","*","  66.9","*"," 22.9",," 0.00","I","1024.4","24","999.9",,"999.9"," 0","  69.9","24"
"99495199999","SEBASTIAN INLET STATE PARK, FL US","27.862","-80.445","10.0","2019-12-21","9999.9"," 0","000000",,"999.9",,"  72.1","*","  67.8","*"," 22.0",," 0.00","I","1024.5","24","999.9",,"999.9"," 0","  71.0","24"
"99495199999","SEBASTIAN INLET STATE PARK, FL US","27.862","-80.445","10.0","2019-12-22","9999.9"," 0","000000",,"999.9",,"  72.7","*","  69.6","*"," 25.1",," 0.00","I","1020.0","24","999.9",,"999.9"," 0","  71.9","24"
"99495199999","SEBASTIAN INLET STATE PARK, FL US","27.862","-80.445","10.0","2019-12-23","9999.9"," 0","000000",,"999.9",,"  73.6","*","  65.7","*"," 24.1",," 0.00","I","1011.5","24","999.9",,"999.9"," 0","  70.7","24"
"99495199999","SEBASTIAN INLET STATE PARK, FL US","27.862","-80.445","10.0","2019-12-24","9999.9"," 0","000000",,"999.9",,"  64.6","*","  56.8","*"," 17.1",," 0.00","I","1008.3","24","999.9",,"999.9"," 0","  60.4","24"
"99495199999","SEBASTIAN INLET STATE PARK, FL US","27.862","-80.445","10.0","2019-12-25","9999.9"," 0","000000",,"999.9",,"  73.2","*","  63.1","*"," 17.1",," 0.00","I","1012.8","24","999.9",,"999.9"," 0","  68.9","24"
"99495199999","SEBASTIAN INLET STATE PARK, FL US","27.862","-80.445","10.0","2019-12-26","9999.9"," 0","000000",,"999.9",,"  74.5","*","  68.9","*"," 14.0",," 0.00","I","1017.5","24","999.9",,"999.9"," 0","  72.7","24"
"99495199999","SEBASTIAN INLET STATE PARK, FL US","27.862","-80.445","10.0","2019-12-27","9999.9"," 0","000000",,"999.9",,"  73.9","*","  70.5","*"," 18.1",," 0.00","I","1020.2","24","999.9",,"999.9"," 0","  72.6","24"
"99495199999","SEBASTIAN INLET STATE PARK, FL US","27.862","-80.445","10.0","2019-12-28","9999.9"," 0","000000",,"999.9",,"  74.7","*","  70.9","*"," 17.1",," 0.00","I","1019.5","24","999.9",,"999.9"," 0","  73.2","24"
"99495199999","SEBASTIAN INLET STATE PARK, FL US","27.862","-80.445","10.0","2019-12-29","9999.9"," 0","000000",,"999.9",,"  74.7","*","  74.1","*"," 19.0",," 0.00","I","1017.8","24","999.9",,"999.9"," 0","  74.3","24"
"99495199999","SEBASTIAN INLET STATE PARK, FL US","27.862","-80.445","10.0","2019-12-30","9999.9"," 0","000000",,"999.9",,"  78.8","*","  72.1","*"," 15.9",," 0.00","I","1015.8","24","999.9",,"999.9"," 0","  75.0","24"
"99495199999","SEBASTIAN INLET STATE PARK, FL US","27.862","-80.445","10.0","2019-12-31","9999.9"," 0","000000",,"999.9",,"  75.0","*","  62.4","*"," 13.0",," 0.00","I","1017.2","24","999.9",,"999.9"," 0","  67.9","24"
"99495199999","SEBASTIAN INLET STATE PARK, FL US","27.862","-80.445","10.0","2020-01-01","9999.9"," 0","000000",,"999.9",,"  65.7","*","  57.6","*"," 15.0",," 0.00","I","1018.9","24","999.9",,"999.9"," 0","  61.7","24"
"99495199999","SEBASTIAN INLET STATE PARK, FL US","27.862","-80.445","10.0","2020-01-02","9999.9"," 0","000000",,"999.9",,"  74.1","*","  63.7","*"," 15.0",," 0.00","I","1018.9","24","999.9",,"999.9"," 0","  69.3","24"
"99495199999","SEBASTIAN INLET STATE PARK, FL US","27.862","-80.445","10.0","2020-01-03","9999.9"," 0","000000",,"999.9",,"  80.6","*","  70.0","*"," 15.0",," 0.00","I","1018.4","24","999.9",,"999.9"," 0","  73.4","24"
"99495199999","SEBASTIAN INLET STATE PARK, FL US","27.862","-80.445","10.0","2020-01-04","9999.9"," 0","000000",,"999.9",,"  81.5","*","  70.5","*"," 17.1",," 0.00","I","1017.7","24","999.9",,"999.9"," 0","  74.2","24"
"99495199999","SEBASTIAN INLET STATE PARK, FL US","27.862","-80.445","10.0","2020-01-05","9999.9"," 0","000000",,"999.9",,"  67.3","*","  51.1","*"," 19.0",," 0.00","I","1023.9","24","999.9",,"999.9"," 0","  58.2","24"
"99495199999","SEBASTIAN INLET STATE PARK, FL US","27.862","-80.445","10.0","2020-01-06","9999.9"," 0","000000",,"999.9",,"  63.3","*","  50.2","*"," 12.0",," 0.00","I","1024.9","24","999.9",,"999.9"," 0","  56.6","24"
"99495199999","SEBASTIAN INLET STATE PARK, FL US","27.862","-80.445","10.0","2020-01-07","9999.9"," 0","000000",,"999.9",,"  70.0","*","  57.2","*"," 11.1",," 0.00","I","1022.7","24","999.9",,"999.9"," 0","  62.7","24"
"99495199999","SEBASTIAN INLET STATE PARK, FL US","27.862","-80.445","10.0","2020-01-08","9999.9"," 0","000000",,"999.9",,"  66.9","*","  57.2","*"," 22.0",," 0.00","I","1026.4","24","999.9",,"999.9"," 0","  61.9","24"
"99495199999","SEBASTIAN INLET STATE PARK, FL US","27.862","-80.445","10.0","2020-01-09","9999.9"," 0","000000",,"999.9",,"  72.3","*","  64.9","*"," 21.0",," 0.00","I","1029.8","24","999.9",,"999.9"," 0","  69.9","24"
"99495199999","SEBASTIAN INLET STATE PARK, FL US","27.862","-80.445","10.0","2020-01-10","9999.9"," 0","000000",,"999.9",,"  73.0","*","  72.1","*"," 22.9",," 0.00","I","1028.6","24","999.9",,"999.9"," 0","  72.6","24"
"99495199999","SEBASTIAN INLET STATE PARK, FL US","27.862","-80.445","10.0","2020-01-11","9999.9"," 0","000000",,"999.9",,"  74.8","*","  72.5","*"," 24.1",," 0.00","I","1025.2","20","999.9",,"999.9"," 0","  73.3","20"
"99495199999","SEBASTIAN INLET STATE PARK, FL US","27.862","-80.445","10.0","2020-01-12","9999.9"," 0","000000",,"999.9",,"  75.0","*","  72.0","*"," 14.0",," 0.00","I","1026.0","24","999.9",,"999.9"," 0","  72.9","24"
"99495199999","SEBASTIAN INLET STATE PARK, FL US","27.862","-80.445","10.0","2020-01-13","9999.9"," 0","000000",,"999.9",,"  74.3","*","  73.0","*"," 13.0",," 0.00","I","1027.7","20","999.9",,"999.9"," 0","  73.4","20"
"99495199999","SEBASTIAN INLET STATE PARK, FL US","27.862","-80.445","10.0","2020-01-14","9999.9"," 0","000000",,"999.9",,"  73.9","*","  72.1","*"," 12.0",," 0.00","I","1026.3","24","999.9",,"999.9"," 0","  73.0","24"
"99495199999","SEBASTIAN INLET STATE PARK, FL US","27.862","-80.445","10.0","2020-01-15","9999.9"," 0","000000",,"999.9",,"  76.1","*","  69.1","*","  9.9",," 0.00","I","1024.3","24","999.9",,"999.9"," 0","  72.6","24"
"99495199999","SEBASTIAN INLET STATE PARK, FL US","27.862","-80.445","10.0","2020-01-16","9999.9"," 0","000000",,"999.9",,"  75.2","*","  66.2","*","  8.9",," 0.00","I","1024.9","24","999.9",,"999.9"," 0","  71.4","24"
"99495199999","SEBASTIAN INLET STATE PARK, FL US","27.862","-80.445","10.0","2020-01-17","9999.9"," 0","000000",,"999.9",,"  73.8","*","  71.2","*"," 21.0",," 0.00","I","1026.3","24","999.9",,"999.9"," 0","  72.5","24"
"99495199999","SEBASTIAN INLET STATE PARK, FL US","27.862","-80.445","10.0","2020-01-18","9999.9"," 0","000000",,"999.9",,"  71.2","*","  69.1","*"," 24.1",," 0.00","I","1027.8","24","999.9",,"999.9"," 0","  70.5","24"
"99495199999","SEBASTIAN INLET STATE PARK, FL US","27.862","-80.445","10.0","2020-01-19","9999.9"," 0","000000",,"999.9",,"  77.7","*","  64.9","*"," 15.9",," 0.00","I","1021.7","24","999.9",,"999.9"," 0","  71.2","24"
"99495199999","SEBASTIAN INLET STATE PARK, FL US","27.862","-80.445","10.0","2020-01-20","9999.9"," 0","000000",,"999.9",,"  74.1","*","  53.8","*"," 24.1",," 0.00","I","1019.9","24","999.9",,"999.9"," 0","  62.9","24"
"99495199999","SEBASTIAN INLET STATE PARK, FL US","27.862","-80.445","10.0","2020-01-21","9999.9"," 0","000000",,"999.9",,"  58.8","*","  50.5","*"," 28.9",," 0.00","I","1020.7","24","999.9",,"999.9"," 0","  53.9","24"
"99495199999","SEBASTIAN INLET STATE PARK, FL US","27.862","-80.445","10.0","2020-01-22","9999.9"," 0","000000",,"999.9",,"  67.8","*","  39.7","*"," 31.1",," 0.00","I","1018.9","23","999.9",,"999.9"," 0","  48.7","23"
"99495199999","SEBASTIAN INLET STATE PARK, FL US","27.862","-80.445","10.0","2020-01-23","9999.9"," 0","000000",,"999.9",,"  69.3","*","  55.2","*"," 17.1",," 0.00","I","1018.7","23","999.9",,"999.9"," 0","  60.2","23"
"99495199999","SEBASTIAN INLET STATE PARK, FL US","27.862","-80.445","10.0","2020-01-24","9999.9"," 0","000000",,"999.9",,"  69.3","*","  62.8","*","  9.9",," 0.00","I","1018.2","24","999.9",,"999.9"," 0","  65.8","24"
"99495199999","SEBASTIAN INLET STATE PARK, FL US","27.862","-80.445","10.0","2020-01-25","9999.9"," 0","000000",,"999.9",,"  68.2","*","  60.6","*"," 14.0",," 0.00","I","1018.5","24","999.9",,"999.9"," 0","  63.6","24"
"99495199999","SEBASTIAN INLET STATE PARK, FL US","27.862","-80.445","10.0","2020-01-26","9999.9"," 0","000000",,"999.9",,"  63.3","*","  50.9","*"," 12.0",," 0.00","I","1019.5","24","999.9",,"999.9"," 0","  57.2","24"
"99495199999","SEBASTIAN INLET STATE PARK, FL US","27.862","-80.445","10.0","2020-01-27","9999.9"," 0","000000",,"999.9",,"  66.9","*","  58.5","*"," 14.0",," 0.00","I","1016.0","24","999.9",,"999.9"," 0","  62.5","24"
"99495199999","SEBASTIAN INLET STATE PARK, FL US","27.862","-80.445","10.0","2020-01-28","9999.9"," 0","000000",,"999.9",,"  66.7","*","  61.0","*"," 22.9",," 0.00","I","1014.1","24","999.9",,"999.9"," 0","  62.8","24"
"99495199999","SEBASTIAN INLET STATE PARK, FL US","27.862","-80.445","10.0","2020-01-29","9999.9"," 0","000000",,"999.9",,"  70.0","*","  60.6","*"," 19.0",," 0.00","I","1014.7","24","999.9",,"999.9"," 0","  64.4","24"
"99495199999","SEBASTIAN INLET STATE PARK, FL US","27.862","-80.445","10.0","2020-01-30","9999.9"," 0","000000",,"999.9",,"  69.8","*","  59.0","*"," 18.1",," 0.00","I","1012.9","24","999.9",,"999.9"," 0","  63.3","24"
"99495199999","SEBASTIAN INLET STATE PARK, FL US","27.862","-80.445","10.0","2020-01-31","9999.9"," 0","000000",,"999.9",,"  70.5","*","  63.1","*"," 12.0",," 0.00","I","1016.9","24","999.9",,"999.9"," 0","  67.7","24"
"99495199999","SEBASTIAN INLET STATE PARK, FL US","27.862","-80.445","10.0","2020-02-01","9999.9"," 0","000000",,"999.9",,"  69.6","*","  62.6","*"," 13.0",," 0.00","I","1015.5","24","999.9",,"999.9"," 0","  66.0","24"
"99495199999","SEBASTIAN INLET STATE PARK, FL US","27.862","-80.445","10.0","2020-02-02","9999.9"," 0","000000",,"999.9",,"  62.4","*","  49.5","*"," 15.0",," 0.00","I","1019.5","24","999.9",,"999.9"," 0","  56.3","24"
"99495199999","SEBASTIAN INLET STATE PARK, FL US","27.862","-80.445","10.0","2020-02-03","9999.9"," 0","000000",,"999.9",,"  64.9","*","  51.1","*","  9.9",," 0.00","I","1022.2","24","999.9",,"999.9"," 0","  56.7","24"
"99495199999","SEBASTIAN INLET STATE PARK, FL US","27.862","-80.445","10.0","2020-02-04","9999.9"," 0","000000",,"999.9",,"  72.3","*","  57.9","*","  8.9",," 0.00","I","1022.3","23","999.9",,"999.9"," 0","  63.6","23"
"99495199999","SEBASTIAN INLET STATE PARK, FL US","27.862","-80.445","10.0","2020-02-05","9999.9"," 0","000000",,"999.9",,"  70.7","*","  63.3","*"," 13.0",," 0.00","I","1019.0","24","999.9",,"999.9"," 0","  67.5","24"
"99495199999","SEBASTIAN INLET STATE PARK, FL US","27.862","-80.445","10.0","2020-02-06","9999.9"," 0","000000",,"999.9",,"  82.6","*","  69.4","*"," 22.0",," 0.00","I","1012.3","24","999.9",,"999.9"," 0","  74.3","24"
"99495199999","SEBASTIAN INLET STATE PARK, FL US","27.862","-80.445","10.0","2020-02-07","9999.9"," 0","000000",,"999.9",,"  79.2","*","  58.6","*"," 24.1",," 0.00","I","1011.6","24","999.9",,"999.9"," 0","  67.3","24"
"99495199999","SEBASTIAN INLET STATE PARK, FL US","27.862","-80.445","10.0","2020-02-08","9999.9"," 0","000000",,"999.9",,"  66.4","*","  51.8","*"," 20.0",," 0.00","I","1023.9","24","999.9",,"999.9"," 0","  60.0","24"
"99495199999","SEBASTIAN INLET STATE PARK, FL US","27.862","-80.445","10.0","2020-02-09","9999.9"," 0","000000",,"999.9",,"  70.3","*","  64.4","*"," 15.9",," 0.00","I","1027.9","24","999.9",,"999.9"," 0","  68.3","24"
"99495199999","SEBASTIAN INLET STATE PARK, FL US","27.862","-80.445","10.0","2020-02-10","9999.9"," 0","000000",,"999.9",,"  72.1","*","  70.3","*"," 18.1",," 0.00","I","1025.8","24","999.9",,"999.9"," 0","  71.0","24"
"99495199999","SEBASTIAN INLET STATE PARK, FL US","27.862","-80.445","10.0","2020-02-11","9999.9"," 0","000000",,"999.9",,"  73.4","*","  70.7","*"," 14.0",," 0.00","I","1022.2","24","999.9",,"999.9"," 0","  71.9","24"
"99495199999","SEBASTIAN INLET STATE PARK, FL US","27.862","-80.445","10.0","2020-02-12","9999.9"," 0","000000",,"999.9",,"  74.5","*","  69.4","*"," 18.1",," 0.00","I","1020.3","24","999.9",,"999.9"," 0","  72.8","24"
"99495199999","SEBASTIAN INLET STATE PARK, FL US","27.862","-80.445","10.0","2020-02-13","9999.9"," 0","000000",,"999.9",,"  82.6","*","  72.7","*"," 15.0",," 0.00","I","1018.8","24","999.9",,"999.9"," 0","  75.8","24"
"99495199999","SEBASTIAN INLET STATE PARK, FL US","27.862","-80.445","10.0","2020-02-14","9999.9"," 0","000000",,"999.9",,"  74.7","*","  66.4","*"," 22.0",," 0.00","I","1020.1","24","999.9",,"999.9"," 0","  71.1","24"
"99495199999","SEBASTIAN INLET STATE PARK, FL US","27.862","-80.445","10.0","2020-02-15","9999.9"," 0","000000",,"999.9",,"  71.1","*","  64.6","*"," 24.1",," 0.00","I","1023.7","24","999.9",,"999.9"," 0","  68.0","24"
"99495199999","SEBASTIAN INLET STATE PARK, FL US","27.862","-80.445","10.0","2020-02-16","9999.9"," 0","000000",,"999.9",,"  71.2","*","  70.2","*"," 14.0",," 0.00","I","1021.6","24","999.9",,"999.9"," 0","  70.9","24"
"99495199999","SEBASTIAN INLET STATE PARK, FL US","27.862","-80.445","10.0","2020-02-17","9999.9"," 0","000000",,"999.9",,"  71.4","*","  66.0","*"," 14.0",," 0.00","I","1018.8","24","999.9",,"999.9"," 0","  69.0","24"
"99495199999","SEBASTIAN INLET STATE PARK, FL US","27.862","-80.445","10.0","2020-02-18","9999.9"," 0","000000",,"999.9",,"  73.6","*","  70.5","*"," 12.0",," 0.00","I","1021.5","24","999.9",,"999.9"," 0","  72.1","24"
"99495199999","SEBASTIAN INLET STATE PARK, FL US","27.862","-80.445","10.0","2020-02-19","9999.9"," 0","000000",,"999.9",,"  76.5","*","  71.1","*"," 11.1",," 0.00","I","1021.9","24","999.9",,"999.9"," 0","  73.3","24"
"99495199999","SEBASTIAN INLET STATE PARK, FL US","27.862","-80.445","10.0","2020-02-20","9999.9"," 0","000000",,"999.9",,"  74.8","*","  69.3","*","  9.9",," 0.00","I","1020.2","24","999.9",,"999.9"," 0","  71.8","24"
"99495199999","SEBASTIAN INLET STATE PARK, FL US","27.862","-80.445","10.0","2020-02-21","9999.9"," 0","000000",,"999.9",,"  75.0","*","  58.6","*"," 36.9",," 0.00","I","1018.1","24","999.9",,"999.9"," 0","  64.8","24"
"99495199999","SEBASTIAN INLET STATE PARK, FL US","27.862","-80.445","10.0","2020-02-22","9999.9"," 0","000000",,"999.9",,"  67.5","*","  58.6","*"," 36.9",," 0.00","I","1023.0","24","999.9",,"999.9"," 0","  63.5","24"
"99495199999","SEBASTIAN INLET STATE PARK, FL US","27.862","-80.445","10.0","2020-02-23","9999.9"," 0","000000",,"999.9",,"  68.5","*","  57.7","*"," 21.0",," 0.00","I","1024.1","24","999.9",,"999.9"," 0","  63.2","24"
"99495199999","SEBASTIAN INLET STATE PARK, FL US","27.862","-80.445","10.0","2020-02-24","9999.9"," 0","000000",,"999.9",,"  70.0","*","  62.8","*"," 14.0",," 0.00","I","1020.4","24","999.9",,"999.9"," 0","  67.6","24"
"99495199999","SEBASTIAN INLET STATE PARK, FL US","27.862","-80.445","10.0","2020-02-25","9999.9"," 0","000000",,"999.9",,"  81.5","*","  64.6","*"," 18.1",," 0.00","I","1015.4","24","999.9",,"999.9"," 0","  71.0","24"
"99495199999","SEBASTIAN INLET STATE PARK, FL US","27.862","-80.445","10.0","2020-02-26","9999.9"," 0","000000",,"999.9",,"  78.6","*","  68.4","*"," 15.9",," 0.00","I","1014.4","24","999.9",,"999.9"," 0","  72.4","24"
"99495199999","SEBASTIAN INLET STATE PARK, FL US","27.862","-80.445","10.0","2020-02-27","9999.9"," 0","000000",,"999.9",,"  66.0","*","  54.3","*"," 31.1",," 0.00","I","1018.3","24","999.9",,"999.9"," 0","  60.4","24"
"99495199999","SEBASTIAN INLET STATE PARK, FL US","27.862","-80.445","10.0","2020-02-28","9999.9"," 0","000000",,"999.9",,"  61.7","*","  48.4","*"," 17.1",," 0.00","I","1023.8","24","999.9",,"999.9"," 0","  54.2","24"
"99495199999","SEBASTIAN INLET STATE PARK, FL US","27.862","-80.445","10.0","2020-02-29","9999.9"," 0","000000",,"999.9",,"  63.0","*","  50.2","*"," 21.0",," 0.00","I","1024.6","24","999.9",,"999.9"," 0","  55.9","24"
"99495199999","SEBASTIAN INLET STATE PARK, FL US","27.862","-80.445","10.0","2020-03-01","9999.9"," 0","000000",,"999.9",,"  64.0","*","  52.3","*"," 14.0",," 0.00","I","1026.4","24","999.9",,"999.9"," 0","  58.0","24"
"99495199999","SEBASTIAN INLET STATE PARK, FL US","27.862","-80.445","10.0","2020-03-02","9999.9"," 0","000000",,"999.9",,"  69.8","*","  61.7","*"," 17.1",," 0.00","I","1023.5","24","999.9",,"999.9"," 0","  66.7","24"
"99495199999","SEBASTIAN INLET STATE PARK, FL US","27.862","-80.445","10.0","2020-03-03","9999.9"," 0","000000",,"999.9",,"  81.1","*","  63.0","*"," 13.0",," 0.00","I","1018.3","24","999.9",,"999.9"," 0","  70.8","24"
"99495199999","SEBASTIAN INLET STATE PARK, FL US","27.862","-80.445","10.0","2020-03-04","9999.9"," 0","000000",,"999.9",,"  81.0","*","  66.4","*"," 14.0",," 0.00","I","1017.0","24","999.9",,"999.9"," 0","  72.0","24"
"99495199999","SEBASTIAN INLET STATE PARK, FL US","27.862","-80.445","10.0","2020-03-05","9999.9"," 0","000000",,"999.9",,"  85.8","*","  70.3","*"," 18.1",," 0.00","I","1016.9","24","999.9",,"999.9"," 0","  76.8","24"
"99495199999","SEBASTIAN INLET STATE PARK, FL US","27.862","-80.445","10.0","2020-03-06","9999.9"," 0","000000",,"999.9",,"  81.5","*","  64.4","*"," 20.0",," 0.00","I","1017.1","24","999.9",,"999.9"," 0","  71.2","24"
"99495199999","SEBASTIAN INLET STATE PARK, FL US","27.862","-80.445","10.0","2020-03-07","9999.9"," 0","000000",,"999.9",,"  66.4","*","  58.3","*"," 27.0",," 0.00","I","1023.6","24","999.9",,"999.9"," 0","  61.5","24"
"99495199999","SEBASTIAN INLET STATE PARK, FL US","27.862","-80.445","10.0","2020-03-08","9999.9"," 0","000000",,"999.9",,"  68.4","*","  59.4","*"," 25.1",," 0.00","I","1029.8","24","999.9",,"999.9"," 0","  65.1","24"
"99495199999","SEBASTIAN INLET STATE PARK, FL US","27.862","-80.445","10.0","2020-03-09","9999.9"," 0","000000",,"999.9",,"  69.8","*","  65.8","*"," 20.0",," 0.00","I","1031.8","24","999.9",,"999.9"," 0","  68.2","24"
"99495199999","SEBASTIAN INLET STATE PARK, FL US","27.862","-80.445","10.0","2020-03-10","9999.9"," 0","000000",,"999.9",,"  70.5","*","  68.4","*"," 20.0",," 0.00","I","1028.9","24","999.9",,"999.9"," 0","  69.6","24"
"99495199999","SEBASTIAN INLET STATE PARK, FL US","27.862","-80.445","10.0","2020-03-11","9999.9"," 0","000000",,"999.9",,"  70.3","*","  67.3","*"," 12.0",," 0.00","I","1023.7","18","999.9",,"999.9"," 0","  69.0","18"
"99495199999","SEBASTIAN INLET STATE PARK, FL US","27.862","-80.445","10.0","2020-03-12","9999.9"," 0","000000",,"999.9",,"  72.7","*","  65.5","*","  8.9",," 0.00","I","1019.3","24","999.9",,"999.9"," 0","  69.2","24"
"99495199999","SEBASTIAN INLET STATE PARK, FL US","27.862","-80.445","10.0","2020-03-13","9999.9"," 0","000000",,"999.9",,"  73.8","*","  66.6","*","  9.9",," 0.00","I","1021.1","18","999.9",,"999.9"," 0","  70.9","18"
"99495199999","SEBASTIAN INLET STATE PARK, FL US","27.862","-80.445","10.0","2020-03-14","9999.9"," 0","000000",,"999.9",,"  75.0","*","  71.6","*"," 11.1",," 0.00","I","1025.0","13","999.9",,"999.9"," 0","  73.8","13"
"99495199999","SEBASTIAN INLET STATE PARK, FL US","27.862","-80.445","10.0","2020-03-15","9999.9"," 0","000000",,"999.9",,"  76.1","*","  71.2","*"," 12.0",," 0.00","I","1024.4","24","999.9",,"999.9"," 0","  74.4","24"
"99495199999","SEBASTIAN INLET STATE PARK, FL US","27.862","-80.445","10.0","2020-03-16","9999.9"," 0","000000",,"999.9",,"  75.6","*","  68.7","*","  9.9",," 0.00","I","1023.8","24","999.9",,"999.9"," 0","  73.7","24"
"99495199999","SEBASTIAN INLET STATE PARK, FL US","27.862","-80.445","10.0","2020-03-17","9999.9"," 0","000000",,"999.9",,"  75.0","*","  73.6","*"," 13.0",," 0.00","I","1023.8","24","999.9",,"999.9"," 0","  74.4","24"
"99495199999","SEBASTIAN INLET STATE PARK, FL US","27.862","-80.445","10.0","2020-03-18","9999.9"," 0","000000",,"999.9",,"  75.2","*","  73.9","*"," 13.0",," 0.00","I","1024.8","24","999.9",,"999.9"," 0","  74.6","24"
"99495199999","SEBASTIAN INLET STATE PARK, FL US","27.862","-80.445","10.0","2020-03-19","9999.9"," 0","000000",,"999.9",,"  75.4","*","  74.3","*"," 15.9",," 0.00","I","1026.2","24","999.9",,"999.9"," 0","  74.9","24"
"99495199999","SEBASTIAN INLET STATE PARK, FL US","27.862","-80.445","10.0","2020-03-20","9999.9"," 0","000000",,"999.9",,"  75.4","*","  74.3","*"," 17.1",," 0.00","I","1026.7","24","999.9",,"999.9"," 0","  74.8","24"
"99495199999","SEBASTIAN INLET STATE PARK, FL US","27.862","-80.445","10.0","2020-03-21","9999.9"," 0","000000",,"999.9",,"  76.1","*","  69.6","*"," 15.0",," 0.00","I","1025.1","24","999.9",,"999.9"," 0","  74.2","24"
"99495199999","SEBASTIAN INLET STATE PARK, FL US","27.862","-80.445","10.0","2020-03-22","9999.9"," 0","000000",,"999.9",,"  75.4","*","  70.2","*"," 13.0",," 0.00","I","1023.9","24","999.9",,"999.9"," 0","  74.1","24"
"99495199999","SEBASTIAN INLET STATE PARK, FL US","27.862","-80.445","10.0","2020-03-23","9999.9"," 0","000000",,"999.9",,"  75.9","*","  70.5","*"," 15.9",," 0.00","I","1023.6","24","999.9",,"999.9"," 0","  74.5","24"
"99495199999","SEBASTIAN INLET STATE PARK, FL US","27.862","-80.445","10.0","2020-03-24","9999.9"," 0","000000",,"999.9",,"  80.1","*","  68.9","*"," 19.0",," 0.00","I","1020.6","24","999.9",,"999.9"," 0","  74.4","24"
"99495199999","SEBASTIAN INLET STATE PARK, FL US","27.862","-80.445","10.0","2020-03-25","9999.9"," 0","000000",,"999.9",,"  85.3","*","  69.6","*"," 17.1",," 0.00","I","1016.2","24","999.9",,"999.9"," 0","  76.1","24"
"99495199999","SEBASTIAN INLET STATE PARK, FL US","27.862","-80.445","10.0","2020-03-26","9999.9"," 0","000000",,"999.9",,"  82.0","*","  70.0","*"," 11.1",," 0.00","I","1015.6","24","999.9",,"999.9"," 0","  73.8","24"
"99495199999","SEBASTIAN INLET STATE PARK, FL US","27.862","-80.445","10.0","2020-03-27","9999.9"," 0","000000",,"999.9",,"  75.7","*","  74.3","*"," 15.0",," 0.00","I","1017.4","24","999.9",,"999.9"," 0","  75.2","24"
"99495199999","SEBASTIAN INLET STATE PARK, FL US","27.862","-80.445","10.0","2020-03-28","9999.9"," 0","000000",,"999.9",,"  75.6","*","  69.6","*"," 19.0",," 0.00","I","1018.9","24","999.9",,"999.9"," 0","  73.9","24"
"99495199999","SEBASTIAN INLET STATE PARK, FL US","27.862","-80.445","10.0","2020-03-29","9999.9"," 0","000000",,"999.9",,"  77.0","*","  70.9","*"," 18.1",," 0.00","I","1020.8","24","999.9",,"999.9"," 0","  74.7","24"
"99495199999","SEBASTIAN INLET STATE PARK, FL US","27.862","-80.445","10.0","2020-03-30","9999.9"," 0","000000",,"999.9",,"  76.5","*","  69.8","*"," 14.0",," 0.00","I","1020.4","24","999.9",,"999.9"," 0","  73.7","24"
"99495199999","SEBASTIAN INLET STATE PARK, FL US","27.862","-80.445","10.0","2020-03-31","9999.9"," 0","000000",,"999.9",,"  85.8","*","  70.0","*"," 17.1",," 0.00","I","1013.2","24","999.9",,"999.9"," 0","  77.4","24"
"99495199999","SEBASTIAN INLET STATE PARK, FL US","27.862","-80.445","10.0","2020-04-01","9999.9"," 0","000000",,"999.9",,"  82.2","*","  63.9","*"," 18.1",," 0.00","I","1009.0","24","999.9",,"999.9"," 0","  69.8","24"
"99495199999","SEBASTIAN INLET STATE PARK, FL US","27.862","-80.445","10.0","2020-04-02","9999.9"," 0","000000",,"999.9",,"  69.4","*","  66.0","*"," 15.0",," 0.00","I","1015.1","20","999.9",,"999.9"," 0","  67.7","20"
"99495199999","SEBASTIAN INLET STATE PARK, FL US","27.862","-80.445","10.0","2020-04-03","9999.9"," 0","000000",,"999.9",,"  72.0","*","  63.5","*","  9.9",," 0.00","I","1016.1","24","999.9",,"999.9"," 0","  69.3","24"
"99495199999","SEBASTIAN INLET STATE PARK, FL US","27.862","-80.445","10.0","2020-04-04","9999.9"," 0","000000",,"999.9",,"  75.2","*","  68.4","*"," 14.0",," 0.00","I","1014.9","24","999.9",,"999.9"," 0","  71.9","24"
"99495199999","SEBASTIAN INLET STATE PARK, FL US","27.862","-80.445","10.0","2020-04-05","9999.9"," 0","000000",,"999.9",,"  75.7","*","  66.7","*"," 15.9",," 0.00","I","1015.5","24","999.9",,"999.9"," 0","  70.9","24"
"99495199999","SEBASTIAN INLET STATE PARK, FL US","27.862","-80.445","10.0","2020-04-06","9999.9"," 0","000000",,"999.9",,"  73.6","*","  67.1","*"," 17.1",," 0.00","I","1018.4","22","999.9",,"999.9"," 0","  70.4","22"
"99495199999","SEBASTIAN INLET STATE PARK, FL US","27.862","-80.445","10.0","2020-04-07","9999.9"," 0","000000",,"999.9",,"  75.0","*","  73.4","*"," 15.0",," 0.00","I","1019.3","23","999.9",,"999.9"," 0","  74.1","23"
"99495199999","SEBASTIAN INLET STATE PARK, FL US","27.862","-80.445","10.0","2020-04-08","9999.9"," 0","000000",,"999.9",,"  79.3","*","  71.2","*"," 12.0",," 0.00","I","1015.5","23","999.9",,"999.9"," 0","  74.5","23"
"99495199999","SEBASTIAN INLET STATE PARK, FL US","27.862","-80.445","10.0","2020-04-09","9999.9"," 0","000000",,"999.9",,"  86.5","*","  71.4","*"," 15.0",," 0.00","I","1011.7","24","999.9",,"999.9"," 0","  77.8","24"
"99495199999","SEBASTIAN INLET STATE PARK, FL US","27.862","-80.445","10.0","2020-04-10","9999.9"," 0","000000",,"999.9",,"  83.1","*","  63.7","*"," 20.0",," 0.00","I","1010.5","24","999.9",,"999.9"," 0","  75.3","24"
"99495199999","SEBASTIAN INLET STATE PARK, FL US","27.862","-80.445","10.0","2020-04-11","9999.9"," 0","000000",,"999.9",,"  74.3","*","  70.9","*"," 18.1",," 0.00","I","1016.2","24","999.9",,"999.9"," 0","  72.9","24"
"99495199999","SEBASTIAN INLET STATE PARK, FL US","27.862","-80.445","10.0","2020-04-12","9999.9"," 0","000000",,"999.9",,"  77.2","*","  73.8","*"," 22.0",," 0.00","I","1018.0","24","999.9",,"999.9"," 0","  75.8","24"
"99495199999","SEBASTIAN INLET STATE PARK, FL US","27.862","-80.445","10.0","2020-04-13","9999.9"," 0","000000",,"999.9",,"  91.8","*","  77.0","*"," 21.0",," 0.00","I","1017.0","24","999.9",,"999.9"," 0","  81.4","24"
"99495199999","SEBASTIAN INLET STATE PARK, FL US","27.862","-80.445","10.0","2020-04-14","9999.9"," 0","000000",,"999.9",,"  86.9","*","  74.1","*"," 19.0",," 0.00","I","1017.8","24","999.9",,"999.9"," 0","  78.7","24"
"99495199999","SEBASTIAN INLET STATE PARK, FL US","27.862","-80.445","10.0","2020-04-15","9999.9"," 0","000000",,"999.9",,"  89.4","*","  74.8","*"," 20.0",," 0.00","I","1014.9","23","999.9",,"999.9"," 0","  79.9","23"
"99495199999","SEBASTIAN INLET STATE PARK, FL US","27.862","-80.445","10.0","2020-04-16","9999.9"," 0","000000",,"999.9",,"  74.8","*","  66.7","*"," 27.0",," 0.00","I","1017.4","23","999.9",,"999.9"," 0","  71.5","23"
"99495199999","SEBASTIAN INLET STATE PARK, FL US","27.862","-80.445","10.0","2020-04-17","9999.9"," 0","000000",,"999.9",,"  75.0","*","  69.4","*"," 21.0",," 0.00","I","1021.3","24","999.9",,"999.9"," 0","  72.8","24"
"99495199999","SEBASTIAN INLET STATE PARK, FL US","27.862","-80.445","10.0","2020-04-18","9999.9"," 0","000000",,"999.9",,"  79.3","*","  69.1","*"," 15.9",," 0.00","I","1017.8","24","999.9",,"999.9"," 0","  74.4","24"
"99495199999","SEBASTIAN INLET STATE PARK, FL US","27.862","-80.445","10.0","2020-04-19","9999.9"," 0","000000",,"999.9",,"  78.8","*","  70.7","*"," 17.1",," 0.00","I","1015.7","24","999.9",,"999.9"," 0","  74.8","24"
"99495199999","SEBASTIAN INLET STATE PARK, FL US","27.862","-80.445","10.0","2020-04-20","9999.9"," 0","000000",,"999.9",,"  83.5","*","  75.6","*"," 19.0",," 0.00","I","1010.0","23","999.9",,"999.9"," 0","  78.3","23"
"99495199999","SEBASTIAN INLET STATE PARK, FL US","27.862","-80.445","10.0","2020-04-21","9999.9"," 0","000000",,"999.9",,"  75.6","*","  67.1","*"," 11.1",," 0.00","I","1013.0","24","999.9",,"999.9"," 0","  71.9","24"
"99495199999","SEBASTIAN INLET STATE PARK, FL US","27.862","-80.445","10.0","2020-04-22","9999.9"," 0","000000",,"999.9",,"  75.2","*","  66.7","*"," 15.0",," 0.00","I","1017.0","24","999.9",,"999.9"," 0","  72.4","24"
"99495199999","SEBASTIAN INLET STATE PARK, FL US","27.862","-80.445","10.0","2020-04-23","9999.9"," 0","000000",,"999.9",,"  78.6","*","  74.3","*"," 27.0",," 0.00","I","1016.1","24","999.9",,"999.9"," 0","  76.8","24"
"99495199999","SEBASTIAN INLET STATE PARK, FL US","27.862","-80.445","10.0","2020-04-24","9999.9"," 0","000000",,"999.9",,"  78.8","*","  69.1","*"," 25.1",," 0.00","I","1013.3","23","999.9",,"999.9"," 0","  75.1","23"
"99495199999","SEBASTIAN INLET STATE PARK, FL US","27.862","-80.445","10.0","2020-04-25","9999.9"," 0","000000",,"999.9",,"  78.8","*","  68.5","*"," 15.9",," 0.00","I","1014.5","24","999.9",,"999.9"," 0","  72.8","24"
"99495199999","SEBASTIAN INLET STATE PARK, FL US","27.862","-80.445","10.0","2020-04-26","9999.9"," 0","000000",,"999.9",,"  78.4","*","  72.9","*"," 17.1",," 0.00","I","1016.3","24","999.9",,"999.9"," 0","  75.1","24"
"99495199999","SEBASTIAN INLET STATE PARK, FL US","27.862","-80.445","10.0","2020-04-27","9999.9"," 0","000000",,"999.9",,"  74.5","*","  65.3","*"," 18.1",," 0.00","I","1019.1","24","999.9",,"999.9"," 0","  69.1","24"
"99495199999","SEBASTIAN INLET STATE PARK, FL US","27.862","-80.445","10.0","2020-04-28","9999.9"," 0","000000",,"999.9",,"  73.8","*","  69.8","*"," 15.0",," 0.00","I","1022.1","24","999.9",,"999.9"," 0","  72.0","24"
"99495199999","SEBASTIAN INLET STATE PARK, FL US","27.862","-80.445","10.0","2020-04-29","9999.9"," 0","000000",,"999.9",,"  76.1","*","  73.4","*"," 18.1",," 0.00","I","1019.0","24","999.9",,"999.9"," 0","  74.5","24"
"99495199999","SEBASTIAN INLET STATE PARK, FL US","27.862","-80.445","10.0","2020-04-30","9999.9"," 0","000000",,"999.9",,"  78.8","*","  68.9","*"," 17.1",," 0.00","I","1014.0","24","999.9",,"999.9"," 0","  74.6","24"
"99495199999","SEBASTIAN INLET STATE PARK, FL US","27.862","-80.445","10.0","2020-05-01","9999.9"," 0","000000",,"999.9",,"  77.4","*","  61.5","*"," 12.0",," 0.00","I","1016.4","24","999.9",,"999.9"," 0","  68.2","24"
"99495199999","SEBASTIAN INLET STATE PARK, FL US","27.862","-80.445","10.0","2020-05-02","9999.9"," 0","000000",,"999.9",,"  73.9","*","  64.6","*","  9.9",," 0.00","I","1020.8","24","999.9",,"999.9"," 0","  70.3","24"
"99495199999","SEBASTIAN INLET STATE PARK, FL US","27.862","-80.445","10.0","2020-05-03","9999.9"," 0","000000",,"999.9",,"  75.4","*","  73.6","*"," 11.1",," 0.00","I","1020.6","24","999.9",,"999.9"," 0","  74.4","24"
"99495199999","SEBASTIAN INLET STATE PARK, FL US","27.862","-80.445","10.0","2020-05-04","9999.9"," 0","000000",,"999.9",,"  77.9","*","  69.4","*"," 12.0",," 0.00","I","1017.2","24","999.9",,"999.9"," 0","  74.4","24"
"99495199999","SEBASTIAN INLET STATE PARK, FL US","27.862","-80.445","10.0","2020-05-05","9999.9"," 0","000000",,"999.9",,"  82.0","*","  70.0","*"," 13.0",," 0.00","I","1015.4","24","999.9",,"999.9"," 0","  75.9","24"
"99495199999","SEBASTIAN INLET STATE PARK, FL US","27.862","-80.445","10.0","2020-05-06","9999.9"," 0","000000",,"999.9",,"  85.3","*","  69.8","*"," 15.0",," 0.00","I","1014.0","24","999.9",,"999.9"," 0","  77.4","24"
"99495199999","SEBASTIAN INLET STATE PARK, FL US","27.862","-80.445","10.0","2020-05-07","9999.9"," 0","000000",,"999.9",,"  82.9","*","  66.9","*"," 24.1",," 0.00","I","1015.8","24","999.9",,"999.9"," 0","  71.2","24"
"99495199999","SEBASTIAN INLET STATE PARK, FL US","27.862","-80.445","10.0","2020-05-08","9999.9"," 0","000000",,"999.9",,"  74.5","*","  66.9","*"," 24.1",," 0.00","I","1019.0","24","999.9",,"999.9"," 0","  70.1","24"
"99495199999","SEBASTIAN INLET STATE PARK, FL US","27.862","-80.445","10.0","2020-05-09","9999.9"," 0","000000",,"999.9",,"  75.0","*","  66.4","*"," 17.1",," 0.00","I","1017.7","24","999.9",,"999.9"," 0","  71.8","24"
"99495199999","SEBASTIAN INLET STATE PARK, FL US","27.862","-80.445","10.0","2020-05-10","9999.9"," 0","000000",,"999.9",,"  75.4","*","  69.8","*"," 15.9",," 0.00","I","1019.7","24","999.9",,"999.9"," 0","  73.4","24"
"99495199999","SEBASTIAN INLET STATE PARK, FL US","27.862","-80.445","10.0","2020-05-11","9999.9"," 0","000000",,"999.9",,"  73.9","*","  69.4","*"," 20.0",," 0.00","I","1018.3","24","999.9",,"999.9"," 0","  72.3","24"
"99495199999","SEBASTIAN INLET STATE PARK, FL US","27.862","-80.445","10.0","2020-05-12","9999.9"," 0","000000",,"999.9",,"  75.7","*","  73.0","*"," 18.1",," 0.00","I","1020.6","24","999.9",,"999.9"," 0","  74.5","24"
"99495199999","SEBASTIAN INLET STATE PARK, FL US","27.862","-80.445","10.0","2020-05-13","9999.9"," 0","000000",,"999.9",,"  75.2","*","  74.3","*"," 21.0",," 0.00","I","1022.7","24","999.9",,"999.9"," 0","  75.0","24"
"99495199999","SEBASTIAN INLET STATE PARK, FL US","27.862","-80.445","10.0","2020-05-14","9999.9"," 0","000000",,"999.9",,"  75.7","*","  73.8","*"," 21.0",," 0.00","I","1022.2","24","999.9",,"999.9"," 0","  74.7","24"
"99495199999","SEBASTIAN INLET STATE PARK, FL US","27.862","-80.445","10.0","2020-05-15","9999.9"," 0","000000",,"999.9",,"  76.5","*","  71.8","*"," 20.0",," 0.00","I","1017.9","24","999.9",,"999.9"," 0","  75.5","24"
"99495199999","SEBASTIAN INLET STATE PARK, FL US","27.862","-80.445","10.0","2020-05-16","9999.9"," 0","000000",,"999.9",,"  75.9","*","  73.2","*"," 20.0",," 0.00","I","1012.2","24","999.9",,"999.9"," 0","  74.9","24"
"99495199999","SEBASTIAN INLET STATE PARK, FL US","27.862","-80.445","10.0","2020-05-17","9999.9"," 0","000000",,"999.9",,"  77.7","*","  71.2","*"," 15.0",," 0.00","I","1013.4","24","999.9",,"999.9"," 0","  75.1","24"
"99495199999","SEBASTIAN INLET STATE PARK, FL US","27.862","-80.445","10.0","2020-05-18","9999.9"," 0","000000",,"999.9",,"  80.1","*","  72.1","*"," 15.9",," 0.00","I","1014.7","24","999.9",,"999.9"," 0","  76.0","24"
"99495199999","SEBASTIAN INLET STATE PARK, FL US","27.862","-80.445","10.0","2020-05-19","9999.9"," 0","000000",,"999.9",,"  88.2","*","  70.2","*"," 15.9",," 0.00","I","1012.4","24","999.9",,"999.9"," 0","  77.1","24"
"99495199999","SEBASTIAN INLET STATE PARK, FL US","27.862","-80.445","10.0","2020-05-20","9999.9"," 0","000000",,"999.9",,"  87.4","*","  69.4","*"," 15.0",," 0.00","I","1013.5","24","999.9",,"999.9"," 0","  77.2","24"
"99495199999","SEBASTIAN INLET STATE PARK, FL US","27.862","-80.445","10.0","2020-05-21","9999.9"," 0","000000",,"999.9",,"  79.9","*","  74.1","*"," 15.9",," 0.00","I","1016.0","24","999.9",,"999.9"," 0","  77.5","24"
"99495199999","SEBASTIAN INLET STATE PARK, FL US","27.862","-80.445","10.0","2020-05-22","9999.9"," 0","000000",,"999.9",,"  79.7","*","  73.0","*"," 18.1",," 0.00","I","1018.9","24","999.9",,"999.9"," 0","  77.1","24"
"99495199999","SEBASTIAN INLET STATE PARK, FL US","27.862","-80.445","10.0","2020-05-23","9999.9"," 0","000000",,"999.9",,"  79.5","*","  78.3","*"," 13.0",," 0.00","I","1019.1","24","999.9",,"999.9"," 0","  78.9","24"
"99495199999","SEBASTIAN INLET STATE PARK, FL US","27.862","-80.445","10.0","2020-05-24","9999.9"," 0","000000",,"999.9",,"  79.2","*","  78.4","*"," 17.1",," 0.00","I","1017.1","24","999.9",,"999.9"," 0","  78.8","24"
"99495199999","SEBASTIAN INLET STATE PARK, FL US","27.862","-80.445","10.0","2020-05-25","9999.9"," 0","000000",,"999.9",,"  79.0","*","  72.9","*"," 19.0",," 0.00","I","1014.3","24","999.9",,"999.9"," 0","  76.5","24"
"99495199999","SEBASTIAN INLET STATE PARK, FL US","27.862","-80.445","10.0","2020-05-26","9999.9"," 0","000000",,"999.9",,"  83.5","*","  73.9","*"," 22.9",," 0.00","I","1011.9","24","999.9",,"999.9"," 0","  77.7","24"
"99495199999","SEBASTIAN INLET STATE PARK, FL US","27.862","-80.445","10.0","2020-05-27","9999.9"," 0","000000",,"999.9",,"  83.3","*","  72.1","*"," 13.0",," 0.00","I","1014.6","24","999.9",,"999.9"," 0","  76.9","24"
"99495199999","SEBASTIAN INLET STATE PARK, FL US","27.862","-80.445","10.0","2020-05-28","9999.9"," 0","000000",,"999.9",,"  81.3","*","  73.9","*"," 14.0",," 0.00","I","1018.2","24","999.9",,"999.9"," 0","  78.0","24"
"99495199999","SEBASTIAN INLET STATE PARK, FL US","27.862","-80.445","10.0","2020-05-29","9999.9"," 0","000000",,"999.9",,"  80.6","*","  72.5","*"," 15.9",," 0.00","I","1018.8","24","999.9",,"999.9"," 0","  77.7","24"
"99495199999","SEBASTIAN INLET STATE PARK, FL US","27.862","-80.445","10.0","2020-05-30","9999.9"," 0","000000",,"999.9",,"  81.0","*","  77.7","*"," 14.0",," 0.00","I","1017.8","24","999.9",,"999.9"," 0","  79.6","24"
"99495199999","SEBASTIAN INLET STATE PARK, FL US","27.862","-80.445","10.0","2020-05-31","9999.9"," 0","000000",,"999.9",,"  81.7","*","  75.9","*"," 11.1",," 0.00","I","1017.1","24","999.9",,"999.9"," 0","  78.7","24"
"99495199999","SEBASTIAN INLET STATE PARK, FL US","27.862","-80.445","10.0","2020-06-01","9999.9"," 0","000000",,"999.9",,"  81.0","*","  76.6","*"," 15.0",," 0.00","I","1018.2","24","999.9",,"999.9"," 0","  79.1","24"
"99495199999","SEBASTIAN INLET STATE PARK, FL US","27.862","-80.445","10.0","2020-06-02","9999.9"," 0","000000",,"999.9",,"  79.9","*","  73.9","*"," 19.0",," 0.00","I","1020.2","24","999.9",,"999.9"," 0","  77.1","24"
"99495199999","SEBASTIAN INLET STATE PARK, FL US","27.862","-80.445","10.0","2020-06-03","9999.9"," 0","000000",,"999.9",,"  78.4","*","  73.4","*"," 17.1",," 0.00","I","1018.6","24","999.9",,"999.9"," 0","  76.8","24"
"99495199999","SEBASTIAN INLET STATE PARK, FL US","27.862","-80.445","10.0","2020-06-04","9999.9"," 0","000000",,"999.9",,"  77.2","*","  72.3","*"," 18.1",," 0.00","I","1016.8","23","999.9",,"999.9"," 0","  75.9","23"
"99495199999","SEBASTIAN INLET STATE PARK, FL US","27.862","-80.445","10.0","2020-06-05","9999.9"," 0","000000",,"999.9",,"  79.3","*","  72.3","*"," 12.0",," 0.00","I","1017.7","24","999.9",,"999.9"," 0","  75.8","24"
"99495199999","SEBASTIAN INLET STATE PARK, FL US","27.862","-80.445","10.0","2020-06-06","9999.9"," 0","000000",,"999.9",,"  80.2","*","  74.5","*"," 15.0",," 0.00","I","1017.0","24","999.9",,"999.9"," 0","  78.8","24"
"99495199999","SEBASTIAN INLET STATE PARK, FL US","27.862","-80.445","10.0","2020-06-07","9999.9"," 0","000000",,"999.9",,"  84.0","*","  79.0","*"," 13.0",," 0.00","I","1015.4","24","999.9",,"999.9"," 0","  80.4","24"
"99495199999","SEBASTIAN INLET STATE PARK, FL US","27.862","-80.445","10.0","2020-06-08","9999.9"," 0","000000",,"999.9",,"  86.2","*","  78.8","*"," 15.0",," 0.00","I","1015.6","24","999.9",,"999.9"," 0","  80.3","24"
"99495199999","SEBASTIAN INLET STATE PARK, FL US","27.862","-80.445","10.0","2020-06-09","9999.9"," 0","000000",,"999.9",,"  85.3","*","  78.6","*","  8.9",," 0.00","I","1016.1","24","999.9",,"999.9"," 0","  80.6","24"
"99495199999","SEBASTIAN INLET STATE PARK, FL US","27.862","-80.445","10.0","2020-06-10","9999.9"," 0","000000",,"999.9",,"  82.6","*","  79.3","*"," 11.1",," 0.00","I","1017.2","24","999.9",,"999.9"," 0","  81.0","24"
"99495199999","SEBASTIAN INLET STATE PARK, FL US","27.862","-80.445","10.0","2020-06-11","9999.9"," 0","000000",,"999.9",,"  81.9","*","  77.4","*"," 11.1",," 0.00","I","1019.0","24","999.9",,"999.9"," 0","  80.3","24"
"99495199999","SEBASTIAN INLET STATE PARK, FL US","27.862","-80.445","10.0","2020-06-12","9999.9"," 0","000000",,"999.9",,"  80.1","*","  78.6","*"," 12.0",," 0.00","I","1018.4","24","999.9",,"999.9"," 0","  79.5","24"
"99495199999","SEBASTIAN INLET STATE PARK, FL US","27.862","-80.445","10.0","2020-06-13","9999.9"," 0","000000",,"999.9",,"  80.2","*","  78.3","*"," 14.0",," 0.00","I","1016.0","24","999.9",,"999.9"," 0","  79.4","24"
"99495199999","SEBASTIAN INLET STATE PARK, FL US","27.862","-80.445","10.0","2020-06-14","9999.9"," 0","000000",,"999.9",,"  83.5","*","  78.3","*"," 12.0",," 0.00","I","1016.9","24","999.9",,"999.9"," 0","  79.5","24"
"99495199999","SEBASTIAN INLET STATE PARK, FL US","27.862","-80.445","10.0","2020-06-15","9999.9"," 0","000000",,"999.9",,"  79.0","*","  76.6","*"," 20.0",," 0.00","I","1017.6","24","999.9",,"999.9"," 0","  77.9","24"
"99495199999","SEBASTIAN INLET STATE PARK, FL US","27.862","-80.445","10.0","2020-06-16","9999.9"," 0","000000",,"999.9",,"  77.4","*","  75.9","*"," 19.0",," 0.00","I","1018.5","24","999.9",,"999.9"," 0","  76.6","24"
"99495199999","SEBASTIAN INLET STATE PARK, FL US","27.862","-80.445","10.0","2020-06-17","9999.9"," 0","000000",,"999.9",,"  79.7","*","  76.1","*"," 17.1",," 0.00","I","1019.0","24","999.9",,"999.9"," 0","  77.8","24"
"99495199999","SEBASTIAN INLET STATE PARK, FL US","27.862","-80.445","10.0","2020-06-18","9999.9"," 0","000000",,"999.9",,"  80.6","*","  75.4","*"," 18.1",," 0.00","I","1018.0","24","999.9",,"999.9"," 0","  78.8","24"
"99495199999","SEBASTIAN INLET STATE PARK, FL US","27.862","-80.445","10.0","2020-06-19","9999.9"," 0","000000",,"999.9",,"  80.4","*","  75.0","*"," 15.9",," 0.00","I","1018.2","24","999.9",,"999.9"," 0","  77.9","24"
"99495199999","SEBASTIAN INLET STATE PARK, FL US","27.862","-80.445","10.0","2020-06-20","9999.9"," 0","000000",,"999.9",,"  81.9","*","  75.0","*"," 12.0",," 0.00","I","1018.3","24","999.9",,"999.9"," 0","  78.2","24"
"99495199999","SEBASTIAN INLET STATE PARK, FL US","27.862","-80.445","10.0","2020-06-21","9999.9"," 0","000000",,"999.9",,"  83.5","*","  74.3","*"," 17.1",," 0.00","I","1018.2","24","999.9",,"999.9"," 0","  79.5","24"
"99495199999","SEBASTIAN INLET STATE PARK, FL US","27.862","-80.445","10.0","2020-06-22","9999.9"," 0","000000",,"999.9",,"  82.9","*","  76.6","*"," 15.0",," 0.00","I","1019.1","24","999.9",,"999.9"," 0","  80.3","24"
"99495199999","SEBASTIAN INLET STATE PARK, FL US","27.862","-80.445","10.0","2020-06-23","9999.9"," 0","000000",,"999.9",,"  84.7","*","  77.7","*"," 15.9",," 0.00","I","1018.2","24","999.9",,"999.9"," 0","  81.4","24"
"99495199999","SEBASTIAN INLET STATE PARK, FL US","27.862","-80.445","10.0","2020-06-24","9999.9"," 0","000000",,"999.9",,"  83.5","*","  77.0","*"," 14.0",," 0.00","I","1017.4","24","999.9",,"999.9"," 0","  80.6","24"
"99495199999","SEBASTIAN INLET STATE PARK, FL US","27.862","-80.445","10.0","2020-06-25","9999.9"," 0","000000",,"999.9",,"  84.4","*","  79.7","*"," 13.0",," 0.00","I","1019.5","24","999.9",,"999.9"," 0","  82.7","24"
"99495199999","SEBASTIAN INLET STATE PARK, FL US","27.862","-80.445","10.0","2020-06-26","9999.9"," 0","000000",,"999.9",,"  84.2","*","  79.7","*","  9.9",," 0.00","I","1022.2","24","999.9",,"999.9"," 0","  82.1","24"
"99495199999","SEBASTIAN INLET STATE PARK, FL US","27.862","-80.445","10.0","2020-06-27","9999.9"," 0","000000",,"999.9",,"  83.7","*","  81.1","*","  9.9",," 0.00","I","1021.0","24","999.9",,"999.9"," 0","  82.7","24"
"99495199999","SEBASTIAN INLET STATE PARK, FL US","27.862","-80.445","10.0","2020-06-28","9999.9"," 0","000000",,"999.9",,"  84.7","*","  78.3","*"," 12.0",," 0.00","I","1018.5","24","999.9",,"999.9"," 0","  82.1","24"
"99495199999","SEBASTIAN INLET STATE PARK, FL US","27.862","-80.445","10.0","2020-06-29","9999.9"," 0","000000",,"999.9",,"  83.8","*","  78.3","*"," 12.0",," 0.00","I","1017.7","24","999.9",,"999.9"," 0","  81.8","24"
"99495199999","SEBASTIAN INLET STATE PARK, FL US","27.862","-80.445","10.0","2020-06-30","9999.9"," 0","000000",,"999.9",,"  84.2","*","  78.4","*"," 15.0",," 0.00","I","1016.1","24","999.9",,"999.9"," 0","  82.3","24"
"99495199999","SEBASTIAN INLET STATE PARK, FL US","27.862","-80.445","10.0","2020-07-01","9999.9"," 0","000000",,"999.9",,"  89.4","*","  75.6","*"," 22.0",," 0.00","I","1015.6","24","999.9",,"999.9"," 0","  81.1","24"
"99495199999","SEBASTIAN INLET STATE PARK, FL US","27.862","-80.445","10.0","2020-07-02","9999.9"," 0","000000",,"999.9",,"  87.1","*","  76.5","*"," 21.0",," 0.00","I","1015.5","24","999.9",,"999.9"," 0","  79.6","24"
"99495199999","SEBASTIAN INLET STATE PARK, FL US","27.862","-80.445","10.0","2020-07-03","9999.9"," 0","000000",,"999.9",,"  86.2","*","  77.2","*"," 15.9",," 0.00","I","1014.5","24","999.9",,"999.9"," 0","  80.6","24"
"99495199999","SEBASTIAN INLET STATE PARK, FL US","27.862","-80.445","10.0","2020-07-04","9999.9"," 0","000000",,"999.9",,"  84.0","*","  72.1","*"," 11.1",," 0.00","I","1014.2","24","999.9",,"999.9"," 0","  80.8","24"
"99495199999","SEBASTIAN INLET STATE PARK, FL US","27.862","-80.445","10.0","2020-07-05","9999.9"," 0","000000",,"999.9",,"  86.4","*","  75.9","*"," 19.0",," 0.00","I","1015.5","24","999.9",,"999.9"," 0","  79.4","24"
"99495199999","SEBASTIAN INLET STATE PARK, FL US","27.862","-80.445","10.0","2020-07-06","9999.9"," 0","000000",,"999.9",,"  82.8","*","  73.0","*"," 18.1",," 0.00","I","1018.0","24","999.9",,"999.9"," 0","  77.5","24"
"99495199999","SEBASTIAN INLET STATE PARK, FL US","27.862","-80.445","10.0","2020-07-07","9999.9"," 0","000000",,"999.9",,"  86.2","*","  74.5","*"," 17.1",," 0.00","I","1019.0","24","999.9",,"999.9"," 0","  79.1","24"
"99495199999","SEBASTIAN INLET STATE PARK, FL US","27.862","-80.445","10.0","2020-07-08","9999.9"," 0","000000",,"999.9",,"  87.6","*","  77.4","*"," 17.1",," 0.00","I","1016.6","24","999.9",,"999.9"," 0","  80.9","24"
"99495199999","SEBASTIAN INLET STATE PARK, FL US","27.862","-80.445","10.0","2020-07-09","9999.9"," 0","000000",,"999.9",,"  90.9","*","  77.2","*"," 11.1",," 0.00","I","1014.2","24","999.9",,"999.9"," 0","  82.7","24"
"99495199999","SEBASTIAN INLET STATE PARK, FL US","27.862","-80.445","10.0","2020-07-10","9999.9"," 0","000000",,"999.9",,"  86.4","*","  79.0","*"," 14.0",," 0.00","I","1014.5","24","999.9",,"999.9"," 0","  82.1","24"
"99495199999","SEBASTIAN INLET STATE PARK, FL US","27.862","-80.445","10.0","2020-07-11","9999.9"," 0","000000",,"999.9",,"  89.2","*","  76.5","*"," 13.0",," 0.00","I","1014.0","24","999.9",,"999.9"," 0","  81.5","24"
"99495199999","SEBASTIAN INLET STATE PARK, FL US","27.862","-80.445","10.0","2020-07-12","9999.9"," 0","000000",,"999.9",,"  84.2","*","  77.9","*"," 21.0",," 0.00","I","1013.5","24","999.9",,"999.9"," 0","  80.1","24"
"99495199999","SEBASTIAN INLET STATE PARK, FL US","27.862","-80.445","10.0","2020-07-13","9999.9"," 0","000000",,"999.9",,"  91.8","*","  76.8","*"," 12.0",," 0.00","I","1014.4","24","999.9",,"999.9"," 0","  82.2","24"
"99495199999","SEBASTIAN INLET STATE PARK, FL US","27.862","-80.445","10.0","2020-07-14","9999.9"," 0","000000",,"999.9",,"  87.8","*","  78.4","*","  9.9",," 0.00","I","1016.7","24","999.9",,"999.9"," 0","  81.7","24"
"99495199999","SEBASTIAN INLET STATE PARK, FL US","27.862","-80.445","10.0","2020-07-15","9999.9"," 0","000000",,"999.9",,"  82.8","*","  78.6","*","  8.9",," 0.00","I","1018.5","24","999.9",,"999.9"," 0","  80.6","24"
"99495199999","SEBASTIAN INLET STATE PARK, FL US","27.862","-80.445","10.0","2020-07-16","9999.9"," 0","000000",,"999.9",,"  83.8","*","  76.8","*"," 13.0",," 0.00","I","1019.3","24","999.9",,"999.9"," 0","  80.4","24"
"99495199999","SEBASTIAN INLET STATE PARK, FL US","27.862","-80.445","10.0","2020-07-17","9999.9"," 0","000000",,"999.9",,"  83.7","*","  82.0","*"," 15.0",," 0.00","I","1019.8","24","999.9",,"999.9"," 0","  83.0","24"
"99495199999","SEBASTIAN INLET STATE PARK, FL US","27.862","-80.445","10.0","2020-07-18","9999.9"," 0","000000",,"999.9",,"  83.3","*","  77.9","*"," 17.1",," 0.00","I","1019.1","24","999.9",,"999.9"," 0","  81.0","24"
"99495199999","SEBASTIAN INLET STATE PARK, FL US","27.862","-80.445","10.0","2020-07-19","9999.9"," 0","000000",,"999.9",,"  83.1","*","  81.9","*"," 13.0",," 0.00","I","1018.1","24","999.9",,"999.9"," 0","  82.6","24"
"99495199999","SEBASTIAN INLET STATE PARK, FL US","27.862","-80.445","10.0","2020-07-20","9999.9"," 0","000000",,"999.9",,"  83.5","*","  80.8","*"," 17.1",," 0.00","I","1017.5","24","999.9",,"999.9"," 0","  82.5","24"
"99495199999","SEBASTIAN INLET STATE PARK, FL US","27.862","-80.445","10.0","2020-07-21","9999.9"," 0","000000",,"999.9",,"  83.5","*","  80.6","*"," 20.0",," 0.00","I","1017.9","24","999.9",,"999.9"," 0","  82.4","24"
"99495199999","SEBASTIAN INLET STATE PARK, FL US","27.862","-80.445","10.0","2020-07-22","9999.9"," 0","000000",,"999.9",,"  82.8","*","  80.6","*"," 15.0",," 0.00","I","1018.3","20","999.9",,"999.9"," 0","  82.0","20"
"99495199999","SEBASTIAN INLET STATE PARK, FL US","27.862","-80.445","10.0","2020-07-23","9999.9"," 0","000000",,"999.9",,"  83.1","*","  81.1","*"," 15.9",," 0.00","I","1019.1","24","999.9",,"999.9"," 0","  82.2","24"
"99495199999","SEBASTIAN INLET STATE PARK, FL US","27.862","-80.445","10.0","2020-07-24","9999.9"," 0","000000",,"999.9",,"  83.3","*","  75.6","*"," 14.0",," 0.00","I","1019.9","24","999.9",,"999.9"," 0","  81.5","24"
"99495199999","SEBASTIAN INLET STATE PARK, FL US","27.862","-80.445","10.0","2020-07-25","9999.9"," 0","000000",,"999.9",,"  82.8","*","  79.5","*"," 14.0",," 0.00","I","1019.2","24","999.9",,"999.9"," 0","  82.1","24"
"99495199999","SEBASTIAN INLET STATE PARK, FL US","27.862","-80.445","10.0","2020-07-26","9999.9"," 0","000000",,"999.9",,"  82.6","*","  80.6","*"," 13.0",," 0.00","I","1019.5","24","999.9",,"999.9"," 0","  81.7","24"
"99495199999","SEBASTIAN INLET STATE PARK, FL US","27.862","-80.445","10.0","2020-07-27","9999.9"," 0","000000",,"999.9",,"  82.6","*","  73.6","*"," 18.1",," 0.00","I","1020.3","23","999.9",,"999.9"," 0","  78.2","23"
"99495199999","SEBASTIAN INLET STATE PARK, FL US","27.862","-80.445","10.0","2020-07-28","9999.9"," 0","000000",,"999.9",,"  82.6","*","  73.0","*"," 14.0",," 0.00","I","1019.9","24","999.9",,"999.9"," 0","  77.8","24"
"99495199999","SEBASTIAN INLET STATE PARK, FL US","27.862","-80.445","10.0","2020-07-29","9999.9"," 0","000000",,"999.9",,"  83.5","*","  75.7","*","  9.9",," 0.00","I","1020.3","24","999.9",,"999.9"," 0","  80.0","24"
"99495199999","SEBASTIAN INLET STATE PARK, FL US","27.862","-80.445","10.0","2020-07-30","9999.9"," 0","000000",,"999.9",,"  83.5","*","  78.8","*"," 12.0",," 0.00","I","1019.2","24","999.9",,"999.9"," 0","  82.0","24"
"99495199999","SEBASTIAN INLET STATE PARK, FL US","27.862","-80.445","10.0","2020-07-31","9999.9"," 0","000000",,"999.9",,"  84.4","*","  82.2","*"," 12.0",," 0.00","I","1017.5","24","999.9",,"999.9"," 0","  83.2","24"
"99495199999","SEBASTIAN INLET STATE PARK, FL US","27.862","-80.445","10.0","2020-08-01","9999.9"," 0","000000",,"999.9",,"  84.0","*","  80.1","*"," 18.1",," 0.00","I","1016.0","24","999.9",,"999.9"," 0","  82.7","24"
"99495199999","SEBASTIAN INLET STATE PARK, FL US","27.862","-80.445","10.0","2020-08-02","9999.9"," 0","000000",,"999.9",,"  83.5","*","  80.2","*"," 33.0",," 0.00","I","1010.6","24","999.9",,"999.9"," 0","  81.7","24"
"99495199999","SEBASTIAN INLET STATE PARK, FL US","27.862","-80.445","10.0","2020-08-03","9999.9"," 0","000000",,"999.9",,"  90.1","*","  76.6","*"," 33.0",," 0.00","I","1011.3","24","999.9",,"999.9"," 0","  81.5","24"
"99495199999","SEBASTIAN INLET STATE PARK, FL US","27.862","-80.445","10.0","2020-08-04","9999.9"," 0","000000",,"999.9",,"  84.7","*","  77.5","*"," 17.1",," 0.00","I","1015.2","24","999.9",,"999.9"," 0","  81.1","24"
"99495199999","SEBASTIAN INLET STATE PARK, FL US","27.862","-80.445","10.0","2020-08-05","9999.9"," 0","000000",,"999.9",,"  83.7","*","  75.2","*"," 11.1",," 0.00","I","1017.0","24","999.9",,"999.9"," 0","  80.1","24"
"99495199999","SEBASTIAN INLET STATE PARK, FL US","27.862","-80.445","10.0","2020-08-06","9999.9"," 0","000000",,"999.9",,"  83.8","*","  74.7","*"," 12.0",," 0.00","I","1017.5","24","999.9",,"999.9"," 0","  80.3","24"
"99495199999","SEBASTIAN INLET STATE PARK, FL US","27.862","-80.445","10.0","2020-08-07","9999.9"," 0","000000",,"999.9",,"  84.2","*","  77.5","*"," 12.0",," 0.00","I","1019.0","24","999.9",,"999.9"," 0","  81.8","24"
"99495199999","SEBASTIAN INLET STATE PARK, FL US","27.862","-80.445","10.0","2020-08-08","9999.9"," 0","000000",,"999.9",,"  84.2","*","  77.0","*"," 11.1",," 0.00","I","1021.0","24","999.9",,"999.9"," 0","  81.1","24"
"99495199999","SEBASTIAN INLET STATE PARK, FL US","27.862","-80.445","10.0","2020-08-09","9999.9"," 0","000000",,"999.9",,"  85.1","*","  82.6","*","  9.9",," 0.00","I","1021.4","24","999.9",,"999.9"," 0","  83.7","24"
"99495199999","SEBASTIAN INLET STATE PARK, FL US","27.862","-80.445","10.0","2020-08-10","9999.9"," 0","000000",,"999.9",,"  84.2","*","  79.9","*","  9.9",," 0.00","I","1020.2","24","999.9",,"999.9"," 0","  82.8","24"
"99495199999","SEBASTIAN INLET STATE PARK, FL US","27.862","-80.445","10.0","2020-08-11","9999.9"," 0","000000",,"999.9",,"  84.9","*","  79.5","*","  9.9",," 0.00","I","1017.7","24","999.9",,"999.9"," 0","  83.0","24"
"99495199999","SEBASTIAN INLET STATE PARK, FL US","27.862","-80.445","10.0","2020-08-12","9999.9"," 0","000000",,"999.9",,"  84.2","*","  73.9","*","  9.9",," 0.00","I","1017.6","22","999.9",,"999.9"," 0","  80.7","22"
"99495199999","SEBASTIAN INLET STATE PARK, FL US","27.862","-80.445","10.0","2020-08-13","9999.9"," 0","000000",,"999.9",,"  84.7","*","  81.1","*"," 12.0",," 0.00","I","1017.6","24","999.9",,"999.9"," 0","  83.5","24"
"99495199999","SEBASTIAN INLET STATE PARK, FL US","27.862","-80.445","10.0","2020-08-14","9999.9"," 0","000000",,"999.9",,"  84.7","*","  79.3","*"," 14.0",," 0.00","I","1016.7","24","999.9",,"999.9"," 0","  83.1","24"
"99495199999","SEBASTIAN INLET STATE PARK, FL US","27.862","-80.445","10.0","2020-08-15","9999.9"," 0","000000",,"999.9",,"  86.2","*","  78.8","*"," 15.9",," 0.00","I","1015.7","24","999.9",,"999.9"," 0","  82.5","24"
"99495199999","SEBASTIAN INLET STATE PARK, FL US","27.862","-80.445","10.0","2020-08-16","9999.9"," 0","000000",,"999.9",,"  87.8","*","  78.3","*"," 17.1",," 0.00","I","1015.1","24","999.9",,"999.9"," 0","  82.3","24"
"99495199999","SEBASTIAN INLET STATE PARK, FL US","27.862","-80.445","10.0","2020-08-17","9999.9"," 0","000000",,"999.9",,"  85.8","*","  74.3","*"," 20.0",," 0.00","I","1015.5","24","999.9",,"999.9"," 0","  81.5","24"
"99495199999","SEBASTIAN INLET STATE PARK, FL US","27.862","-80.445","10.0","2020-08-18","9999.9"," 0","000000",,"999.9",,"  84.4","*","  75.2","*"," 19.0",," 0.00","I","1014.6","24","999.9",,"999.9"," 0","  79.6","24"
"99495199999","SEBASTIAN INLET STATE PARK, FL US","27.862","-80.445","10.0","2020-08-19","9999.9"," 0","000000",,"999.9",,"  86.5","*","  76.1","*"," 19.0",," 0.00","I","1013.8","24","999.9",,"999.9"," 0","  80.7","24"
"99495199999","SEBASTIAN INLET STATE PARK, FL US","27.862","-80.445","10.0","2020-08-20","9999.9"," 0","000000",,"999.9",,"  82.2","*","  75.4","*","  9.9",," 0.00","I","1014.2","24","999.9",,"999.9"," 0","  78.7","24"
"99495199999","SEBASTIAN INLET STATE PARK, FL US","27.862","-80.445","10.0","2020-08-21","9999.9"," 0","000000",,"999.9",,"  89.6","*","  75.0","*","999.9",," 0.00","I","1014.9","24","999.9",,"999.9"," 0","  81.1","24"
"99495199999","SEBASTIAN INLET STATE PARK, FL US","27.862","-80.445","10.0","2020-08-22","9999.9"," 0","000000",,"999.9",,"  84.6","*","  80.2","*","999.9",," 0.00","I","1015.6","24","999.9",,"999.9"," 0","  82.8","24"
"99495199999","SEBASTIAN INLET STATE PARK, FL US","27.862","-80.445","10.0","2020-08-23","9999.9"," 0","000000",,"999.9",,"  84.9","*","  81.9","*","999.9",," 0.00","I","1016.6","24","999.9",,"999.9"," 0","  83.7","24"
"99495199999","SEBASTIAN INLET STATE PARK, FL US","27.862","-80.445","10.0","2020-08-24","9999.9"," 0","000000",,"999.9",,"  84.7","*","  81.5","*","999.9",," 0.00","I","1016.1","24","999.9",,"999.9"," 0","  84.0","24"
"99495199999","SEBASTIAN INLET STATE PARK, FL US","27.862","-80.445","10.0","2020-08-25","9999.9"," 0","000000",,"999.9",,"  84.6","*","  83.5","*","999.9",," 0.00","I","1016.8","16","999.9",,"999.9"," 0","  84.0","16"
"99495199999","SEBASTIAN INLET STATE PARK, FL US","27.862","-80.445","10.0","2020-08-26","9999.9"," 0","000000",,"999.9",,"  84.6","*","  81.0","*","999.9",," 0.00","I","1016.9","18","999.9",,"999.9"," 0","  83.8","18"
"99495199999","SEBASTIAN INLET STATE PARK, FL US","27.862","-80.445","10.0","2020-08-27","9999.9"," 0","000000",,"999.9",,"  84.6","*","  80.4","*","999.9",," 0.00","I","1017.8","24","999.9",,"999.9"," 0","  83.3","24"
"99495199999","SEBASTIAN INLET STATE PARK, FL US","27.862","-80.445","10.0","2020-08-28","9999.9"," 0","000000",,"999.9",,"  85.8","*","  79.5","*","999.9",," 0.00","I","1018.3","24","999.9",,"999.9"," 0","  82.8","24"
"99495199999","SEBASTIAN INLET STATE PARK, FL US","27.862","-80.445","10.0","2020-08-29","9999.9"," 0","000000",,"999.9",,"  87.4","*","  79.3","*","999.9",," 0.00","I","1017.0","24","999.9",,"999.9"," 0","  83.1","24"
"99495199999","SEBASTIAN INLET STATE PARK, FL US","27.862","-80.445","10.0","2020-08-30","9999.9"," 0","000000",,"999.9",,"  88.0","*","  77.0","*","999.9",," 0.00","I","1014.8","24","999.9",,"999.9"," 0","  79.8","24"
"99495199999","SEBASTIAN INLET STATE PARK, FL US","27.862","-80.445","10.0","2020-08-31","9999.9"," 0","000000",,"999.9",,"  87.4","*","  76.3","*","999.9",," 0.00","I","1015.8","15","999.9",,"999.9"," 0","  80.5","15"
"99495199999","SEBASTIAN INLET STATE PARK, FL US","27.862","-80.445","10.0","2020-09-01","9999.9"," 0","000000",,"999.9",,"  83.8","*","  76.5","*","999.9",," 0.00","I","1017.2","24","999.9",,"999.9"," 0","  79.9","24"
"99495199999","SEBASTIAN INLET STATE PARK, FL US","27.862","-80.445","10.0","2020-09-02","9999.9"," 0","000000",,"999.9",,"  86.2","*","  80.1","*","999.9",," 0.00","I","1017.2","24","999.9",,"999.9"," 0","  82.5","24"
"99495199999","SEBASTIAN INLET STATE PARK, FL US","27.862","-80.445","10.0","2020-09-03","9999.9"," 0","000000",,"999.9",,"  84.6","*","  82.4","*","999.9",," 0.00","I","1016.8","24","999.9",,"999.9"," 0","  83.5","24"
"99495199999","SEBASTIAN INLET STATE PARK, FL US","27.862","-80.445","10.0","2020-09-04","9999.9"," 0","000000",,"999.9",,"  84.4","*","  80.4","*","999.9",," 0.00","I","1018.0","24","999.9",,"999.9"," 0","  82.8","24"
"99495199999","SEBASTIAN INLET STATE PARK, FL US","27.862","-80.445","10.0","2020-09-05","9999.9"," 0","000000",,"999.9",,"  84.4","*","  79.9","*","999.9",," 0.00","I","1019.5","24","999.9",,"999.9"," 0","  82.8","24"
"99495199999","SEBASTIAN INLET STATE PARK, FL US","27.862","-80.445","10.0","2020-09-06","9999.9"," 0","000000",,"999.9",,"  83.3","*","  76.8","*","999.9",," 0.00","I","1017.4","23","999.9",,"999.9"," 0","  81.7","23"
"99495199999","SEBASTIAN INLET STATE PARK, FL US","27.862","-80.445","10.0","2020-09-07","9999.9"," 0","000000",,"999.9",,"  81.1","*","  76.5","*","999.9",," 0.00","I","1014.2","23","999.9",,"999.9"," 0","  78.6","23"
"99495199999","SEBASTIAN INLET STATE PARK, FL US","27.862","-80.445","10.0","2020-09-08","9999.9"," 0","000000",,"999.9",,"  82.0","*","  76.1","*","999.9",," 0.00","I","1012.3","24","999.9",,"999.9"," 0","  79.3","24"
"99495199999","SEBASTIAN INLET STATE PARK, FL US","27.862","-80.445","10.0","2020-09-09","9999.9"," 0","000000",,"999.9",,"  85.5","*","  77.7","*","999.9",," 0.00","I","1014.8","24","999.9",,"999.9"," 0","  80.9","24"
"99495199999","SEBASTIAN INLET STATE PARK, FL US","27.862","-80.445","10.0","2020-09-10","9999.9"," 0","000000",,"999.9",,"  82.9","*","  76.5","*","999.9",," 0.00","I","1017.7","24","999.9",,"999.9"," 0","  80.8","24"
"99495199999","SEBASTIAN INLET STATE PARK, FL US","27.862","-80.445","10.0","2020-09-11","9999.9"," 0","000000",,"999.9",,"  83.3","*","  80.6","*","999.9",," 0.00","I","1014.6","24","999.9",,"999.9"," 0","  81.9","24"
"99495199999","SEBASTIAN INLET STATE PARK, FL US","27.862","-80.445","10.0","2020-09-12","9999.9"," 0","000000",,"999.9",,"  82.6","*","  77.2","*","999.9",," 0.00","I","1011.3","24","999.9",,"999.9"," 0","  80.9","24"
"99495199999","SEBASTIAN INLET STATE PARK, FL US","27.862","-80.445","10.0","2020-09-13","9999.9"," 0","000000",,"999.9",,"  82.6","*","  75.4","*","999.9",," 0.00","I","1013.0","24","999.9",,"999.9"," 0","  80.6","24"
"99495199999","SEBASTIAN INLET STATE PARK, FL US","27.862","-80.445","10.0","2020-09-14","9999.9"," 0","000000",,"999.9",,"  83.3","*","  81.0","*","999.9",," 0.00","I","1015.6","24","999.9",,"999.9"," 0","  82.5","24"
"99495199999","SEBASTIAN INLET STATE PARK, FL US","27.862","-80.445","10.0","2020-09-15","9999.9"," 0","000000",,"999.9",,"  83.1","*","  81.0","*","999.9",," 0.00","I","1016.8","24","999.9",,"999.9"," 0","  82.3","24"
"99495199999","SEBASTIAN INLET STATE PARK, FL US","27.862","-80.445","10.0","2020-09-16","9999.9"," 0","000000",,"999.9",,"  83.1","*","  76.6","*","999.9",," 0.00","I","1015.7","18","999.9",,"999.9"," 0","  80.4","18"
"99495199999","SEBASTIAN INLET STATE PARK, FL US","27.862","-80.445","10.0","2020-09-17","9999.9"," 0","000000",,"999.9",,"  89.6","*","  77.7","*","999.9",," 0.00","I","1013.5","24","999.9",,"999.9"," 0","  82.2","24"
"99495199999","SEBASTIAN INLET STATE PARK, FL US","27.862","-80.445","10.0","2020-09-18","9999.9"," 0","000000",,"999.9",,"  87.6","*","  78.6","*","999.9",," 0.00","I","1012.2","24","999.9",,"999.9"," 0","  81.8","24"
"99495199999","SEBASTIAN INLET STATE PARK, FL US","27.862","-80.445","10.0","2020-09-19","9999.9"," 0","000000",,"999.9",,"  83.7","*","  79.5","*","999.9",," 0.00","I","1013.2","24","999.9",,"999.9"," 0","  81.3","24"
"99495199999","SEBASTIAN INLET STATE PARK, FL US","27.862","-80.445","10.0","2020-09-20","9999.9"," 0","000000",,"999.9",,"  82.9","*","  77.4","*","999.9",," 0.00","I","1013.0","24","999.9",,"999.9"," 0","  80.2","24"
"99495199999","SEBASTIAN INLET STATE PARK, FL US","27.862","-80.445","10.0","2020-09-21","9999.9"," 0","000000",,"999.9",,"  82.2","*","  76.3","*","999.9",," 0.00","I","1016.5","24","999.9",,"999.9"," 0","  81.3","24"
"99495199999","SEBASTIAN INLET STATE PARK, FL US","27.862","-80.445","10.0","2020-09-22","9999.9"," 0","000000",,"999.9",,"  80.6","*","  79.0","*","999.9",," 0.00","I","1017.6","24","999.9",,"999.9"," 0","  80.2","24"
"99495199999","SEBASTIAN INLET STATE PARK, FL US","27.862","-80.445","10.0","2020-09-23","9999.9"," 0","000000",,"999.9",,"  80.4","*","  78.3","*","999.9",," 0.00","I","1016.9","24","999.9",,"999.9"," 0","  79.8","24"
"99495199999","SEBASTIAN INLET STATE PARK, FL US","27.862","-80.445","10.0","2020-09-24","9999.9"," 0","000000",,"999.9",,"  81.7","*","  76.5","*","999.9",," 0.00","I","1015.9","24","999.9",,"999.9"," 0","  80.4","24"
"99495199999","SEBASTIAN INLET STATE PARK, FL US","27.862","-80.445","10.0","2020-09-25","9999.9"," 0","000000",,"999.9",,"  82.2","*","  76.5","*","999.9",," 0.00","I","1015.7","24","999.9",,"999.9"," 0","  79.6","24"
"99495199999","SEBASTIAN INLET STATE PARK, FL US","27.862","-80.445","10.0","2020-09-26","9999.9"," 0","000000",,"999.9",,"  82.6","*","  75.2","*","999.9",," 0.00","I","1016.0","24","999.9",,"999.9"," 0","  78.5","24"
"99495199999","SEBASTIAN INLET STATE PARK, FL US","27.862","-80.445","10.0","2020-09-27","9999.9"," 0","000000",,"999.9",,"  82.9","*","  77.7","*","999.9",," 0.00","I","1015.1","24","999.9",,"999.9"," 0","  81.0","24"
"99495199999","SEBASTIAN INLET STATE PARK, FL US","27.862","-80.445","10.0","2020-09-28","9999.9"," 0","000000",,"999.9",,"  85.3","*","  81.7","*","999.9",," 0.00","I","1013.5","24","999.9",,"999.9"," 0","  82.6","24"
"99495199999","SEBASTIAN INLET STATE PARK, FL US","27.862","-80.445","10.0","2020-09-29","9999.9"," 0","000000",,"999.9",,"  87.4","*","  76.8","*","999.9",," 0.00","I","1012.4","24","999.9",,"999.9"," 0","  80.8","24"
"99495199999","SEBASTIAN INLET STATE PARK, FL US","27.862","-80.445","10.0","2020-09-30","9999.9"," 0","000000",,"999.9",,"  79.9","*","  69.8","*","999.9",," 0.00","I","1014.9","24","999.9",,"999.9"," 0","  75.2","24"
"99495199999","SEBASTIAN INLET STATE PARK, FL US","27.862","-80.445","10.0","2020-10-01","9999.9"," 0","000000",,"999.9",,"  80.1","*","  76.8","*","999.9",," 0.00","I","1015.5","24","999.9",,"999.9"," 0","  78.9","24"
"99495199999","SEBASTIAN INLET STATE PARK, FL US","27.862","-80.445","10.0","2020-10-02","9999.9"," 0","000000",,"999.9",,"  80.1","*","  76.6","*","999.9",," 0.00","I","1014.7","24","999.9",,"999.9"," 0","  78.3","24"
"99495199999","SEBASTIAN INLET STATE PARK, FL US","27.862","-80.445","10.0","2020-10-03","9999.9"," 0","000000",,"999.9",,"  79.5","*","  74.3","*","999.9",," 0.00","I","1015.2","24","999.9",,"999.9"," 0","  77.6","24"
"99495199999","SEBASTIAN INLET STATE PARK, FL US","27.862","-80.445","10.0","2020-10-04","9999.9"," 0","000000",,"999.9",,"  79.5","*","  74.3","*","999.9",," 0.00","I","1015.8","24","999.9",,"999.9"," 0","  77.1","24"
"99495199999","SEBASTIAN INLET STATE PARK, FL US","27.862","-80.445","10.0","2020-10-05","9999.9"," 0","000000",,"999.9",,"  82.2","*","  77.7","*","999.9",," 0.00","I","1015.2","24","999.9",,"999.9"," 0","  79.6","24"
"99495199999","SEBASTIAN INLET STATE PARK, FL US","27.862","-80.445","10.0","2020-10-06","9999.9"," 0","000000",,"999.9",,"  82.6","*","  81.3","*","999.9",," 0.00","I","1015.3","24","999.9",,"999.9"," 0","  82.0","24"
"99495199999","SEBASTIAN INLET STATE PARK, FL US","27.862","-80.445","10.0","2020-10-07","9999.9"," 0","000000",,"999.9",,"  82.8","*","  77.5","*","999.9",," 0.00","I","1015.8","24","999.9",,"999.9"," 0","  81.5","24"
"99495199999","SEBASTIAN INLET STATE PARK, FL US","27.862","-80.445","10.0","2020-10-08","9999.9"," 0","000000",,"999.9",,"  82.4","*","  81.3","*","999.9",," 0.00","I","1017.0","24","999.9",,"999.9"," 0","  82.0","24"
"99495199999","SEBASTIAN INLET STATE PARK, FL US","27.862","-80.445","10.0","2020-10-09","9999.9"," 0","000000",,"999.9",,"  82.4","*","  81.0","*","999.9",," 0.00","I","1017.9","24","999.9",,"999.9"," 0","  81.9","24"
"99495199999","SEBASTIAN INLET STATE PARK, FL US","27.862","-80.445","10.0","2020-10-10","9999.9"," 0","000000",,"999.9",,"  82.2","*","  76.8","*","999.9",," 0.00","I","1016.7","24","999.9",,"999.9"," 0","  81.0","24"
"99495199999","SEBASTIAN INLET STATE PARK, FL US","27.862","-80.445","10.0","2020-10-11","9999.9"," 0","000000",,"999.9",,"  87.1","*","  76.3","*","999.9",," 0.00","I","1014.5","24","999.9",,"999.9"," 0","  80.7","24"
"99495199999","SEBASTIAN INLET STATE PARK, FL US","27.862","-80.445","10.0","2020-10-12","9999.9"," 0","000000",,"999.9",,"  81.3","*","  76.6","*","999.9",," 0.00","I","1014.6","24","999.9",,"999.9"," 0","  79.1","24"
"99495199999","SEBASTIAN INLET STATE PARK, FL US","27.862","-80.445","10.0","2020-10-13","9999.9"," 0","000000",,"999.9",,"  80.6","*","  73.9","*","999.9",," 0.00","I","1015.1","24","999.9",,"999.9"," 0","  78.0","24"
"99495199999","SEBASTIAN INLET STATE PARK, FL US","27.862","-80.445","10.0","2020-10-14","9999.9"," 0","000000",,"999.9",,"  81.9","*","  75.4","*","999.9",," 0.00","I","1015.4","24","999.9",,"999.9"," 0","  79.6","24"
"99495199999","SEBASTIAN INLET STATE PARK, FL US","27.862","-80.445","10.0","2020-10-15","9999.9"," 0","000000",,"999.9",,"  82.0","*","  80.2","*","999.9",," 0.00","I","1015.5","24","999.9",,"999.9"," 0","  81.2","24"
"99495199999","SEBASTIAN INLET STATE PARK, FL US","27.862","-80.445","10.0","2020-10-16","9999.9"," 0","000000",,"999.9",,"  82.0","*","  78.8","*","999.9",," 0.00","I","1016.0","24","999.9",,"999.9"," 0","  80.8","24"
"99495199999","SEBASTIAN INLET STATE PARK, FL US","27.862","-80.445","10.0","2020-10-17","9999.9"," 0","000000",,"999.9",,"  81.9","*","  80.8","*","999.9",," 0.00","I","1018.4","24","999.9",,"999.9"," 0","  81.4","24"
"99495199999","SEBASTIAN INLET STATE PARK, FL US","27.862","-80.445","10.0","2020-10-18","9999.9"," 0","000000",,"999.9",,"  81.3","*","  78.4","*","999.9",," 0.00","I","1018.5","24","999.9",,"999.9"," 0","  80.5","24"
"99495199999","SEBASTIAN INLET STATE PARK, FL US","27.862","-80.445","10.0","2020-10-19","9999.9"," 0","000000",,"999.9",,"  81.5","*","  76.3","*","999.9",," 0.00","I","1016.8","23","999.9",,"999.9"," 0","  79.9","23"
"99495199999","SEBASTIAN INLET STATE PARK, FL US","27.862","-80.445","10.0","2020-10-20","9999.9"," 0","000000",,"999.9",,"  81.3","*","  77.7","*","999.9",," 0.00","I","1015.9","24","999.9",,"999.9"," 0","  80.5","24"
"99495199999","SEBASTIAN INLET STATE PARK, FL US","27.862","-80.445","10.0","2020-10-21","9999.9"," 0","000000",,"999.9",,"  81.5","*","  71.4","*","999.9",," 0.00","I","1016.5","24","999.9",,"999.9"," 0","  79.0","24"
"99495199999","SEBASTIAN INLET STATE PARK, FL US","27.862","-80.445","10.0","2020-10-22","9999.9"," 0","000000",,"999.9",,"  81.0","*","  76.1","*","999.9",," 0.00","I","1016.5","24","999.9",,"999.9"," 0","  79.3","24"
"99495199999","SEBASTIAN INLET STATE PARK, FL US","27.862","-80.445","10.0","2020-10-23","9999.9"," 0","000000",,"999.9",,"  80.8","*","  77.5","*","999.9",," 0.00","I","1016.5","24","999.9",,"999.9"," 0","  79.5","24"
"99495199999","SEBASTIAN INLET STATE PARK, FL US","27.862","-80.445","10.0","2020-10-24","9999.9"," 0","000000",,"999.9",,"  80.2","*","  79.0","*","999.9",," 0.00","I","1015.0","24","999.9",,"999.9"," 0","  79.7","24"
"99495199999","SEBASTIAN INLET STATE PARK, FL US","27.862","-80.445","10.0","2020-10-25","9999.9"," 0","000000",,"999.9",,"  81.5","*","  75.7","*","999.9",," 0.00","I","1012.9","24","999.9",,"999.9"," 0","  78.0","24"
"99495199999","SEBASTIAN INLET STATE PARK, FL US","27.862","-80.445","10.0","2020-10-26","9999.9"," 0","000000",,"999.9",,"  80.4","*","  74.1","*","999.9",," 0.00","I","1015.8","24","999.9",,"999.9"," 0","  78.1","24"
"99495199999","SEBASTIAN INLET STATE PARK, FL US","27.862","-80.445","10.0","2020-10-27","9999.9"," 0","000000",,"999.9",,"  81.0","*","  79.0","*","999.9",," 0.00","I","1018.8","24","999.9",,"999.9"," 0","  80.4","24"
"99495199999","SEBASTIAN INLET STATE PARK, FL US","27.862","-80.445","10.0","2020-10-28","9999.9"," 0","000000",,"999.9",,"  81.0","*","  80.2","*","999.9",," 0.00","I","1018.2","24","999.9",,"999.9"," 0","  80.6","24"
"99495199999","SEBASTIAN INLET STATE PARK, FL US","27.862","-80.445","10.0","2020-10-29","9999.9"," 0","000000",,"999.9",,"  87.1","*","  77.4","*","999.9",," 0.00","I","1014.9","24","999.9",,"999.9"," 0","  81.9","24"
"99495199999","SEBASTIAN INLET STATE PARK, FL US","27.862","-80.445","10.0","2020-10-30","9999.9"," 0","000000",,"999.9",,"  83.3","*","  72.5","*","999.9",," 0.00","I","1014.7","24","999.9",,"999.9"," 0","  76.1","24"
"99495199999","SEBASTIAN INLET STATE PARK, FL US","27.862","-80.445","10.0","2020-10-31","9999.9"," 0","000000",,"999.9",,"  79.7","*","  74.3","*","999.9",," 0.00","I","1019.2","24","999.9",,"999.9"," 0","  77.2","24"
"99495199999","SEBASTIAN INLET STATE PARK, FL US","27.862","-80.445","10.0","2020-11-01","9999.9"," 0","000000",,"999.9",,"  80.1","*","  73.2","*","999.9",," 0.00","I","1019.5","24","999.9",,"999.9"," 0","  78.3","24"
"99495199999","SEBASTIAN INLET STATE PARK, FL US","27.862","-80.445","10.0","2020-11-02","9999.9"," 0","000000",,"999.9",,"  78.1","*","  70.9","*","999.9",," 0.00","I","1018.8","24","999.9",,"999.9"," 0","  73.6","24"
"99495199999","SEBASTIAN INLET STATE PARK, FL US","27.862","-80.445","10.0","2020-11-03","9999.9"," 0","000000",,"999.9",,"  73.2","*","  70.5","*","999.9",," 0.00","I","1022.8","24","999.9",,"999.9"," 0","  71.9","24"
"99495199999","SEBASTIAN INLET STATE PARK, FL US","27.862","-80.445","10.0","2020-11-04","9999.9"," 0","000000",,"999.9",,"  76.1","*","  73.4","*","999.9",," 0.00","I","1023.7","23","999.9",,"999.9"," 0","  74.6","23"
"99495199999","SEBASTIAN INLET STATE PARK, FL US","27.862","-80.445","10.0","2020-11-06","9999.9"," 0","000000",,"999.9",,"  78.3","*","  77.0","*","999.9",," 0.00","I","1018.2","24","999.9",,"999.9"," 0","  77.7","24"
"99495199999","SEBASTIAN INLET STATE PARK, FL US","27.862","-80.445","10.0","2020-11-07","9999.9"," 0","000000",,"999.9",,"  78.4","*","  77.2","*","999.9",," 0.00","I","1015.9","24","999.9",,"999.9"," 0","  78.1","24"
"99495199999","SEBASTIAN INLET STATE PARK, FL US","27.862","-80.445","10.0","2020-11-08","9999.9"," 0","000000",,"999.9",,"  78.8","*","  74.7","*","999.9",," 0.00","I","1013.7","24","999.9",,"999.9"," 0","  77.9","24"
"99495199999","SEBASTIAN INLET STATE PARK, FL US","27.862","-80.445","10.0","2020-11-09","9999.9"," 0","000000",,"999.9",,"  79.3","*","  76.3","*","999.9",," 0.00","I","1010.7","24","999.9",,"999.9"," 0","  78.2","24"
"99495199999","SEBASTIAN INLET STATE PARK, FL US","27.862","-80.445","10.0","2020-11-10","9999.9"," 0","000000",,"999.9",,"  79.2","*","  72.3","*","999.9",," 0.00","I","1012.1","24","999.9",,"999.9"," 0","  77.9","24"
"99495199999","SEBASTIAN INLET STATE PARK, FL US","27.862","-80.445","10.0","2020-11-11","9999.9"," 0","000000",,"999.9",,"  79.9","*","  78.8","*","999.9",," 0.00","I","1011.9","24","999.9",,"999.9"," 0","  79.3","24"
"99495199999","SEBASTIAN INLET STATE PARK, FL US","27.862","-80.445","10.0","2020-11-12","9999.9"," 0","000000",,"999.9",,"  83.1","*","  75.2","*","999.9",," 0.00","I","1012.1","24","999.9",,"999.9"," 0","  78.8","24"
"99495199999","SEBASTIAN INLET STATE PARK, FL US","27.862","-80.445","10.0","2020-11-13","9999.9"," 0","000000",,"999.9",,"  79.3","*","  72.7","*","999.9",," 0.00","I","1015.7","24","999.9",,"999.9"," 0","  75.3","24"
"99495199999","SEBASTIAN INLET STATE PARK, FL US","27.862","-80.445","10.0","2020-11-14","9999.9"," 0","000000",,"999.9",,"  79.3","*","  75.0","*","999.9",," 0.00","I","1018.3","24","999.9",,"999.9"," 0","  77.4","24"
"99495199999","SEBASTIAN INLET STATE PARK, FL US","27.862","-80.445","10.0","2020-11-15","9999.9"," 0","000000",,"999.9",,"  78.6","*","  73.2","*","999.9",," 0.00","I","1018.8","24","999.9",,"999.9"," 0","  76.5","24"
"99495199999","SEBASTIAN INLET STATE PARK, FL US","27.862","-80.445","10.0","2020-11-16","9999.9"," 0","000000",,"999.9",,"  77.2","*","  73.4","*","999.9",," 0.00","I","1019.4","21","999.9",,"999.9"," 0","  75.3","21"
"99495199999","SEBASTIAN INLET STATE PARK, FL US","27.862","-80.445","10.0","2020-11-17","9999.9"," 0","000000",,"999.9",,"  75.9","*","  72.9","*","999.9",," 0.00","I","1021.6","24","999.9",,"999.9"," 0","  74.2","24"
"99495199999","SEBASTIAN INLET STATE PARK, FL US","27.862","-80.445","10.0","2020-11-18","9999.9"," 0","000000",,"999.9",,"  73.4","*","  71.6","*","999.9",," 0.00","I","1024.1","18","999.9",,"999.9"," 0","  72.4","18"
"99495199999","SEBASTIAN INLET STATE PARK, FL US","27.862","-80.445","10.0","2020-11-19","9999.9"," 0","000000",,"999.9",,"  73.6","*","  69.1","*","999.9",," 0.00","I","1027.2","24","999.9",,"999.9"," 0","  71.8","24"
"99495199999","SEBASTIAN INLET STATE PARK, FL US","27.862","-80.445","10.0","2020-11-20","9999.9"," 0","000000",,"999.9",,"  75.6","*","  68.5","*","999.9",," 0.00","I","1026.7","24","999.9",,"999.9"," 0","  73.0","24"
"99495199999","SEBASTIAN INLET STATE PARK, FL US","27.862","-80.445","10.0","2020-11-21","9999.9"," 0","000000",,"999.9",,"  75.7","*","  73.4","*","999.9",," 0.00","I","1023.3","24","999.9",,"999.9"," 0","  74.4","24"
"99495199999","SEBASTIAN INLET STATE PARK, FL US","27.862","-80.445","10.0","2020-11-22","9999.9"," 0","000000",,"999.9",,"  75.2","*","  69.3","*","999.9",," 0.00","I","1020.0","24","999.9",,"999.9"," 0","  71.8","24"
"99495199999","SEBASTIAN INLET STATE PARK, FL US","27.862","-80.445","10.0","2020-11-23","9999.9"," 0","000000",,"999.9",,"  72.7","*","  67.5","*","999.9",," 0.00","I","1018.0","24","999.9",,"999.9"," 0","  70.7","24"
"99495199999","SEBASTIAN INLET STATE PARK, FL US","27.862","-80.445","10.0","2020-11-24","9999.9"," 0","000000",,"999.9",,"  75.2","*","  68.2","*","999.9",," 0.00","I","1021.2","24","999.9",,"999.9"," 0","  73.8","24"
"99495199999","SEBASTIAN INLET STATE PARK, FL US","27.862","-80.445","10.0","2020-11-25","9999.9"," 0","000000",,"999.9",,"  75.6","*","  73.6","*","999.9",," 0.00","I","1023.1","24","999.9",,"999.9"," 0","  74.6","24"
"99495199999","SEBASTIAN INLET STATE PARK, FL US","27.862","-80.445","10.0","2020-11-26","9999.9"," 0","000000",,"999.9",,"  75.7","*","  68.4","*","999.9",," 0.00","I","1021.8","24","999.9",,"999.9"," 0","  73.8","24"
"99495199999","SEBASTIAN INLET STATE PARK, FL US","27.862","-80.445","10.0","2020-11-27","9999.9"," 0","000000",,"999.9",,"  74.8","*","  68.5","*","999.9",," 0.00","I","1020.1","24","999.9",,"999.9"," 0","  72.7","24"
"99495199999","SEBASTIAN INLET STATE PARK, FL US","27.862","-80.445","10.0","2020-11-28","9999.9"," 0","000000",,"999.9",,"  78.4","*","  68.9","*","999.9",," 0.00","I","1018.0","24","999.9",,"999.9"," 0","  73.3","24"
"99495199999","SEBASTIAN INLET STATE PARK, FL US","27.862","-80.445","10.0","2020-11-29","9999.9"," 0","000000",,"999.9",,"  78.6","*","  68.9","*","999.9",," 0.00","I","1017.2","24","999.9",,"999.9"," 0","  73.3","24"
"99495199999","SEBASTIAN INLET STATE PARK, FL US","27.862","-80.445","10.0","2020-11-30","9999.9"," 0","000000",,"999.9",,"  75.6","*","  69.1","*","999.9",," 0.00","I","1013.7","23","999.9",,"999.9"," 0","  71.9","23"
"99495199999","SEBASTIAN INLET STATE PARK, FL US","27.862","-80.445","10.0","2020-12-01","9999.9"," 0","000000",,"999.9",,"  68.5","*","  49.3","*","999.9",," 0.00","I","1019.0","24","999.9",,"999.9"," 0","  56.4","24"
"99495199999","SEBASTIAN INLET STATE PARK, FL US","27.862","-80.445","10.0","2020-12-02","9999.9"," 0","000000",,"999.9",,"  61.0","*","  46.8","*","999.9",," 0.00","I","1024.2","24","999.9",,"999.9"," 0","  53.5","24"
"99495199999","SEBASTIAN INLET STATE PARK, FL US","27.862","-80.445","10.0","2020-12-03","9999.9"," 0","000000",,"999.9",,"  70.2","*","  56.8","*","999.9",," 0.00","I","1024.1","24","999.9",,"999.9"," 0","  66.7","24"
"99495199999","SEBASTIAN INLET STATE PARK, FL US","27.862","-80.445","10.0","2020-12-04","9999.9"," 0","000000",,"999.9",,"  74.1","*","  65.1","*","999.9",," 0.00","I","1021.6","24","999.9",,"999.9"," 0","  71.4","24"
"99495199999","SEBASTIAN INLET STATE PARK, FL US","27.862","-80.445","10.0","2020-12-05","9999.9"," 0","000000",,"999.9",,"  73.4","*","  66.0","*","999.9",," 0.00","I","1018.2","24","999.9",,"999.9"," 0","  68.2","24"
"99495199999","SEBASTIAN INLET STATE PARK, FL US","27.862","-80.445","10.0","2020-12-06","9999.9"," 0","000000",,"999.9",,"  70.2","*","  57.2","*","999.9",," 0.00","I","1016.8","24","999.9",,"999.9"," 0","  64.6","24"
"99495199999","SEBASTIAN INLET STATE PARK, FL US","27.862","-80.445","10.0","2020-12-07","9999.9"," 0","000000",,"999.9",,"  71.2","*","  59.0","*","999.9",," 0.00","I","1011.7","24","999.9",,"999.9"," 0","  63.9","24"
"99495199999","SEBASTIAN INLET STATE PARK, FL US","27.862","-80.445","10.0","2020-12-08","9999.9"," 0","000000",,"999.9",,"  60.1","*","  46.8","*","999.9",," 0.00","I","1016.5","24","999.9",,"999.9"," 0","  54.1","24"
"99495199999","SEBASTIAN INLET STATE PARK, FL US","27.862","-80.445","10.0","2020-12-09","9999.9"," 0","000000",,"999.9",,"  61.2","*","  46.2","*","999.9",," 0.00","I","1021.9","23","999.9",,"999.9"," 0","  52.2","23"
"99495199999","SEBASTIAN INLET STATE PARK, FL US","27.862","-80.445","10.0","2020-12-10","9999.9"," 0","000000",,"999.9",,"  65.1","*","  50.9","*","999.9",," 0.00","I","1022.3","24","999.9",,"999.9"," 0","  56.8","24"
"99495199999","SEBASTIAN INLET STATE PARK, FL US","27.862","-80.445","10.0","2020-12-11","9999.9"," 0","000000",,"999.9",,"  68.0","*","  57.2","*","999.9",," 0.00","I","1022.2","24","999.9",,"999.9"," 0","  61.9","24"
"99495199999","SEBASTIAN INLET STATE PARK, FL US","27.862","-80.445","10.0","2020-12-12","9999.9"," 0","000000",,"999.9",,"  72.9","*","  67.3","*","999.9",," 0.00","I","1020.3","24","999.9",,"999.9"," 0","  70.6","24"
"99495199999","SEBASTIAN INLET STATE PARK, FL US","27.862","-80.445","10.0","2020-12-13","9999.9"," 0","000000",,"999.9",,"  72.0","*","  64.6","*","999.9",," 0.00","I","1019.9","24","999.9",,"999.9"," 0","  69.2","24"
"99495199999","SEBASTIAN INLET STATE PARK, FL US","27.862","-80.445","10.0","2020-12-14","9999.9"," 0","000000",,"999.9",,"  78.4","*","  66.4","*","999.9",," 0.00","I","1017.7","24","999.9",,"999.9"," 0","  71.2","24"
"99495199999","SEBASTIAN INLET STATE PARK, FL US","27.862","-80.445","10.0","2020-12-15","9999.9"," 0","000000",,"999.9",,"  73.8","*","  66.6","*","999.9",," 0.00","I","1016.5","24","999.9",,"999.9"," 0","  69.6","24"
"99495199999","SEBASTIAN INLET STATE PARK, FL US","27.862","-80.445","10.0","2020-12-16","9999.9"," 0","000000",,"999.9",,"  77.4","*","  63.1","*","999.9",," 0.00","I","1015.4","24","999.9",,"999.9"," 0","  68.6","24"
"99495199999","SEBASTIAN INLET STATE PARK, FL US","27.862","-80.445","10.0","2020-12-17","9999.9"," 0","000000",,"999.9",,"  73.9","*","  61.7","*","999.9",," 0.00","I","1016.3","24","999.9",,"999.9"," 0","  68.5","24"
"99495199999","SEBASTIAN INLET STATE PARK, FL US","27.862","-80.445","10.0","2020-12-18","9999.9"," 0","000000",,"999.9",,"  61.0","*","  47.3","*","999.9",," 0.00","I","1024.3","24","999.9",,"999.9"," 0","  54.3","24"
"99495199999","SEBASTIAN INLET STATE PARK, FL US","27.862","-80.445","10.0","2020-12-19","9999.9"," 0","000000",,"999.9",,"  70.0","*","  53.2","*","999.9",," 0.00","I","1024.7","24","999.9",,"999.9"," 0","  60.0","24"
"99495199999","SEBASTIAN INLET STATE PARK, FL US","27.862","-80.445","10.0","2020-12-20","9999.9"," 0","000000",,"999.9",,"  76.5","*","  61.5","*","999.9",," 0.00","I","1019.0","24","999.9",,"999.9"," 0","  68.5","24"
"99495199999","SEBASTIAN INLET STATE PARK, FL US","27.862","-80.445","10.0","2020-12-21","9999.9"," 0","000000",,"999.9",,"  72.0","*","  64.8","*","999.9",," 0.00","I","1016.8","24","999.9",,"999.9"," 0","  68.4","24"
"99495199999","SEBASTIAN INLET STATE PARK, FL US","27.862","-80.445","10.0","2020-12-22","9999.9"," 0","000000",,"999.9",,"  64.9","*","  56.1","*","999.9",," 0.00","I","1022.9","24","999.9",,"999.9"," 0","  60.9","24"
"99495199999","SEBASTIAN INLET STATE PARK, FL US","27.862","-80.445","10.0","2020-12-23","9999.9"," 0","000000",,"999.9",,"  70.5","*","  58.5","*","999.9",," 0.00","I","1023.5","24","999.9",,"999.9"," 0","  66.3","24"
"99495199999","SEBASTIAN INLET STATE PARK, FL US","27.862","-80.445","10.0","2020-12-24","9999.9"," 0","000000",,"999.9",,"  79.5","*","  71.2","*","999.9",," 0.00","I","1017.2","24","999.9",,"999.9"," 0","  73.8","24"
"99495199999","SEBASTIAN INLET STATE PARK, FL US","27.862","-80.445","10.0","2020-12-25","9999.9"," 0","000000",,"999.9",,"  73.6","*","  43.2","*","999.9",," 0.00","I","1018.6","24","999.9",,"999.9"," 0","  54.3","24"
"99495199999","SEBASTIAN INLET STATE PARK, FL US","27.862","-80.445","10.0","2020-12-26","9999.9"," 0","000000",,"999.9",,"  54.1","*","  42.3","*","999.9",," 0.00","I","1022.5","24","999.9",,"999.9"," 0","  48.2","24"
"99495199999","SEBASTIAN INLET STATE PARK, FL US","27.862","-80.445","10.0","2020-12-27","9999.9"," 0","000000",,"999.9",,"  66.9","*","  48.4","*","999.9",," 0.00","I","1022.1","24","999.9",,"999.9"," 0","  56.9","24"
"99495199999","SEBASTIAN INLET STATE PARK, FL US","27.862","-80.445","10.0","2020-12-28","9999.9"," 0","000000",,"999.9",,"  69.8","*","  61.2","*","999.9",," 0.00","I","1023.9","24","999.9",,"999.9"," 0","  66.5","24"
"99495199999","SEBASTIAN INLET STATE PARK, FL US","27.862","-80.445","10.0","2020-12-29","9999.9"," 0","000000",,"999.9",,"  70.3","*","  68.9","*","999.9",," 0.00","I","1025.8","24","999.9",,"999.9"," 0","  69.6","24"
"99495199999","SEBASTIAN INLET STATE PARK, FL US","27.862","-80.445","10.0","2020-12-30","9999.9"," 0","000000",,"999.9",,"  72.0","*","  70.3","*","999.9",," 0.00","I","1023.9","24","999.9",,"999.9"," 0","  71.2","24"
"99495199999","SEBASTIAN INLET STATE PARK, FL US","27.862","-80.445","10.0","2020-12-31","9999.9"," 0","000000",,"999.9",,"  72.1","*","  70.9","*","999.9",," 0.00","I","1020.8","24","999.9",,"999.9"," 0","  71.8","24"
"99495199999","SEBASTIAN INLET STATE PARK, FL US","27.862","-80.445","10.0","2021-01-01","9999.9"," 0","000000",,"999.9",,"  73.8","*","  70.7","*","999.9",," 0.00","I","1022.0","24","999.9",,"999.9"," 0","  71.9","24"
"99495199999","SEBASTIAN INLET STATE PARK, FL US","27.862","-80.445","10.0","2021-01-02","9999.9"," 0","000000",,"999.9",,"  74.7","*","  70.7","*","999.9",," 0.00","I","1021.2","24","999.9",,"999.9"," 0","  72.5","24"
"99495199999","SEBASTIAN INLET STATE PARK, FL US","27.862","-80.445","10.0","2021-01-03","9999.9"," 0","000000",,"999.9",,"  77.4","*","  66.0","*","999.9",," 0.00","I","1018.6","24","999.9",,"999.9"," 0","  70.9","24"
"99495199999","SEBASTIAN INLET STATE PARK, FL US","27.862","-80.445","10.0","2021-01-04","9999.9"," 0","000000",,"999.9",,"  66.2","*","  56.1","*","999.9",," 0.00","I","1018.0","24","999.9",,"999.9"," 0","  61.6","24"
"99495199999","SEBASTIAN INLET STATE PARK, FL US","27.862","-80.445","10.0","2021-01-05","9999.9"," 0","000000",,"999.9",,"  67.8","*","  53.1","*","999.9",," 0.00","I","1018.0","24","999.9",,"999.9"," 0","  59.7","24"
"99495199999","SEBASTIAN INLET STATE PARK, FL US","27.862","-80.445","10.0","2021-01-06","9999.9"," 0","000000",,"999.9",,"  64.6","*","  54.5","*","999.9",," 0.00","I","1019.2","24","999.9",,"999.9"," 0","  59.9","24"
"99495199999","SEBASTIAN INLET STATE PARK, FL US","27.862","-80.445","10.0","2021-01-07","9999.9"," 0","000000",,"999.9",,"  70.0","*","  59.0","*","999.9",," 0.00","I","1018.4","24","999.9",,"999.9"," 0","  66.0","24"
"99495199999","SEBASTIAN INLET STATE PARK, FL US","27.862","-80.445","10.0","2021-01-08","9999.9"," 0","000000",,"999.9",,"  69.3","*","  64.2","*","999.9",," 0.00","I","1015.0"," 9","999.9",,"999.9"," 0","  67.5"," 9"
"99495199999","SEBASTIAN INLET STATE PARK, FL US","27.862","-80.445","10.0","2021-01-09","9999.9"," 0","000000",,"999.9",,"  63.1","*","  49.5","*","999.9",," 0.00","I","1018.4","24","999.9",,"999.9"," 0","  54.3","24"
"99495199999","SEBASTIAN INLET STATE PARK, FL US","27.862","-80.445","10.0","2021-01-10","9999.9"," 0","000000",,"999.9",,"  59.4","*","  43.3","*","999.9",," 0.00","I","1023.4","24","999.9",,"999.9"," 0","  51.1","24"
"99495199999","SEBASTIAN INLET STATE PARK, FL US","27.862","-80.445","10.0","2021-01-11","9999.9"," 0","000000",,"999.9",,"  70.5","*","  58.6","*","999.9",," 0.00","I","1023.5","24","999.9",,"999.9"," 0","  64.9","24"
"99495199999","SEBASTIAN INLET STATE PARK, FL US","27.862","-80.445","10.0","2021-01-12","9999.9"," 0","000000",,"999.9",,"  69.1","*","  63.3","*","999.9",," 0.00","I","1021.8","24","999.9",,"999.9"," 0","  65.7","24"
"99495199999","SEBASTIAN INLET STATE PARK, FL US","27.862","-80.445","10.0","2021-01-13","9999.9"," 0","000000",,"999.9",,"  64.2","*","  58.5","*","999.9",," 0.00","I","1021.1","24","999.9",,"999.9"," 0","  60.0","24"
"99495199999","SEBASTIAN INLET STATE PARK, FL US","27.862","-80.445","10.0","2021-01-14","9999.9"," 0","000000",,"999.9",,"  60.3","*","  54.3","*","999.9",," 0.00","I","1017.8","24","999.9",,"999.9"," 0","  57.4","24"
"99495199999","SEBASTIAN INLET STATE PARK, FL US","27.862","-80.445","10.0","2021-01-15","9999.9"," 0","000000",,"999.9",,"  68.5","*","  52.0","*","999.9",," 0.00","I","1014.8","24","999.9",,"999.9"," 0","  59.0","24"
"99495199999","SEBASTIAN INLET STATE PARK, FL US","27.862","-80.445","10.0","2021-01-16","9999.9"," 0","000000",,"999.9",,"  65.8","*","  54.3","*","999.9",," 0.00","I","1014.0","24","999.9",,"999.9"," 0","  59.6","24"
"99495199999","SEBASTIAN INLET STATE PARK, FL US","27.862","-80.445","10.0","2021-01-17","9999.9"," 0","000000",,"999.9",,"  60.6","*","  50.7","*","999.9",," 0.00","I","1018.1","24","999.9",,"999.9"," 0","  55.7","24"
"99495199999","SEBASTIAN INLET STATE PARK, FL US","27.862","-80.445","10.0","2021-01-18","9999.9"," 0","000000",,"999.9",,"  61.7","*","  55.9","*","999.9",," 0.00","I","1020.6","24","999.9",,"999.9"," 0","  58.3","24"
"99495199999","SEBASTIAN INLET STATE PARK, FL US","27.862","-80.445","10.0","2021-01-19","9999.9"," 0","000000",,"999.9",,"  64.9","*","  54.0","*","999.9",," 0.00","I","1026.1","24","999.9",,"999.9"," 0","  60.1","24"
"99495199999","SEBASTIAN INLET STATE PARK, FL US","27.862","-80.445","10.0","2021-01-20","9999.9"," 0","000000",,"999.9",,"  65.1","*","  57.6","*","999.9",," 0.00","I","1026.9","20","999.9",,"999.9"," 0","  62.0","20"
"99495199999","SEBASTIAN INLET STATE PARK, FL US","27.862","-80.445","10.0","2021-01-22","9999.9"," 0","000000",,"999.9",,"  75.0","*","  55.8","*","999.9",," 0.00","I","1017.2","24","999.9",,"999.9"," 0","  64.4","24"
"99495199999","SEBASTIAN INLET STATE PARK, FL US","27.862","-80.445","10.0","2021-01-23","9999.9"," 0","000000",,"999.9",,"  71.4","*","  60.6","*","999.9",," 0.00","I","1017.9","24","999.9",,"999.9"," 0","  65.1","24"
"99495199999","SEBASTIAN INLET STATE PARK, FL US","27.862","-80.445","10.0","2021-01-24","9999.9"," 0","000000",,"999.9",,"  71.2","*","  65.5","*","999.9",," 0.00","I","1019.9","18","999.9",,"999.9"," 0","  69.5","18"
"99495199999","SEBASTIAN INLET STATE PARK, FL US","27.862","-80.445","10.0","2021-01-25","9999.9"," 0","000000",,"999.9",,"  72.1","*","  70.7","*","999.9",," 0.00","I","1019.2","24","999.9",,"999.9"," 0","  71.2","24"
"99495199999","SEBASTIAN INLET STATE PARK, FL US","27.862","-80.445","10.0","2021-01-26","9999.9"," 0","000000",,"999.9",,"  78.4","*","  66.4","*","999.9",," 0.00","I","1017.7","24","999.9",,"999.9"," 0","  70.9","24"
"99495199999","SEBASTIAN INLET STATE PARK, FL US","27.862","-80.445","10.0","2021-01-27","9999.9"," 0","000000",,"999.9",,"  79.7","*","  64.8","*","999.9",," 0.00","I","1017.9","24","999.9",,"999.9"," 0","  71.3","24"
"99495199999","SEBASTIAN INLET STATE PARK, FL US","27.862","-80.445","10.0","2021-01-28","9999.9"," 0","000000",,"999.9",,"  75.6","*","  55.9","*","999.9",," 0.00","I","1020.4","24","999.9",,"999.9"," 0","  65.2","24"
"99495199999","SEBASTIAN INLET STATE PARK, FL US","27.862","-80.445","10.0","2021-01-29","9999.9"," 0","000000",,"999.9",,"  61.2","*","  50.2","*","999.9",," 0.00","I","1025.1","24","999.9",,"999.9"," 0","  56.2","24"
"99495199999","SEBASTIAN INLET STATE PARK, FL US","27.862","-80.445","10.0","2021-01-30","9999.9"," 0","000000",,"999.9",,"  67.1","*","  61.0","*","999.9",," 0.00","I","1024.3","24","999.9",,"999.9"," 0","  64.0","24"
"99495199999","SEBASTIAN INLET STATE PARK, FL US","27.862","-80.445","10.0","2021-01-31","9999.9"," 0","000000",,"999.9",,"  74.7","*","  62.4","*","999.9",," 0.00","I","1020.9","24","999.9",,"999.9"," 0","  68.5","24"
"99495199999","SEBASTIAN INLET STATE PARK, FL US","27.862","-80.445","10.0","2021-02-01","9999.9"," 0","000000",,"999.9",,"  70.2","*","  54.0","*","999.9",," 0.00","I","1011.7","24","999.9",,"999.9"," 0","  64.8","24"
"99495199999","SEBASTIAN INLET STATE PARK, FL US","27.862","-80.445","10.0","2021-02-02","9999.9"," 0","000000",,"999.9",,"  55.6","*","  44.4","*","999.9",," 0.00","I","1013.2","24","999.9",,"999.9"," 0","  48.7","24"
"99495199999","SEBASTIAN INLET STATE PARK, FL US","27.862","-80.445","10.0","2021-02-03","9999.9"," 0","000000",,"999.9",,"  57.9","*","  42.1","*","999.9",," 0.00","I","1017.5","24","999.9",,"999.9"," 0","  48.7","24"
"99495199999","SEBASTIAN INLET STATE PARK, FL US","27.862","-80.445","10.0","2021-02-04","9999.9"," 0","000000",,"999.9",,"  63.0","*","  44.2","*","999.9",," 0.00","I","1020.3","24","999.9",,"999.9"," 0","  52.5","24"
"99495199999","SEBASTIAN INLET STATE PARK, FL US","27.862","-80.445","10.0","2021-02-05","9999.9"," 0","000000",,"999.9",,"  76.8","*","  53.6","*","999.9",," 0.00","I","1017.2","24","999.9",,"999.9"," 0","  62.7","24"
"99495199999","SEBASTIAN INLET STATE PARK, FL US","27.862","-80.445","10.0","2021-02-06","9999.9"," 0","000000",,"999.9",,"  71.6","*","  61.3","*","999.9",," 0.00","I","1015.8","24","999.9",,"999.9"," 0","  65.8","24"
"99495199999","SEBASTIAN INLET STATE PARK, FL US","27.862","-80.445","10.0","2021-02-07","9999.9"," 0","000000",,"999.9",,"  74.7","*","  66.7","*","999.9",," 0.00","I","1013.4","24","999.9",,"999.9"," 0","  70.9","24"
"99495199999","SEBASTIAN INLET STATE PARK, FL US","27.862","-80.445","10.0","2021-02-08","9999.9"," 0","000000",,"999.9",,"  69.4","*","  66.0","*","999.9",," 0.00","I","1019.7","24","999.9",,"999.9"," 0","  67.7","24"
"99495199999","SEBASTIAN INLET STATE PARK, FL US","27.862","-80.445","10.0","2021-02-09","9999.9"," 0","000000",,"999.9",,"  73.4","*","  64.6","*","999.9",," 0.00","I","1021.2","22","999.9",,"999.9"," 0","  68.9","22"
"99495199999","SEBASTIAN INLET STATE PARK, FL US","27.862","-80.445","10.0","2021-02-10","9999.9"," 0","000000",,"999.9",,"  72.1","*","  68.0","*","999.9",," 0.00","I","1020.8","13","999.9",,"999.9"," 0","  69.9","13"
"99495199999","SEBASTIAN INLET STATE PARK, FL US","27.862","-80.445","10.0","2021-02-13","9999.9"," 0","000000",,"999.9",,"  82.8","*","  70.0","*","999.9",," 0.00","I","1013.9","14","999.9",,"999.9"," 0","  74.5","14"
"99495199999","SEBASTIAN INLET STATE PARK, FL US","27.862","-80.445","10.0","2021-02-14","9999.9"," 0","000000",,"999.9",,"  73.9","*","  68.0","*","999.9",," 0.00","I","1014.8","24","999.9",,"999.9"," 0","  71.1","24"
"99495199999","SEBASTIAN INLET STATE PARK, FL US","27.862","-80.445","10.0","2021-02-15","9999.9"," 0","000000",,"999.9",,"  75.0","*","  69.3","*","999.9",," 0.00","I","1016.0","24","999.9",,"999.9"," 0","  72.1","24"
"99495199999","SEBASTIAN INLET STATE PARK, FL US","27.862","-80.445","10.0","2021-02-16","9999.9"," 0","000000",,"999.9",,"  75.0","*","  67.8","*","999.9",," 0.00","I","1016.1","24","999.9",,"999.9"," 0","  72.6","24"
"99495199999","SEBASTIAN INLET STATE PARK, FL US","27.862","-80.445","10.0","2021-02-17","9999.9"," 0","000000",,"999.9",,"  71.8","*","  63.9","*","999.9",," 0.00","I","1019.2","24","999.9",,"999.9"," 0","  68.0","24"
"99495199999","SEBASTIAN INLET STATE PARK, FL US","27.862","-80.445","10.0","2021-02-18","9999.9"," 0","000000",,"999.9",,"  79.0","*","  64.4","*","999.9",," 0.00","I","1018.9","24","999.9",,"999.9"," 0","  71.4","24"
"99495199999","SEBASTIAN INLET STATE PARK, FL US","27.862","-80.445","10.0","2021-02-19","9999.9"," 0","000000",,"999.9",,"  74.1","*","  72.1","*","999.9",," 0.00","I","1018.5","13","999.9",,"999.9"," 0","  73.0","13"
"99495199999","SEBASTIAN INLET STATE PARK, FL US","27.862","-80.445","10.0","2021-02-21","9999.9"," 0","000000",,"999.9",,"  67.1","*","  66.4","*","999.9",," 0.00","I","1027.2"," 8","999.9",,"999.9"," 0","  66.8"," 8"
"99495199999","SEBASTIAN INLET STATE PARK, FL US","27.862","-80.445","10.0","2021-02-22","9999.9"," 0","000000",,"999.9",,"  70.5","*","  67.1","*","999.9",," 0.00","I","1023.3","24","999.9",,"999.9"," 0","  68.4","24"
"99495199999","SEBASTIAN INLET STATE PARK, FL US","27.862","-80.445","10.0","2021-02-23","9999.9"," 0","000000",,"999.9",,"  72.3","*","  64.4","*","999.9",," 0.00","I","1019.5","23","999.9",,"999.9"," 0","  67.7","23"
"99495199999","SEBASTIAN INLET STATE PARK, FL US","27.862","-80.445","10.0","2021-02-24","9999.9"," 0","000000",,"999.9",,"  70.7","*","  64.9","*","999.9",," 0.00","I","1021.3","24","999.9",,"999.9"," 0","  67.4","24"
"99495199999","SEBASTIAN INLET STATE PARK, FL US","27.862","-80.445","10.0","2021-02-25","9999.9"," 0","000000",,"999.9",,"  70.5","*","  63.3","*","999.9",," 0.00","I","1021.9","24","999.9",,"999.9"," 0","  67.0","24"
"99495199999","SEBASTIAN INLET STATE PARK, FL US","27.862","-80.445","10.0","2021-02-26","9999.9"," 0","000000",,"999.9",,"  70.5","*","  64.9","*","999.9",," 0.00","I","1022.2","24","999.9",,"999.9"," 0","  67.8","24"
"99495199999","SEBASTIAN INLET STATE PARK, FL US","27.862","-80.445","10.0","2021-02-27","9999.9"," 0","000000",,"999.9",,"  73.6","*","  70.5","*","999.9",," 0.00","I","1023.0","24","999.9",,"999.9"," 0","  72.0","24"
"99495199999","SEBASTIAN INLET STATE PARK, FL US","27.862","-80.445","10.0","2021-02-28","9999.9"," 0","000000",,"999.9",,"  73.4","*","  71.6","*","999.9",," 0.00","I","1023.3","24","999.9",,"999.9"," 0","  72.5","24"
"99495199999","SEBASTIAN INLET STATE PARK, FL US","27.862","-80.445","10.0","2021-03-01","9999.9"," 0","000000",,"999.9",,"  82.8","*","  72.0","*","999.9",," 0.00","I","1019.6","24","999.9",,"999.9"," 0","  74.8","24"
"99495199999","SEBASTIAN INLET STATE PARK, FL US","27.862","-80.445","10.0","2021-03-02","9999.9"," 0","000000",,"999.9",,"  75.9","*","  68.0","*","999.9",," 0.00","I","1018.6","16","999.9",,"999.9"," 0","  71.7","16"
"99495199999","SEBASTIAN INLET STATE PARK, FL US","27.862","-80.445","10.0","2021-03-03","9999.9"," 0","000000",,"999.9",,"  76.3","*","  64.2","*","999.9",," 0.00","I","1012.5"," 4","999.9",,"999.9"," 0","  70.3"," 4"
"99495199999","SEBASTIAN INLET STATE PARK, FL US","27.862","-80.445","10.0","2021-03-04","9999.9"," 0","000000",,"999.9",,"  63.5","*","  56.7","*","999.9",," 0.00","I","1016.3","20","999.9",,"999.9"," 0","  59.8","20"
"99495199999","SEBASTIAN INLET STATE PARK, FL US","27.862","-80.445","10.0","2021-03-05","9999.9"," 0","000000",,"999.9",,"  67.5","*","  56.7","*","999.9",," 0.00","I","1016.2","24","999.9",,"999.9"," 0","  63.7","24"
"99495199999","SEBASTIAN INLET STATE PARK, FL US","27.862","-80.445","10.0","2021-03-06","9999.9"," 0","000000",,"999.9",,"  70.2","*","  62.1","*","999.9",," 0.00","I","1015.9","24","999.9",,"999.9"," 0","  67.0","24"
"99495199999","SEBASTIAN INLET STATE PARK, FL US","27.862","-80.445","10.0","2021-03-07","9999.9"," 0","000000",,"999.9",,"  65.5","*","  61.0","*","999.9",," 0.00","I","1018.2","24","999.9",,"999.9"," 0","  63.0","24"
"99495199999","SEBASTIAN INLET STATE PARK, FL US","27.862","-80.445","10.0","2021-03-08","9999.9"," 0","000000",,"999.9",,"  64.6","*","  60.4","*","999.9",," 0.00","I","1028.2","24","999.9",,"999.9"," 0","  62.5","24"
"99495199999","SEBASTIAN INLET STATE PARK, FL US","27.862","-80.445","10.0","2021-03-09","9999.9"," 0","000000",,"999.9",,"  66.9","*","  64.4","*","999.9",," 0.00","I","1031.6","19","999.9",,"999.9"," 0","  66.2","19"
"99495199999","SEBASTIAN INLET STATE PARK, FL US","27.862","-80.445","10.0","2021-03-17","9999.9"," 0","000000",,"999.9",,"  76.5","*","  72.1","*","999.9",," 0.00","I","1017.8","10","999.9",,"999.9"," 0","  74.0","10"
"99495199999","SEBASTIAN INLET STATE PARK, FL US","27.862","-80.445","10.0","2021-03-18","9999.9"," 0","000000",,"999.9",,"  81.9","*","  69.3","*","999.9",," 0.00","I","1017.5","17","999.9",,"999.9"," 0","  73.9","17"
"99495199999","SEBASTIAN INLET STATE PARK, FL US","27.862","-80.445","10.0","2021-03-19","9999.9"," 0","000000",,"999.9",,"  75.4","*","  66.9","*","999.9",," 0.00","I","1015.8","12","999.9",,"999.9"," 0","  71.4","12"
"99495199999","SEBASTIAN INLET STATE PARK, FL US","27.862","-80.445","10.0","2021-03-20","9999.9"," 0","000000",,"999.9",,"  66.7","*","  61.5","*","999.9",," 0.00","I","1018.9","19","999.9",,"999.9"," 0","  65.3","19"
"99495199999","SEBASTIAN INLET STATE PARK, FL US","27.862","-80.445","10.0","2021-03-21","9999.9"," 0","000000",,"999.9",,"  67.3","*","  54.5","*","999.9",," 0.00","I","1018.3","24","999.9",,"999.9"," 0","  59.6","24"
"99495199999","SEBASTIAN INLET STATE PARK, FL US","27.862","-80.445","10.0","2021-03-22","9999.9"," 0","000000",,"999.9",,"  65.8","*","  57.6","*","999.9",," 0.00","I","1016.2","24","999.9",,"999.9"," 0","  61.5","24"
"99495199999","SEBASTIAN INLET STATE PARK, FL US","27.862","-80.445","10.0","2021-03-23","9999.9"," 0","000000",,"999.9",,"  69.8","*","  59.4","*","999.9",," 0.00","I","1016.0","24","999.9",,"999.9"," 0","  64.8","24"
"99495199999","SEBASTIAN INLET STATE PARK, FL US","27.862","-80.445","10.0","2021-03-24","9999.9"," 0","000000",,"999.9",,"  72.3","*","  63.0","*","999.9",," 0.00","I","1016.9","24","999.9",,"999.9"," 0","  68.8","24"
"99495199999","SEBASTIAN INLET STATE PARK, FL US","27.862","-80.445","10.0","2021-03-25","9999.9"," 0","000000",,"999.9",,"  74.1","*","  70.9","*","999.9",," 0.00","I","1018.9","24","999.9",,"999.9"," 0","  72.7","24"
"99495199999","SEBASTIAN INLET STATE PARK, FL US","27.862","-80.445","10.0","2021-03-26","9999.9"," 0","000000",,"999.9",,"  76.3","*","  72.9","*","999.9",," 0.00","I","1021.0","24","999.9",,"999.9"," 0","  73.9","24"
"99495199999","SEBASTIAN INLET STATE PARK, FL US","27.862","-80.445","10.0","2021-03-27","9999.9"," 0","000000",,"999.9",,"  75.7","*","  72.3","*","999.9",," 0.00","I","1022.7","24","999.9",,"999.9"," 0","  74.0","24"
"99495199999","SEBASTIAN INLET STATE PARK, FL US","27.862","-80.445","10.0","2021-03-28","9999.9"," 0","000000",,"999.9",,"  76.8","*","  72.7","*","999.9",," 0.00","I","1020.0","24","999.9",,"999.9"," 0","  75.1","24"
"99495199999","SEBASTIAN INLET STATE PARK, FL US","27.862","-80.445","10.0","2021-03-29","9999.9"," 0","000000",,"999.9",,"  77.5","*","  70.7","*","999.9",," 0.00","I","1020.3","24","999.9",,"999.9"," 0","  73.4","24"
"99495199999","SEBASTIAN INLET STATE PARK, FL US","27.862","-80.445","10.0","2021-03-30","9999.9"," 0","000000",,"999.9",,"  76.3","*","  72.0","*","999.9",," 0.00","I","1022.0","19","999.9",,"999.9"," 0","  74.9","19"
"99495199999","SEBASTIAN INLET STATE PARK, FL US","27.862","-80.445","10.0","2021-03-31","9999.9"," 0","000000",,"999.9",,"  76.8","*","  75.0","*","999.9",," 0.00","I","1021.0","21","999.9",,"999.9"," 0","  75.9","21"
"99495199999","SEBASTIAN INLET STATE PARK, FL US","27.862","-80.445","10.0","2021-04-01","9999.9"," 0","000000",,"999.9",,"  76.6","*","  65.5","*","999.9",," 0.00","I","1017.9","24","999.9",,"999.9"," 0","  71.1","24"
"99495199999","SEBASTIAN INLET STATE PARK, FL US","27.862","-80.445","10.0","2021-04-02","9999.9"," 0","000000",,"999.9",,"  65.1","*","  54.3","*","999.9",," 0.00","I","1020.7","24","999.9",,"999.9"," 0","  61.3","24"
"99495199999","SEBASTIAN INLET STATE PARK, FL US","27.862","-80.445","10.0","2021-04-03","9999.9"," 0","000000",,"999.9",,"  65.8","*","  61.0","*","999.9",," 0.00","I","1026.4","24","999.9",,"999.9"," 0","  63.6","24"
"99495199999","SEBASTIAN INLET STATE PARK, FL US","27.862","-80.445","10.0","2021-04-04","9999.9"," 0","000000",,"999.9",,"  67.3","*","  65.7","*","999.9",," 0.00","I","1026.0","24","999.9",,"999.9"," 0","  66.4","24"
"99495199999","SEBASTIAN INLET STATE PARK, FL US","27.862","-80.445","10.0","2021-04-05","9999.9"," 0","000000",,"999.9",,"  69.3","*","  62.4","*","999.9",," 0.00","I","1022.9","24","999.9",,"999.9"," 0","  67.1","24"
"99495199999","SEBASTIAN INLET STATE PARK, FL US","27.862","-80.445","10.0","2021-04-06","9999.9"," 0","000000",,"999.9",,"  71.1","*","  60.4","*","999.9",," 0.00","I","1021.1","24","999.9",,"999.9"," 0","  67.9","24"
"99495199999","SEBASTIAN INLET STATE PARK, FL US","27.862","-80.445","10.0","2021-04-07","9999.9"," 0","000000",,"999.9",,"  72.7","*","  62.1","*","999.9",," 0.00","I","1019.7","24","999.9",,"999.9"," 0","  68.9","24"
"99495199999","SEBASTIAN INLET STATE PARK, FL US","27.862","-80.445","10.0","2021-04-08","9999.9"," 0","000000",,"999.9",,"  73.8","*","  64.6","*","999.9",," 0.00","I","1017.8","24","999.9",,"999.9"," 0","  70.1","24"
"99495199999","SEBASTIAN INLET STATE PARK, FL US","27.862","-80.445","10.0","2021-04-09","9999.9"," 0","000000",,"999.9",,"  74.7","*","  66.0","*","999.9",," 0.00","I","1017.5","24","999.9",,"999.9"," 0","  71.1","24"
"99495199999","SEBASTIAN INLET STATE PARK, FL US","27.862","-80.445","10.0","2021-04-10","9999.9"," 0","000000",,"999.9",,"  75.4","*","  68.9","*","999.9",," 0.00","I","1015.0","24","999.9",,"999.9"," 0","  73.0","24"
"99495199999","SEBASTIAN INLET STATE PARK, FL US","27.862","-80.445","10.0","2021-04-11","9999.9"," 0","000000",,"999.9",,"  76.8","*","  63.9","*","999.9",," 0.00","I","1010.6","24","999.9",,"999.9"," 0","  69.5","24"
"99495199999","SEBASTIAN INLET STATE PARK, FL US","27.862","-80.445","10.0","2021-04-12","9999.9"," 0","000000",,"999.9",,"  73.4","*","  64.2","*","999.9",," 0.00","I","1010.7","24","999.9",,"999.9"," 0","  68.2","24"
"99495199999","SEBASTIAN INLET STATE PARK, FL US","27.862","-80.445","10.0","2021-04-13","9999.9"," 0","000000",,"999.9",,"  74.3","*","  63.3","*","999.9",," 0.00","I","1016.6","24","999.9",,"999.9"," 0","  70.6","24"
"99495199999","SEBASTIAN INLET STATE PARK, FL US","27.862","-80.445","10.0","2021-04-14","9999.9"," 0","000000",,"999.9",,"  74.3","*","  72.7","*","999.9",," 0.00","I","1020.1","24","999.9",,"999.9"," 0","  73.5","24"
"99495199999","SEBASTIAN INLET STATE PARK, FL US","27.862","-80.445","10.0","2021-04-15","9999.9"," 0","000000",,"999.9",,"  82.9","*","  67.6","*","999.9",," 0.00","I","1016.4","24","999.9",,"999.9"," 0","  73.4","24"
"99495199999","SEBASTIAN INLET STATE PARK, FL US","27.862","-80.445","10.0","2021-04-16","9999.9"," 0","000000",,"999.9",,"  77.7","*","  67.8","*","999.9",," 0.00","I","1012.6","24","999.9",,"999.9"," 0","  71.9","24"
"99495199999","SEBASTIAN INLET STATE PARK, FL US","27.862","-80.445","10.0","2021-04-17","9999.9"," 0","000000",,"999.9",,"  85.3","*","  68.9","*","999.9",," 0.00","I","1012.0","24","999.9",,"999.9"," 0","  75.9","24"
"99495199999","SEBASTIAN INLET STATE PARK, FL US","27.862","-80.445","10.0","2021-04-18","9999.9"," 0","000000",,"999.9",,"  86.2","*","  72.3","*","999.9",," 0.00","I","1013.2","24","999.9",,"999.9"," 0","  77.5","24"
"99495199999","SEBASTIAN INLET STATE PARK, FL US","27.862","-80.445","10.0","2021-04-19","9999.9"," 0","000000",,"999.9",,"  78.4","*","  69.4","*","999.9",," 0.00","I","1013.6","24","999.9",,"999.9"," 0","  73.7","24"
"99495199999","SEBASTIAN INLET STATE PARK, FL US","27.862","-80.445","10.0","2021-04-20","9999.9"," 0","000000",,"999.9",,"  76.3","*","  68.9","*","999.9",," 0.00","I","1014.8","24","999.9",,"999.9"," 0","  73.4","24"
"99495199999","SEBASTIAN INLET STATE PARK, FL US","27.862","-80.445","10.0","2021-04-21","9999.9"," 0","000000",,"999.9",,"  76.6","*","  71.2","*","999.9",," 0.00","I","1015.5","24","999.9",,"999.9"," 0","  73.7","24"
"99495199999","SEBASTIAN INLET STATE PARK, FL US","27.862","-80.445","10.0","2021-04-22","9999.9"," 0","000000",,"999.9",,"  78.8","*","  65.3","*","999.9",," 0.00","I","1018.0","24","999.9",,"999.9"," 0","  70.2","24"
"99495199999","SEBASTIAN INLET STATE PARK, FL US","27.862","-80.445","10.0","2021-04-23","9999.9"," 0","000000",,"999.9",,"  72.3","*","  69.1","*","999.9",," 0.00","I","1020.3","24","999.9",,"999.9"," 0","  71.2","24"
"99495199999","SEBASTIAN INLET STATE PARK, FL US","27.862","-80.445","10.0","2021-04-24","9999.9"," 0","000000",,"999.9",,"  77.0","*","  71.4","*","999.9",," 0.00","I","1017.6","24","999.9",,"999.9"," 0","  74.2","24"
"99495199999","SEBASTIAN INLET STATE PARK, FL US","27.862","-80.445","10.0","2021-04-25","9999.9"," 0","000000",,"999.9",,"  78.1","*","  72.0","*","999.9",," 0.00","I","1013.2"," 9","999.9",,"999.9"," 0","  75.4","11"
"99495199999","SEBASTIAN INLET STATE PARK, FL US","27.862","-80.445","10.0","2022-01-05","9999.9"," 0","000000",,"999.9",,"  74.8","*","  64.2","*","999.9",," 0.00","I","1017.9","21","999.9",,"999.9"," 0","  70.2","21"
"99495199999","SEBASTIAN INLET STATE PARK, FL US","27.862","-80.445","10.0","2022-01-06","9999.9"," 0","000000",,"999.9",,"  72.7","*","  60.3","*","999.9",," 0.00","I","1016.6","24","999.9",,"999.9"," 0","  66.4","24"
"99495199999","SEBASTIAN INLET STATE PARK, FL US","27.862","-80.445","10.0","2022-01-07","9999.9"," 0","000000",,"999.9",,"  70.2","*","  64.9","*","999.9",," 0.00","I","1019.4","24","999.9",,"999.9"," 0","  67.9","24"
"99495199999","SEBASTIAN INLET STATE PARK, FL US","27.862","-80.445","10.0","2022-01-08","9999.9"," 0","000000",,"999.9",,"  72.9","*","  67.8","*","999.9",," 0.00","I","1026.3","24","999.9",,"999.9"," 0","  70.3","24"
"99495199999","SEBASTIAN INLET STATE PARK, FL US","27.862","-80.445","10.0","2022-01-09","9999.9"," 0","000000",,"999.9",,"  73.6","*","  72.7","*","999.9",," 0.00","I","1027.9","24","999.9",,"999.9"," 0","  73.1","24"
"99495199999","SEBASTIAN INLET STATE PARK, FL US","27.862","-80.445","10.0","2022-01-10","9999.9"," 0","000000",,"999.9",,"  73.2","*","  66.2","*","999.9",," 0.00","I","1023.8","24","999.9",,"999.9"," 0","  70.5","24"
"99495199999","SEBASTIAN INLET STATE PARK, FL US","27.862","-80.445","10.0","2022-01-11","9999.9"," 0","000000",,"999.9",,"  69.6","*","  66.9","*","999.9",," 0.00","I","1024.1","24","999.9",,"999.9"," 0","  67.6","24"
"99495199999","SEBASTIAN INLET STATE PARK, FL US","27.862","-80.445","10.0","2022-01-12","9999.9"," 0","000000",,"999.9",,"  68.9","*","  64.4","*","999.9",," 0.00","I","1023.4","24","999.9",,"999.9"," 0","  67.8","24"
"99495199999","SEBASTIAN INLET STATE PARK, FL US","27.862","-80.445","10.0","2022-01-13","9999.9"," 0","000000",,"999.9",,"  70.0","*","  61.9","*","999.9",," 0.00","I","1017.2","24","999.9",,"999.9"," 0","  66.5","24"
"99495199999","SEBASTIAN INLET STATE PARK, FL US","27.862","-80.445","10.0","2022-01-14","9999.9"," 0","000000",,"999.9",,"  66.0","*","  53.8","*","999.9",," 0.00","I","1014.4","24","999.9",,"999.9"," 0","  59.2","24"
"99495199999","SEBASTIAN INLET STATE PARK, FL US","27.862","-80.445","10.0","2022-01-15","9999.9"," 0","000000",,"999.9",,"  67.5","*","  51.4","*","999.9",," 0.00","I","1017.8","24","999.9",,"999.9"," 0","  59.8","24"
"99495199999","SEBASTIAN INLET STATE PARK, FL US","27.862","-80.445","10.0","2022-01-16","9999.9"," 0","000000",,"999.9",,"  70.3","*","  61.3","*","999.9",," 0.00","I","1012.0","24","999.9",,"999.9"," 0","  65.8","24"
"99495199999","SEBASTIAN INLET STATE PARK, FL US","27.862","-80.445","10.0","2022-01-17","9999.9"," 0","000000",,"999.9",,"  63.5","*","  54.1","*","999.9",," 0.00","I","1013.3","24","999.9",,"999.9"," 0","  59.2","24"
"99495199999","SEBASTIAN INLET STATE PARK, FL US","27.862","-80.445","10.0","2022-01-18","9999.9"," 0","000000",,"999.9",,"  58.6","*","  46.6","*","999.9",," 0.00","I","1021.2","24","999.9",,"999.9"," 0","  53.2","24"
"99495199999","SEBASTIAN INLET STATE PARK, FL US","27.862","-80.445","10.0","2022-01-19","9999.9"," 0","000000",,"999.9",,"  68.9","*","  52.7","*","999.9",," 0.00","I","1023.8","24","999.9",,"999.9"," 0","  60.0","24"
"99495199999","SEBASTIAN INLET STATE PARK, FL US","27.862","-80.445","10.0","2022-01-20","9999.9"," 0","000000",,"999.9",,"  70.0","*","  58.6","*","999.9",," 0.00","I","1020.9","24","999.9",,"999.9"," 0","  65.3","24"
"99495199999","SEBASTIAN INLET STATE PARK, FL US","27.862","-80.445","10.0","2022-01-21","9999.9"," 0","000000",,"999.9",,"  69.8","*","  62.4","*","999.9",," 0.00","I","1018.9","24","999.9",,"999.9"," 0","  66.7","24"
"99495199999","SEBASTIAN INLET STATE PARK, FL US","27.862","-80.445","10.0","2022-01-22","9999.9"," 0","000000",,"999.9",,"  68.9","*","  61.7","*","999.9",," 0.00","I","1020.0","24","999.9",,"999.9"," 0","  64.0","24"
"99495199999","SEBASTIAN INLET STATE PARK, FL US","27.862","-80.445","10.0","2022-01-23","9999.9"," 0","000000",,"999.9",,"  60.4","*","  48.7","*","999.9",," 0.00","I","1019.4","24","999.9",,"999.9"," 0","  54.1","24"
"99495199999","SEBASTIAN INLET STATE PARK, FL US","27.862","-80.445","10.0","2022-01-24","9999.9"," 0","000000",,"999.9",,"  57.9","*","  41.5","*","999.9",," 0.00","I","1017.6","24","999.9",,"999.9"," 0","  48.3","24"
"99495199999","SEBASTIAN INLET STATE PARK, FL US","27.862","-80.445","10.0","2022-01-25","9999.9"," 0","000000",,"999.9",,"  60.3","*","  51.4","*","999.9",," 0.00","I","1017.9","22","999.9",,"999.9"," 0","  55.3","22"
"99495199999","SEBASTIAN INLET STATE PARK, FL US","27.862","-80.445","10.0","2022-01-26","9999.9"," 0","000000",,"999.9",,"  67.6","*","  59.0","*","999.9",," 0.00","I","1017.5","24","999.9",,"999.9"," 0","  64.6","24"
"99495199999","SEBASTIAN INLET STATE PARK, FL US","27.862","-80.445","10.0","2022-01-27","9999.9"," 0","000000",,"999.9",,"  68.9","*","  63.1","*","999.9",," 0.00","I","1018.7","24","999.9",,"999.9"," 0","  66.1","24"
"99495199999","SEBASTIAN INLET STATE PARK, FL US","27.862","-80.445","10.0","2022-01-28","9999.9"," 0","000000",,"999.9",,"  68.0","*","  58.6","*","999.9",," 0.00","I","1016.0","24","999.9",,"999.9"," 0","  62.4","24"
"99495199999","SEBASTIAN INLET STATE PARK, FL US","27.862","-80.445","10.0","2022-01-29","9999.9"," 0","000000",,"999.9",,"  66.7","*","  44.4","*","999.9",," 0.00","I","1017.6","24","999.9",,"999.9"," 0","  52.5","24"
"99495199999","SEBASTIAN INLET STATE PARK, FL US","27.862","-80.445","10.0","2022-01-30","9999.9"," 0","000000",,"999.9",,"  52.5","*","  40.1","*","999.9",," 0.00","I","1024.5","24","999.9",,"999.9"," 0","  45.4","24"
"99495199999","SEBASTIAN INLET STATE PARK, FL US","27.862","-80.445","10.0","2022-01-31","9999.9"," 0","000000",,"999.9",,"  60.4","*","  45.1","*","999.9",," 0.00","I","1024.8","24","999.9",,"999.9"," 0","  51.9","24"
"99495199999","SEBASTIAN INLET STATE PARK, FL US","27.862","-80.445","10.0","2022-02-01","9999.9"," 0","000000",,"999.9",,"  66.6","*","  52.7","*","999.9",," 0.00","I","1023.9","24","999.9",,"999.9"," 0","  59.7","24"
"99495199999","SEBASTIAN INLET STATE PARK, FL US","27.862","-80.445","10.0","2022-02-02","9999.9"," 0","000000",,"999.9",,"  67.8","*","  65.7","*","999.9",," 0.00","I","1022.5","24","999.9",,"999.9"," 0","  66.9","24"
"99495199999","SEBASTIAN INLET STATE PARK, FL US","27.862","-80.445","10.0","2022-02-03","9999.9"," 0","000000",,"999.9",,"  68.7","*","  66.7","*","999.9",," 0.00","I","1021.9","24","999.9",,"999.9"," 0","  67.7","24"
"99495199999","SEBASTIAN INLET STATE PARK, FL US","27.862","-80.445","10.0","2022-02-04","9999.9"," 0","000000",,"999.9",,"  72.5","*","  66.0","*","999.9",," 0.00","I","1022.3","24","999.9",,"999.9"," 0","  69.1","24"
"99495199999","SEBASTIAN INLET STATE PARK, FL US","27.862","-80.445","10.0","2022-02-05","9999.9"," 0","000000",,"999.9",,"  71.6","*","  62.4","*","999.9",," 0.00","I","1022.0","24","999.9",,"999.9"," 0","  66.6","24"
"99495199999","SEBASTIAN INLET STATE PARK, FL US","27.862","-80.445","10.0","2022-02-08","9999.9"," 0","000000",,"999.9",,"  61.5","*","  58.8","*","999.9",," 0.00","I","1018.2"," 4","999.9",,"999.9"," 0","  59.9"," 4"
"99495199999","SEBASTIAN INLET STATE PARK, FL US","27.862","-80.445","10.0","2022-02-09","9999.9"," 0","000000",,"999.9",,"  60.6","*","  53.6","*","999.9",," 0.00","I","1018.1","23","999.9",,"999.9"," 0","  57.2","23"
"99495199999","SEBASTIAN INLET STATE PARK, FL US","27.862","-80.445","10.0","2022-02-10","9999.9"," 0","000000",,"999.9",,"  63.0","*","  54.5","*","999.9",," 0.00","I","1019.4","22","999.9",,"999.9"," 0","  60.0","22"
"99495199999","SEBASTIAN INLET STATE PARK, FL US","27.862","-80.445","10.0","2022-02-11","9999.9"," 0","000000",,"999.9",,"  68.5","*","  61.9","*","999.9",," 0.00","I","1019.2","24","999.9",,"999.9"," 0","  64.7","24"
"99495199999","SEBASTIAN INLET STATE PARK, FL US","27.862","-80.445","10.0","2022-02-12","9999.9"," 0","000000",,"999.9",,"  70.3","*","  63.5","*","999.9",," 0.00","I","1019.1","24","999.9",,"999.9"," 0","  67.6","24"
"99495199999","SEBASTIAN INLET STATE PARK, FL US","27.862","-80.445","10.0","2022-02-13","9999.9"," 0","000000",,"999.9",,"  71.2","*","  63.3","*","999.9",," 0.00","I","1017.8","24","999.9",,"999.9"," 0","  67.4","24"
"99495199999","SEBASTIAN INLET STATE PARK, FL US","27.862","-80.445","10.0","2022-02-14","9999.9"," 0","000000",,"999.9",,"  67.8","*","  48.0","*","999.9",," 0.00","I","1023.5","24","999.9",,"999.9"," 0","  56.6","24"
"99495199999","SEBASTIAN INLET STATE PARK, FL US","27.862","-80.445","10.0","2022-02-15","9999.9"," 0","000000",,"999.9",,"  67.6","*","  56.8","*","999.9",," 0.00","I","1028.9","24","999.9",,"999.9"," 0","  63.5","24"
"99495199999","SEBASTIAN INLET STATE PARK, FL US","27.862","-80.445","10.0","2022-02-16","9999.9"," 0","000000",,"999.9",,"  70.0","*","  67.6","*","999.9",," 0.00","I","1029.0","24","999.9",,"999.9"," 0","  68.6","24"
"99495199999","SEBASTIAN INLET STATE PARK, FL US","27.862","-80.445","10.0","2022-02-17","9999.9"," 0","000000",,"999.9",,"  70.3","*","  67.6","*","999.9",," 0.00","I","1026.7"," 9","999.9",,"999.9"," 0","  69.3"," 9"
"99495199999","SEBASTIAN INLET STATE PARK, FL US","27.862","-80.445","10.0","2022-03-01","9999.9"," 0","000000",,"999.9",,"  68.2","*","  65.7","*","999.9",," 0.00","I","1017.2"," 5","999.9",,"999.9"," 0","  66.9"," 5"
"99495199999","SEBASTIAN INLET STATE PARK, FL US","27.862","-80.445","10.0","2022-03-02","9999.9"," 0","000000",,"999.9",,"  69.3","*","  63.9","*","999.9",," 0.00","I","1020.0","24","999.9",,"999.9"," 0","  67.1","24"
"99495199999","SEBASTIAN INLET STATE PARK, FL US","27.862","-80.445","10.0","2022-03-03","9999.9"," 0","000000",,"999.9",,"  72.9","*","  69.3","*","999.9",," 0.00","I","1022.0","24","999.9",,"999.9"," 0","  71.4","24"
"99495199999","SEBASTIAN INLET STATE PARK, FL US","27.862","-80.445","10.0","2022-03-04","9999.9"," 0","000000",,"999.9",,"  74.3","*","  67.5","*","999.9",," 0.00","I","1024.0","24","999.9",,"999.9"," 0","  71.4","24"
"99495199999","SEBASTIAN INLET STATE PARK, FL US","27.862","-80.445","10.0","2022-03-05","9999.9"," 0","000000",,"999.9",,"  74.1","*","  73.2","*","999.9",," 0.00","I","1026.1","24","999.9",,"999.9"," 0","  73.6","24"
"99495199999","SEBASTIAN INLET STATE PARK, FL US","27.862","-80.445","10.0","2022-03-06","9999.9"," 0","000000",,"999.9",,"  74.8","*","  73.8","*","999.9",," 0.00","I","1026.2","24","999.9",,"999.9"," 0","  74.3","24"
"99495199999","SEBASTIAN INLET STATE PARK, FL US","27.862","-80.445","10.0","2022-03-07","9999.9"," 0","000000",,"999.9",,"  74.7","*","  73.6","*","999.9",," 0.00","I","1022.8","24","999.9",,"999.9"," 0","  74.2","24"
"99495199999","SEBASTIAN INLET STATE PARK, FL US","27.862","-80.445","10.0","2022-03-08","9999.9"," 0","000000",,"999.9",,"  79.0","*","  71.6","*","999.9",," 0.00","I","1019.0","24","999.9",,"999.9"," 0","  74.5","24"
"99495199999","SEBASTIAN INLET STATE PARK, FL US","27.862","-80.445","10.0","2022-03-09","9999.9"," 0","000000",,"999.9",,"  81.7","*","  71.8","*","999.9",," 0.00","I","1016.3","24","999.9",,"999.9"," 0","  75.3","24"
"99495199999","SEBASTIAN INLET STATE PARK, FL US","27.862","-80.445","10.0","2022-03-10","9999.9"," 0","000000",,"999.9",,"  82.6","*","  67.1","*","999.9",," 0.00","I","1016.5","24","999.9",,"999.9"," 0","  74.5","24"
"99495199999","SEBASTIAN INLET STATE PARK, FL US","27.862","-80.445","10.0","2022-03-11","9999.9"," 0","000000",,"999.9",,"  81.1","*","  69.4","*","999.9",," 0.00","I","1016.6","24","999.9",,"999.9"," 0","  74.8","24"
"99495199999","SEBASTIAN INLET STATE PARK, FL US","27.862","-80.445","10.0","2022-03-12","9999.9"," 0","000000",,"999.9",,"  80.4","*","  63.5","*","999.9",," 0.00","I","1012.7","24","999.9",,"999.9"," 0","  73.5","24"
"99495199999","SEBASTIAN INLET STATE PARK, FL US","27.862","-80.445","10.0","2022-03-13","9999.9"," 0","000000",,"999.9",,"  64.6","*","  45.5","*","999.9",," 0.00","I","1024.6","24","999.9",,"999.9"," 0","  56.2","24"
"99495199999","SEBASTIAN INLET STATE PARK, FL US","27.862","-80.445","10.0","2022-03-14","9999.9"," 0","000000",,"999.9",,"  70.5","*","  64.9","*","999.9",," 0.00","I","1027.0","24","999.9",,"999.9"," 0","  68.1","24"
"99495199999","SEBASTIAN INLET STATE PARK, FL US","27.862","-80.445","10.0","2022-03-15","9999.9"," 0","000000",,"999.9",,"  72.3","*","  70.5","*","999.9",," 0.00","I","1023.9","24","999.9",,"999.9"," 0","  71.5","24"
"99495199999","SEBASTIAN INLET STATE PARK, FL US","27.862","-80.445","10.0","2022-03-16","9999.9"," 0","000000",,"999.9",,"  82.8","*","  67.8","*","999.9",," 0.00","I","1017.9","24","999.9",,"999.9"," 0","  73.1","24"
"99495199999","SEBASTIAN INLET STATE PARK, FL US","27.862","-80.445","10.0","2022-03-17","9999.9"," 0","000000",,"999.9",,"  72.7","*","  69.4","*","999.9",," 0.00","I","1017.1","17","999.9",,"999.9"," 0","  71.0","17"
"99495199999","SEBASTIAN INLET STATE PARK, FL US","27.862","-80.445","10.0","2022-03-18","9999.9"," 0","000000",,"999.9",,"  75.7","*","  69.4","*","999.9",," 0.00","I","1018.6","24","999.9",,"999.9"," 0","  73.9","24"
"99495199999","SEBASTIAN INLET STATE PARK, FL US","27.862","-80.445","10.0","2022-03-19","9999.9"," 0","000000",,"999.9",,"  76.3","*","  72.9","*","999.9",," 0.00","I","1019.7","24","999.9",,"999.9"," 0","  74.9","24"
"99495199999","SEBASTIAN INLET STATE PARK, FL US","27.862","-80.445","10.0","2022-03-20","9999.9"," 0","000000",,"999.9",,"  76.6","*","  67.6","*","999.9",," 0.00","I","1020.5","24","999.9",,"999.9"," 0","  72.0","24"
"99495199999","SEBASTIAN INLET STATE PARK, FL US","27.862","-80.445","10.0","2022-03-21","9999.9"," 0","000000",,"999.9",,"  72.0","*","  68.5","*","999.9",," 0.00","I","1023.0","24","999.9",,"999.9"," 0","  70.2","24"
"99495199999","SEBASTIAN INLET STATE PARK, FL US","27.862","-80.445","10.0","2022-03-22","9999.9"," 0","000000",,"999.9",,"  73.9","*","  71.4","*","999.9",," 0.00","I","1020.8","24","999.9",,"999.9"," 0","  72.3","24"
"99495199999","SEBASTIAN INLET STATE PARK, FL US","27.862","-80.445","10.0","2022-03-23","9999.9"," 0","000000",,"999.9",,"  76.1","*","  73.8","*","999.9",," 0.00","I","1017.1","23","999.9",,"999.9"," 0","  74.7","23"
"99495199999","SEBASTIAN INLET STATE PARK, FL US","27.862","-80.445","10.0","2022-03-24","9999.9"," 0","000000",,"999.9",,"  82.4","*","  72.0","*","999.9",," 0.00","I","1015.0","24","999.9",,"999.9"," 0","  76.6","24"
"99495199999","SEBASTIAN INLET STATE PARK, FL US","27.862","-80.445","10.0","2022-03-25","9999.9"," 0","000000",,"999.9",,"  74.8","*","  64.4","*","999.9",," 0.00","I","1015.8","24","999.9",,"999.9"," 0","  68.2","24"
"99495199999","SEBASTIAN INLET STATE PARK, FL US","27.862","-80.445","10.0","2022-03-26","9999.9"," 0","000000",,"999.9",,"  76.3","*","  59.0","*","999.9",," 0.00","I","1016.3","24","999.9",,"999.9"," 0","  67.0","24"
"99495199999","SEBASTIAN INLET STATE PARK, FL US","27.862","-80.445","10.0","2022-03-27","9999.9"," 0","000000",,"999.9",,"  74.1","*","  59.9","*","999.9",," 0.00","I","1018.0","24","999.9",,"999.9"," 0","  65.4","24"
"99495199999","SEBASTIAN INLET STATE PARK, FL US","27.862","-80.445","10.0","2022-03-28","9999.9"," 0","000000",,"999.9",,"  73.4","*","  60.8","*","999.9",," 0.00","I","1020.7","24","999.9",,"999.9"," 0","  67.2","24"
"99495199999","SEBASTIAN INLET STATE PARK, FL US","27.862","-80.445","10.0","2022-03-29","9999.9"," 0","000000",,"999.9",,"  73.4","*","  64.0","*","999.9",," 0.00","I","1022.0","21","999.9",,"999.9"," 0","  68.5","21"
"99495199999","SEBASTIAN INLET STATE PARK, FL US","27.862","-80.445","10.0","2022-03-30","9999.9"," 0","000000",,"999.9",,"  75.4","*","  72.3","*","999.9",," 0.00","I","1020.3","20","999.9",,"999.9"," 0","  74.2","20"
"99495199999","SEBASTIAN INLET STATE PARK, FL US","27.862","-80.445","10.0","2022-03-31","9999.9"," 0","000000",,"999.9",,"  77.4","*","  73.6","*","999.9",," 0.00","I","1015.0","24","999.9",,"999.9"," 0","  75.4","24"
"99495199999","SEBASTIAN INLET STATE PARK, FL US","27.862","-80.445","10.0","2022-04-01","9999.9"," 0","000000",,"999.9",,"  77.7","*","  70.9","*","999.9",," 0.00","I","1015.1","18","999.9",,"999.9"," 0","  74.8","18"
"99495199999","SEBASTIAN INLET STATE PARK, FL US","27.862","-80.445","10.0","2022-04-02","9999.9"," 0","000000",,"999.9",,"  76.3","*","  69.1","*","999.9",," 0.00","I","1016.3","18","999.9",,"999.9"," 0","  73.9","18"
"99495199999","SEBASTIAN INLET STATE PARK, FL US","27.862","-80.445","10.0","2022-04-03","9999.9"," 0","000000",,"999.9",,"  73.4","*","  67.1","*","999.9",," 0.00","I","1015.0","24","999.9",,"999.9"," 0","  69.4","24"
"99495199999","SEBASTIAN INLET STATE PARK, FL US","27.862","-80.445","10.0","2022-04-04","9999.9"," 0","000000",,"999.9",,"  74.1","*","  69.4","*","999.9",," 0.00","I","1015.5","24","999.9",,"999.9"," 0","  72.3","24"
"99495199999","SEBASTIAN INLET STATE PARK, FL US","27.862","-80.445","10.0","2022-04-05","9999.9"," 0","000000",,"999.9",,"  77.0","*","  73.9","*","999.9",," 0.00","I","1015.3","20","999.9",,"999.9"," 0","  75.2","20"
"99495199999","SEBASTIAN INLET STATE PARK, FL US","27.862","-80.445","10.0","2022-04-06","9999.9"," 0","000000",,"999.9",,"  84.6","*","  73.6","*","999.9",," 0.00","I","1013.3","20","999.9",,"999.9"," 0","  77.0","20"
"99495199999","SEBASTIAN INLET STATE PARK, FL US","27.862","-80.445","10.0","2022-04-07","9999.9"," 0","000000",,"999.9",,"  82.6","*","  73.4","*","999.9",," 0.00","I","1012.2","24","999.9",,"999.9"," 0","  76.6","24"
"99495199999","SEBASTIAN INLET STATE PARK, FL US","27.862","-80.445","10.0","2022-04-08","9999.9"," 0","000000",,"999.9",,"  74.7","*","  64.2","*","999.9",," 0.00","I","1014.2","24","999.9",,"999.9"," 0","  69.2","24"
"99495199999","SEBASTIAN INLET STATE PARK, FL US","27.862","-80.445","10.0","2022-04-09","9999.9"," 0","000000",,"999.9",,"  71.6","*","  60.1","*","999.9",," 0.00","I","1017.4","24","999.9",,"999.9"," 0","  65.3","24"
"99495199999","SEBASTIAN INLET STATE PARK, FL US","27.862","-80.445","10.0","2022-04-10","9999.9"," 0","000000",,"999.9",,"  66.6","*","  57.0","*","999.9",," 0.00","I","1021.5","24","999.9",,"999.9"," 0","  62.1","24"
"99495199999","SEBASTIAN INLET STATE PARK, FL US","27.862","-80.445","10.0","2022-04-11","9999.9"," 0","000000",,"999.9",,"  71.4","*","  66.0","*","999.9",," 0.00","I","1022.8","24","999.9",,"999.9"," 0","  68.9","24"
"99495199999","SEBASTIAN INLET STATE PARK, FL US","27.862","-80.445","10.0","2022-04-12","9999.9"," 0","000000",,"999.9",,"  73.2","*","  71.1","*","999.9",," 0.00","I","1023.0","23","999.9",,"999.9"," 0","  71.9","23"
"99495199999","SEBASTIAN INLET STATE PARK, FL US","27.862","-80.445","10.0","2022-04-13","9999.9"," 0","000000",,"999.9",,"  73.9","*","  72.9","*","999.9",," 0.00","I","1021.0","24","999.9",,"999.9"," 0","  73.4","24"
"99495199999","SEBASTIAN INLET STATE PARK, FL US","27.862","-80.445","10.0","2022-04-14","9999.9"," 0","000000",,"999.9",,"  75.0","*","  71.1","*","999.9",," 0.00","I","1018.2","24","999.9",,"999.9"," 0","  73.7","24"
"99495199999","SEBASTIAN INLET STATE PARK, FL US","27.862","-80.445","10.0","2022-04-15","9999.9"," 0","000000",,"999.9",,"  75.9","*","  71.6","*","999.9",," 0.00","I","1018.4","24","999.9",,"999.9"," 0","  73.7","24"
"99495199999","SEBASTIAN INLET STATE PARK, FL US","27.862","-80.445","10.0","2022-04-16","9999.9"," 0","000000",,"999.9",,"  74.3","*","  73.4","*","999.9",," 0.00","I","1018.7","15","999.9",,"999.9"," 0","  73.9","15"
"99495199999","SEBASTIAN INLET STATE PARK, FL US","27.862","-80.445","10.0","2022-04-17","9999.9"," 0","000000",,"999.9",,"  76.3","*","  72.7","*","999.9",," 0.00","I","1016.6","20","999.9",,"999.9"," 0","  75.1","20"
"99495199999","SEBASTIAN INLET STATE PARK, FL US","27.862","-80.445","10.0","2022-04-18","9999.9"," 0","000000",,"999.9",,"  80.4","*","  72.9","*","999.9",," 0.00","I","1014.9","24","999.9",,"999.9"," 0","  75.8","24"
"99495199999","SEBASTIAN INLET STATE PARK, FL US","27.862","-80.445","10.0","2022-04-19","9999.9"," 0","000000",,"999.9",,"  76.3","*","  66.9","*","999.9",," 0.00","I","1017.1","24","999.9",,"999.9"," 0","  71.0","24"
"99495199999","SEBASTIAN INLET STATE PARK, FL US","27.862","-80.445","10.0","2022-04-20","9999.9"," 0","000000",,"999.9",,"  72.7","*","  67.1","*","999.9",," 0.00","I","1022.8","24","999.9",,"999.9"," 0","  70.7","24"
"99495199999","SEBASTIAN INLET STATE PARK, FL US","27.862","-80.445","10.0","2022-04-21","9999.9"," 0","000000",,"999.9",,"  73.9","*","  71.8","*","999.9",," 0.00","I","1025.3","24","999.9",,"999.9"," 0","  73.0","24"
"99495199999","SEBASTIAN INLET STATE PARK, FL US","27.862","-80.445","10.0","2022-04-22","9999.9"," 0","000000",,"999.9",,"  73.6","*","  72.5","*","999.9",," 0.00","I","1025.1","24","999.9",,"999.9"," 0","  73.0","24"
"99495199999","SEBASTIAN INLET STATE PARK, FL US","27.862","-80.445","10.0","2022-04-23","9999.9"," 0","000000",,"999.9",,"  73.9","*","  72.9","*","999.9",," 0.00","I","1023.2","24","999.9",,"999.9"," 0","  73.4","24"
"99495199999","SEBASTIAN INLET STATE PARK, FL US","27.862","-80.445","10.0","2022-04-24","9999.9"," 0","000000",,"999.9",,"  74.5","*","  72.3","*","999.9",," 0.00","I","1021.5","24","999.9",,"999.9"," 0","  73.8","24"
"99495199999","SEBASTIAN INLET STATE PARK, FL US","27.862","-80.445","10.0","2022-04-25","9999.9"," 0","000000",,"999.9",,"  75.6","*","  73.4","*","999.9",," 0.00","I","1021.2","24","999.9",,"999.9"," 0","  74.5","24"
"99495199999","SEBASTIAN INLET STATE PARK, FL US","27.862","-80.445","10.0","2022-04-26","9999.9"," 0","000000",,"999.9",,"  75.7","*","  70.9","*","999.9",," 0.00","I","1021.1","24","999.9",,"999.9"," 0","  74.5","24"
"99495199999","SEBASTIAN INLET STATE PARK, FL US","27.862","-80.445","10.0","2022-04-27","9999.9"," 0","000000",,"999.9",,"  79.2","*","  69.6","*","999.9",," 0.00","I","1019.0","24","999.9",,"999.9"," 0","  74.6","24"
"99495199999","SEBASTIAN INLET STATE PARK, FL US","27.862","-80.445","10.0","2022-04-28","9999.9"," 0","000000",,"999.9",,"  77.2","*","  71.4","*","999.9",," 0.00","I","1017.5","24","999.9",,"999.9"," 0","  74.3","24"
"99495199999","SEBASTIAN INLET STATE PARK, FL US","27.862","-80.445","10.0","2022-04-29","9999.9"," 0","000000",,"999.9",,"  74.1","*","  73.2","*","999.9",," 0.00","I","1018.4","24","999.9",,"999.9"," 0","  73.7","24"
"99495199999","SEBASTIAN INLET STATE PARK, FL US","27.862","-80.445","10.0","2022-04-30","9999.9"," 0","000000",,"999.9",,"  74.8","*","  73.0","*","999.9",," 0.00","I","1018.5","24","999.9",,"999.9"," 0","  73.8","24"
"99495199999","SEBASTIAN INLET STATE PARK, FL US","27.862","-80.445","10.0","2022-05-01","9999.9"," 0","000000",,"999.9",,"  75.9","*","  74.5","*","999.9",," 0.00","I","1019.0","24","999.9",,"999.9"," 0","  75.1","24"
"99495199999","SEBASTIAN INLET STATE PARK, FL US","27.862","-80.445","10.0","2022-05-02","9999.9"," 0","000000",,"999.9",,"  76.6","*","  73.8","*","999.9",," 0.00","I","1019.8","24","999.9",,"999.9"," 0","  75.8","24"
"99495199999","SEBASTIAN INLET STATE PARK, FL US","27.862","-80.445","10.0","2022-05-03","9999.9"," 0","000000",,"999.9",,"  77.0","*","  75.7","*","999.9",," 0.00","I","1019.5","24","999.9",,"999.9"," 0","  76.4","24"
"99495199999","SEBASTIAN INLET STATE PARK, FL US","27.862","-80.445","10.0","2022-05-04","9999.9"," 0","000000",,"999.9",,"  76.6","*","  75.2","*","999.9",," 0.00","I","1018.4","24","999.9",,"999.9"," 0","  76.0","24"
"99495199999","SEBASTIAN INLET STATE PARK, FL US","27.862","-80.445","10.0","2022-05-05","9999.9"," 0","000000",,"999.9",,"  79.2","*","  72.9","*","999.9",," 0.00","I","1017.8","24","999.9",,"999.9"," 0","  76.5","24"
"99495199999","SEBASTIAN INLET STATE PARK, FL US","27.862","-80.445","10.0","2022-05-06","9999.9"," 0","000000",,"999.9",,"  89.6","*","  73.9","*","999.9",," 0.00","I","1015.2","24","999.9",,"999.9"," 0","  80.3","24"
"99495199999","SEBASTIAN INLET STATE PARK, FL US","27.862","-80.445","10.0","2022-05-07","9999.9"," 0","000000",,"999.9",,"  86.9","*","  74.3","*","999.9",," 0.00","I","1011.0","24","999.9",,"999.9"," 0","  78.8","24"
"99495199999","SEBASTIAN INLET STATE PARK, FL US","27.862","-80.445","10.0","2022-05-08","9999.9"," 0","000000",,"999.9",,"  81.1","*","  71.2","*","999.9",," 0.00","I","1010.8","24","999.9",,"999.9"," 0","  74.3","24"
"99495199999","SEBASTIAN INLET STATE PARK, FL US","27.862","-80.445","10.0","2022-05-09","9999.9"," 0","000000",,"999.9",,"  75.7","*","  72.0","*","999.9",," 0.00","I","1015.2","24","999.9",,"999.9"," 0","  74.2","24"
"99495199999","SEBASTIAN INLET STATE PARK, FL US","27.862","-80.445","10.0","2022-05-10","9999.9"," 0","000000",,"999.9",,"  72.9","*","  70.5","*","999.9",," 0.00","I","1018.4","24","999.9",,"999.9"," 0","  71.7","24"
"99495199999","SEBASTIAN INLET STATE PARK, FL US","27.862","-80.445","10.0","2022-05-11","9999.9"," 0","000000",,"999.9",,"  73.4","*","  68.9","*","999.9",," 0.00","I","1016.9","24","999.9",,"999.9"," 0","  71.6","24"
"99495199999","SEBASTIAN INLET STATE PARK, FL US","27.862","-80.445","10.0","2022-05-12","9999.9"," 0","000000",,"999.9",,"  72.9","*","  70.2","*","999.9",," 0.00","I","1015.0","24","999.9",,"999.9"," 0","  71.4","24"
"99495199999","SEBASTIAN INLET STATE PARK, FL US","27.862","-80.445","10.0","2022-05-13","9999.9"," 0","000000",,"999.9",,"  75.4","*","  68.4","*","999.9",," 0.00","I","1015.1","24","999.9",,"999.9"," 0","  72.0","24"
"99495199999","SEBASTIAN INLET STATE PARK, FL US","27.862","-80.445","10.0","2022-05-14","9999.9"," 0","000000",,"999.9",,"  77.7","*","  71.4","*","999.9",," 0.00","I","1015.5","24","999.9",,"999.9"," 0","  75.1","24"
"99495199999","SEBASTIAN INLET STATE PARK, FL US","27.862","-80.445","10.0","2022-05-15","9999.9"," 0","000000",,"999.9",,"  78.1","*","  72.7","*","999.9",," 0.00","I","1014.6","24","999.9",,"999.9"," 0","  76.6","24"
"99495199999","SEBASTIAN INLET STATE PARK, FL US","27.862","-80.445","10.0","2022-05-16","9999.9"," 0","000000",,"999.9",,"  85.6","*","  70.2","*","999.9",," 0.00","I","1013.9","24","999.9",,"999.9"," 0","  76.7","24"
"99495199999","SEBASTIAN INLET STATE PARK, FL US","27.862","-80.445","10.0","2022-05-17","9999.9"," 0","000000",,"999.9",,"  78.6","*","  72.1","*","999.9",," 0.00","I","1015.5","24","999.9",,"999.9"," 0","  76.0","24"
"99495199999","SEBASTIAN INLET STATE PARK, FL US","27.862","-80.445","10.0","2022-05-18","9999.9"," 0","000000",,"999.9",,"  79.7","*","  72.3","*","999.9",," 0.00","I","1017.0","24","999.9",,"999.9"," 0","  77.0","24"
"99495199999","SEBASTIAN INLET STATE PARK, FL US","27.862","-80.445","10.0","2022-05-19","9999.9"," 0","000000",,"999.9",,"  86.0","*","  75.6","*","999.9",," 0.00","I","1016.5","20","999.9",,"999.9"," 0","  79.6","20"
"99495199999","SEBASTIAN INLET STATE PARK, FL US","27.862","-80.445","10.0","2022-05-20","9999.9"," 0","000000",,"999.9",,"  80.4","*","  75.0","*","999.9",," 0.00","I","1017.6","24","999.9",,"999.9"," 0","  77.7","24"
"99495199999","SEBASTIAN INLET STATE PARK, FL US","27.862","-80.445","10.0","2022-05-21","9999.9"," 0","000000",,"999.9",,"  79.0","*","  74.5","*","999.9",," 0.00","I","1021.9","24","999.9",,"999.9"," 0","  77.1","24"
"99495199999","SEBASTIAN INLET STATE PARK, FL US","27.862","-80.445","10.0","2022-05-22","9999.9"," 0","000000",,"999.9",,"  79.3","*","  77.5","*","999.9",," 0.00","I","1023.5","24","999.9",,"999.9"," 0","  78.6","24"
"99495199999","SEBASTIAN INLET STATE PARK, FL US","27.862","-80.445","10.0","2022-05-23","9999.9"," 0","000000",,"999.9",,"  79.2","*","  77.7","*","999.9",," 0.00","I","1021.3","23","999.9",,"999.9"," 0","  78.5","23"
"99495199999","SEBASTIAN INLET STATE PARK, FL US","27.862","-80.445","10.0","2022-05-24","9999.9"," 0","000000",,"999.9",,"  78.6","*","  77.4","*","999.9",," 0.00","I","1019.2","17","999.9",,"999.9"," 0","  78.0","17"
"99495199999","SEBASTIAN INLET STATE PARK, FL US","27.862","-80.445","10.0","2022-05-25","9999.9"," 0","000000",,"999.9",,"  78.6","*","  77.2","*","999.9",," 0.00","I","1019.4"," 5","999.9",,"999.9"," 0","  77.9"," 5"
"99495199999","SEBASTIAN INLET STATE PARK, FL US","27.862","-80.445","10.0","2022-05-26","9999.9"," 0","000000",,"999.9",,"9999.9"," ","9999.9"," ","999.9",," 0.00","I","1019.0"," 4","999.9",,"999.9"," 0","  77.9"," 4"
"99495199999","SEBASTIAN INLET STATE PARK, FL US","27.862","-80.445","10.0","2022-05-27","9999.9"," 0","000000",,"999.9",,"  80.4","*","  76.5","*","999.9",," 0.00","I","1016.4","10","999.9",,"999.9"," 0","  77.8","10"
"99495199999","SEBASTIAN INLET STATE PARK, FL US","27.862","-80.445","10.0","2022-05-28","9999.9"," 0","000000",,"999.9",,"  83.1","*","  74.5","*","999.9",," 0.00","I","1014.8","24","999.9",,"999.9"," 0","  77.0","24"
"99495199999","SEBASTIAN INLET STATE PARK, FL US","27.862","-80.445","10.0","2022-05-29","9999.9"," 0","000000",,"999.9",,"  78.8","*","  73.8","*","999.9",," 0.00","I","1015.3","24","999.9",,"999.9"," 0","  76.9","24"
"99495199999","SEBASTIAN INLET STATE PARK, FL US","27.862","-80.445","10.0","2022-05-30","9999.9"," 0","000000",,"999.9",,"  78.6","*","  71.8","*","999.9",," 0.00","I","1018.0","24","999.9",,"999.9"," 0","  74.6","24"
"99495199999","SEBASTIAN INLET STATE PARK, FL US","27.862","-80.445","10.0","2022-05-31","9999.9"," 0","000000",,"999.9",,"  77.4","*","  75.4","*","999.9",," 0.00","I","1018.2","24","999.9",,"999.9"," 0","  76.6","24"
"99495199999","SEBASTIAN INLET STATE PARK, FL US","27.862","-80.445","10.0","2022-06-01","9999.9"," 0","000000",,"999.9",,"  77.5","*","  73.6","*","999.9",," 0.00","I","1015.8","24","999.9",,"999.9"," 0","  76.0","24"
"99495199999","SEBASTIAN INLET STATE PARK, FL US","27.862","-80.445","10.0","2022-06-02","9999.9"," 0","000000",,"999.9",,"  78.4","*","  75.6","*","999.9",," 0.00","I","1013.8","24","999.9",,"999.9"," 0","  77.2","24"
"99495199999","SEBASTIAN INLET STATE PARK, FL US","27.862","-80.445","10.0","2022-06-03","9999.9"," 0","000000",,"999.9",,"  78.8","*","  73.2","*","999.9",," 0.00","I","1012.8","24","999.9",,"999.9"," 0","  76.0","24"
"99495199999","SEBASTIAN INLET STATE PARK, FL US","27.862","-80.445","10.0","2022-06-04","9999.9"," 0","000000",,"999.9",,"  75.7","*","  72.3","*","999.9",," 0.00","I","1007.9","24","999.9",,"999.9"," 0","  73.9","24"
"99495199999","SEBASTIAN INLET STATE PARK, FL US","27.862","-80.445","10.0","2022-06-05","9999.9"," 0","000000",,"999.9",,"  77.9","*","  71.6","*","999.9",," 0.00","I","1007.8","23","999.9",,"999.9"," 0","  75.6","23"
"99495199999","SEBASTIAN INLET STATE PARK, FL US","27.862","-80.445","10.0","2022-06-06","9999.9"," 0","000000",,"999.9",,"  78.6","*","  73.8","*","999.9",," 0.00","I","1012.3","24","999.9",,"999.9"," 0","  77.4","24"
"99495199999","SEBASTIAN INLET STATE PARK, FL US","27.862","-80.445","10.0","2022-06-07","9999.9"," 0","000000",,"999.9",,"  79.2","*","  74.3","*","999.9",," 0.00","I","1014.7","24","999.9",,"999.9"," 0","  76.4","24"
"99495199999","SEBASTIAN INLET STATE PARK, FL US","27.862","-80.445","10.0","2022-06-08","9999.9"," 0","000000",,"999.9",,"  82.8","*","  73.8","*","999.9",," 0.00","I","1016.2","24","999.9",,"999.9"," 0","  77.6","24"
"99495199999","SEBASTIAN INLET STATE PARK, FL US","27.862","-80.445","10.0","2022-06-09","9999.9"," 0","000000",,"999.9",,"  84.0","*","  73.2","*","999.9",," 0.00","I","1016.5","24","999.9",,"999.9"," 0","  76.9","24"
"99495199999","SEBASTIAN INLET STATE PARK, FL US","27.862","-80.445","10.0","2022-06-10","9999.9"," 0","000000",,"999.9",,"  86.7","*","  72.1","*","999.9",," 0.00","I","1015.1","24","999.9",,"999.9"," 0","  77.3","24"
"99495199999","SEBASTIAN INLET STATE PARK, FL US","27.862","-80.445","10.0","2022-06-11","9999.9"," 0","000000",,"999.9",,"  83.1","*","  71.8","*","999.9",," 0.00","I","1015.0","24","999.9",,"999.9"," 0","  75.3","24"
"99495199999","SEBASTIAN INLET STATE PARK, FL US","27.862","-80.445","10.0","2022-06-12","9999.9"," 0","000000",,"999.9",,"  87.6","*","  75.4","*","999.9",," 0.00","I","1017.0","24","999.9",,"999.9"," 0","  79.3","24"
"99495199999","SEBASTIAN INLET STATE PARK, FL US","27.862","-80.445","10.0","2022-06-13","9999.9"," 0","000000",,"999.9",,"  82.9","*","  77.2","*","999.9",," 0.00","I","1019.4","24","999.9",,"999.9"," 0","  80.0","24"
"99495199999","SEBASTIAN INLET STATE PARK, FL US","27.862","-80.445","10.0","2022-06-14","9999.9"," 0","000000",,"999.9",,"  82.6","*","  77.9","*","999.9",," 0.00","I","1019.3","24","999.9",,"999.9"," 0","  80.9","24"
"99495199999","SEBASTIAN INLET STATE PARK, FL US","27.862","-80.445","10.0","2022-06-15","9999.9"," 0","000000",,"999.9",,"  82.4","*","  77.5","*","999.9",," 0.00","I","1018.0","24","999.9",,"999.9"," 0","  80.4","24"
"99495199999","SEBASTIAN INLET STATE PARK, FL US","27.862","-80.445","10.0","2022-06-16","9999.9"," 0","000000",,"999.9",,"  82.2","*","  79.5","*","999.9",," 0.00","I","1018.7","10","999.9",,"999.9"," 0","  81.2","10"
"99495199999","SEBASTIAN INLET STATE PARK, FL US","27.862","-80.445","10.0","2022-06-17","9999.9"," 0","000000",,"999.9",,"  82.2","*","  80.6","*","999.9",," 0.00","I","1018.0","24","999.9",,"999.9"," 0","  81.2","24"
"99495199999","SEBASTIAN INLET STATE PARK, FL US","27.862","-80.445","10.0","2022-06-18","9999.9"," 0","000000",,"999.9",,"  83.8","*","  74.3","*","999.9",," 0.00","I","1015.1","24","999.9",,"999.9"," 0","  79.9","24"
"99495199999","SEBASTIAN INLET STATE PARK, FL US","27.862","-80.445","10.0","2022-06-19","9999.9"," 0","000000",,"999.9",,"  85.8","*","  73.4","*","999.9",," 0.00","I","1015.7","24","999.9",,"999.9"," 0","  78.3","24"
"99495199999","SEBASTIAN INLET STATE PARK, FL US","27.862","-80.445","10.0","2022-06-20","9999.9"," 0","000000",,"999.9",,"  82.6","*","  79.7","*","999.9",," 0.00","I","1019.9","23","999.9",,"999.9"," 0","  81.2","23"
"99495199999","SEBASTIAN INLET STATE PARK, FL US","27.862","-80.445","10.0","2022-06-21","9999.9"," 0","000000",,"999.9",,"  81.7","*","  79.0","*","999.9",," 0.00","I","1021.6","24","999.9",,"999.9"," 0","  80.1","24"
"99495199999","SEBASTIAN INLET STATE PARK, FL US","27.862","-80.445","10.0","2022-06-22","9999.9"," 0","000000",,"999.9",,"  80.1","*","  78.8","*","999.9",," 0.00","I","1018.9","24","999.9",,"999.9"," 0","  79.5","24"
"99495199999","SEBASTIAN INLET STATE PARK, FL US","27.862","-80.445","10.0","2022-06-23","9999.9"," 0","000000",,"999.9",,"  87.3","*","  73.8","*","999.9",," 0.00","I","1014.2","22","999.9",,"999.9"," 0","  79.5","22"
"99495199999","SEBASTIAN INLET STATE PARK, FL US","27.862","-80.445","10.0","2022-06-24","9999.9"," 0","000000",,"999.9",,"  87.8","*","  76.8","*","999.9",," 0.00","I","1013.3","24","999.9",,"999.9"," 0","  81.9","24"
"99495199999","SEBASTIAN INLET STATE PARK, FL US","27.862","-80.445","10.0","2022-06-25","9999.9"," 0","000000",,"999.9",,"  81.9","*","  76.3","*","999.9",," 0.00","I","1016.2","24","999.9",,"999.9"," 0","  79.9","24"
"99495199999","SEBASTIAN INLET STATE PARK, FL US","27.862","-80.445","10.0","2022-06-26","9999.9"," 0","000000",,"999.9",,"  81.5","*","  79.9","*","999.9",," 0.00","I","1017.5","24","999.9",,"999.9"," 0","  81.1","24"
"99495199999","SEBASTIAN INLET STATE PARK, FL US","27.862","-80.445","10.0","2022-06-27","9999.9"," 0","000000",,"999.9",,"  82.9","*","  78.4","*","999.9",," 0.00","I","1017.7","14","999.9",,"999.9"," 0","  79.9","14"
"99495199999","SEBASTIAN INLET STATE PARK, FL US","27.862","-80.445","10.0","2022-06-28","9999.9"," 0","000000",,"999.9",,"  82.8","*","  79.5","*","999.9",," 0.00","I","1018.4","15","999.9",,"999.9"," 0","  81.5","15"
"99495199999","SEBASTIAN INLET STATE PARK, FL US","27.862","-80.445","10.0","2022-07-09","9999.9"," 0","000000",,"999.9",,"  84.4","*","  81.0","*","999.9",," 0.00","I","1019.8","24","999.9",,"999.9"," 0","  82.5","24"
"99495199999","SEBASTIAN INLET STATE PARK, FL US","27.862","-80.445","10.0","2022-07-10","9999.9"," 0","000000",,"999.9",,"  88.5","*","  78.3","*","999.9",," 0.00","I","1017.3","24","999.9",,"999.9"," 0","  82.5","24"
"99495199999","SEBASTIAN INLET STATE PARK, FL US","27.862","-80.445","10.0","2022-07-11","9999.9"," 0","000000",,"999.9",,"  86.5","*","  76.6","*","999.9",," 0.00","I","1015.3","24","999.9",,"999.9"," 0","  80.4","24"
"99495199999","SEBASTIAN INLET STATE PARK, FL US","27.862","-80.445","10.0","2022-07-12","9999.9"," 0","000000",,"999.9",,"  85.6","*","  78.1","*","999.9",," 0.00","I","1016.2","24","999.9",,"999.9"," 0","  81.8","24"
"99495199999","SEBASTIAN INLET STATE PARK, FL US","27.862","-80.445","10.0","2022-07-13","9999.9"," 0","000000",,"999.9",,"  85.1","*","  79.2","*","999.9",," 0.00","I","1018.8","15","999.9",,"999.9"," 0","  81.8","15"
"99495199999","SEBASTIAN INLET STATE PARK, FL US","27.862","-80.445","10.0","2022-07-14","9999.9"," 0","000000",,"999.9",,"  83.8","*","  78.6","*","999.9",," 0.00","I","1020.4","13","999.9",,"999.9"," 0","  82.5","13"
"99495199999","SEBASTIAN INLET STATE PARK, FL US","27.862","-80.445","10.0","2022-07-15","9999.9"," 0","000000",,"999.9",,"  83.3","*","  76.6","*","999.9",," 0.00","I","1021.0","24","999.9",,"999.9"," 0","  79.9","24"
"99495199999","SEBASTIAN INLET STATE PARK, FL US","27.862","-80.445","10.0","2022-07-16","9999.9"," 0","000000",,"999.9",,"  81.9","*","  75.6","*","999.9",," 0.00","I","1018.7","24","999.9",,"999.9"," 0","  80.4","24"
"99495199999","SEBASTIAN INLET STATE PARK, FL US","27.862","-80.445","10.0","2022-07-17","9999.9"," 0","000000",,"999.9",,"  81.1","*","  74.1","*","999.9",," 0.00","I","1018.0","24","999.9",,"999.9"," 0","  77.6","24"
"99495199999","SEBASTIAN INLET STATE PARK, FL US","27.862","-80.445","10.0","2022-07-18","9999.9"," 0","000000",,"999.9",,"  84.9","*","  78.3","*","999.9",," 0.00","I","1019.5","24","999.9",,"999.9"," 0","  80.9","24"
"99495199999","SEBASTIAN INLET STATE PARK, FL US","27.862","-80.445","10.0","2022-07-19","9999.9"," 0","000000",,"999.9",,"  85.5","*","  75.4","*","999.9",," 0.00","I","1020.4","24","999.9",,"999.9"," 0","  80.2","24"
"99495199999","SEBASTIAN INLET STATE PARK, FL US","27.862","-80.445","10.0","2022-07-20","9999.9"," 0","000000",,"999.9",,"  81.7","*","  80.8","*","999.9",," 0.00","I","1019.6"," 8","999.9",,"999.9"," 0","  81.3"," 8"
"99495199999","SEBASTIAN INLET STATE PARK, FL US","27.862","-80.445","10.0","2022-07-26","9999.9"," 0","000000",,"999.9",,"  82.9","*","  73.6","*","999.9",," 0.00","I","1021.6"," 8","999.9",,"999.9"," 0","  79.9"," 8"
"99495199999","SEBASTIAN INLET STATE PARK, FL US","27.862","-80.445","10.0","2022-07-27","9999.9"," 0","000000",,"999.9",,"  82.8","*","  75.2","*","999.9",," 0.00","I","1021.1","24","999.9",,"999.9"," 0","  79.9","24"
"99495199999","SEBASTIAN INLET STATE PARK, FL US","27.862","-80.445","10.0","2022-07-28","9999.9"," 0","000000",,"999.9",,"  82.4","*","  78.6","*","999.9",," 0.00","I","1020.9","24","999.9",,"999.9"," 0","  81.1","24"
"99495199999","SEBASTIAN INLET STATE PARK, FL US","27.862","-80.445","10.0","2022-07-29","9999.9"," 0","000000",,"999.9",,"  82.8","*","  79.0","*","999.9",," 0.00","I","1020.9","24","999.9",,"999.9"," 0","  81.2","24"
"99495199999","SEBASTIAN INLET STATE PARK, FL US","27.862","-80.445","10.0","2022-07-30","9999.9"," 0","000000",,"999.9",,"  83.1","*","  80.2","*","999.9",," 0.00","I","1022.3","24","999.9",,"999.9"," 0","  81.8","24"
"99495199999","SEBASTIAN INLET STATE PARK, FL US","27.862","-80.445","10.0","2022-07-31","9999.9"," 0","000000",,"999.9",,"  82.8","*","  80.2","*","999.9",," 0.00","I","1023.1"," 8","999.9",,"999.9"," 0","  81.5"," 8"
"99495199999","SEBASTIAN INLET STATE PARK, FL US","27.862","-80.445","10.0","2022-08-03","9999.9"," 0","000000",,"999.9",,"  83.5","*","  75.0","*","999.9",," 0.00","I","1018.7","10","999.9",,"999.9"," 0","  79.3","10"
"99495199999","SEBASTIAN INLET STATE PARK, FL US","27.862","-80.445","10.0","2022-08-04","9999.9"," 0","000000",,"999.9",,"  81.1","*","  78.8","*","999.9",," 0.00","I","1019.0"," 5","999.9",,"999.9"," 0","  79.7"," 5"
"99495199999","SEBASTIAN INLET STATE PARK, FL US","27.862","-80.445","10.0","2022-08-08","9999.9"," 0","000000",,"999.9",,"  82.6","*","  80.6","*","999.9",," 0.00","I","1019.5"," 6","999.9",,"999.9"," 0","  82.0"," 6"
"99495199999","SEBASTIAN INLET STATE PARK, FL US","27.862","-80.445","10.0","2022-08-09","9999.9"," 0","000000",,"999.9",,"  83.3","*","  80.4","*","999.9",," 0.00","I","1021.3","11","999.9",,"999.9"," 0","  82.6","11"
"99495199999","SEBASTIAN INLET STATE PARK, FL US","27.862","-80.445","10.0","2022-08-10","9999.9"," 0","000000",,"999.9",,"  83.3","*","  81.7","*","999.9",," 0.00","I","1022.3"," 7","999.9",,"999.9"," 0","  82.8"," 7"
"99495199999","SEBASTIAN INLET STATE PARK, FL US","27.862","-80.445","10.0","2022-08-11","9999.9"," 0","000000",,"999.9",,"  81.3","*","  80.2","*","999.9",," 0.00","I","1021.5"," 6","999.9",,"999.9"," 0","  81.1"," 6"
"99495199999","SEBASTIAN INLET STATE PARK, FL US","27.862","-80.445","10.0","2022-08-14","9999.9"," 0","000000",,"999.9",,"  79.2","*","  74.5","*","999.9",," 0.00","I","1016.7","11","999.9",,"999.9"," 0","  76.4","11"
"99495199999","SEBASTIAN INLET STATE PARK, FL US","27.862","-80.445","10.0","2022-08-18","9999.9"," 0","000000",,"999.9",,"  79.9","*","  78.8","*","999.9",," 0.00","I","1015.2"," 5","999.9",,"999.9"," 0","  79.4"," 5"
"99495199999","SEBASTIAN INLET STATE PARK, FL US","27.862","-80.445","10.0","2022-08-24","9999.9"," 0","000000",,"999.9",,"  84.4","*","  79.5","*","999.9",," 0.00","I","1016.0","20","999.9",,"999.9"," 0","  82.4","20"
"99495199999","SEBASTIAN INLET STATE PARK, FL US","27.862","-80.445","10.0","2022-08-25","9999.9"," 0","000000",,"999.9",,"  85.1","*","  82.2","*","999.9",," 0.00","I","1017.4","24","999.9",,"999.9"," 0","  83.5","24"
"99495199999","SEBASTIAN INLET STATE PARK, FL US","27.862","-80.445","10.0","2022-08-26","9999.9"," 0","000000",,"999.9",,"  84.9","*","  78.6","*","999.9",," 0.00","I","1017.4","24","999.9",,"999.9"," 0","  82.3","24"
"99495199999","SEBASTIAN INLET STATE PARK, FL US","27.862","-80.445","10.0","2022-08-27","9999.9"," 0","000000",,"999.9",,"  83.8","*","  78.3","*","999.9",," 0.00","I","1015.8","24","999.9",,"999.9"," 0","  81.4","24"
"99495199999","SEBASTIAN INLET STATE PARK, FL US","27.862","-80.445","10.0","2022-08-28","9999.9"," 0","000000",,"999.9",,"  82.4","*","  77.5","*","999.9",," 0.00","I","1015.3","24","999.9",,"999.9"," 0","  80.6","24"
"99495199999","SEBASTIAN INLET STATE PARK, FL US","27.862","-80.445","10.0","2022-08-29","9999.9"," 0","000000",,"999.9",,"  83.1","*","  77.9","*","999.9",," 0.00","I","1016.0","24","999.9",,"999.9"," 0","  80.2","24"
"99495199999","SEBASTIAN INLET STATE PARK, FL US","27.862","-80.445","10.0","2022-08-30","9999.9"," 0","000000",,"999.9",,"  83.5","*","  79.7","*","999.9",," 0.00","I","1016.7","23","999.9",,"999.9"," 0","  82.0","23"
"99495199999","SEBASTIAN INLET STATE PARK, FL US","27.862","-80.445","10.0","2022-08-31","9999.9"," 0","000000",,"999.9",,"  82.4","*","  77.7","*","999.9",," 0.00","I","1016.2","10","999.9",,"999.9"," 0","  80.2","10"
"99495199999","SEBASTIAN INLET STATE PARK, FL US","27.862","-80.445","10.0","2022-09-03","9999.9"," 0","000000",,"999.9",,"  84.0","*","  79.0","*","999.9",," 0.00","I","1018.8","19","999.9",,"999.9"," 0","  82.5","19"
"99495199999","SEBASTIAN INLET STATE PARK, FL US","27.862","-80.445","10.0","2022-09-05","9999.9"," 0","000000",,"999.9",,"  84.4","*","  84.0","*","999.9",," 0.00","I","1016.4"," 5","999.9",,"999.9"," 0","  84.2"," 5"
"99495199999","SEBASTIAN INLET STATE PARK, FL US","27.862","-80.445","10.0","2022-09-06","9999.9"," 0","000000",,"999.9",,"  84.0","*","  83.5","*","999.9",," 0.00","I","1017.8"," 4","999.9",,"999.9"," 0","  83.8"," 4"
"99495199999","SEBASTIAN INLET STATE PARK, FL US","27.862","-80.445","10.0","2022-09-13","9999.9"," 0","000000",,"999.9",,"  83.8","*","  81.9","*","999.9",," 0.00","I","1014.0"," 9","999.9",,"999.9"," 0","  82.9"," 9"
"99495199999","SEBASTIAN INLET STATE PARK, FL US","27.862","-80.445","10.0","2022-09-14","9999.9"," 0","000000",,"999.9",,"  81.7","*","  74.1","*","999.9",," 0.00","I","1015.0","24","999.9",,"999.9"," 0","  78.1","24"
"99495199999","SEBASTIAN INLET STATE PARK, FL US","27.862","-80.445","10.0","2022-09-15","9999.9"," 0","000000",,"999.9",,"  81.9","*","  74.5","*","999.9",," 0.00","I","1017.4","14","999.9",,"999.9"," 0","  78.6","14"
"99495199999","SEBASTIAN INLET STATE PARK, FL US","27.862","-80.445","10.0","2022-09-16","9999.9"," 0","000000",,"999.9",,"  81.9","*","  75.4","*","999.9",," 0.00","I","1018.5","24","999.9",,"999.9"," 0","  77.9","24"
"99495199999","SEBASTIAN INLET STATE PARK, FL US","27.862","-80.445","10.0","2022-09-17","9999.9"," 0","000000",,"999.9",,"  81.3","*","  75.4","*","999.9",," 0.00","I","1018.1","10","999.9",,"999.9"," 0","  78.9","10"
"99495199999","SEBASTIAN INLET STATE PARK, FL US","27.862","-80.445","10.0","2022-09-18","9999.9"," 0","000000",,"999.9",,"  82.2","*","  74.8","*","999.9",," 0.00","I","1015.7","12","999.9",,"999.9"," 0","  79.2","12"
"99495199999","SEBASTIAN INLET STATE PARK, FL US","27.862","-80.445","10.0","2022-09-19","9999.9"," 0","000000",,"999.9",,"  83.5","*","  76.3","*","999.9",," 0.00","I","1014.3","24","999.9",,"999.9"," 0","  80.2","24"
"99495199999","SEBASTIAN INLET STATE PARK, FL US","27.862","-80.445","10.0","2022-09-20","9999.9"," 0","000000",,"999.9",,"  82.4","*","  77.4","*","999.9",," 0.00","I","1014.6","24","999.9",,"999.9"," 0","  80.5","24"
"99495199999","SEBASTIAN INLET STATE PARK, FL US","27.862","-80.445","10.0","2022-09-21","9999.9"," 0","000000",,"999.9",,"  82.4","*","  77.5","*","999.9",," 0.00","I","1013.3","18","999.9",,"999.9"," 0","  80.3","18"
"99495199999","SEBASTIAN INLET STATE PARK, FL US","27.862","-80.445","10.0","2022-09-23","9999.9"," 0","000000",,"999.9",,"  84.4","*","  77.0","*","999.9",," 0.00","I","1013.2","13","999.9",,"999.9"," 0","  81.4","13"
"99495199999","SEBASTIAN INLET STATE PARK, FL US","27.862","-80.445","10.0","2022-09-24","9999.9"," 0","000000",,"999.9",,"  82.0","*","  80.2","*","999.9",," 0.00","I","1015.5","24","999.9",,"999.9"," 0","  81.3","24"
"99495199999","SEBASTIAN INLET STATE PARK, FL US","27.862","-80.445","10.0","2022-09-25","9999.9"," 0","000000",,"999.9",,"  82.6","*","  81.0","*","999.9",," 0.00","I","1014.4","18","999.9",,"999.9"," 0","  81.7","18"
"99495199999","SEBASTIAN INLET STATE PARK, FL US","27.862","-80.445","10.0","2022-09-26","9999.9"," 0","000000",,"999.9",,"  82.8","*","  79.3","*","999.9",," 0.00","I","1012.5"," 8","999.9",,"999.9"," 0","  81.8"," 8"
"99495199999","SEBASTIAN INLET STATE PARK, FL US","27.862","-80.445","10.0","2022-09-27","9999.9"," 0","000000",,"999.9",,"  79.3","*","  75.2","*","999.9",," 0.00","I","1013.2","17","999.9",,"999.9"," 0","  77.6","17"
"99495199999","SEBASTIAN INLET STATE PARK, FL US","27.862","-80.445","10.0","2022-09-28","9999.9"," 0","000000",,"999.9",,"  83.3","*","  75.6","*","999.9",," 0.00","I","1009.6","18","999.9",,"999.9"," 0","  79.0","18"
"99495199999","SEBASTIAN INLET STATE PARK, FL US","27.862","-80.445","10.0","2022-09-30","9999.9"," 0","000000",,"999.9",,"  78.1","*","  69.8","*","999.9",," 0.00","I","1008.9"," 8","999.9",,"999.9"," 0","  75.2"," 8"
"99495199999","SEBASTIAN INLET STATE PARK, FL US","27.862","-80.445","10.0","2022-10-01","9999.9"," 0","000000",,"999.9",,"  77.7","*","  70.5","*","999.9",," 0.00","I","1011.0","21","999.9",,"999.9"," 0","  74.8","21"
"99495199999","SEBASTIAN INLET STATE PARK, FL US","27.862","-80.445","10.0","2022-10-02","9999.9"," 0","000000",,"999.9",,"  79.7","*","  72.5","*","999.9",," 0.00","I","1013.3","20","999.9",,"999.9"," 0","  76.8","20"
"99495199999","SEBASTIAN INLET STATE PARK, FL US","27.862","-80.445","10.0","2022-10-03","9999.9"," 0","000000",,"999.9",,"  79.3","*","  70.2","*","999.9",," 0.00","I","1014.4","22","999.9",,"999.9"," 0","  75.6","22"
"99495199999","SEBASTIAN INLET STATE PARK, FL US","27.862","-80.445","10.0","2022-10-04","9999.9"," 0","000000",,"999.9",,"  76.6","*","  68.5","*","999.9",," 0.00","I","1014.9","17","999.9",,"999.9"," 0","  75.1","17"
"99495199999","SEBASTIAN INLET STATE PARK, FL US","27.862","-80.445","10.0","2022-10-05","9999.9"," 0","000000",,"999.9",,"  76.5","*","  75.4","*","999.9",," 0.00","I","1016.4","16","999.9",,"999.9"," 0","  75.9","16"
"99495199999","SEBASTIAN INLET STATE PARK, FL US","27.862","-80.445","10.0","2022-10-06","9999.9"," 0","000000",,"999.9",,"  77.2","*","  76.1","*","999.9",," 0.00","I","1018.5","21","999.9",,"999.9"," 0","  76.6","21"
"99495199999","SEBASTIAN INLET STATE PARK, FL US","27.862","-80.445","10.0","2022-10-07","9999.9"," 0","000000",,"999.9",,"  77.9","*","  76.5","*","999.9",," 0.00","I","1020.3","19","999.9",,"999.9"," 0","  77.1","19"
"99495199999","SEBASTIAN INLET STATE PARK, FL US","27.862","-80.445","10.0","2022-10-12","9999.9"," 0","000000",,"999.9",,"  80.8","*","  80.2","*","999.9",," 0.00","I","1017.4"," 5","999.9",,"999.9"," 0","  80.5"," 5"
"99495199999","SEBASTIAN INLET STATE PARK, FL US","27.862","-80.445","10.0","2022-10-13","9999.9"," 0","000000",,"999.9",,"  80.8","*","  79.5","*","999.9",," 0.00","I","1016.1"," 7","999.9",,"999.9"," 0","  80.2"," 7"
"99495199999","SEBASTIAN INLET STATE PARK, FL US","27.862","-80.445","10.0","2022-10-14","9999.9"," 0","000000",,"999.9",,"  80.8","*","  74.5","*","999.9",," 0.00","I","1013.5","17","999.9",,"999.9"," 0","  77.5","17"
"99495199999","SEBASTIAN INLET STATE PARK, FL US","27.862","-80.445","10.0","2022-10-15","9999.9"," 0","000000",,"999.9",,"  80.8","*","  75.7","*","999.9",," 0.00","I","1016.7","17","999.9",,"999.9"," 0","  78.3","17"
"99495199999","SEBASTIAN INLET STATE PARK, FL US","27.862","-80.445","10.0","2022-10-16","9999.9"," 0","000000",,"999.9",,"  79.3","*","  78.8","*","999.9",," 0.00","I","1018.1","10","999.9",,"999.9"," 0","  79.2","10"
"99495199999","SEBASTIAN INLET STATE PARK, FL US","27.862","-80.445","10.0","2022-10-17","9999.9"," 0","000000",,"999.9",,"  79.3","*","  75.6","*","999.9",," 0.00","I","1015.6","16","999.9",,"999.9"," 0","  78.5","16"
"99495199999","SEBASTIAN INLET STATE PARK, FL US","27.862","-80.445","10.0","2022-10-18","9999.9"," 0","000000",,"999.9",,"  80.4","*","  72.7","*","999.9",," 0.00","I","1010.5","21","999.9",,"999.9"," 0","  74.8","21"
"99495199999","SEBASTIAN INLET STATE PARK, FL US","27.862","-80.445","10.0","2022-10-19","9999.9"," 0","000000",,"999.9",,"  75.9","*","  59.9","*","999.9",," 0.00","I","1013.1","17","999.9",,"999.9"," 0","  68.1","17"
"99495199999","SEBASTIAN INLET STATE PARK, FL US","27.862","-80.445","10.0","2022-10-20","9999.9"," 0","000000",,"999.9",,"  72.3","*","  60.8","*","999.9",," 0.00","I","1017.3","15","999.9",,"999.9"," 0","  66.5","15"
"99495199999","SEBASTIAN INLET STATE PARK, FL US","27.862","-80.445","10.0","2022-10-21","9999.9"," 0","000000",,"999.9",,"  72.1","*","  66.9","*","999.9",," 0.00","I","1016.0"," 5","999.9",,"999.9"," 0","  70.8"," 5"
"99495199999","SEBASTIAN INLET STATE PARK, FL US","27.862","-80.445","10.0","2022-10-22","9999.9"," 0","000000",,"999.9",,"  75.9","*","  64.4","*","999.9",," 0.00","I","1017.3","18","999.9",,"999.9"," 0","  69.7","18"
"99495199999","SEBASTIAN INLET STATE PARK, FL US","27.862","-80.445","10.0","2022-10-23","9999.9"," 0","000000",,"999.9",,"  76.5","*","  67.8","*","999.9",," 0.00","I","1018.5","12","999.9",,"999.9"," 0","  72.2","12"
"99495199999","SEBASTIAN INLET STATE PARK, FL US","27.862","-80.445","10.0","2022-10-24","9999.9"," 0","000000",,"999.9",,"  77.4","*","  71.8","*","999.9",," 0.00","I","1019.4","16","999.9",,"999.9"," 0","  74.8","16"
"99495199999","SEBASTIAN INLET STATE PARK, FL US","27.862","-80.445","10.0","2022-10-25","9999.9"," 0","000000",,"999.9",,"  77.0","*","  70.5","*","999.9",," 0.00","I","1017.2","16","999.9",,"999.9"," 0","  75.5","16"
"99495199999","SEBASTIAN INLET STATE PARK, FL US","27.862","-80.445","10.0","2022-10-26","9999.9"," 0","000000",,"999.9",,"  82.0","*","  68.0","*","999.9",," 0.00","I","1013.9","15","999.9",,"999.9"," 0","  75.2","15"
"99495199999","SEBASTIAN INLET STATE PARK, FL US","27.862","-80.445","10.0","2022-10-27","9999.9"," 0","000000",,"999.9",,"  77.7","*","  70.7","*","999.9",," 0.00","I","1014.2","18","999.9",,"999.9"," 0","  74.6","18"
"99495199999","SEBASTIAN INLET STATE PARK, FL US","27.862","-80.445","10.0","2022-10-28","9999.9"," 0","000000",,"999.9",,"  78.8","*","  72.5","*","999.9",," 0.00","I","1018.6","16","999.9",,"999.9"," 0","  76.2","16"
"99495199999","SEBASTIAN INLET STATE PARK, FL US","27.862","-80.445","10.0","2022-10-29","9999.9"," 0","000000",,"999.9",,"  78.6","*","  77.7","*","999.9",," 0.00","I","1020.1"," 7","999.9",,"999.9"," 0","  78.1"," 7"
"99495199999","SEBASTIAN INLET STATE PARK, FL US","27.862","-80.445","10.0","2022-10-30","9999.9"," 0","000000",,"999.9",,"  78.6","*","  75.9","*","999.9",," 0.00","I","1017.1","14","999.9",,"999.9"," 0","  77.8","14"
"99495199999","SEBASTIAN INLET STATE PARK, FL US","27.862","-80.445","10.0","2022-10-31","9999.9"," 0","000000",,"999.9",,"  79.5","*","  76.3","*","999.9",," 0.00","I","1015.9"," 7","999.9",,"999.9"," 0","  78.0"," 7"
"99495199999","SEBASTIAN INLET STATE PARK, FL US","27.862","-80.445","10.0","2022-11-01","9999.9"," 0","000000",,"999.9",,"  79.0","*","  77.2","*","999.9",," 0.00","I","1018.5","20","999.9",,"999.9"," 0","  78.3","20"
"99495199999","SEBASTIAN INLET STATE PARK, FL US","27.862","-80.445","10.0","2022-11-02","9999.9"," 0","000000",,"999.9",,"  80.1","*","  78.3","*","999.9",," 0.00","I","1021.4","19","999.9",,"999.9"," 0","  79.1","19"
"99495199999","SEBASTIAN INLET STATE PARK, FL US","27.862","-80.445","10.0","2022-11-03","9999.9"," 0","000000",,"999.9",,"  79.7","*","  73.6","*","999.9",," 0.00","I","1021.2","16","999.9",,"999.9"," 0","  77.9","16"
"99495199999","SEBASTIAN INLET STATE PARK, FL US","27.862","-80.445","10.0","2022-11-04","9999.9"," 0","000000",,"999.9",,"  77.9","*","  75.6","*","999.9",," 0.00","I","1019.1","13","999.9",,"999.9"," 0","  77.2","13"
"99495199999","SEBASTIAN INLET STATE PARK, FL US","27.862","-80.445","10.0","2022-11-05","9999.9"," 0","000000",,"999.9",,"  79.0","*","  76.3","*","999.9",," 0.00","I","1016.2","17","999.9",,"999.9"," 0","  77.8","17"
"99495199999","SEBASTIAN INLET STATE PARK, FL US","27.862","-80.445","10.0","2022-11-06","9999.9"," 0","000000",,"999.9",,"  79.5","*","  77.2","*","999.9",," 0.00","I","1016.4","17","999.9",,"999.9"," 0","  78.8","17"
"99495199999","SEBASTIAN INLET STATE PARK, FL US","27.862","-80.445","10.0","2022-11-07","9999.9"," 0","000000",,"999.9",,"  79.5","*","  77.2","*","999.9",," 0.00","I","1018.2","18","999.9",,"999.9"," 0","  78.7","18"
"99495199999","SEBASTIAN INLET STATE PARK, FL US","27.862","-80.445","10.0","2022-11-08","9999.9"," 0","000000",,"999.9",,"  78.6","*","  76.8","*","999.9",," 0.00","I","1017.2","12","999.9",,"999.9"," 0","  78.1","12"
"99495199999","SEBASTIAN INLET STATE PARK, FL US","27.862","-80.445","10.0","2022-11-09","9999.9"," 0","000000",,"999.9",,"  78.3","*","  72.0","*","999.9",," 0.00","I","1013.7","14","999.9",,"999.9"," 0","  75.1","14"
"99495199999","SEBASTIAN INLET STATE PARK, FL US","27.862","-80.445","10.0","2022-11-10","9999.9"," 0","000000",,"999.9",,"  75.4","*","  73.4","*","999.9",," 0.00","I","1001.7"," 7","999.9",,"999.9"," 0","  74.4"," 7"
"99495199999","SEBASTIAN INLET STATE PARK, FL US","27.862","-80.445","10.0","2022-11-11","9999.9"," 0","000000",,"999.9",,"  83.8","*","  81.0","*","999.9",," 0.00","I","1008.9"," 7","999.9",,"999.9"," 0","  82.1"," 8"
"99495199999","SEBASTIAN INLET STATE PARK, FL US","27.862","-80.445","10.0","2022-11-12","9999.9"," 0","000000",,"999.9",,"  81.5","*","  70.3","*","999.9",," 0.00","I","1009.5","22","999.9",,"999.9"," 0","  75.5","24"
"99495199999","SEBASTIAN INLET STATE PARK, FL US","27.862","-80.445","10.0","2022-11-13","9999.9"," 0","000000",,"999.9",,"  77.5","*","  69.3","*","999.9",," 0.00","I","9999.9"," 0","999.9",,"999.9"," 0","  72.9","22"
"99495199999","SEBASTIAN INLET STATE PARK, FL US","27.862","-80.445","10.0","2022-11-14","9999.9"," 0","000000",,"999.9",,"  78.3","*","  70.5","*","999.9",," 0.00","I","1002.0","22","999.9",,"999.9"," 0","  74.7","24"
"99495199999","SEBASTIAN INLET STATE PARK, FL US","27.862","-80.445","10.0","2022-11-15","9999.9"," 0","000000",,"999.9",,"  79.0","*","  72.1","*","999.9",," 0.00","I","1008.6","20","999.9",,"999.9"," 0","  76.6","23"
"99495199999","SEBASTIAN INLET STATE PARK, FL US","27.862","-80.445","10.0","2022-11-16","9999.9"," 0","000000",,"999.9",,"  84.0","*","  71.4","*","999.9",," 0.00","I","9999.9"," 0","999.9",,"999.9"," 0","  77.0","20"
"99495199999","SEBASTIAN INLET STATE PARK, FL US","27.862","-80.445","10.0","2022-11-17","9999.9"," 0","000000",,"999.9",,"  76.1","*","  72.9","*","999.9",," 0.00","I","9999.9"," 0","999.9",,"999.9"," 0","  74.2"," 6"
"99495199999","SEBASTIAN INLET STATE PARK, FL US","27.862","-80.445","10.0","2023-02-08","9999.9"," 0","000000",,"999.9",,"  72.1","*","  67.8","*","999.9",," 0.00","I","1021.9","21","999.9",,"999.9"," 0","  70.8","23"
"99495199999","SEBASTIAN INLET STATE PARK, FL US","27.862","-80.445","10.0","2023-02-09","9999.9"," 0","000000",,"999.9",,"  73.6","*","  71.4","*","999.9",," 0.00","I","1019.2","24","999.9",,"999.9"," 0","  72.4","24"
"99495199999","SEBASTIAN INLET STATE PARK, FL US","27.862","-80.445","10.0","2023-02-10","9999.9"," 0","000000",,"999.9",,"  75.2","*","  67.6","*","999.9",," 0.00","I","1012.3","23","999.9",,"999.9"," 0","  72.3","24"
"99495199999","SEBASTIAN INLET STATE PARK, FL US","27.862","-80.445","10.0","2023-02-11","9999.9"," 0","000000",,"999.9",,"  80.6","*","  68.9","*","999.9",," 0.00","I","1006.4","24","999.9",,"999.9"," 0","  73.5","24"
"99495199999","SEBASTIAN INLET STATE PARK, FL US","27.862","-80.445","10.0","2023-02-12","9999.9"," 0","000000",,"999.9",,"  76.3","*","  62.2","*","999.9",," 0.00","I","1002.6","23","999.9",,"999.9"," 0","  69.7","24"
"99495199999","SEBASTIAN INLET STATE PARK, FL US","27.862","-80.445","10.0","2023-02-13","9999.9"," 0","000000",,"999.9",,"  65.7","*","  51.3","*","999.9",," 0.00","I","1009.3","24","999.9",,"999.9"," 0","  57.8","24"
"99495199999","SEBASTIAN INLET STATE PARK, FL US","27.862","-80.445","10.0","2023-02-14","9999.9"," 0","000000",,"999.9",,"  70.9","*","  55.6","*","999.9",," 0.00","I","1011.3","24","999.9",,"999.9"," 0","  62.6","24"
"99495199999","SEBASTIAN INLET STATE PARK, FL US","27.862","-80.445","10.0","2023-02-15","9999.9"," 0","000000",,"999.9",,"  73.2","*","  68.2","*","999.9",," 0.00","I","1012.6","24","999.9",,"999.9"," 0","  71.6","24"
"99495199999","SEBASTIAN INLET STATE PARK, FL US","27.862","-80.445","10.0","2023-02-16","9999.9"," 0","000000",,"999.9",,"  73.9","*","  70.7","*","999.9",," 0.00","I","1002.2","16","999.9",,"999.9"," 0","  72.7","18"
"99495199999","SEBASTIAN INLET STATE PARK, FL US","27.862","-80.445","10.0","2023-02-17","9999.9"," 0","000000",,"999.9",,"  83.5","*","  69.4","*","999.9",," 0.00","I"," 984.9"," 7","999.9",,"999.9"," 0","  75.3","24"
"99495199999","SEBASTIAN INLET STATE PARK, FL US","27.862","-80.445","10.0","2023-02-18","9999.9"," 0","000000",,"999.9",,"  78.8","*","  63.0","*","999.9",," 0.00","I","1017.6","22","999.9",,"999.9"," 0","  68.7","24"
"99495199999","SEBASTIAN INLET STATE PARK, FL US","27.862","-80.445","10.0","2023-02-19","9999.9"," 0","000000",,"999.9",,"  73.8","*","  68.5","*","999.9",," 0.00","I","1017.5","24","999.9",,"999.9"," 0","  71.5","24"
"99495199999","SEBASTIAN INLET STATE PARK, FL US","27.862","-80.445","10.0","2023-02-20","9999.9"," 0","000000",,"999.9",,"  80.8","*","  65.8","*","999.9",," 0.00","I","1014.3","21","999.9",,"999.9"," 0","  71.3","24"
"99495199999","SEBASTIAN INLET STATE PARK, FL US","27.862","-80.445","10.0","2023-02-21","9999.9"," 0","000000",,"999.9",,"  81.0","*","  63.7","*","999.9",," 0.00","I","1014.2","22","999.9",,"999.9"," 0","  71.6","23"
"99495199999","SEBASTIAN INLET STATE PARK, FL US","27.862","-80.445","10.0","2023-02-22","9999.9"," 0","000000",,"999.9",,"  77.7","*","  67.3","*","999.9",," 0.00","I","1016.9","23","999.9",,"999.9"," 0","  72.2","24"
"99495199999","SEBASTIAN INLET STATE PARK, FL US","27.862","-80.445","10.0","2023-02-23","9999.9"," 0","000000",,"999.9",,"  77.5","*","  72.0","*","999.9",," 0.00","I","1018.6","17","999.9",,"999.9"," 0","  74.6","17"
"99495199999","SEBASTIAN INLET STATE PARK, FL US","27.862","-80.445","10.0","2023-02-24","9999.9"," 0","000000",,"999.9",,"  75.6","*","  69.1","*","999.9",," 0.00","I","1020.8","24","999.9",,"999.9"," 0","  72.7","24"
"99495199999","SEBASTIAN INLET STATE PARK, FL US","27.862","-80.445","10.0","2023-02-25","9999.9"," 0","000000",,"999.9",,"  79.7","*","  69.4","*","999.9",," 0.00","I","1018.6","24","999.9",,"999.9"," 0","  73.8","24"
"99495199999","SEBASTIAN INLET STATE PARK, FL US","27.862","-80.445","10.0","2023-02-26","9999.9"," 0","000000",,"999.9",,"  75.4","*","  66.0","*","999.9",," 0.00","I","1014.9","24","999.9",,"999.9"," 0","  71.4","24"
"99495199999","SEBASTIAN INLET STATE PARK, FL US","27.862","-80.445","10.0","2023-02-27","9999.9"," 0","000000",,"999.9",,"  81.3","*","  63.7","*","999.9",," 0.00","I","1008.9","24","999.9",,"999.9"," 0","  72.2","24"
"99495199999","SEBASTIAN INLET STATE PARK, FL US","27.862","-80.445","10.0","2023-02-28","9999.9"," 0","000000",,"999.9",,"  78.6","*","  65.1","*","999.9",," 0.00","I","1000.5","18","999.9",,"999.9"," 0","  70.2","18"
"99495199999","SEBASTIAN INLET STATE PARK, FL US","27.862","-80.445","10.0","2023-03-01","9999.9"," 0","000000",,"999.9",,"  77.4","*","  63.7","*","999.9",," 0.00","I"," 978.0","19","999.9",,"999.9"," 0","  69.7","24"
"99495199999","SEBASTIAN INLET STATE PARK, FL US","27.862","-80.445","10.0","2023-03-02","9999.9"," 0","000000",,"999.9",,"  76.6","*","  65.5","*","999.9",," 0.00","I","9999.9"," 0","999.9",,"999.9"," 0","  71.1","21"
"99495199999","SEBASTIAN INLET STATE PARK, FL US","27.862","-80.445","10.0","2023-03-03","9999.9"," 0","000000",,"999.9",,"  85.5","*","  71.6","*","999.9",," 0.00","I","9999.9"," 0","999.9",,"999.9"," 0","  82.3"," 5"
"99495199999","SEBASTIAN INLET STATE PARK, FL US","27.862","-80.445","10.0","2023-03-04","9999.9"," 0","000000",,"999.9",,"  84.6","*","  71.4","*","999.9",," 0.00","I","9999.9"," 0","999.9",,"999.9"," 0","  77.3","24"
"99495199999","SEBASTIAN INLET STATE PARK, FL US","27.862","-80.445","10.0","2023-03-05","9999.9"," 0","000000",,"999.9",,"  80.8","*","  69.3","*","999.9",," 0.00","I","9999.9"," 0","999.9",,"999.9"," 0","  73.5","24"
"99495199999","SEBASTIAN INLET STATE PARK, FL US","27.862","-80.445","10.0","2023-03-06","9999.9"," 0","000000",,"999.9",,"  75.4","*","  73.2","*","999.9",," 0.00","I","9999.9"," 0","999.9",,"999.9"," 0","  74.5","24"
"99495199999","SEBASTIAN INLET STATE PARK, FL US","27.862","-80.445","10.0","2023-03-07","9999.9"," 0","000000",,"999.9",,"  75.4","*","  69.8","*","999.9",," 0.00","I","9999.9"," 0","999.9",,"999.9"," 0","  73.7","24"
"99495199999","SEBASTIAN INLET STATE PARK, FL US","27.862","-80.445","10.0","2023-03-08","9999.9"," 0","000000",,"999.9",,"  75.9","*","  68.4","*","999.9",," 0.00","I","9999.9"," 0","999.9",,"999.9"," 0","  72.8","24"
"99495199999","SEBASTIAN INLET STATE PARK, FL US","27.862","-80.445","10.0","2023-03-09","9999.9"," 0","000000",,"999.9",,"  73.9","*","  69.4","*","999.9",," 0.00","I","9999.9"," 0","999.9",,"999.9"," 0","  70.8","24"
"99495199999","SEBASTIAN INLET STATE PARK, FL US","27.862","-80.445","10.0","2023-03-10","9999.9"," 0","000000",,"999.9",,"  79.9","*","  66.2","*","999.9",," 0.00","I","9999.9"," 0","999.9",,"999.9"," 0","  72.5","24"
"99495199999","SEBASTIAN INLET STATE PARK, FL US","27.862","-80.445","10.0","2023-03-11","9999.9"," 0","000000",,"999.9",,"  77.2","*","  67.6","*","999.9",," 0.00","I","9999.9"," 0","999.9",,"999.9"," 0","  70.8","24"
"99495199999","SEBASTIAN INLET STATE PARK, FL US","27.862","-80.445","10.0","2023-03-12","9999.9"," 0","000000",,"999.9",,"  82.2","*","  65.1","*","999.9",," 0.00","I","9999.9"," 0","999.9",,"999.9"," 0","  71.7","24"
"99495199999","SEBASTIAN INLET STATE PARK, FL US","27.862","-80.445","10.0","2023-03-13","9999.9"," 0","000000",,"999.9",,"  80.8","*","  69.1","*","999.9",," 0.00","I","9999.9"," 0","999.9",,"999.9"," 0","  73.5","23"
"99495199999","SEBASTIAN INLET STATE PARK, FL US","27.862","-80.445","10.0","2023-03-14","9999.9"," 0","000000",,"999.9",,"  72.1","*","  63.7","*","999.9",," 0.00","I","9999.9"," 0","999.9",,"999.9"," 0","  67.4","24"
"99495199999","SEBASTIAN INLET STATE PARK, FL US","27.862","-80.445","10.0","2023-03-15","9999.9"," 0","000000",,"999.9",,"  65.3","*","  60.4","*","999.9",," 0.00","I","9999.9"," 0","999.9",,"999.9"," 0","  64.1","24"
"99495199999","SEBASTIAN INLET STATE PARK, FL US","27.862","-80.445","10.0","2023-03-16","9999.9"," 0","000000",,"999.9",,"  68.0","*","  64.8","*","999.9",," 0.00","I","9999.9"," 0","999.9",,"999.9"," 0","  66.4","17"
"99495199999","SEBASTIAN INLET STATE PARK, FL US","27.862","-80.445","10.0","2023-03-17","9999.9"," 0","000000",,"999.9",,"  73.9","*","  63.7","*","999.9",," 0.00","I","9999.9"," 0","999.9",,"999.9"," 0","  68.4","24"
"99495199999","SEBASTIAN INLET STATE PARK, FL US","27.862","-80.445","10.0","2023-03-18","9999.9"," 0","000000",,"999.9",,"  82.9","*","  66.2","*","999.9",," 0.00","I","9999.9"," 0","999.9",,"999.9"," 0","  73.5","24"
"99495199999","SEBASTIAN INLET STATE PARK, FL US","27.862","-80.445","10.0","2023-03-19","9999.9"," 0","000000",,"999.9",,"  75.0","*","  56.8","*","999.9",," 0.00","I","9999.9"," 0","999.9",,"999.9"," 0","  63.2","23"
"99495199999","SEBASTIAN INLET STATE PARK, FL US","27.862","-80.445","10.0","2023-03-20","9999.9"," 0","000000",,"999.9",,"  63.1","*","  55.8","*","999.9",," 0.00","I","9999.9"," 0","999.9",,"999.9"," 0","  60.4","24"
"99495199999","SEBASTIAN INLET STATE PARK, FL US","27.862","-80.445","10.0","2023-03-21","9999.9"," 0","000000",,"999.9",,"  69.6","*","  53.4","*","999.9",," 0.00","I","9999.9"," 0","999.9",,"999.9"," 0","  60.9","22"
"99495199999","SEBASTIAN INLET STATE PARK, FL US","27.862","-80.445","10.0","2023-03-22","9999.9"," 0","000000",,"999.9",,"  72.5","*","  69.4","*","999.9",," 0.00","I","9999.9"," 0","999.9",,"999.9"," 0","  71.4","24"
"99495199999","SEBASTIAN INLET STATE PARK, FL US","27.862","-80.445","10.0","2023-03-23","9999.9"," 0","000000",,"999.9",,"  72.5","*","  71.1","*","999.9",," 0.00","I","9999.9"," 0","999.9",,"999.9"," 0","  71.9","24"
"99495199999","SEBASTIAN INLET STATE PARK, FL US","27.862","-80.445","10.0","2023-03-24","9999.9"," 0","000000",,"999.9",,"  77.9","*","  68.2","*","999.9",," 0.00","I","9999.9"," 0","999.9",,"999.9"," 0","  72.3","24"
"99495199999","SEBASTIAN INLET STATE PARK, FL US","27.862","-80.445","10.0","2023-03-25","9999.9"," 0","000000",,"999.9",,"  82.0","*","  69.6","*","999.9",," 0.00","I","9999.9"," 0","999.9",,"999.9"," 0","  74.1","24"
"99495199999","SEBASTIAN INLET STATE PARK, FL US","27.862","-80.445","10.0","2023-03-26","9999.9"," 0","000000",,"999.9",,"  76.3","*","  72.3","*","999.9",," 0.00","I","9999.9"," 0","999.9",,"999.9"," 0","  74.9","24"
"99495199999","SEBASTIAN INLET STATE PARK, FL US","27.862","-80.445","10.0","2023-03-27","9999.9"," 0","000000",,"999.9",,"  81.1","*","  72.1","*","999.9",," 0.00","I","9999.9"," 0","999.9",,"999.9"," 0","  75.7","24"
"99495199999","SEBASTIAN INLET STATE PARK, FL US","27.862","-80.445","10.0","2023-03-28","9999.9"," 0","000000",,"999.9",,"  76.6","*","  70.2","*","999.9",," 0.00","I","9999.9"," 0","999.9",,"999.9"," 0","  74.9","24"
"99495199999","SEBASTIAN INLET STATE PARK, FL US","27.862","-80.445","10.0","2023-03-29","9999.9"," 0","000000",,"999.9",,"  77.0","*","  71.1","*","999.9",," 0.00","I","9999.9"," 0","999.9",,"999.9"," 0","  72.3"," 9"
"99495199999","SEBASTIAN INLET STATE PARK, FL US","27.862","-80.445","10.0","2023-03-30","9999.9"," 0","000000",,"999.9",,"  73.2","*","  70.3","*","999.9",," 0.00","I","9999.9"," 0","999.9",,"999.9"," 0","  71.9","23"
"99495199999","SEBASTIAN INLET STATE PARK, FL US","27.862","-80.445","10.0","2023-03-31","9999.9"," 0","000000",,"999.9",,"  75.0","*","  73.0","*","999.9",," 0.00","I","9999.9"," 0","999.9",,"999.9"," 0","  74.0","24"
"99495199999","SEBASTIAN INLET STATE PARK, FL US","27.862","-80.445","10.0","2023-04-01","9999.9"," 0","000000",,"999.9",,"  83.1","*","  70.9","*","999.9",," 0.00","I","9999.9"," 0","999.9",,"999.9"," 0","  75.9","24"
"99495199999","SEBASTIAN INLET STATE PARK, FL US","27.862","-80.445","10.0","2023-04-02","9999.9"," 0","000000",,"999.9",,"  81.0","*","  70.0","*","999.9",," 0.00","I","9999.9"," 0","999.9",,"999.9"," 0","  74.5","24"
"99495199999","SEBASTIAN INLET STATE PARK, FL US","27.862","-80.445","10.0","2023-04-03","9999.9"," 0","000000",,"999.9",,"  77.4","*","  75.6","*","999.9",," 0.00","I","9999.9"," 0","999.9",,"999.9"," 0","  76.3","24"
"99495199999","SEBASTIAN INLET STATE PARK, FL US","27.862","-80.445","10.0","2023-04-04","9999.9"," 0","000000",,"999.9",,"  77.7","*","  71.8","*","999.9",," 0.00","I","9999.9"," 0","999.9",,"999.9"," 0","  75.7","24"
"99495199999","SEBASTIAN INLET STATE PARK, FL US","27.862","-80.445","10.0","2023-04-05","9999.9"," 0","000000",,"999.9",,"  77.2","*","  76.1","*","999.9",," 0.00","I","9999.9"," 0","999.9",,"999.9"," 0","  76.8","24"
"99495199999","SEBASTIAN INLET STATE PARK, FL US","27.862","-80.445","10.0","2023-04-06","9999.9"," 0","000000",,"999.9",,"  77.2","*","  76.1","*","999.9",," 0.00","I","9999.9"," 0","999.9",,"999.9"," 0","  76.6","24"
"99495199999","SEBASTIAN INLET STATE PARK, FL US","27.862","-80.445","10.0","2023-04-07","9999.9"," 0","000000",,"999.9",,"  76.8","*","  75.9","*","999.9",," 0.00","I","9999.9"," 0","999.9",,"999.9"," 0","  76.2","24"
"99495199999","SEBASTIAN INLET STATE PARK, FL US","27.862","-80.445","10.0","2023-04-08","9999.9"," 0","000000",,"999.9",,"  77.2","*","  74.7","*","999.9",," 0.00","I","9999.9"," 0","999.9",,"999.9"," 0","  76.0","24"
"99495199999","SEBASTIAN INLET STATE PARK, FL US","27.862","-80.445","10.0","2023-04-09","9999.9"," 0","000000",,"999.9",,"  77.0","*","  70.2","*","999.9",," 0.00","I","9999.9"," 0","999.9",,"999.9"," 0","  72.8","24"
"99495199999","SEBASTIAN INLET STATE PARK, FL US","27.862","-80.445","10.0","2023-04-10","9999.9"," 0","000000",,"999.9",,"  73.6","*","  69.4","*","999.9",," 0.00","I","9999.9"," 0","999.9",,"999.9"," 0","  71.7","24"
"99495199999","SEBASTIAN INLET STATE PARK, FL US","27.862","-80.445","10.0","2023-04-11","9999.9"," 0","000000",,"999.9",,"  73.4","*","  71.4","*","999.9",," 0.00","I","9999.9"," 0","999.9",,"999.9"," 0","  72.1","23"
"99495199999","SEBASTIAN INLET STATE PARK, FL US","27.862","-80.445","10.0","2023-04-12","9999.9"," 0","000000",,"999.9",,"  73.0","*","  71.4","*","999.9",," 0.00","I","9999.9"," 0","999.9",,"999.9"," 0","  72.3","24"
"99495199999","SEBASTIAN INLET STATE PARK, FL US","27.862","-80.445","10.0","2023-04-13","9999.9"," 0","000000",,"999.9",,"  80.2","*","  72.7","*","999.9",," 0.00","I","9999.9"," 0","999.9",,"999.9"," 0","  74.9","24"
"99495199999","SEBASTIAN INLET STATE PARK, FL US","27.862","-80.445","10.0","2023-04-14","9999.9"," 0","000000",,"999.9",,"  77.0","*","  70.5","*","999.9",," 0.00","I","9999.9"," 0","999.9",,"999.9"," 0","  73.9","24"
"99495199999","SEBASTIAN INLET STATE PARK, FL US","27.862","-80.445","10.0","2023-04-15","9999.9"," 0","000000",,"999.9",,"  78.4","*","  71.4","*","999.9",," 0.00","I","9999.9"," 0","999.9",,"999.9"," 0","  75.3","24"
"99495199999","SEBASTIAN INLET STATE PARK, FL US","27.862","-80.445","10.0","2023-04-16","9999.9"," 0","000000",,"999.9",,"  78.1","*","  69.4","*","999.9",," 0.00","I","9999.9"," 0","999.9",,"999.9"," 0","  74.5","23"
"99495199999","SEBASTIAN INLET STATE PARK, FL US","27.862","-80.445","10.0","2023-04-17","9999.9"," 0","000000",,"999.9",,"  73.0","*","  68.9","*","999.9",," 0.00","I","9999.9"," 0","999.9",,"999.9"," 0","  70.6","24"
"99495199999","SEBASTIAN INLET STATE PARK, FL US","27.862","-80.445","10.0","2023-04-18","9999.9"," 0","000000",,"999.9",,"  72.9","*","  63.5","*","999.9",," 0.00","I","9999.9"," 0","999.9",,"999.9"," 0","  69.8","24"
"99495199999","SEBASTIAN INLET STATE PARK, FL US","27.862","-80.445","10.0","2023-04-19","9999.9"," 0","000000",,"999.9",,"  74.3","*","  70.9","*","999.9",," 0.00","I","9999.9"," 0","999.9",,"999.9"," 0","  73.2","24"
"99495199999","SEBASTIAN INLET STATE PARK, FL US","27.862","-80.445","10.0","2023-04-20","9999.9"," 0","000000",,"999.9",,"  75.0","*","  73.0","*","999.9",," 0.00","I","9999.9"," 0","999.9",,"999.9"," 0","  74.0","24"
"99495199999","SEBASTIAN INLET STATE PARK, FL US","27.862","-80.445","10.0","2023-04-21","9999.9"," 0","000000",,"999.9",,"  76.3","*","  74.5","*","999.9",," 0.00","I","9999.9"," 0","999.9",,"999.9"," 0","  75.3","24"
"99495199999","SEBASTIAN INLET STATE PARK, FL US","27.862","-80.445","10.0","2023-04-22","9999.9"," 0","000000",,"999.9",,"  76.8","*","  70.5","*","999.9",," 0.00","I","9999.9"," 0","999.9",,"999.9"," 0","  75.0","24"
"99495199999","SEBASTIAN INLET STATE PARK, FL US","27.862","-80.445","10.0","2023-04-23","9999.9"," 0","000000",,"999.9",,"  77.5","*","  70.7","*","999.9",," 0.00","I","9999.9"," 0","999.9",,"999.9"," 0","  74.6","23"
"99495199999","SEBASTIAN INLET STATE PARK, FL US","27.862","-80.445","10.0","2023-04-24","9999.9"," 0","000000",,"999.9",,"  76.3","*","  72.7","*","999.9",," 0.00","I","9999.9"," 0","999.9",,"999.9"," 0","  74.8","24"
"99495199999","SEBASTIAN INLET STATE PARK, FL US","27.862","-80.445","10.0","2023-04-25","9999.9"," 0","000000",,"999.9",,"  76.3","*","  72.5","*","999.9",," 0.00","I","9999.9"," 0","999.9",,"999.9"," 0","  74.6","24"
"99495199999","SEBASTIAN INLET STATE PARK, FL US","27.862","-80.445","10.0","2023-04-26","9999.9"," 0","000000",,"999.9",,"  76.8","*","  72.3","*","999.9",," 0.00","I","9999.9"," 0","999.9",,"999.9"," 0","  75.3","24"
"99495199999","SEBASTIAN INLET STATE PARK, FL US","27.862","-80.445","10.0","2023-04-27","9999.9"," 0","000000",,"999.9",,"  77.9","*","  72.3","*","999.9",," 0.00","I","9999.9"," 0","999.9",,"999.9"," 0","  76.0","24"
"99495199999","SEBASTIAN INLET STATE PARK, FL US","27.862","-80.445","10.0","2023-04-28","9999.9"," 0","000000",,"999.9",,"  84.2","*","  67.6","*","999.9",," 0.00","I","9999.9"," 0","999.9",,"999.9"," 0","  74.9","24"
"99495199999","SEBASTIAN INLET STATE PARK, FL US","27.862","-80.445","10.0","2023-04-29","9999.9"," 0","000000",,"999.9",,"  82.0","*","  73.8","*","999.9",," 0.00","I","9999.9"," 0","999.9",,"999.9"," 0","  76.9","24"
"99495199999","SEBASTIAN INLET STATE PARK, FL US","27.862","-80.445","10.0","2023-04-30","9999.9"," 0","000000",,"999.9",,"  79.9","*","  74.1","*","999.9",," 0.00","I","9999.9"," 0","999.9",,"999.9"," 0","  77.2","24"
"99495199999","SEBASTIAN INLET STATE PARK, FL US","27.862","-80.445","10.0","2023-05-01","9999.9"," 0","000000",,"999.9",,"  83.7","*","  64.4","*","999.9",," 0.00","I","9999.9"," 0","999.9",,"999.9"," 0","  71.6","24"
"99495199999","SEBASTIAN INLET STATE PARK, FL US","27.862","-80.445","10.0","2023-05-02","9999.9"," 0","000000",,"999.9",,"  84.9","*","  66.4","*","999.9",," 0.00","I","9999.9"," 0","999.9",,"999.9"," 0","  75.4","21"
"99495199999","SEBASTIAN INLET STATE PARK, FL US","27.862","-80.445","10.0","2023-05-03","9999.9"," 0","000000",,"999.9",,"  81.5","*","  67.3","*","999.9",," 0.00","I","9999.9"," 0","999.9",,"999.9"," 0","  74.4","24"
"99495199999","SEBASTIAN INLET STATE PARK, FL US","27.862","-80.445","10.0","2023-05-04","9999.9"," 0","000000",,"999.9",,"  80.2","*","  65.5","*","999.9",," 0.00","I","9999.9"," 0","999.9",,"999.9"," 0","  71.8","24"
"99495199999","SEBASTIAN INLET STATE PARK, FL US","27.862","-80.445","10.0","2023-05-05","9999.9"," 0","000000",,"999.9",,"  76.5","*","  72.7","*","999.9",," 0.00","I","9999.9"," 0","999.9",,"999.9"," 0","  75.7","24"
"99495199999","SEBASTIAN INLET STATE PARK, FL US","27.862","-80.445","10.0","2023-05-06","9999.9"," 0","000000",,"999.9",,"  76.1","*","  75.0","*","999.9",," 0.00","I","9999.9"," 0","999.9",,"999.9"," 0","  75.6","15"
"99495199999","SEBASTIAN INLET STATE PARK, FL US","27.862","-80.445","10.0","2023-05-18","9999.9"," 0","000000",,"999.9",,"  79.3","*","  77.9","*","999.9",," 0.00","I","9999.9"," 0","999.9",,"999.9"," 0","  78.6"," 6"
"99495199999","SEBASTIAN INLET STATE PARK, FL US","27.862","-80.445","10.0","2023-05-19","9999.9"," 0","000000",,"999.9",,"  80.2","*","  73.0","*","999.9",," 0.00","I","9999.9"," 0","999.9",,"999.9"," 0","  76.8","24"
"99495199999","SEBASTIAN INLET STATE PARK, FL US","27.862","-80.445","10.0","2023-05-20","9999.9"," 0","000000",,"999.9",,"  80.4","*","  75.9","*","999.9",," 0.00","I","9999.9"," 0","999.9",,"999.9"," 0","  78.9","24"
"99495199999","SEBASTIAN INLET STATE PARK, FL US","27.862","-80.445","10.0","2023-05-21","9999.9"," 0","000000",,"999.9",,"  79.7","*","  76.3","*","999.9",," 0.00","I","9999.9"," 0","999.9",,"999.9"," 0","  79.0","24"
"99495199999","SEBASTIAN INLET STATE PARK, FL US","27.862","-80.445","10.0","2023-05-22","9999.9"," 0","000000",,"999.9",,"  80.1","*","  76.3","*","999.9",," 0.00","I","9999.9"," 0","999.9",,"999.9"," 0","  78.9","24"
"99495199999","SEBASTIAN INLET STATE PARK, FL US","27.862","-80.445","10.0","2023-05-23","9999.9"," 0","000000",,"999.9",,"  79.9","*","  72.5","*","999.9",," 0.00","I","9999.9"," 0","999.9",,"999.9"," 0","  76.9","22"
"99495199999","SEBASTIAN INLET STATE PARK, FL US","27.862","-80.445","10.0","2023-05-24","9999.9"," 0","000000",,"999.9",,"  80.1","*","  74.7","*","999.9",," 0.00","I","9999.9"," 0","999.9",,"999.9"," 0","  76.6","24"
"99495199999","SEBASTIAN INLET STATE PARK, FL US","27.862","-80.445","10.0","2023-05-25","9999.9"," 0","000000",,"999.9",,"  77.4","*","  74.3","*","999.9",," 0.00","I","9999.9"," 0","999.9",,"999.9"," 0","  76.3","23"
"99495199999","SEBASTIAN INLET STATE PARK, FL US","27.862","-80.445","10.0","2023-05-26","9999.9"," 0","000000",,"999.9",,"  77.2","*","  72.1","*","999.9",," 0.00","I","9999.9"," 0","999.9",,"999.9"," 0","  75.8","24"
"99495199999","SEBASTIAN INLET STATE PARK, FL US","27.862","-80.445","10.0","2023-05-27","9999.9"," 0","000000",,"999.9",,"  76.5","*","  66.9","*","999.9",," 0.00","I","9999.9"," 0","999.9",,"999.9"," 0","  71.8","24"
"99495199999","SEBASTIAN INLET STATE PARK, FL US","27.862","-80.445","10.0","2023-05-28","9999.9"," 0","000000",,"999.9",,"  76.6","*","  73.0","*","999.9",," 0.00","I","9999.9"," 0","999.9",,"999.9"," 0","  74.3","24"
"99495199999","SEBASTIAN INLET STATE PARK, FL US","27.862","-80.445","10.0","2023-05-29","9999.9"," 0","000000",,"999.9",,"  78.6","*","  75.0","*","999.9",," 0.00","I","9999.9"," 0","999.9",,"999.9"," 0","  77.1","24"
"99495199999","SEBASTIAN INLET STATE PARK, FL US","27.862","-80.445","10.0","2023-05-30","9999.9"," 0","000000",,"999.9",,"  79.5","*","  72.1","*","999.9",," 0.00","I","9999.9"," 0","999.9",,"999.9"," 0","  77.8","24"
"99495199999","SEBASTIAN INLET STATE PARK, FL US","27.862","-80.445","10.0","2023-05-31","9999.9"," 0","000000",,"999.9",,"  79.2","*","  75.7","*","999.9",," 0.00","I","9999.9"," 0","999.9",,"999.9"," 0","  78.1","24"
"99495199999","SEBASTIAN INLET STATE PARK, FL US","27.862","-80.445","10.0","2023-06-01","9999.9"," 0","000000",,"999.9",,"  78.3","*","  75.6","*","999.9",," 0.00","I","9999.9"," 0","999.9",,"999.9"," 0","  77.2","23"
"99495199999","SEBASTIAN INLET STATE PARK, FL US","27.862","-80.445","10.0","2023-06-02","9999.9"," 0","000000",,"999.9",,"  79.2","*","  73.6","*","999.9",," 0.00","I","9999.9"," 0","999.9",,"999.9"," 0","  76.9","24"
"99495199999","SEBASTIAN INLET STATE PARK, FL US","27.862","-80.445","10.0","2023-06-03","9999.9"," 0","000000",,"999.9",,"  79.2","*","  72.3","*","999.9",," 0.00","I","9999.9"," 0","999.9",,"999.9"," 0","  76.6","24"
"99495199999","SEBASTIAN INLET STATE PARK, FL US","27.862","-80.445","10.0","2023-06-04","9999.9"," 0","000000",,"999.9",,"  78.4","*","  76.1","*","999.9",," 0.00","I","9999.9"," 0","999.9",,"999.9"," 0","  77.5","24"
"99495199999","SEBASTIAN INLET STATE PARK, FL US","27.862","-80.445","10.0","2023-06-05","9999.9"," 0","000000",,"999.9",,"  78.6","*","  74.7","*","999.9",," 0.00","I","9999.9"," 0","999.9",,"999.9"," 0","  77.4","24"
"99495199999","SEBASTIAN INLET STATE PARK, FL US","27.862","-80.445","10.0","2023-06-06","9999.9"," 0","000000",,"999.9",,"  78.1","*","  76.3","*","999.9",," 0.00","I","9999.9"," 0","999.9",,"999.9"," 0","  77.4","24"
"99495199999","SEBASTIAN INLET STATE PARK, FL US","27.862","-80.445","10.0","2023-06-07","9999.9"," 0","000000",,"999.9",,"  81.9","*","  76.8","*","999.9",," 0.00","I","9999.9"," 0","999.9",,"999.9"," 0","  78.8","24"
"99495199999","SEBASTIAN INLET STATE PARK, FL US","27.862","-80.445","10.0","2023-06-08","9999.9"," 0","000000",,"999.9",,"  82.2","*","  74.1","*","999.9",," 0.00","I","9999.9"," 0","999.9",,"999.9"," 0","  77.1","23"
"99495199999","SEBASTIAN INLET STATE PARK, FL US","27.862","-80.445","10.0","2023-06-09","9999.9"," 0","000000",,"999.9",,"  83.1","*","  74.3","*","999.9",," 0.00","I","9999.9"," 0","999.9",,"999.9"," 0","  78.1","24"
"99495199999","SEBASTIAN INLET STATE PARK, FL US","27.862","-80.445","10.0","2023-06-10","9999.9"," 0","000000",,"999.9",,"  81.0","*","  72.7","*","999.9",," 0.00","I","9999.9"," 0","999.9",,"999.9"," 0","  76.8","24"
"99495199999","SEBASTIAN INLET STATE PARK, FL US","27.862","-80.445","10.0","2023-06-11","9999.9"," 0","000000",,"999.9",,"  82.2","*","  75.0","*","999.9",," 0.00","I","9999.9"," 0","999.9",,"999.9"," 0","  79.4","24"
"99495199999","SEBASTIAN INLET STATE PARK, FL US","27.862","-80.445","10.0","2023-06-12","9999.9"," 0","000000",,"999.9",,"  87.8","*","  76.1","*","999.9",," 0.00","I","9999.9"," 0","999.9",,"999.9"," 0","  80.2","24"
"99495199999","SEBASTIAN INLET STATE PARK, FL US","27.862","-80.445","10.0","2023-06-13","9999.9"," 0","000000",,"999.9",,"  87.6","*","  75.7","*","999.9",," 0.00","I","9999.9"," 0","999.9",,"999.9"," 0","  81.1","24"
"99495199999","SEBASTIAN INLET STATE PARK, FL US","27.862","-80.445","10.0","2023-06-14","9999.9"," 0","000000",,"999.9",,"  80.8","*","  75.4","*","999.9",," 0.00","I","9999.9"," 0","999.9",,"999.9"," 0","  77.0","13"
"99495199999","SEBASTIAN INLET STATE PARK, FL US","27.862","-80.445","10.0","2023-06-15","9999.9"," 0","000000",,"999.9",,"  90.7","*","  85.5","*","999.9",," 0.00","I","9999.9"," 0","999.9",,"999.9"," 0","  89.2"," 8"
"99495199999","SEBASTIAN INLET STATE PARK, FL US","27.862","-80.445","10.0","2023-06-16","9999.9"," 0","000000",,"999.9",,"  89.2","*","  75.7","*","999.9",," 0.00","I","9999.9"," 0","999.9",,"999.9"," 0","  81.5","22"
"99495199999","SEBASTIAN INLET STATE PARK, FL US","27.862","-80.445","10.0","2023-06-17","9999.9"," 0","000000",,"999.9",,"  84.0","*","  72.7","*","999.9",," 0.00","I","9999.9"," 0","999.9",,"999.9"," 0","  78.2","23"
"99495199999","SEBASTIAN INLET STATE PARK, FL US","27.862","-80.445","10.0","2023-06-18","9999.9"," 0","000000",,"999.9",,"  82.6","*","  72.1","*","999.9",," 0.00","I","9999.9"," 0","999.9",,"999.9"," 0","  76.1","13"
"99495199999","SEBASTIAN INLET STATE PARK, FL US","27.862","-80.445","10.0","2023-06-20","9999.9"," 0","000000",,"999.9",,"  86.2","*","  72.3","*","999.9",," 0.00","I","9999.9"," 0","999.9",,"999.9"," 0","  77.7","13"
"99495199999","SEBASTIAN INLET STATE PARK, FL US","27.862","-80.445","10.0","2023-06-21","9999.9"," 0","000000",,"999.9",,"  83.1","*","  71.8","*","999.9",," 0.00","I","9999.9"," 0","999.9",,"999.9"," 0","  75.9","24"
"99495199999","SEBASTIAN INLET STATE PARK, FL US","27.862","-80.445","10.0","2023-06-22","9999.9"," 0","000000",,"999.9",,"  82.0","*","  71.6","*","999.9",," 0.00","I","9999.9"," 0","999.9",,"999.9"," 0","  77.8","22"
"99495199999","SEBASTIAN INLET STATE PARK, FL US","27.862","-80.445","10.0","2023-06-23","9999.9"," 0","000000",,"999.9",,"  83.1","*","  78.6","*","999.9",," 0.00","I","9999.9"," 0","999.9",,"999.9"," 0","  80.0","22"
"99495199999","SEBASTIAN INLET STATE PARK, FL US","27.862","-80.445","10.0","2023-06-24","9999.9"," 0","000000",,"999.9",,"  83.1","*","  75.4","*","999.9",," 0.00","I","9999.9"," 0","999.9",,"999.9"," 0","  77.7","14"
"99495199999","SEBASTIAN INLET STATE PARK, FL US","27.862","-80.445","10.0","2023-06-25","9999.9"," 0","000000",,"999.9",,"  81.0","*","  77.4","*","999.9",," 0.00","I","9999.9"," 0","999.9",,"999.9"," 0","  80.4"," 7"
"99495199999","SEBASTIAN INLET STATE PARK, FL US","27.862","-80.445","10.0","2023-06-26","9999.9"," 0","000000",,"999.9",,"  83.5","*","  74.3","*","999.9",," 0.00","I","9999.9"," 0","999.9",,"999.9"," 0","  79.5","18"
"99495199999","SEBASTIAN INLET STATE PARK, FL US","27.862","-80.445","10.0","2023-06-27","9999.9"," 0","000000",,"999.9",,"  88.2","*","  76.5","*","999.9",," 0.00","I","9999.9"," 0","999.9",,"999.9"," 0","  82.5","18"
"99495199999","SEBASTIAN INLET STATE PARK, FL US","27.862","-80.445","10.0","2023-06-28","9999.9"," 0","000000",,"999.9",,"  88.0","*","  76.5","*","999.9",," 0.00","I","9999.9"," 0","999.9",,"999.9"," 0","  82.2","18"
"99495199999","SEBASTIAN INLET STATE PARK, FL US","27.862","-80.445","10.0","2023-06-29","9999.9"," 0","000000",,"999.9",,"  82.6","*","  76.6","*","999.9",," 0.00","I","9999.9"," 0","999.9",,"999.9"," 0","  80.3","19"
"99495199999","SEBASTIAN INLET STATE PARK, FL US","27.862","-80.445","10.0","2023-06-30","9999.9"," 0","000000",,"999.9",,"  82.4","*","  81.3","*","999.9",," 0.00","I","9999.9"," 0","999.9",,"999.9"," 0","  81.9","19"
"99495199999","SEBASTIAN INLET STATE PARK, FL US","27.862","-80.445","10.0","2023-07-01","9999.9"," 0","000000",,"999.9",,"  82.8","*","  81.1","*","999.9",," 0.00","I","9999.9"," 0","999.9",,"999.9"," 0","  81.9","12"
"99495199999","SEBASTIAN INLET STATE PARK, FL US","27.862","-80.445","10.0","2023-07-04","9999.9"," 0","000000",,"999.9",,"  84.9","*","  81.7","*","999.9",," 0.00","I","9999.9"," 0","999.9",,"999.9"," 0","  83.4"," 9"
"99495199999","SEBASTIAN INLET STATE PARK, FL US","27.862","-80.445","10.0","2023-07-05","9999.9"," 0","000000",,"999.9",,"  85.1","*","  83.7","*","999.9",," 0.00","I","9999.9"," 0","999.9",,"999.9"," 0","  84.4","11"
"99495199999","SEBASTIAN INLET STATE PARK, FL US","27.862","-80.445","10.0","2023-07-06","9999.9"," 0","000000",,"999.9",,"  87.6","*","  82.6","*","999.9",," 0.00","I","9999.9"," 0","999.9",,"999.9"," 0","  84.6"," 9"
"99495199999","SEBASTIAN INLET STATE PARK, FL US","27.862","-80.445","10.0","2023-07-07","9999.9"," 0","000000",,"999.9",,"  86.5","*","  75.6","*","999.9",," 0.00","I","9999.9"," 0","999.9",,"999.9"," 0","  79.9","17"
"99495199999","SEBASTIAN INLET STATE PARK, FL US","27.862","-80.445","10.0","2023-07-08","9999.9"," 0","000000",,"999.9",,"  87.4","*","  76.6","*","999.9",," 0.00","I","9999.9"," 0","999.9",,"999.9"," 0","  79.9","23"
"99495199999","SEBASTIAN INLET STATE PARK, FL US","27.862","-80.445","10.0","2023-07-09","9999.9"," 0","000000",,"999.9",,"  90.9","*","  75.9","*","999.9",," 0.00","I","9999.9"," 0","999.9",,"999.9"," 0","  81.4","23"
"99495199999","SEBASTIAN INLET STATE PARK, FL US","27.862","-80.445","10.0","2023-07-10","9999.9"," 0","000000",,"999.9",,"  90.3","*","  77.2","*","999.9",," 0.00","I","9999.9"," 0","999.9",,"999.9"," 0","  81.6","24"
"99495199999","SEBASTIAN INLET STATE PARK, FL US","27.862","-80.445","10.0","2023-07-11","9999.9"," 0","000000",,"999.9",,"  90.0","*","  77.2","*","999.9",," 0.00","I","9999.9"," 0","999.9",,"999.9"," 0","  81.2","23"
"99495199999","SEBASTIAN INLET STATE PARK, FL US","27.862","-80.445","10.0","2023-07-12","9999.9"," 0","000000",,"999.9",,"  83.8","*","  79.7","*","999.9",," 0.00","I","9999.9"," 0","999.9",,"999.9"," 0","  82.3","23"
"99495199999","SEBASTIAN INLET STATE PARK, FL US","27.862","-80.445","10.0","2023-07-13","9999.9"," 0","000000",,"999.9",,"  84.9","*","  75.6","*","999.9",," 0.00","I","9999.9"," 0","999.9",,"999.9"," 0","  82.2","24"
"99495199999","SEBASTIAN INLET STATE PARK, FL US","27.862","-80.445","10.0","2023-07-14","9999.9"," 0","000000",,"999.9",,"  84.7","*","  75.0","*","999.9",," 0.00","I","9999.9"," 0","999.9",,"999.9"," 0","  80.8","24"
"99495199999","SEBASTIAN INLET STATE PARK, FL US","27.862","-80.445","10.0","2023-07-15","9999.9"," 0","000000",,"999.9",,"  86.2","*","  77.2","*","999.9",," 0.00","I","9999.9"," 0","999.9",,"999.9"," 0","  81.4","24"
"99495199999","SEBASTIAN INLET STATE PARK, FL US","27.862","-80.445","10.0","2023-07-16","9999.9"," 0","000000",,"999.9",,"  88.7","*","  78.6","*","999.9",," 0.00","I","9999.9"," 0","999.9",,"999.9"," 0","  80.7","22"
"99495199999","SEBASTIAN INLET STATE PARK, FL US","27.862","-80.445","10.0","2023-07-17","9999.9"," 0","000000",,"999.9",,"  87.8","*","  73.2","*","999.9",," 0.00","I","9999.9"," 0","999.9",,"999.9"," 0","  79.8","23"
"99495199999","SEBASTIAN INLET STATE PARK, FL US","27.862","-80.445","10.0","2023-07-18","9999.9"," 0","000000",,"999.9",,"  87.4","*","  75.0","*","999.9",," 0.00","I","9999.9"," 0","999.9",,"999.9"," 0","  78.9","23"
"99495199999","SEBASTIAN INLET STATE PARK, FL US","27.862","-80.445","10.0","2023-07-19","9999.9"," 0","000000",,"999.9",,"  84.2","*","  77.4","*","999.9",," 0.00","I","9999.9"," 0","999.9",,"999.9"," 0","  80.9","24"
"99495199999","SEBASTIAN INLET STATE PARK, FL US","27.862","-80.445","10.0","2023-07-20","9999.9"," 0","000000",,"999.9",,"  83.5","*","  81.3","*","999.9",," 0.00","I","9999.9"," 0","999.9",,"999.9"," 0","  82.8","10"
"99495199999","SEBASTIAN INLET STATE PARK, FL US","27.862","-80.445","10.0","2023-07-26","9999.9"," 0","000000",,"999.9",,"  83.5","*","  82.0","*","999.9",," 0.00","I","9999.9"," 0","999.9",,"999.9"," 0","  82.6"," 7"
"99495199999","SEBASTIAN INLET STATE PARK, FL US","27.862","-80.445","10.0","2023-07-27","9999.9"," 0","000000",,"999.9",,"  84.0","*","  79.2","*","999.9",," 0.00","I","9999.9"," 0","999.9",,"999.9"," 0","  82.7"," 7"
"99495199999","SEBASTIAN INLET STATE PARK, FL US","27.862","-80.445","10.0","2023-07-31","9999.9"," 0","000000",,"999.9",,"  85.3","*","  73.6","*","999.9",," 0.00","I","9999.9"," 0","999.9",,"999.9"," 0","  82.5","10"
"99495199999","SEBASTIAN INLET STATE PARK, FL US","27.862","-80.445","10.0","2023-08-01","9999.9"," 0","000000",,"999.9",,"  79.2","*","  77.0","*","999.9",," 0.00","I","9999.9"," 0","999.9",,"999.9"," 0","  78.1"," 5"
"99495199999","SEBASTIAN INLET STATE PARK, FL US","27.862","-80.445","10.0","2023-08-02","9999.9"," 0","000000",,"999.9",,"  84.6","*","  77.2","*","999.9",," 0.00","I","9999.9"," 0","999.9",,"999.9"," 0","  82.1"," 8"
"99495199999","SEBASTIAN INLET STATE PARK, FL US","27.862","-80.445","10.0","2023-08-03","9999.9"," 0","000000",,"999.9",,"  84.2","*","  82.8","*","999.9",," 0.00","I","9999.9"," 0","999.9",,"999.9"," 0","  83.4","17"
"99495199999","SEBASTIAN INLET STATE PARK, FL US","27.862","-80.445","10.0","2023-08-04","9999.9"," 0","000000",,"999.9",,"  84.4","*","  80.8","*","999.9",," 0.00","I","9999.9"," 0","999.9",,"999.9"," 0","  83.1","22"
"99495199999","SEBASTIAN INLET STATE PARK, FL US","27.862","-80.445","10.0","2023-08-05","9999.9"," 0","000000",,"999.9",,"  84.4","*","  83.5","*","999.9",," 0.00","I","9999.9"," 0","999.9",,"999.9"," 0","  83.7"," 5"
"99495199999","SEBASTIAN INLET STATE PARK, FL US","27.862","-80.445","10.0","2023-08-11","9999.9"," 0","000000",,"999.9",,"  85.6","*","  84.4","*","999.9",," 0.00","I","9999.9"," 0","999.9",,"999.9"," 0","  84.9"," 9"
"99495199999","SEBASTIAN INLET STATE PARK, FL US","27.862","-80.445","10.0","2023-08-12","9999.9"," 0","000000",,"999.9",,"  85.8","*","  81.1","*","999.9",," 0.00","I","9999.9"," 0","999.9",,"999.9"," 0","  84.5","24"
"99495199999","SEBASTIAN INLET STATE PARK, FL US","27.862","-80.445","10.0","2023-08-13","9999.9"," 0","000000",,"999.9",,"  86.4","*","  81.7","*","999.9",," 0.00","I","9999.9"," 0","999.9",,"999.9"," 0","  83.4","24"
"99495199999","SEBASTIAN INLET STATE PARK, FL US","27.862","-80.445","10.0","2023-08-14","9999.9"," 0","000000",,"999.9",,"  86.2","*","  78.4","*","999.9",," 0.00","I","9999.9"," 0","999.9",,"999.9"," 0","  81.9","24"
"99495199999","SEBASTIAN INLET STATE PARK, FL US","27.862","-80.445","10.0","2023-08-15","9999.9"," 0","000000",,"999.9",,"  85.5","*","  77.7","*","999.9",," 0.00","I","9999.9"," 0","999.9",,"999.9"," 0","  81.6","24"
"99495199999","SEBASTIAN INLET STATE PARK, FL US","27.862","-80.445","10.0","2023-08-16","9999.9"," 0","000000",,"999.9",,"  83.7","*","  76.8","*","999.9",," 0.00","I","9999.9"," 0","999.9",,"999.9"," 0","  81.2","24"
"99495199999","SEBASTIAN INLET STATE PARK, FL US","27.862","-80.445","10.0","2023-08-17","9999.9"," 0","000000",,"999.9",,"  85.1","*","  75.0","*","999.9",," 0.00","I","9999.9"," 0","999.9",,"999.9"," 0","  78.4","15"
"99495199999","SEBASTIAN INLET STATE PARK, FL US","27.862","-80.445","10.0","2023-08-21","9999.9"," 0","000000",,"999.9",,"  82.8","*","  82.6","*","999.9",," 0.00","I","9999.9"," 0","999.9",,"999.9"," 0","  82.7"," 9"
"99495199999","SEBASTIAN INLET STATE PARK, FL US","27.862","-80.445","10.0","2023-08-22","9999.9"," 0","000000",,"999.9",,"  82.9","*","  80.2","*","999.9",," 0.00","I","9999.9"," 0","999.9",,"999.9"," 0","  81.8","24"
"99495199999","SEBASTIAN INLET STATE PARK, FL US","27.862","-80.445","10.0","2023-08-23","9999.9"," 0","000000",,"999.9",,"  82.6","*","  80.8","*","999.9",," 0.00","I","9999.9"," 0","999.9",,"999.9"," 0","  82.0","24"
"99495199999","SEBASTIAN INLET STATE PARK, FL US","27.862","-80.445","10.0","2023-08-24","9999.9"," 0","000000",,"999.9",,"  83.5","*","  81.3","*","999.9",," 0.00","I","9999.9"," 0","999.9",,"999.9"," 0","  82.4","21"
"99495199999","SEBASTIAN INLET STATE PARK, FL US","27.862","-80.445","10.0","2023-08-25","9999.9"," 0","000000",,"999.9",,"  82.9","*","  82.0","*","999.9",," 0.00","I","9999.9"," 0","999.9",,"999.9"," 0","  82.6","23"
"99495199999","SEBASTIAN INLET STATE PARK, FL US","27.862","-80.445","10.0","2023-08-26","9999.9"," 0","000000",,"999.9",,"  82.9","*","  81.1","*","999.9",," 0.00","I","9999.9"," 0","999.9",,"999.9"," 0","  82.0","24"
"99495199999","SEBASTIAN INLET STATE PARK, FL US","27.862","-80.445","10.0","2023-08-27","9999.9"," 0","000000",,"999.9",,"  84.6","*","  79.9","*","999.9",," 0.00","I","9999.9"," 0","999.9",,"999.9"," 0","  82.6","23"
"99495199999","SEBASTIAN INLET STATE PARK, FL US","27.862","-80.445","10.0","2023-08-28","9999.9"," 0","000000",,"999.9",,"  87.3","*","  81.9","*","999.9",," 0.00","I","9999.9"," 0","999.9",,"999.9"," 0","  83.7","24"
"99495199999","SEBASTIAN INLET STATE PARK, FL US","27.862","-80.445","10.0","2023-08-29","9999.9"," 0","000000",,"999.9",,"  85.1","*","  76.8","*","999.9",," 0.00","I","9999.9"," 0","999.9",,"999.9"," 0","  82.1","24"
"99495199999","SEBASTIAN INLET STATE PARK, FL US","27.862","-80.445","10.0","2023-08-30","9999.9"," 0","000000",,"999.9",,"  90.0","*","  79.3","*","999.9",," 0.00","I","9999.9"," 0","999.9",,"999.9"," 0","  83.5","24"
"99495199999","SEBASTIAN INLET STATE PARK, FL US","27.862","-80.445","10.0","2023-08-31","9999.9"," 0","000000",,"999.9",,"  86.7","*","  74.8","*","999.9",," 0.00","I","9999.9"," 0","999.9",,"999.9"," 0","  80.7","22"
"99495199999","SEBASTIAN INLET STATE PARK, FL US","27.862","-80.445","10.0","2023-09-01","9999.9"," 0","000000",,"999.9",,"  83.3","*","  79.0","*","999.9",," 0.00","I","9999.9"," 0","999.9",,"999.9"," 0","  80.9","24"
"99495199999","SEBASTIAN INLET STATE PARK, FL US","27.862","-80.445","10.0","2023-09-02","9999.9"," 0","000000",,"999.9",,"  83.1","*","  81.5","*","999.9",," 0.00","I","9999.9"," 0","999.9",,"999.9"," 0","  82.3","24"
"99495199999","SEBASTIAN INLET STATE PARK, FL US","27.862","-80.445","10.0","2023-09-03","9999.9"," 0","000000",,"999.9",,"  82.2","*","  79.2","*","999.9",," 0.00","I","9999.9"," 0","999.9",,"999.9"," 0","  81.1","24"
"99495199999","SEBASTIAN INLET STATE PARK, FL US","27.862","-80.445","10.0","2023-09-04","9999.9"," 0","000000",,"999.9",,"  82.0","*","  81.1","*","999.9",," 0.00","I","9999.9"," 0","999.9",,"999.9"," 0","  81.5","24"
"99495199999","SEBASTIAN INLET STATE PARK, FL US","27.862","-80.445","10.0","2023-09-05","9999.9"," 0","000000",,"999.9",,"  82.6","*","  77.4","*","999.9",," 0.00","I","9999.9"," 0","999.9",,"999.9"," 0","  81.0","24"
"99495199999","SEBASTIAN INLET STATE PARK, FL US","27.862","-80.445","10.0","2023-09-06","9999.9"," 0","000000",,"999.9",,"  83.8","*","  77.7","*","999.9",," 0.00","I","9999.9"," 0","999.9",,"999.9"," 0","  81.5","24"
"99495199999","SEBASTIAN INLET STATE PARK, FL US","27.862","-80.445","10.0","2023-09-07","9999.9"," 0","000000",,"999.9",,"  84.2","*","  75.7","*","999.9",," 0.00","I","9999.9"," 0","999.9",,"999.9"," 0","  81.0","20"
"99495199999","SEBASTIAN INLET STATE PARK, FL US","27.862","-80.445","10.0","2023-09-08","9999.9"," 0","000000",,"999.9",,"  83.7","*","  71.4","*","999.9",," 0.00","I","9999.9"," 0","999.9",,"999.9"," 0","  79.8","23"
"99495199999","SEBASTIAN INLET STATE PARK, FL US","27.862","-80.445","10.0","2023-09-09","9999.9"," 0","000000",,"999.9",,"  82.9","*","  72.3","*","999.9",," 0.00","I","9999.9"," 0","999.9",,"999.9"," 0","  78.3","24"
"99495199999","SEBASTIAN INLET STATE PARK, FL US","27.862","-80.445","10.0","2023-09-10","9999.9"," 0","000000",,"999.9",,"  83.8","*","  77.5","*","999.9",," 0.00","I","9999.9"," 0","999.9",,"999.9"," 0","  81.3","24"
"99495199999","SEBASTIAN INLET STATE PARK, FL US","27.862","-80.445","10.0","2023-09-11","9999.9"," 0","000000",,"999.9",,"  84.0","*","  79.7","*","999.9",," 0.00","I","9999.9"," 0","999.9",,"999.9"," 0","  82.7","24"
"99495199999","SEBASTIAN INLET STATE PARK, FL US","27.862","-80.445","10.0","2023-09-12","9999.9"," 0","000000",,"999.9",,"  84.2","*","  80.8","*","999.9",," 0.00","I","9999.9"," 0","999.9",,"999.9"," 0","  83.0","24"
"99495199999","SEBASTIAN INLET STATE PARK, FL US","27.862","-80.445","10.0","2023-09-13","9999.9"," 0","000000",,"999.9",,"  83.8","*","  79.7","*","999.9",," 0.00","I","9999.9"," 0","999.9",,"999.9"," 0","  82.6","24"
"99495199999","SEBASTIAN INLET STATE PARK, FL US","27.862","-80.445","10.0","2023-09-14","9999.9"," 0","000000",,"999.9",,"  83.5","*","  78.6","*","999.9",," 0.00","I","9999.9"," 0","999.9",,"999.9"," 0","  82.3","20"
"99495199999","SEBASTIAN INLET STATE PARK, FL US","27.862","-80.445","10.0","2023-09-15","9999.9"," 0","000000",,"999.9",,"  84.6","*","  79.3","*","999.9",," 0.00","I","9999.9"," 0","999.9",,"999.9"," 0","  82.5","24"
"99495199999","SEBASTIAN INLET STATE PARK, FL US","27.862","-80.445","10.0","2023-09-16","9999.9"," 0","000000",,"999.9",,"  83.8","*","  78.1","*","999.9",," 0.00","I","9999.9"," 0","999.9",,"999.9"," 0","  81.2","24"
"99495199999","SEBASTIAN INLET STATE PARK, FL US","27.862","-80.445","10.0","2023-09-17","9999.9"," 0","000000",,"999.9",,"  88.5","*","  79.7","*","999.9",," 0.00","I","9999.9"," 0","999.9",,"999.9"," 0","  82.9","24"
"99495199999","SEBASTIAN INLET STATE PARK, FL US","27.862","-80.445","10.0","2023-09-18","9999.9"," 0","000000",,"999.9",,"  83.3","*","  78.1","*","999.9",," 0.00","I","9999.9"," 0","999.9",,"999.9"," 0","  81.0","24"
"99495199999","SEBASTIAN INLET STATE PARK, FL US","27.862","-80.445","10.0","2023-09-19","9999.9"," 0","000000",,"999.9",,"  82.8","*","  81.9","*","999.9",," 0.00","I","9999.9"," 0","999.9",,"999.9"," 0","  82.4","14"
"99495199999","SEBASTIAN INLET STATE PARK, FL US","27.862","-80.445","10.0","2023-09-20","9999.9"," 0","000000",,"999.9",,"  83.3","*","  75.9","*","999.9",," 0.00","I","9999.9"," 0","999.9",,"999.9"," 0","  80.8","22"
"99495199999","SEBASTIAN INLET STATE PARK, FL US","27.862","-80.445","10.0","2023-09-21","9999.9"," 0","000000",,"999.9",,"  81.0","*","  73.9","*","999.9",," 0.00","I","9999.9"," 0","999.9",,"999.9"," 0","  78.0","18"
"99495199999","SEBASTIAN INLET STATE PARK, FL US","27.862","-80.445","10.0","2023-09-22","9999.9"," 0","000000",,"999.9",,"  81.1","*","  77.7","*","999.9",," 0.00","I","9999.9"," 0","999.9",,"999.9"," 0","  79.9","19"
"99495199999","SEBASTIAN INLET STATE PARK, FL US","27.862","-80.445","10.0","2023-09-23","9999.9"," 0","000000",,"999.9",,"  79.5","*","  73.6","*","999.9",," 0.00","I","9999.9"," 0","999.9",,"999.9"," 0","  78.1","19"
"99495199999","SEBASTIAN INLET STATE PARK, FL US","27.862","-80.445","10.0","2023-09-27","9999.9"," 0","000000",,"999.9",,"  83.1","*","  77.2","*","999.9",," 0.00","I","9999.9"," 0","999.9",,"999.9"," 0","  79.2","23"
"99495199999","SEBASTIAN INLET STATE PARK, FL US","27.862","-80.445","10.0","2023-09-28","9999.9"," 0","000000",,"999.9",,"  81.9","*","  76.3","*","999.9",," 0.00","I","9999.9"," 0","999.9",,"999.9"," 0","  79.0","20"
"99495199999","SEBASTIAN INLET STATE PARK, FL US","27.862","-80.445","10.0","2023-09-29","9999.9"," 0","000000",,"999.9",,"  82.4","*","  76.5","*","999.9",," 0.00","I","9999.9"," 0","999.9",,"999.9"," 0","  80.5"," 8"
"99495199999","SEBASTIAN INLET STATE PARK, FL US","27.862","-80.445","10.0","2023-09-30","9999.9"," 0","000000",,"999.9",,"  82.4","*","  77.7","*","999.9",," 0.00","I","9999.9"," 0","999.9",,"999.9"," 0","  80.4","24"
"99495199999","SEBASTIAN INLET STATE PARK, FL US","27.862","-80.445","10.0","2023-10-01","9999.9"," 0","000000",,"999.9",,"  82.6","*","  75.4","*","999.9",," 0.00","I","9999.9"," 0","999.9",,"999.9"," 0","  79.8","24"
"99495199999","SEBASTIAN INLET STATE PARK, FL US","27.862","-80.445","10.0","2023-10-02","9999.9"," 0","000000",,"999.9",,"  81.9","*","  77.5","*","999.9",," 0.00","I","9999.9"," 0","999.9",,"999.9"," 0","  81.0","24"
"99495199999","SEBASTIAN INLET STATE PARK, FL US","27.862","-80.445","10.0","2023-10-03","9999.9"," 0","000000",,"999.9",,"  81.1","*","  75.9","*","999.9",," 0.00","I","9999.9"," 0","999.9",,"999.9"," 0","  80.0","23"
"99495199999","SEBASTIAN INLET STATE PARK, FL US","27.862","-80.445","10.0","2023-10-04","9999.9"," 0","000000",,"999.9",,"  80.6","*","  74.1","*","999.9",," 0.00","I","9999.9"," 0","999.9",,"999.9"," 0","  79.1","23"
"99495199999","SEBASTIAN INLET STATE PARK, FL US","27.862","-80.445","10.0","2023-10-05","9999.9"," 0","000000",,"999.9",,"  82.0","*","  79.0","*","999.9",," 0.00","I","9999.9"," 0","999.9",,"999.9"," 0","  80.6","19"
"99495199999","SEBASTIAN INLET STATE PARK, FL US","27.862","-80.445","10.0","2023-10-06","9999.9"," 0","000000",,"999.9",,"  81.3","*","  77.5","*","999.9",," 0.00","I","9999.9"," 0","999.9",,"999.9"," 0","  80.4","24"
"99495199999","SEBASTIAN INLET STATE PARK, FL US","27.862","-80.445","10.0","2023-10-07","9999.9"," 0","000000",,"999.9",,"  81.0","*","  74.7","*","999.9",," 0.00","I","9999.9"," 0","999.9",,"999.9"," 0","  79.1","24"
"99495199999","SEBASTIAN INLET STATE PARK, FL US","27.862","-80.445","10.0","2023-10-08","9999.9"," 0","000000",,"999.9",,"  79.3","*","  75.2","*","999.9",," 0.00","I","9999.9"," 0","999.9",,"999.9"," 0","  76.9","24"
"99495199999","SEBASTIAN INLET STATE PARK, FL US","27.862","-80.445","10.0","2023-10-09","9999.9"," 0","000000",,"999.9",,"  78.3","*","  74.7","*","999.9",," 0.00","I","9999.9"," 0","999.9",,"999.9"," 0","  76.0","23"
"99495199999","SEBASTIAN INLET STATE PARK, FL US","27.862","-80.445","10.0","2023-10-10","9999.9"," 0","000000",,"999.9",,"  79.3","*","  77.9","*","999.9",," 0.00","I","9999.9"," 0","999.9",,"999.9"," 0","  78.5","21"
"99495199999","SEBASTIAN INLET STATE PARK, FL US","27.862","-80.445","10.0","2023-10-11","9999.9"," 0","000000",,"999.9",,"  81.7","*","  79.2","*","999.9",," 0.00","I","9999.9"," 0","999.9",,"999.9"," 0","  80.5","24"
"99495199999","SEBASTIAN INLET STATE PARK, FL US","27.862","-80.445","10.0","2023-10-12","9999.9"," 0","000000",,"999.9",,"  89.2","*","  78.3","*","999.9",," 0.00","I","9999.9"," 0","999.9",,"999.9"," 0","  82.5","23"
"99495199999","SEBASTIAN INLET STATE PARK, FL US","27.862","-80.445","10.0","2023-10-13","9999.9"," 0","000000",,"999.9",,"  84.6","*","  78.6","*","999.9",," 0.00","I","9999.9"," 0","999.9",,"999.9"," 0","  80.7","24"
"99495199999","SEBASTIAN INLET STATE PARK, FL US","27.862","-80.445","10.0","2023-10-14","9999.9"," 0","000000",,"999.9",,"  83.3","*","  76.1","*","999.9",," 0.00","I","9999.9"," 0","999.9",,"999.9"," 0","  79.5","24"
"99495199999","SEBASTIAN INLET STATE PARK, FL US","27.862","-80.445","10.0","2023-10-15","9999.9"," 0","000000",,"999.9",,"  80.4","*","  70.9","*","999.9",," 0.00","I","9999.9"," 0","999.9",,"999.9"," 0","  75.8","24"
"99495199999","SEBASTIAN INLET STATE PARK, FL US","27.862","-80.445","10.0","2023-10-16","9999.9"," 0","000000",,"999.9",,"  75.9","*","  64.4","*","999.9",," 0.00","I","9999.9"," 0","999.9",,"999.9"," 0","  68.0","24"
"99495199999","SEBASTIAN INLET STATE PARK, FL US","27.862","-80.445","10.0","2023-10-17","9999.9"," 0","000000",,"999.9",,"  67.6","*","  58.6","*","999.9",," 0.00","I","9999.9"," 0","999.9",,"999.9"," 0","  63.7","20"
"99495199999","SEBASTIAN INLET STATE PARK, FL US","27.862","-80.445","10.0","2023-10-18","9999.9"," 0","000000",,"999.9",,"  75.6","*","  62.2","*","999.9",," 0.00","I","9999.9"," 0","999.9",,"999.9"," 0","  68.3","24"
"99495199999","SEBASTIAN INLET STATE PARK, FL US","27.862","-80.445","10.0","2023-10-19","9999.9"," 0","000000",,"999.9",,"  75.9","*","  75.2","*","999.9",," 0.00","I","9999.9"," 0","999.9",,"999.9"," 0","  75.5","18"
"99495199999","SEBASTIAN INLET STATE PARK, FL US","27.862","-80.445","10.0","2023-10-20","9999.9"," 0","000000",,"999.9",,"  79.9","*","  69.1","*","999.9",," 0.00","I","9999.9"," 0","999.9",,"999.9"," 0","  73.9","24"
"99495199999","SEBASTIAN INLET STATE PARK, FL US","27.862","-80.445","10.0","2023-10-21","9999.9"," 0","000000",,"999.9",,"  82.4","*","  68.9","*","999.9",," 0.00","I","9999.9"," 0","999.9",,"999.9"," 0","  74.1","24"
"99495199999","SEBASTIAN INLET STATE PARK, FL US","27.862","-80.445","10.0","2023-10-22","9999.9"," 0","000000",,"999.9",,"  78.3","*","  66.6","*","999.9",," 0.00","I","9999.9"," 0","999.9",,"999.9"," 0","  73.5","24"
"99495199999","SEBASTIAN INLET STATE PARK, FL US","27.862","-80.445","10.0","2023-10-23","9999.9"," 0","000000",,"999.9",,"  78.6","*","  68.0","*","999.9",," 0.00","I","9999.9"," 0","999.9",,"999.9"," 0","  73.3","24"
"99495199999","SEBASTIAN INLET STATE PARK, FL US","27.862","-80.445","10.0","2023-10-24","9999.9"," 0","000000",,"999.9",,"  78.3","*","  76.1","*","999.9",," 0.00","I","9999.9"," 0","999.9",,"999.9"," 0","  77.4","24"
"99495199999","SEBASTIAN INLET STATE PARK, FL US","27.862","-80.445","10.0","2023-10-25","9999.9"," 0","000000",,"999.9",,"  78.8","*","  75.2","*","999.9",," 0.00","I","9999.9"," 0","999.9",,"999.9"," 0","  77.1","24"
"99495199999","SEBASTIAN INLET STATE PARK, FL US","27.862","-80.445","10.0","2023-10-26","9999.9"," 0","000000",,"999.9",,"  78.8","*","  75.9","*","999.9",," 0.00","I","9999.9"," 0","999.9",,"999.9"," 0","  77.6","24"
"99495199999","SEBASTIAN INLET STATE PARK, FL US","27.862","-80.445","10.0","2023-10-27","9999.9"," 0","000000",,"999.9",,"  78.4","*","  77.7","*","999.9",," 0.00","I","9999.9"," 0","999.9",,"999.9"," 0","  78.1","24"
"99495199999","SEBASTIAN INLET STATE PARK, FL US","27.862","-80.445","10.0","2023-10-28","9999.9"," 0","000000",,"999.9",,"  78.3","*","  77.5","*","999.9",," 0.00","I","9999.9"," 0","999.9",,"999.9"," 0","  77.8","24"
"99495199999","SEBASTIAN INLET STATE PARK, FL US","27.862","-80.445","10.0","2023-10-29","9999.9"," 0","000000",,"999.9",,"  78.6","*","  77.5","*","999.9",," 0.00","I","9999.9"," 0","999.9",,"999.9"," 0","  78.0","24"
"99495199999","SEBASTIAN INLET STATE PARK, FL US","27.862","-80.445","10.0","2023-10-30","9999.9"," 0","000000",,"999.9",,"  78.4","*","  77.5","*","999.9",," 0.00","I","9999.9"," 0","999.9",,"999.9"," 0","  78.0","24"
"99495199999","SEBASTIAN INLET STATE PARK, FL US","27.862","-80.445","10.0","2023-10-31","9999.9"," 0","000000",,"999.9",,"  77.9","*","  73.0","*","999.9",," 0.00","I","9999.9"," 0","999.9",,"999.9"," 0","  76.6","18"
"99495199999","SEBASTIAN INLET STATE PARK, FL US","27.862","-80.445","10.0","2023-11-03","9999.9"," 0","000000",,"999.9",,"  75.6","*","  74.8","*","999.9",," 0.00","I","9999.9"," 0","999.9",,"999.9"," 0","  75.4"," 8"
"99495199999","SEBASTIAN INLET STATE PARK, FL US","27.862","-80.445","10.0","2023-11-04","9999.9"," 0","000000",,"999.9",,"  75.7","*","  67.6","*","999.9",," 0.00","I","9999.9"," 0","999.9",,"999.9"," 0","  72.6","24"
"99495199999","SEBASTIAN INLET STATE PARK, FL US","27.862","-80.445","10.0","2023-11-05","9999.9"," 0","000000",,"999.9",,"  72.7","*","  68.0","*","999.9",," 0.00","I","9999.9"," 0","999.9",,"999.9"," 0","  71.2","24"
"99495199999","SEBASTIAN INLET STATE PARK, FL US","27.862","-80.445","10.0","2023-11-06","9999.9"," 0","000000",,"999.9",,"  74.7","*","  63.5","*","999.9",," 0.00","I","9999.9"," 0","999.9",,"999.9"," 0","  68.6","19"
"99495199999","SEBASTIAN INLET STATE PARK, FL US","27.862","-80.445","10.0","2023-11-07","9999.9"," 0","000000",,"999.9",,"  74.1","*","  71.8","*","999.9",," 0.00","I","9999.9"," 0","999.9",,"999.9"," 0","  73.3","12"
"99495199999","SEBASTIAN INLET STATE PARK, FL US","27.862","-80.445","10.0","2023-11-08","9999.9"," 0","000000",,"999.9",,"  74.5","*","  71.1","*","999.9",," 0.00","I","9999.9"," 0","999.9",,"999.9"," 0","  73.2","24"
"99495199999","SEBASTIAN INLET STATE PARK, FL US","27.862","-80.445","10.0","2023-11-09","9999.9"," 0","000000",,"999.9",,"  75.9","*","  71.2","*","999.9",," 0.00","I","9999.9"," 0","999.9",,"999.9"," 0","  74.3","24"
"99495199999","SEBASTIAN INLET STATE PARK, FL US","27.862","-80.445","10.0","2023-11-10","9999.9"," 0","000000",,"999.9",,"  78.1","*","  73.6","*","999.9",," 0.00","I","9999.9"," 0","999.9",,"999.9"," 0","  75.9","24"
"99495199999","SEBASTIAN INLET STATE PARK, FL US","27.862","-80.445","10.0","2023-11-11","9999.9"," 0","000000",,"999.9",,"  78.4","*","  74.8","*","999.9",," 0.00","I","9999.9"," 0","999.9",,"999.9"," 0","  76.8","24"
"99495199999","SEBASTIAN INLET STATE PARK, FL US","27.862","-80.445","10.0","2023-11-12","9999.9"," 0","000000",,"999.9",,"  79.0","*","  73.6","*","999.9",," 0.00","I","9999.9"," 0","999.9",,"999.9"," 0","  75.9","24"
"99495199999","SEBASTIAN INLET STATE PARK, FL US","27.862","-80.445","10.0","2023-11-13","9999.9"," 0","000000",,"999.9",,"  77.2","*","  72.7","*"," 15.0",," 0.00","I","1017.6"," 9","999.9",,"999.9"," 0","  74.9","24"
"99495199999","SEBASTIAN INLET STATE PARK, FL US","27.862","-80.445","10.0","2023-11-14","9999.9"," 0","000000",,"999.9",,"  77.5","*","  72.9","*"," 22.9",," 0.00","I","1017.2","23","999.9",,"999.9"," 0","  76.1","23"
"99495199999","SEBASTIAN INLET STATE PARK, FL US","27.862","-80.445","10.0","2023-11-15","9999.9"," 0","000000",,"999.9",,"  76.6","*","  72.7","*"," 25.1",," 0.00","I","1017.0","24","999.9",,"999.9"," 0","  75.4","24"
"99495199999","SEBASTIAN INLET STATE PARK, FL US","27.862","-80.445","10.0","2023-11-16","9999.9"," 0","000000",,"999.9",,"  76.5","*","  71.4","*"," 31.1",," 0.00","I","1013.4","11","999.9",,"999.9"," 0","  73.7","11"
"99495199999","SEBASTIAN INLET STATE PARK, FL US","27.862","-80.445","10.0","2023-11-17","9999.9"," 0","000000",,"999.9",,"  78.3","*","  69.6","*"," 28.9",," 0.00","I","1006.0","24","999.9",,"999.9"," 0","  74.1","24"
"99495199999","SEBASTIAN INLET STATE PARK, FL US","27.862","-80.445","10.0","2023-11-18","9999.9"," 0","000000",,"999.9",,"  74.5","*","  68.7","*"," 22.0",," 0.00","I","1005.6","24","999.9",,"999.9"," 0","  71.1","24"
"99495199999","SEBASTIAN INLET STATE PARK, FL US","27.862","-80.445","10.0","2023-11-19","9999.9"," 0","000000",,"999.9",,"  73.6","*","  66.9","*"," 22.9",," 0.00","I","1009.0","24","999.9",,"999.9"," 0","  70.5","24"
"99495199999","SEBASTIAN INLET STATE PARK, FL US","27.862","-80.445","10.0","2023-11-20","9999.9"," 0","000000",,"999.9",,"  74.7","*","  69.6","*"," 13.0",," 0.00","I","1013.7","24","999.9",,"999.9"," 0","  72.7","24"
"99495199999","SEBASTIAN INLET STATE PARK, FL US","27.862","-80.445","10.0","2023-11-21","9999.9"," 0","000000",,"999.9",,"  76.3","*","  70.9","*"," 19.0",," 0.00","I","1016.5","18","999.9",,"999.9"," 0","  74.8","18"
"99495199999","SEBASTIAN INLET STATE PARK, FL US","27.862","-80.445","10.0","2023-12-05","9999.9"," 0","000000",,"999.9",,"  75.0","*","  62.8","*"," 12.0",," 0.00","I","1016.6","24","999.9",,"999.9"," 0","  68.6","24"
"99495199999","SEBASTIAN INLET STATE PARK, FL US","27.862","-80.445","10.0","2023-12-06","9999.9"," 0","000000",,"999.9",,"  68.0","*","  57.2","*"," 22.0",," 0.00","I","1017.4","24","999.9",,"999.9"," 0","  61.2","24"
"99495199999","SEBASTIAN INLET STATE PARK, FL US","27.862","-80.445","10.0","2023-12-07","9999.9"," 0","000000",,"999.9",,"  65.8","*","  53.6","*"," 22.0",," 0.00","I","1020.5","23","999.9",,"999.9"," 0","  60.9","23"
"99495199999","SEBASTIAN INLET STATE PARK, FL US","27.862","-80.445","10.0","2023-12-08","9999.9"," 0","000000",,"999.9",,"  72.0","*","  65.8","*"," 15.0",," 0.00","I","1020.3","24","999.9",,"999.9"," 0","  69.1","24"
"99495199999","SEBASTIAN INLET STATE PARK, FL US","27.862","-80.445","10.0","2023-12-09","9999.9"," 0","000000",,"999.9",,"  73.0","*","  69.6","*"," 12.0",," 0.00","I","1020.0","24","999.9",,"999.9"," 0","  71.8","24"
"99495199999","SEBASTIAN INLET STATE PARK, FL US","27.862","-80.445","10.0","2023-12-10","9999.9"," 0","000000",,"999.9",,"  79.5","*","  70.2","*"," 15.9",," 0.00","I","1015.8","24","999.9",,"999.9"," 0","  73.7","24"
"99495199999","SEBASTIAN INLET STATE PARK, FL US","27.862","-80.445","10.0","2023-12-11","9999.9"," 0","000000",,"999.9",,"  75.2","*","  56.7","*"," 22.9",," 0.00","I","1014.5","24","999.9",,"999.9"," 0","  63.1","24"
"99495199999","SEBASTIAN INLET STATE PARK, FL US","27.862","-80.445","10.0","2023-12-12","9999.9"," 0","000000",,"999.9",,"  71.6","*","  57.0","*"," 22.0",," 0.00","I","1022.0","24","999.9",,"999.9"," 0","  64.3","24"
"99495199999","SEBASTIAN INLET STATE PARK, FL US","27.862","-80.445","10.0","2023-12-13","9999.9"," 0","000000",,"999.9",,"  72.3","*","  71.1","*"," 19.0",," 0.00","I","1024.1","24","999.9",,"999.9"," 0","  71.8","24"
"99495199999","SEBASTIAN INLET STATE PARK, FL US","27.862","-80.445","10.0","2023-12-14","9999.9"," 0","000000",,"999.9",,"  72.5","*","  70.5","*"," 26.0",," 0.00","I","1024.3","24","999.9",,"999.9"," 0","  71.2","24"
"99495199999","SEBASTIAN INLET STATE PARK, FL US","27.862","-80.445","10.0","2023-12-15","9999.9"," 0","000000",,"999.9",,"  70.9","*","  69.3","*"," 26.0",," 0.00","I","1023.0","24","999.9",,"999.9"," 0","  70.0","24"
"99495199999","SEBASTIAN INLET STATE PARK, FL US","27.862","-80.445","10.0","2023-12-16","9999.9"," 0","000000",,"999.9",,"  71.2","*","  68.4","*"," 25.1",," 0.00","I","1017.7","24","999.9",,"999.9"," 0","  70.0","24"
"99495199999","SEBASTIAN INLET STATE PARK, FL US","27.862","-80.445","10.0","2023-12-17","9999.9"," 0","000000",,"999.9",,"  74.7","*","  66.2","*"," 29.9",," 0.00","I","1002.8","24","999.9",,"999.9"," 0","  70.6","24"
"99495199999","SEBASTIAN INLET STATE PARK, FL US","27.862","-80.445","10.0","2023-12-18","9999.9"," 0","000000",,"999.9",,"  67.5","*","  57.4","*"," 14.0",," 0.00","I","1008.8","24","999.9",,"999.9"," 0","  62.1","24"
"99495199999","SEBASTIAN INLET STATE PARK, FL US","27.862","-80.445","10.0","2023-12-19","9999.9"," 0","000000",,"999.9",,"  62.1","*","  52.3","*"," 26.0",," 0.00","I","1016.7","24","999.9",,"999.9"," 0","  57.4","24"
"99495199999","SEBASTIAN INLET STATE PARK, FL US","27.862","-80.445","10.0","2023-12-20","9999.9"," 0","000000",,"999.9",,"  67.5","*","  57.6","*"," 24.1",," 0.00","I","1022.7","24","999.9",,"999.9"," 0","  64.7","24"
"99495199999","SEBASTIAN INLET STATE PARK, FL US","27.862","-80.445","10.0","2023-12-21","9999.9"," 0","000000",,"999.9",,"  67.8","*","  67.1","*"," 15.9",," 0.00","I","1023.8"," 6","999.9",,"999.9"," 0","  67.6"," 6"
"99495199999","SEBASTIAN INLET STATE PARK, FL US","27.862","-80.445","10.0","2023-12-24","9999.9"," 0","000000",,"999.9",,"  70.0","*","  67.5","*"," 18.1",," 0.00","I","1019.7","24","999.9",,"999.9"," 0","  69.2","24"
"99495199999","SEBASTIAN INLET STATE PARK, FL US","27.862","-80.445","10.0","2023-12-25","9999.9"," 0","000000",,"999.9",,"  70.7","*","  67.6","*"," 17.1",," 0.00","I","1016.0","24","999.9",,"999.9"," 0","  69.5","24"
"99495199999","SEBASTIAN INLET STATE PARK, FL US","27.862","-80.445","10.0","2023-12-26","9999.9"," 0","000000",,"999.9",,"  71.8","*","  69.1","*","  9.9",," 0.00","I","1012.3","15","999.9",,"999.9"," 0","  70.8","15"
"99495199999","SEBASTIAN INLET STATE PARK, FL US","27.862","-80.445","10.0","2023-12-27","9999.9"," 0","000000",,"999.9",,"  68.4","*","  67.5","*","  6.0",," 0.00","I","1011.3"," 6","999.9",,"999.9"," 0","  67.7"," 6"
"99495199999","SEBASTIAN INLET STATE PARK, FL US","27.862","-80.445","10.0","2023-12-28","9999.9"," 0","000000",,"999.9",,"  66.7","*","  58.5","*"," 14.0",," 0.00","I","1012.3","16","999.9",,"999.9"," 0","  63.3","16"
"99495199999","SEBASTIAN INLET STATE PARK, FL US","27.862","-80.445","10.0","2023-12-29","9999.9"," 0","000000",,"999.9",,"  62.8","*","  57.9","*"," 15.0",," 0.00","I","1013.8","24","999.9",,"999.9"," 0","  60.0","24"
"99495199999","SEBASTIAN INLET STATE PARK, FL US","27.862","-80.445","10.0","2023-12-30","9999.9"," 0","000000",,"999.9",,"  58.3","*","  51.8","*","  8.0",," 0.00","I","1018.2","14","999.9",,"999.9"," 0","  54.3","14"
"99495199999","SEBASTIAN INLET STATE PARK, FL US","27.862","-80.445","10.0","2024-01-03","9999.9"," 0","000000",,"999.9",,"  68.4","*","  53.2","*"," 14.0",," 0.00","I","1018.0","24","999.9",,"999.9"," 0","  59.1","24"
"99495199999","SEBASTIAN INLET STATE PARK, FL US","27.862","-80.445","10.0","2024-01-04","9999.9"," 0","000000",,"999.9",,"  65.5","*","  59.2","*"," 22.0",," 0.00","I","1014.2","22","999.9",,"999.9"," 0","  62.6","22"
"99495199999","SEBASTIAN INLET STATE PARK, FL US","27.862","-80.445","10.0","2024-01-05","9999.9"," 0","000000",,"999.9",,"  69.8","*","  61.3","*"," 21.0",," 0.00","I","1018.1","24","999.9",,"999.9"," 0","  67.2","24"
"99495199999","SEBASTIAN INLET STATE PARK, FL US","27.862","-80.445","10.0","2024-01-06","9999.9"," 0","000000",,"999.9",,"  75.4","*","  69.3","*"," 22.9",," 0.00","I","1012.1","24","999.9",,"999.9"," 0","  71.1","24"
"99495199999","SEBASTIAN INLET STATE PARK, FL US","27.862","-80.445","10.0","2024-01-07","9999.9"," 0","000000",,"999.9",,"  70.0","*","  55.9","*"," 15.0",," 0.00","I","1014.5","24","999.9",,"999.9"," 0","  64.0","24"
"99495199999","SEBASTIAN INLET STATE PARK, FL US","27.862","-80.445","10.0","2024-01-08","9999.9"," 0","000000",,"999.9",,"  70.2","*","  61.5","*"," 17.1",," 0.00","I","1020.2","24","999.9",,"999.9"," 0","  66.0","24"
"99495199999","SEBASTIAN INLET STATE PARK, FL US","27.862","-80.445","10.0","2024-01-09","9999.9"," 0","000000",,"999.9",,"  77.9","*","  70.2","*"," 25.1",," 0.00","I","1012.0","24","999.9",,"999.9"," 0","  72.9","24"
"99495199999","SEBASTIAN INLET STATE PARK, FL US","27.862","-80.445","10.0","2024-01-10","9999.9"," 0","000000",,"999.9",,"  75.4","*","  57.6","*"," 22.0",," 0.00","I","1011.6","22","999.9",,"999.9"," 0","  63.0","22"
"99495199999","SEBASTIAN INLET STATE PARK, FL US","27.862","-80.445","10.0","2024-01-11","9999.9"," 0","000000",,"999.9",,"  63.1","*","  56.8","*"," 15.0",," 0.00","I","1016.2","24","999.9",,"999.9"," 0","  60.0","24"
"99495199999","SEBASTIAN INLET STATE PARK, FL US","27.862","-80.445","10.0","2024-01-12","9999.9"," 0","000000",,"999.9",,"  80.1","*","  64.2","*"," 13.0",," 0.00","I","1012.4","24","999.9",,"999.9"," 0","  70.8","24"
"99495199999","SEBASTIAN INLET STATE PARK, FL US","27.862","-80.445","10.0","2024-01-13","9999.9"," 0","000000",,"999.9",,"  75.0","*","  64.8","*"," 19.0",," 0.00","I","1009.9","24","999.9",,"999.9"," 0","  71.0","24"
"99495199999","SEBASTIAN INLET STATE PARK, FL US","27.862","-80.445","10.0","2024-01-14","9999.9"," 0","000000",,"999.9",,"  66.2","*","  57.2","*"," 21.0",," 0.00","I","1017.9","24","999.9",,"999.9"," 0","  62.2","24"
"99495199999","SEBASTIAN INLET STATE PARK, FL US","27.862","-80.445","10.0","2024-01-15","9999.9"," 0","000000",,"999.9",,"  71.6","*","  62.4","*"," 13.0",," 0.00","I","1016.8","24","999.9",,"999.9"," 0","  68.5","24"
"99495199999","SEBASTIAN INLET STATE PARK, FL US","27.862","-80.445","10.0","2024-01-16","9999.9"," 0","000000",,"999.9",,"  74.8","*","  67.1","*"," 14.0",," 0.00","I","1012.6","24","999.9",,"999.9"," 0","  69.5","24"
"99495199999","SEBASTIAN INLET STATE PARK, FL US","27.862","-80.445","10.0","2024-01-17","9999.9"," 0","000000",,"999.9",,"  68.9","*","  54.5","*"," 20.0",," 0.00","I","1017.8","24","999.9",,"999.9"," 0","  60.9","24"
"99495199999","SEBASTIAN INLET STATE PARK, FL US","27.862","-80.445","10.0","2024-01-18","9999.9"," 0","000000",,"999.9",,"  69.8","*","  59.2","*"," 17.1",," 0.00","I","1019.6","24","999.9",,"999.9"," 0","  66.6","24"
"99495199999","SEBASTIAN INLET STATE PARK, FL US","27.862","-80.445","10.0","2024-01-19","9999.9"," 0","000000",,"999.9",,"  74.1","*","  59.9","*"," 20.0",," 0.00","I","1015.3","24","999.9",,"999.9"," 0","  65.6","24"
"99495199999","SEBASTIAN INLET STATE PARK, FL US","27.862","-80.445","10.0","2024-01-20","9999.9"," 0","000000",,"999.9",,"  66.7","*","  54.7","*"," 22.9",," 0.00","I","1018.8","24","999.9",,"999.9"," 0","  59.6","24"
"99495199999","SEBASTIAN INLET STATE PARK, FL US","27.862","-80.445","10.0","2024-01-21","9999.9"," 0","000000",,"999.9",,"  61.2","*","  46.2","*"," 24.1",," 0.00","I","1025.4","24","999.9",,"999.9"," 0","  55.2","24"
"99495199999","SEBASTIAN INLET STATE PARK, FL US","27.862","-80.445","10.0","2024-01-22","9999.9"," 0","000000",,"999.9",,"  67.3","*","  61.5","*"," 20.0",," 0.00","I","1028.1","24","999.9",,"999.9"," 0","  64.5","24"
"99495199999","SEBASTIAN INLET STATE PARK, FL US","27.862","-80.445","10.0","2024-01-23","9999.9"," 0","000000",,"999.9",,"  70.0","*","  65.7","*"," 19.0",," 0.00","I","1025.3","23","999.9",,"999.9"," 0","  68.5","23"
"99495199999","SEBASTIAN INLET STATE PARK, FL US","27.862","-80.445","10.0","2024-01-24","9999.9"," 0","000000",,"999.9",,"  71.1","*","  68.4","*"," 17.1",," 0.00","I","1023.1","24","999.9",,"999.9"," 0","  69.8","24"
"99495199999","SEBASTIAN INLET STATE PARK, FL US","27.862","-80.445","10.0","2024-01-25","9999.9"," 0","000000",,"999.9",,"  72.5","*","  69.4","*"," 13.0",," 0.00","I","1021.4","24","999.9",,"999.9"," 0","  71.1","24"
"99495199999","SEBASTIAN INLET STATE PARK, FL US","27.862","-80.445","10.0","2024-01-30","9999.9"," 0","000000",,"999.9",,"  65.5","*","  51.1","*"," 11.1",," 0.00","I","1018.5","24","999.9",,"999.9"," 0","  57.0","24"
"99495199999","SEBASTIAN INLET STATE PARK, FL US","27.862","-80.445","10.0","2024-01-31","9999.9"," 0","000000",,"999.9",,"  70.3","*","  50.7","*"," 14.0",," 0.00","I","1016.4","24","999.9",,"999.9"," 0","  59.8","24"
"99495199999","SEBASTIAN INLET STATE PARK, FL US","27.862","-80.445","10.0","2024-02-01","9999.9"," 0","000000",,"999.9",,"  65.8","*","  53.1","*"," 24.1",," 0.00","I","1017.4","24","999.9",,"999.9"," 0","  60.7","24"
"99495199999","SEBASTIAN INLET STATE PARK, FL US","27.862","-80.445","10.0","2024-02-02","9999.9"," 0","000000",,"999.9",,"  68.0","*","  58.5","*","  8.0",," 0.00","I","1015.1","24","999.9",,"999.9"," 0","  63.0","24"
"99495199999","SEBASTIAN INLET STATE PARK, FL US","27.862","-80.445","10.0","2024-02-03","9999.9"," 0","000000",,"999.9",,"  70.0","*","  58.6","*"," 14.0",," 0.00","I","1010.5","24","999.9",,"999.9"," 0","  64.5","24"
"99495199999","SEBASTIAN INLET STATE PARK, FL US","27.862","-80.445","10.0","2024-02-04","9999.9"," 0","000000",,"999.9",,"  70.5","*","  66.2","*"," 20.0",," 0.00","I","1004.8","24","999.9",,"999.9"," 0","  69.3","24"
"99495199999","SEBASTIAN INLET STATE PARK, FL US","27.862","-80.445","10.0","2024-02-05","9999.9"," 0","000000",,"999.9",,"  68.2","*","  56.5","*"," 13.0",," 0.00","I","1000.2","24","999.9",,"999.9"," 0","  62.4","24"
"99495199999","SEBASTIAN INLET STATE PARK, FL US","27.862","-80.445","10.0","2024-02-06","9999.9"," 0","000000",,"999.9",,"  63.5","*","  54.9","*"," 33.0",," 0.00","I","1002.4","24","999.9",,"999.9"," 0","  58.6","24"
"99495199999","SEBASTIAN INLET STATE PARK, FL US","27.862","-80.445","10.0","2024-02-07","9999.9"," 0","000000",,"999.9",,"  61.7","*","  55.0","*"," 28.9",," 0.00","I","1014.3","24","999.9",,"999.9"," 0","  58.6","24"
"99495199999","SEBASTIAN INLET STATE PARK, FL US","27.862","-80.445","10.0","2024-02-08","9999.9"," 0","000000",,"999.9",,"  64.6","*","  56.5","*"," 22.9",," 0.00","I","1020.6","24","999.9",,"999.9"," 0","  60.1","24"
"99495199999","SEBASTIAN INLET STATE PARK, FL US","27.862","-80.445","10.0","2024-02-09","9999.9"," 0","000000",,"999.9",,"  68.0","*","  61.2","*"," 12.0",," 0.00","I","1021.5","24","999.9",,"999.9"," 0","  63.4","24"
"99495199999","SEBASTIAN INLET STATE PARK, FL US","27.862","-80.445","10.0","2024-02-10","9999.9"," 0","000000",,"999.9",,"  70.0","*","  65.8","*"," 14.0",," 0.00","I","1019.7","23","999.9",,"999.9"," 0","  67.5","23"
"99495199999","SEBASTIAN INLET STATE PARK, FL US","27.862","-80.445","10.0","2024-02-11","9999.9"," 0","000000",,"999.9",,"  76.6","*","  67.3","*"," 15.9",," 0.00","I","1015.8","24","999.9",,"999.9"," 0","  69.5","24"
"99495199999","SEBASTIAN INLET STATE PARK, FL US","27.862","-80.445","10.0","2024-02-12","9999.9"," 0","000000",,"999.9",,"  81.0","*","  66.9","*"," 20.0",," 0.00","I","1011.5","24","999.9",,"999.9"," 0","  72.6","24"
"99495199999","SEBASTIAN INLET STATE PARK, FL US","27.862","-80.445","10.0","2024-02-13","9999.9"," 0","000000",,"999.9",,"  77.5","*","  64.0","*"," 15.0",," 0.00","I","1011.0","21","999.9",,"999.9"," 0","  69.6","21"
"99495199999","SEBASTIAN INLET STATE PARK, FL US","27.862","-80.445","10.0","2024-02-14","9999.9"," 0","000000",,"999.9",,"  63.9","*","  58.3","*"," 19.0",," 0.00","I","1018.4","24","999.9",,"999.9"," 0","  61.7","24"
"99495199999","SEBASTIAN INLET STATE PARK, FL US","27.862","-80.445","10.0","2024-02-15","9999.9"," 0","000000",,"999.9",,"  69.1","*","  62.2","*"," 15.0",," 0.00","I","1020.4","23","999.9",,"999.9"," 0","  65.2","23"
"99495199999","SEBASTIAN INLET STATE PARK, FL US","27.862","-80.445","10.0","2024-02-16","9999.9"," 0","000000",,"999.9",,"  75.0","*","  63.9","*"," 11.1",," 0.00","I","1017.0","24","999.9",,"999.9"," 0","  68.6","24"
"99495199999","SEBASTIAN INLET STATE PARK, FL US","27.862","-80.445","10.0","2024-02-17","9999.9"," 0","000000",,"999.9",,"  70.9","*","  61.0","*"," 18.1",," 0.00","I","1012.0","23","999.9",,"999.9"," 0","  64.7","23"
"99495199999","SEBASTIAN INLET STATE PARK, FL US","27.862","-80.445","10.0","2024-02-18","9999.9"," 0","000000",,"999.9",,"  63.3","*","  60.4","*"," 22.9",," 0.00","I","1010.2","24","999.9",,"999.9"," 0","  61.5","24"
"99495199999","SEBASTIAN INLET STATE PARK, FL US","27.862","-80.445","10.0","2024-02-19","9999.9"," 0","000000",,"999.9",,"  63.3","*","  55.8","*"," 29.9",," 0.00","I","1013.0","24","999.9",,"999.9"," 0","  58.9","24"
"99495199999","SEBASTIAN INLET STATE PARK, FL US","27.862","-80.445","10.0","2024-02-20","9999.9"," 0","000000",,"999.9",,"  61.0","*","  49.6","*"," 19.0",," 0.00","I","1020.7","24","999.9",,"999.9"," 0","  57.0","24"
"99495199999","SEBASTIAN INLET STATE PARK, FL US","27.862","-80.445","10.0","2024-02-21","9999.9"," 0","000000",,"999.9",,"  61.7","*","  52.5","*"," 22.0",," 0.00","I","1021.4","24","999.9",,"999.9"," 0","  58.4","24"
"99495199999","SEBASTIAN INLET STATE PARK, FL US","27.862","-80.445","10.0","2024-02-22","9999.9"," 0","000000",,"999.9",,"  63.9","*","  53.4","*"," 20.0",," 0.00","I","1018.4","18","999.9",,"999.9"," 0","  59.3","18"
"99495199999","SEBASTIAN INLET STATE PARK, FL US","27.862","-80.445","10.0","2024-02-23","9999.9"," 0","000000",,"999.9",,"  75.0","*","  56.5","*"," 20.0",," 0.00","I","1011.7","24","999.9",,"999.9"," 0","  65.0","24"
"99495199999","SEBASTIAN INLET STATE PARK, FL US","27.862","-80.445","10.0","2024-02-24","9999.9"," 0","000000",,"999.9",,"  71.4","*","  61.3","*"," 17.1",," 0.00","I","1010.8","23","999.9",,"999.9"," 0","  66.2","23"
"99495199999","SEBASTIAN INLET STATE PARK, FL US","27.862","-80.445","10.0","2024-02-25","9999.9"," 0","000000",,"999.9",,"  67.8","*","  55.4","*","  9.9",," 0.00","I","1018.2","24","999.9",,"999.9"," 0","  60.0","24"
"99495199999","SEBASTIAN INLET STATE PARK, FL US","27.862","-80.445","10.0","2024-02-26","9999.9"," 0","000000",,"999.9",,"  67.3","*","  61.9","*","  9.9",," 0.00","I","1020.7","24","999.9",,"999.9"," 0","  64.4","24"
"99495199999","SEBASTIAN INLET STATE PARK, FL US","27.862","-80.445","10.0","2024-02-27","9999.9"," 0","000000",,"999.9",,"  68.7","*","  60.6","*"," 11.1",," 0.00","I","1019.7","24","999.9",,"999.9"," 0","  65.4","24"
"99495199999","SEBASTIAN INLET STATE PARK, FL US","27.862","-80.445","10.0","2024-02-28","9999.9"," 0","000000",,"999.9",,"  72.7","*","  63.0","*"," 17.1",," 0.00","I","1018.5","23","999.9",,"999.9"," 0","  68.1","23"
"99495199999","SEBASTIAN INLET STATE PARK, FL US","27.862","-80.445","10.0","2024-02-29","9999.9"," 0","000000",,"999.9",,"  70.7","*","  65.7","*"," 14.0",," 0.00","I","1020.6","24","999.9",,"999.9"," 0","  67.9","24"
"99495199999","SEBASTIAN INLET STATE PARK, FL US","27.862","-80.445","10.0","2024-03-01","9999.9"," 0","000000",,"999.9",,"  71.1","*","  65.7","*"," 17.1",," 0.00","I","1021.4","23","999.9",,"999.9"," 0","  69.1","23"
"99495199999","SEBASTIAN INLET STATE PARK, FL US","27.862","-80.445","10.0","2024-03-02","9999.9"," 0","000000",,"999.9",,"  76.1","*","  68.4","*"," 14.0",," 0.00","I","1019.7","24","999.9",,"999.9"," 0","  70.3","24"
"99495199999","SEBASTIAN INLET STATE PARK, FL US","27.862","-80.445","10.0","2024-03-03","9999.9"," 0","000000",,"999.9",,"  70.5","*","  67.3","*"," 15.0",," 0.00","I","1017.6","24","999.9",,"999.9"," 0","  69.4","24"
"99495199999","SEBASTIAN INLET STATE PARK, FL US","27.862","-80.445","10.0","2024-03-04","9999.9"," 0","000000",,"999.9",,"  69.3","*","  67.6","*"," 12.0",," 0.00","I","1016.9","24","999.9",,"999.9"," 0","  68.6","24"
"99495199999","SEBASTIAN INLET STATE PARK, FL US","27.862","-80.445","10.0","2024-03-05","9999.9"," 0","000000",,"999.9",,"  72.0","*","  68.2","*","  7.0",," 0.00","I","1014.6","24","999.9",,"999.9"," 0","  69.9","24"
"99495199999","SEBASTIAN INLET STATE PARK, FL US","27.862","-80.445","10.0","2024-03-06","9999.9"," 0","000000",,"999.9",,"  78.4","*","  67.8","*"," 21.0",," 0.00","I","1010.6","24","999.9",,"999.9"," 0","  73.0","24"
"99495199999","SEBASTIAN INLET STATE PARK, FL US","27.862","-80.445","10.0","2024-03-07","9999.9"," 0","000000",,"999.9",,"  71.6","*","  67.6","*","  9.9",," 0.00","I","1011.5","23","999.9",,"999.9"," 0","  69.2","23"
"99495199999","SEBASTIAN INLET STATE PARK, FL US","27.862","-80.445","10.0","2024-03-08","9999.9"," 0","000000",,"999.9",,"  74.7","*","  69.6","*","  8.9",," 0.00","I","1013.4","24","999.9",,"999.9"," 0","  71.4","24"
"99495199999","SEBASTIAN INLET STATE PARK, FL US","27.862","-80.445","10.0","2024-03-09","9999.9"," 0","000000",,"999.9",,"  84.9","*","  73.2","*"," 15.0",," 0.00","I","1011.8","24","999.9",,"999.9"," 0","  77.0","24"
"99495199999","SEBASTIAN INLET STATE PARK, FL US","27.862","-80.445","10.0","2024-03-10","9999.9"," 0","000000",,"999.9",,"  79.5","*","  67.5","*"," 14.0",," 0.00","I","1011.0","24","999.9",,"999.9"," 0","  71.9","24"
"99495199999","SEBASTIAN INLET STATE PARK, FL US","27.862","-80.445","10.0","2024-03-11","9999.9"," 0","000000",,"999.9",,"  68.0","*","  63.5","*"," 22.9",," 0.00","I","1018.0","24","999.9",,"999.9"," 0","  65.7","24"
"99495199999","SEBASTIAN INLET STATE PARK, FL US","27.862","-80.445","10.0","2024-03-12","9999.9"," 0","000000",,"999.9",,"  70.0","*","  67.1","*","  9.9",," 0.00","I","1019.9","23","999.9",,"999.9"," 0","  68.1","23"
"99495199999","SEBASTIAN INLET STATE PARK, FL US","27.862","-80.445","10.0","2024-03-13","9999.9"," 0","000000",,"999.9",,"  75.9","*","  67.5","*"," 11.1",," 0.00","I","1016.7","24","999.9",,"999.9"," 0","  70.7","24"
"99495199999","SEBASTIAN INLET STATE PARK, FL US","27.862","-80.445","10.0","2024-03-14","9999.9"," 0","000000",,"999.9",,"  73.0","*","  68.0","*"," 12.0",," 0.00","I","1017.2","24","999.9",,"999.9"," 0","  70.7","24"
"99495199999","SEBASTIAN INLET STATE PARK, FL US","27.862","-80.445","10.0","2024-03-15","9999.9"," 0","000000",,"999.9",,"  73.9","*","  68.2","*"," 11.1",," 0.00","I","1017.4","24","999.9",,"999.9"," 0","  72.1","24"
"99495199999","SEBASTIAN INLET STATE PARK, FL US","27.862","-80.445","10.0","2024-03-16","9999.9"," 0","000000",,"999.9",,"  76.5","*","  68.7","*"," 11.1",," 0.00","I","1014.0","24","999.9",,"999.9"," 0","  71.9","24"
"99495199999","SEBASTIAN INLET STATE PARK, FL US","27.862","-80.445","10.0","2024-03-17","9999.9"," 0","000000",,"999.9",,"  83.1","*","  68.9","*","  9.9",," 0.00","I","1011.6","24","999.9",,"999.9"," 0","  74.6","24"
"99495199999","SEBASTIAN INLET STATE PARK, FL US","27.862","-80.445","10.0","2024-03-18","9999.9"," 0","000000",,"999.9",,"  84.2","*","  70.5","*"," 13.0",," 0.00","I","1010.4","24","999.9",,"999.9"," 0","  76.1","24"
"99495199999","SEBASTIAN INLET STATE PARK, FL US","27.862","-80.445","10.0","2024-03-19","9999.9"," 0","000000",,"999.9",,"  80.8","*","  60.4","*"," 26.0",," 0.00","I","1013.9","24","999.9",,"999.9"," 0","  66.1","24"
"99495199999","SEBASTIAN INLET STATE PARK, FL US","27.862","-80.445","10.0","2024-03-20","9999.9"," 0","000000",,"999.9",,"  67.1","*","  60.8","*"," 15.0",," 0.00","I","1016.9","24","999.9",,"999.9"," 0","  63.4","24"
"99495199999","SEBASTIAN INLET STATE PARK, FL US","27.862","-80.445","10.0","2024-03-21","9999.9"," 0","000000",,"999.9",,"  69.1","*","  62.1","*","  8.9",," 0.00","I","1016.5","11","999.9",,"999.9"," 0","  66.4","11"
"99495199999","SEBASTIAN INLET STATE PARK, FL US","27.862","-80.445","10.0","2024-03-22","9999.9"," 0","000000",,"999.9",,"  71.1","*","  68.9","*"," 28.9",," 0.00","I","1012.1"," 9","999.9",,"999.9"," 0","  70.0"," 9"
"99495199999","SEBASTIAN INLET STATE PARK, FL US","27.862","-80.445","10.0","2024-03-23","9999.9"," 0","000000",,"999.9",,"  80.1","*","  67.8","*"," 35.9",," 0.00","I","1006.0","24","999.9",,"999.9"," 0","  72.5","24"
"99495199999","SEBASTIAN INLET STATE PARK, FL US","27.862","-80.445","10.0","2024-03-24","9999.9"," 0","000000",,"999.9",,"  75.4","*","  63.9","*"," 21.0",," 0.00","I","1007.8","24","999.9",,"999.9"," 0","  69.1","24"
"99495199999","SEBASTIAN INLET STATE PARK, FL US","27.862","-80.445","10.0","2024-03-25","9999.9"," 0","000000",,"999.9",,"  72.0","*","  70.0","*"," 21.0",," 0.00","I","1014.3","24","999.9",,"999.9"," 0","  71.0","24"
"99495199999","SEBASTIAN INLET STATE PARK, FL US","27.862","-80.445","10.0","2024-03-26","9999.9"," 0","000000",,"999.9",,"  72.1","*","  71.4","*"," 18.1",," 0.00","I","1013.9","15","999.9",,"999.9"," 0","  71.7","15"
"99495199999","SEBASTIAN INLET STATE PARK, FL US","27.862","-80.445","10.0","2024-03-27","9999.9"," 0","000000",,"999.9",,"  76.6","*","  71.2","*"," 15.9",," 0.00","I","1012.0","15","999.9",,"999.9"," 0","  72.9","15"
"99495199999","SEBASTIAN INLET STATE PARK, FL US","27.862","-80.445","10.0","2024-04-01","9999.9"," 0","000000",,"999.9",,"  73.6","*","  73.0","*"," 15.0",," 0.00","I","1016.5"," 4","999.9",,"999.9"," 0","  73.4"," 4"
"99495199999","SEBASTIAN INLET STATE PARK, FL US","27.862","-80.445","10.0","2024-04-02","9999.9"," 0","000000",,"999.9",,"  75.0","*","  72.9","*"," 15.0",," 0.00","I","1015.0"," 6","999.9",,"999.9"," 0","  73.6"," 6"
"99495199999","SEBASTIAN INLET STATE PARK, FL US","27.862","-80.445","10.0","2024-04-03","9999.9"," 0","000000",,"999.9",,"  85.3","*","  75.4","*"," 20.0",," 0.00","I","1004.5"," 9","999.9",,"999.9"," 0","  80.7"," 9"
"99495199999","SEBASTIAN INLET STATE PARK, FL US","27.862","-80.445","10.0","2024-04-04","9999.9"," 0","000000",,"999.9",,"  76.6","*","  62.6","*"," 13.0",," 0.00","I","1007.9","24","999.9",,"999.9"," 0","  68.5","24"
"99495199999","SEBASTIAN INLET STATE PARK, FL US","27.862","-80.445","10.0","2024-04-05","9999.9"," 0","000000",,"999.9",,"  76.8","*","  59.5","*"," 12.0",," 0.00","I","1013.3","24","999.9",,"999.9"," 0","  67.1","24"
"99495199999","SEBASTIAN INLET STATE PARK, FL US","27.862","-80.445","10.0","2024-04-06","9999.9"," 0","000000",,"999.9",,"  73.9","*","  61.3","*"," 14.0",," 0.00","I","1014.5","24","999.9",,"999.9"," 0","  66.0","24"
"99495199999","SEBASTIAN INLET STATE PARK, FL US","27.862","-80.445","10.0","2024-04-07","9999.9"," 0","000000",,"999.9",,"  68.5","*","  64.8","*"," 14.0",," 0.00","I","1015.7","24","999.9",,"999.9"," 0","  67.6","24"
"99495199999","SEBASTIAN INLET STATE PARK, FL US","27.862","-80.445","10.0","2024-04-08","9999.9"," 0","000000",,"999.9",,"  71.2","*","  68.4","*"," 14.0",," 0.00","I","1019.0","24","999.9",,"999.9"," 0","  69.9","24"
"99495199999","SEBASTIAN INLET STATE PARK, FL US","27.862","-80.445","10.0","2024-04-09","9999.9"," 0","000000",,"999.9",,"  72.0","*","  70.7","*"," 17.1",," 0.00","I","1019.1","24","999.9",,"999.9"," 0","  71.2","24"
"99495199999","SEBASTIAN INLET STATE PARK, FL US","27.862","-80.445","10.0","2024-04-10","9999.9"," 0","000000",,"999.9",,"  74.3","*","  72.0","*"," 22.0",," 0.00","I","1015.1","24","999.9",,"999.9"," 0","  72.7","24"
"99495199999","SEBASTIAN INLET STATE PARK, FL US","27.862","-80.445","10.0","2024-04-11","9999.9"," 0","000000",,"999.9",,"  85.8","*","  71.1","*"," 27.0",," 0.00","I","1010.2","24","999.9",,"999.9"," 0","  77.0","24"
"99495199999","SEBASTIAN INLET STATE PARK, FL US","27.862","-80.445","10.0","2024-04-12","9999.9"," 0","000000",,"999.9",,"  77.9","*","  65.1","*"," 17.1",," 0.00","I","1015.3","24","999.9",,"999.9"," 0","  69.5","24"
"99495199999","SEBASTIAN INLET STATE PARK, FL US","27.862","-80.445","10.0","2024-04-13","9999.9"," 0","000000",,"999.9",,"  75.4","*","  60.3","*"," 17.1",," 0.00","I","1020.8","24","999.9",,"999.9"," 0","  67.2","24"
"99495199999","SEBASTIAN INLET STATE PARK, FL US","27.862","-80.445","10.0","2024-04-14","9999.9"," 0","000000",,"999.9",,"  72.0","*","  62.8","*","  9.9",," 0.00","I","1020.4","24","999.9",,"999.9"," 0","  68.8","24"
"99495199999","SEBASTIAN INLET STATE PARK, FL US","27.862","-80.445","10.0","2024-04-15","9999.9"," 0","000000",,"999.9",,"  72.1","*","  63.9","*"," 11.1",," 0.00","I","1018.2","24","999.9",,"999.9"," 0","  70.4","24"
"99495199999","SEBASTIAN INLET STATE PARK, FL US","27.862","-80.445","10.0","2024-04-16","9999.9"," 0","000000",,"999.9",,"  73.8","*","  71.6","*"," 12.0",," 0.00","I","1018.5","24","999.9",,"999.9"," 0","  72.7","24"
"99495199999","SEBASTIAN INLET STATE PARK, FL US","27.862","-80.445","10.0","2024-04-17","9999.9"," 0","000000",,"999.9",,"  73.8","*","  72.7","*"," 14.0",," 0.00","I","1018.9","15","999.9",,"999.9"," 0","  73.3","15"
"99495199999","SEBASTIAN INLET STATE PARK, FL US","27.862","-80.445","10.0","2024-04-18","9999.9"," 0","000000",,"999.9",,"  75.9","*","  69.1","*"," 12.0",," 0.00","I","1017.3","21","999.9",,"999.9"," 0","  73.9","21"
"99495199999","SEBASTIAN INLET STATE PARK, FL US","27.862","-80.445","10.0","2024-04-19","9999.9"," 0","000000",,"999.9",,"  77.0","*","  70.9","*"," 14.0",," 0.00","I","1016.0","20","999.9",,"999.9"," 0","  74.9","20"
"99495199999","SEBASTIAN INLET STATE PARK, FL US","27.862","-80.445","10.0","2024-04-20","9999.9"," 0","000000",,"999.9",,"  76.8","*","  71.2","*"," 17.1",," 0.00","I","1015.8","24","999.9",,"999.9"," 0","  74.5","24"
"99495199999","SEBASTIAN INLET STATE PARK, FL US","27.862","-80.445","10.0","2024-04-21","9999.9"," 0","000000",,"999.9",,"  78.4","*","  70.0","*"," 15.9",," 0.00","I","1013.5","23","999.9",,"999.9"," 0","  74.8","23"
"99495199999","SEBASTIAN INLET STATE PARK, FL US","27.862","-80.445","10.0","2024-04-22","9999.9"," 0","000000",,"999.9",,"  81.1","*","  66.9","*"," 25.1",," 0.00","I","1012.6","24","999.9",,"999.9"," 0","  71.9","24"
"99495199999","SEBASTIAN INLET STATE PARK, FL US","27.862","-80.445","10.0","2024-04-23","9999.9"," 0","000000",,"999.9",,"  70.2","*","  68.9","*"," 24.1",," 0.00","I","1018.2","24","999.9",,"999.9"," 0","  69.3","24"
"99495199999","SEBASTIAN INLET STATE PARK, FL US","27.862","-80.445","10.0","2024-04-24","9999.9"," 0","000000",,"999.9",,"  72.1","*","  69.1","*"," 11.1",," 0.00","I","1019.1","24","999.9",,"999.9"," 0","  70.7","24"
"99495199999","SEBASTIAN INLET STATE PARK, FL US","27.862","-80.445","10.0","2024-04-25","9999.9"," 0","000000",,"999.9",,"  74.1","*","  65.8","*"," 11.1",," 0.00","I","1018.4","24","999.9",,"999.9"," 0","  71.7","24"
"99495199999","SEBASTIAN INLET STATE PARK, FL US","27.862","-80.445","10.0","2024-04-26","9999.9"," 0","000000",,"999.9",,"  74.7","*","  72.9","*"," 12.0",," 0.00","I","1018.3","24","999.9",,"999.9"," 0","  73.8","24"
"99495199999","SEBASTIAN INLET STATE PARK, FL US","27.862","-80.445","10.0","2024-04-27","9999.9"," 0","000000",,"999.9",,"  74.7","*","  73.2","*"," 21.0",," 0.00","I","1020.6","24","999.9",,"999.9"," 0","  73.9","24"
"99495199999","SEBASTIAN INLET STATE PARK, FL US","27.862","-80.445","10.0","2024-04-28","9999.9"," 0","000000",,"999.9",,"  73.6","*","  71.8","*"," 24.1",," 0.00","I","1019.9","24","999.9",,"999.9"," 0","  72.6","24"
"99495199999","SEBASTIAN INLET STATE PARK, FL US","27.862","-80.445","10.0","2024-04-29","9999.9"," 0","000000",,"999.9",,"  74.7","*","  72.5","*"," 18.1",," 0.00","I","1017.7","24","999.9",,"999.9"," 0","  73.4","24"
"99495199999","SEBASTIAN INLET STATE PARK, FL US","27.862","-80.445","10.0","2024-04-30","9999.9"," 0","000000",,"999.9",,"  74.7","*","  69.4","*"," 17.1",," 0.00","I","1015.4","22","999.9",,"999.9"," 0","  72.5","22"
"99495199999","SEBASTIAN INLET STATE PARK, FL US","27.862","-80.445","10.0","2024-05-02","9999.9"," 0","000000",,"999.9",,"  76.6","*","  73.4","*"," 11.1",," 0.00","I","1012.7","24","999.9",,"999.9"," 0","  75.9","24"
"99495199999","SEBASTIAN INLET STATE PARK, FL US","27.862","-80.445","10.0","2024-05-03","9999.9"," 0","000000",,"999.9",,"  76.5","*","  75.2","*"," 12.0",," 0.00","I","1013.6","24","999.9",,"999.9"," 0","  76.0","24"
"99495199999","SEBASTIAN INLET STATE PARK, FL US","27.862","-80.445","10.0","2024-05-04","9999.9"," 0","000000",,"999.9",,"  77.0","*","  74.7","*"," 15.0",," 0.00","I","1014.6","24","999.9",,"999.9"," 0","  76.0","24"
"99495199999","SEBASTIAN INLET STATE PARK, FL US","27.862","-80.445","10.0","2024-05-05","9999.9"," 0","000000",,"999.9",,"  76.8","*","  72.1","*"," 15.0",," 0.00","I","1015.5","24","999.9",,"999.9"," 0","  76.1","24"
"99495199999","SEBASTIAN INLET STATE PARK, FL US","27.862","-80.445","10.0","2024-05-06","9999.9"," 0","000000",,"999.9",,"  77.2","*","  75.7","*"," 13.0",," 0.00","I","1015.6","24","999.9",,"999.9"," 0","  76.5","24"
"99495199999","SEBASTIAN INLET STATE PARK, FL US","27.862","-80.445","10.0","2024-05-07","9999.9"," 0","000000",,"999.9",,"  78.4","*","  73.2","*"," 13.0",," 0.00","I","1012.7","23","999.9",,"999.9"," 0","  76.5","23"
"99495199999","SEBASTIAN INLET STATE PARK, FL US","27.862","-80.445","10.0","2024-05-08","9999.9"," 0","000000",,"999.9",,"  81.5","*","  73.2","*"," 15.0",," 0.00","I","1011.7","23","999.9",,"999.9"," 0","  77.3","23"
"99495199999","SEBASTIAN INLET STATE PARK, FL US","27.862","-80.445","10.0","2024-05-09","9999.9"," 0","000000",,"999.9",,"  82.6","*","  73.8","*"," 20.0",," 0.00","I","1011.2","17","999.9",,"999.9"," 0","  77.5","17"
"99495199999","SEBASTIAN INLET STATE PARK, FL US","27.862","-80.445","10.0","2024-05-10","9999.9"," 0","000000",,"999.9",,"  84.9","*","  73.9","*"," 18.1",," 0.00","I","1009.8","24","999.9",,"999.9"," 0","  78.6","24"
"99495199999","SEBASTIAN INLET STATE PARK, FL US","27.862","-80.445","10.0","2024-05-11","9999.9"," 0","000000",,"999.9",,"  80.4","*","  75.2","*"," 12.0",," 0.00","I","1008.2","24","999.9",,"999.9"," 0","  77.3","24"
"99495199999","SEBASTIAN INLET STATE PARK, FL US","27.862","-80.445","10.0","2024-05-12","9999.9"," 0","000000",,"999.9",,"  77.2","*","  75.6","*","  9.9",," 0.00","I","1011.3","24","999.9",,"999.9"," 0","  76.5","24"
"99495199999","SEBASTIAN INLET STATE PARK, FL US","27.862","-80.445","10.0","2024-05-13","9999.9"," 0","000000",,"999.9",,"  77.2","*","  76.1","*"," 17.1",," 0.00","I","1013.0","24","999.9",,"999.9"," 0","  76.6","24"
"99495199999","SEBASTIAN INLET STATE PARK, FL US","27.862","-80.445","10.0","2024-05-14","9999.9"," 0","000000",,"999.9",,"  86.7","*","  77.4","*"," 22.0",," 0.00","I","1011.3","24","999.9",,"999.9"," 0","  79.7","24"
"99495199999","SEBASTIAN INLET STATE PARK, FL US","27.862","-80.445","10.0","2024-05-15","9999.9"," 0","000000",,"999.9",,"  82.6","*","  70.5","*"," 21.0",," 0.00","I","1010.1","24","999.9",,"999.9"," 0","  78.3","24"
"99495199999","SEBASTIAN INLET STATE PARK, FL US","27.862","-80.445","10.0","2024-05-16","9999.9"," 0","000000",,"999.9",,"  80.2","*","  75.6","*"," 13.0",," 0.00","I","1008.9","20","999.9",,"999.9"," 0","  77.7","20"
"99495199999","SEBASTIAN INLET STATE PARK, FL US","27.862","-80.445","10.0","2024-05-17","9999.9"," 0","000000",,"999.9",,"  82.4","*","  74.7","*","  9.9",," 0.00","I","1010.2","24","999.9",,"999.9"," 0","  78.6","24"
"99495199999","SEBASTIAN INLET STATE PARK, FL US","27.862","-80.445","10.0","2024-05-18","9999.9"," 0","000000",,"999.9",,"  86.5","*","  74.7","*"," 17.1",," 0.00","I","1012.3","24","999.9",,"999.9"," 0","  78.8","24"
"99495199999","SEBASTIAN INLET STATE PARK, FL US","27.862","-80.445","10.0","2024-05-19","9999.9"," 0","000000",,"999.9",,"  85.1","*","  70.5","*"," 15.9",," 0.00","I","1011.6","24","999.9",,"999.9"," 0","  78.0","24"
"99495199999","SEBASTIAN INLET STATE PARK, FL US","27.862","-80.445","10.0","2024-05-20","9999.9"," 0","000000",,"999.9",,"  81.1","*","  74.3","*"," 22.9",," 0.00","I","1010.1","18","999.9",,"999.9"," 0","  76.9","18"
"99495199999","SEBASTIAN INLET STATE PARK, FL US","27.862","-80.445","10.0","2024-05-21","9999.9"," 0","000000",,"999.9",,"  76.3","*","  74.5","*"," 24.1",," 0.00","I","1010.4"," 6","999.9",,"999.9"," 0","  75.4"," 6"
"99495199999","SEBASTIAN INLET STATE PARK, FL US","27.862","-80.445","10.0","2024-05-22","9999.9"," 0","000000",,"999.9",,"  78.8","*","  78.1","*"," 12.0",," 0.00","I","1014.2","12","999.9",,"999.9"," 0","  78.5","12"
"99495199999","SEBASTIAN INLET STATE PARK, FL US","27.862","-80.445","10.0","2024-05-23","9999.9"," 0","000000",,"999.9",,"  78.6","*","  77.2","*","999.9",," 0.00","I","1014.3"," 6","999.9",,"999.9"," 0","  78.0"," 6"
